gnn_pc1,gnn_pc2,fp_pc1,fp_pc2,label_pc1,label_pc2,floral,muguet,lavender,jasmin,meaty,savory,beefy,roasted,alcoholic,cognac,fermented,winey
4.0990586,-4.6830254,4.3097644,-2.0541787,-1.8049257397897625,-0.7818616029494759,False,False,False,False,False,False,False,False,False,False,False,False
-4.1981373,12.037624,-0.87638783,0.9069191,0.3177690387423794,1.389602553948036,False,False,False,False,False,False,False,False,False,False,False,False
8.839882,-1.2733482,-0.5582297,-0.9535593,-0.4199524641544169,-4.479055810594967,False,False,False,False,False,False,False,False,True,True,False,False
-2.1160588,6.0743737,1.0082252,3.52877,0.0557959087369175,2.238501396640374,True,False,False,False,False,False,False,False,False,False,False,False
-3.1352735,2.8491073,0.32839257,5.025255,-0.7684927960213184,0.1718495973139271,True,False,False,False,False,False,False,False,False,False,False,False
6.553688,4.5985503,-0.021284418,0.04932965,0.5365036462669127,0.0196186486725119,False,False,False,False,False,False,False,False,False,False,False,False
6.4216065,-0.62720233,-0.6979073,-0.36218184,-0.0868904076759216,-1.4507021740473112,False,False,False,False,False,False,False,False,False,False,False,True
-5.686531,2.4456453,-5.6991835,-2.575747,-0.9373511449380684,3.73220240575264,False,False,False,False,False,False,False,False,False,False,False,False
-7.318498,4.8370757,-1.2932926,7.38721,-0.2517883876790033,1.2151842532969552,True,False,False,False,False,False,False,False,False,False,False,False
-12.005396,-3.7276466,-3.5430212,-1.253298,0.082539744999534,1.061445692270727,False,False,False,False,False,False,False,False,False,False,False,False
8.61934,0.59120995,0.67067516,-1.4520241,-0.0421716756184054,0.6996734539722862,False,False,False,False,False,False,False,False,False,False,False,False
3.3188522,-11.053204,5.093204,-3.6210122,-1.4413386003669233,-2.3843492593140856,False,False,False,False,False,False,False,False,False,False,False,False
5.11066,1.9542869,3.7161236,-1.1216736,-0.1693688475976478,-0.534638438249255,False,False,False,False,False,False,False,False,False,False,False,False
5.42493,-4.5447187,3.7971985,-2.711955,-1.0387146315782607,0.0281973699024884,False,False,False,False,False,False,False,False,False,False,False,False
3.6197248,7.6846747,-2.8286233,-0.62247103,0.3547933202743954,0.5189694101631209,False,False,False,False,False,False,False,False,False,False,False,False
-0.08609395,-3.558217,6.681614,-1.8066175,0.0735589079893442,-0.574370508856469,False,False,False,False,False,False,False,False,False,False,False,False
-8.480881,-1.2767795,0.12611324,6.047228,-0.5438389654208892,-0.5365834165818657,False,False,False,False,False,False,False,False,False,False,False,False
-7.0403333,-0.4205508,-6.6324573,-2.3927455,0.082539744999534,1.061445692270727,False,False,False,False,False,False,False,False,False,False,False,False
-9.093542,8.03123,-2.1553283,15.86872,-0.704693295082617,3.065643685133786,False,False,False,False,False,False,False,False,False,False,False,False
-8.586031,0.061939422,-2.7673855,4.478763,-1.0011944413512246,0.8380187871879056,True,False,False,False,False,False,False,False,False,False,False,False
6.657294,-3.4929254,2.1287558,-1.7076067,-0.8912377324851176,-4.141477411912305,False,False,False,False,False,False,False,False,False,True,True,False
11.706148,-0.7818802,0.90501285,-0.9817208,1.4894236939909722,-1.619575668038016,False,False,False,False,False,False,False,False,False,False,False,False
5.005416,5.5912867,-1.4554917,3.1654115,1.6266790412754877,-0.2092416983050925,False,False,False,False,False,False,False,False,True,False,False,False
3.555987,-9.58881,4.5311155,-1.694943,-2.442991449296727,-3.273275842458303,False,False,False,False,False,False,False,False,False,False,False,False
6.109001,8.599646,-3.1837256,-0.6319852,2.258159744212233,0.2715228786279718,False,False,False,False,False,False,False,False,False,False,False,False
1.4478412,-1.2017035,1.3737385,-0.2343163,0.946285772812901,-0.3326554089733582,False,False,False,False,False,False,False,False,False,False,False,False
4.9195895,10.117057,-3.0664597,0.34839007,0.3547933202743954,0.5189694101631209,False,False,False,False,False,False,False,False,False,False,False,False
-1.4581752,6.9351597,-1.8919197,6.8422103,0.3547933202743954,0.5189694101631209,False,False,False,False,False,False,False,False,False,False,False,False
-5.338837,-3.5756624,-4.2153177,-2.6341803,-0.7058285719405146,1.6323311512482237,False,False,False,False,False,False,False,False,False,False,False,False
-10.655635,-3.779044,-3.3456008,-2.8467512,-1.2492096435211382,0.5762431398181012,True,True,False,False,False,False,False,False,False,False,False,False
8.386748,-2.9855983,3.6119196,-0.79626817,-0.1551098488868784,-0.9688940702893092,False,False,False,False,False,False,False,False,False,False,False,False
-9.456304,9.188133,-6.440481,0.79741794,-0.9972275413764916,1.9124488269637407,True,False,False,False,False,False,False,False,False,False,False,False
-9.797808,0.43544266,-6.1976423,-1.9892988,-0.2228993328129032,2.0885147817896725,False,False,False,False,False,False,False,False,False,False,False,False
-3.0214114,0.7468485,-6.750929,-2.4200885,-0.0990295299230018,0.0468159531711712,False,False,False,False,False,False,False,False,False,False,False,False
6.397703,-9.546274,4.114667,-1.2108525,-0.6153584373722145,-1.553657944014636,False,False,False,False,False,False,False,False,False,False,False,False
-2.5356655,0.97796714,-2.9830625,-2.6156936,-1.0233897653690027,1.4234813381799611,False,False,False,False,False,False,False,False,False,False,False,False
9.173902,0.55285156,1.0907879,0.066560775,0.1704453080655729,-1.7324433330361135,False,False,False,False,False,False,False,False,False,False,False,False
-3.6751254,4.829356,-1.2108219,4.5629425,-1.2402739028950496,0.8402225906622828,True,False,False,False,False,False,False,False,False,False,False,False
-6.1201115,-0.43778044,-3.8708932,-4.2160177,-0.131685010923871,0.937685046001862,False,False,False,False,False,False,False,False,False,False,False,False
11.312695,2.2239616,2.5538113,-0.12760597,4.574930303567761,-3.1302526404054807,False,False,False,False,False,False,False,True,False,False,False,False
-9.948308,1.7741976,-1.7247196,1.320166,-1.2498518760501316,2.7615948004137985,False,False,False,False,False,False,False,False,False,False,False,False
2.0536187,-9.231851,3.7022014,-1.448599,-1.4465287036864791,-3.319793886516912,False,False,False,False,False,False,False,False,False,False,False,True
8.037752,-1.9765759,0.21390697,0.09469303,-0.1879125513805545,-1.025711316634318,False,False,False,False,False,False,False,False,False,False,False,False
7.5018125,-6.092085,2.108578,0.35909534,-0.92831068358767,-2.679824988205798,False,False,False,False,False,False,False,False,False,False,False,False
-8.040467,2.7990713,-10.556466,-4.725941,-1.6627316759791315,3.0830666523472114,False,False,False,False,False,False,False,False,False,False,False,False
-9.074041,2.2173417,-10.263745,-6.327233,0.3547933202743954,0.5189694101631209,False,False,False,False,False,False,False,False,False,False,False,False
-1.4145161,-3.8406518,-1.9084784,-8.458516,-1.4331908020532254,-2.088109831924273,False,False,False,False,False,False,False,False,False,False,False,False
5.1568017,-6.5225525,6.4843373,0.08770969,-0.7512520596586941,-2.0656201379959174,False,False,False,False,False,False,False,False,False,False,False,False
-0.81743497,-4.7248454,-0.027849037,-9.026968,-0.7665830480511775,-1.3557633609070274,False,False,False,False,False,False,False,False,False,False,False,False
1.2248445,-3.3575778,-0.21611659,-0.7767473,0.3769139839579833,0.4655253460191526,False,False,False,False,False,False,False,False,False,False,False,False
-11.606569,-3.0378041,-4.325773,-2.787514,-1.1833958807435132,1.2698325765113694,True,False,False,False,False,False,False,False,False,False,False,False
-4.771408,2.1121693,-4.7695236,-1.5963283,-0.4468840840924464,0.8418130833088179,False,False,False,False,False,False,False,False,False,False,False,False
-2.6677856,1.8030045,1.175401,-9.396951,-0.1267996301109692,-0.14290496504502,False,False,False,False,False,False,False,False,False,False,False,False
-0.052022334,-7.7107825,4.2650194,-1.9407332,-2.2615300645213865,-2.393399480694109,False,False,False,False,False,False,False,False,False,False,False,False
5.6297803,-3.183892,3.1748056,-1.5445238,-1.6405674600629594,-3.1044777011211866,False,False,False,False,False,False,False,False,False,False,False,True
2.4578943,-8.480078,3.0612617,-2.2175066,-0.3582342903769051,-0.5757936005515442,False,False,False,False,False,False,False,False,False,False,False,False
4.421156,9.356547,-2.795146,1.0636066,0.5738788006350942,0.6071917906113836,False,False,False,False,False,False,False,False,False,False,False,False
-3.5887358,4.0267878,0.13473986,4.1355133,-0.709576707285172,2.4790746886964383,False,False,False,False,False,False,False,False,False,False,False,False
8.221663,-3.0010312,-0.4278451,-2.074601,0.6850333330034928,-0.6439392179849601,False,False,False,False,False,False,False,False,False,False,False,False
6.9736605,0.3960464,0.19464634,-1.153332,-0.0593065382568358,-0.2120831354818782,False,False,False,False,False,False,False,False,False,False,False,False
-6.356327,0.988316,-3.2831845,4.4760213,-1.5873156330209988,0.325543450504853,True,False,False,False,False,False,False,False,False,False,False,False
3.3428528,-8.491041,1.8099861,-1.685975,-0.0593065382568358,-0.2120831354818782,False,False,False,False,False,False,False,False,False,False,False,False
4.062834,-9.121953,6.8842864,-2.680452,-1.7628619016430758,-3.072175004071956,True,False,False,False,False,False,False,False,False,False,False,False
-7.07951,-6.7831335,3.8189719,-4.002497,-0.5287425760710749,1.302098140919253,False,False,False,False,False,False,False,False,False,False,False,False
3.0068111,-7.1624074,3.0957353,-2.0286558,-1.2449176751184658,-2.0655540585194774,False,False,False,False,False,False,False,False,False,False,False,False
2.932548,-5.119961,3.1881623,-3.8934135,-1.5805426778827656,-2.760041559385981,False,False,False,False,False,False,False,False,False,False,False,False
7.4511952,9.535225,-1.5272892,-0.42856705,3.601516247416979,-0.0078761198914358,False,False,False,False,True,False,False,True,False,False,False,False
7.0665336,7.82997,-2.8981953,0.91570663,3.329995764841364,-1.238213938848849,False,False,False,False,False,False,False,False,False,False,False,False
-7.977887,-3.9152174,1.3059129,3.4020638,-1.580776525255447,-1.3645246141557117,True,False,False,False,False,False,False,False,False,False,False,False
-3.372136,-6.0181866,-0.65893716,-5.667959,-0.8620592144038223,0.7155434222107278,True,False,False,False,False,False,False,False,False,False,False,False
4.8296,-2.6932442,3.2533765,-1.4789205,-1.6735503209385223,-0.5744325496494541,True,False,False,False,False,False,False,False,False,False,False,False
5.0222144,11.372796,-3.7624996,0.66687435,3.5208203702012293,0.1865382783915799,False,False,False,False,True,False,False,False,False,False,False,False
1.9842527,11.334735,-2.4236143,2.6486795,9.532541317124744,0.7782872140857625,False,False,False,False,True,False,True,False,False,False,False,False
-10.094585,6.229525,-8.420855,-0.13731334,-0.4038364077211322,1.9620000457732591,False,False,False,False,False,False,False,False,False,False,False,False
0.97505474,-0.5853811,5.917746,-2.2361853,-0.2724778775871896,-0.5951373713768239,False,False,False,False,False,False,False,False,False,False,False,False
8.055173,5.9550967,-1.2500414,0.31788883,1.1662414641141154,-0.6929563267701307,False,False,False,False,False,False,False,False,False,False,False,False
3.4455016,9.421703,-3.239958,0.049185485,2.8231445042122827,-0.024796339030874,False,False,False,False,True,False,False,False,False,False,False,False
5.687606,2.4957597,0.5489781,-1.7916939,2.88688930013315,0.9706489211605456,False,False,False,False,True,False,False,False,False,False,False,False
5.8630767,-4.758266,5.79461,-0.68490344,-1.9254337804021364,-4.5340637515299855,False,False,False,False,False,False,False,False,False,False,False,False
7.8295307,-6.556487,2.3630753,-2.4757204,-2.101191701564676,-1.097303548441125,True,False,False,False,False,False,False,False,False,False,False,False
0.5914234,8.92373,-1.6092247,1.3380715,1.3955419170221144,1.929768860049789,False,False,False,False,False,False,False,True,False,False,False,False
-4.5280695,-2.1129558,-5.0557094,-1.9712715,-1.336472327584777,0.0072997082175408,False,False,False,False,False,False,False,False,False,False,False,False
-12.918896,-2.5959904,-3.4445345,-2.5941827,-1.185902576263142,2.523063592075727,True,False,False,False,False,False,False,False,False,False,False,False
-0.15744828,-4.872628,2.9301786,-1.6327013,1.2504531048716525,-0.4603048043091697,False,False,False,False,False,False,False,False,False,False,False,False
-9.291262,1.4394474,-1.8527589,2.686734,-1.4665715620093212,-0.2847689609385997,True,False,False,False,False,False,False,False,False,False,False,False
-0.11051725,-8.219205,3.6723714,-3.0384195,-2.802164967573568,-1.291914604143768,True,False,False,False,False,False,False,False,False,False,False,False
-5.204407,-5.054236,3.7060735,1.443738,-0.8901024747683832,-0.2523516283794941,False,False,False,False,False,False,False,False,False,False,False,False
11.22008,0.7436993,2.4456131,0.2590752,1.8294642641340944,-3.044014546512144,False,False,False,False,False,False,False,False,False,False,False,False
6.1103816,-1.5808673,-0.67147774,-0.5860686,-0.5365277548024161,-1.026406567106947,False,False,False,False,False,False,False,False,False,False,False,False
3.181446,9.480666,-1.328025,1.4180192,0.3047934155215395,0.0416094121146691,False,False,False,False,False,False,False,False,False,False,False,False
-0.45467168,-2.560688,7.2029495,-4.346875,2.754221437124691,-0.0837883572214933,False,False,False,False,True,False,False,True,False,False,False,False
6.20439,-1.6752646,1.2900453,-0.8087707,-0.2324972085213094,-0.4986525993944233,False,False,False,False,False,False,False,False,False,False,False,False
-4.6020913,11.407735,-2.3973389,5.6466537,0.2414834919234752,5.35584574492242,False,False,False,False,False,False,False,False,False,False,False,False
8.712095,5.1299777,0.49874142,0.34132233,0.3547933202743954,0.5189694101631209,False,False,False,False,False,False,False,False,False,False,False,False
-2.2528925,-8.498823,1.6458106,-0.48849007,-2.2487545752049773,0.283172429106058,False,False,False,False,False,False,False,False,False,False,False,False
5.42493,-4.5447187,3.7971985,-2.711955,0.8329324866827579,0.4879956952909119,False,False,False,False,False,False,False,False,False,False,False,False
10.92325,2.1517563,1.1547632,-0.27391955,3.490026069893071,-2.109000551443394,False,False,False,False,False,False,False,False,False,False,False,False
-7.250783,9.412294,-2.0618231,5.793123,-0.184586842189834,1.1425973809497012,False,False,False,False,False,False,False,False,False,False,False,False
0.87435174,-6.2734823,2.7085927,-1.5483496,-1.4636946058098388,-1.3321910012383251,False,False,False,False,False,False,False,False,False,False,False,False
6.8758774,-6.122451,3.274929,0.3916757,-0.8843638540177176,-2.5384214323293537,False,False,False,False,False,False,False,False,False,False,False,False
-4.1114306,-3.887174,-0.67051226,-4.157741,-0.1350253563121426,0.2900100026484721,False,False,False,True,False,False,False,False,False,False,False,False
11.317426,-0.04117859,2.8287787,-1.0197687,0.3028473278913481,-0.0893465122488229,False,False,False,False,False,False,False,False,False,False,False,False
5.774629,-8.458737,8.934361,-0.78600836,-1.0411420740966542,-2.572537856283867,False,False,False,False,False,False,False,False,False,False,False,False
2.2029839,7.14829,-4.110632,-0.50824165,0.8019671414568388,2.75743800228257,False,False,False,False,False,False,False,False,False,False,False,False
-5.459342,3.1238983,-0.54604447,5.3584695,-0.6268032699005595,-0.962088094984222,False,False,False,False,False,False,False,False,False,False,False,False
0.28885365,-3.5902777,-0.6994536,-6.135596,0.2617416900106845,-0.5534884229578142,False,False,False,False,False,False,False,False,False,False,False,False
1.2714547,-3.7825835,2.0023124,-0.25470752,0.3499987936395556,0.0128040934046511,False,False,False,False,False,False,False,False,False,False,False,False
2.5386858,-2.725909,0.92298824,-0.64405435,0.3499987936395556,0.0128040934046511,False,False,False,False,False,False,False,False,False,False,False,False
-7.9264517,1.4902061,-1.8107586,3.2535746,-0.8127568712765937,0.5716556882131885,False,False,False,False,False,False,False,False,False,False,False,False
9.083927,-5.0309463,2.5997095,-1.8549651,-1.476123767394642,-2.137525468339595,False,False,False,False,False,False,False,False,False,False,False,False
1.4001917,-3.1567104,-1.4032043,-1.2910486,-1.2050780215078027,0.3823118542123798,True,False,False,False,False,False,False,False,False,False,False,False
-2.2322874,4.2143474,-0.22504508,3.8756196,0.1195804898689173,1.0149479856138908,False,False,False,False,False,False,False,False,False,False,False,False
6.9665627,5.0152593,-1.249488,-0.16087864,1.9160777994818377,0.099085890948962,False,False,False,False,False,False,False,False,False,False,False,False
-7.6412416,2.6154165,-6.5337014,-2.1775806,-1.4171512888958802,2.1058695079027268,False,False,False,False,False,False,False,False,False,False,False,False
-7.9100275,-1.4809713,-7.781093,-3.7257721,-0.2384857905855092,1.873877844211213,False,False,False,False,False,False,False,False,False,False,False,False
7.554784,-4.3718877,4.672904,-1.4592915,-0.3634738703155868,-0.0844337401460669,False,False,False,False,False,False,False,False,False,False,False,False
-7.8856316,9.863663,-1.7822145,6.703042,0.1931896537762632,2.34653669233154,False,False,False,False,False,False,False,False,False,False,False,False
3.461754,10.200642,-1.495274,1.7867388,9.048887677182156,1.9679260509251124,False,False,False,False,True,False,False,True,False,False,False,False
0.11639803,-2.9665558,7.0563464,-3.3065877,-0.1202149991392514,-0.5382103422530814,False,False,False,False,False,False,False,False,False,False,False,False
-5.3270063,-3.7252614,-2.5978444,-2.1936991,-2.5069262169967814,-1.741602312386861,True,False,False,False,False,False,False,False,False,False,False,False
-7.288777,0.930993,1.6263106,7.434124,-1.4926530980343429,-0.1165422441635951,True,False,False,False,False,False,False,False,False,False,False,False
4.706189,-7.108168,8.888031,-1.2219665,-2.178377456620085,-4.371617290328842,False,False,False,False,False,False,False,False,False,False,False,False
-8.653812,3.9282854,0.8260052,7.332303,-0.9551176436984332,1.5767307393852736,True,False,False,False,False,False,False,False,False,False,False,False
-2.6866734,-3.3097382,10.60034,-4.6849427,-0.1202149991392514,-0.5382103422530814,False,False,False,False,False,False,False,False,False,False,False,False
6.8550396,-8.5560875,4.2918077,-1.1863234,-1.2148273775449625,-3.628694028489112,False,False,False,False,False,False,False,False,False,False,False,False
-7.9786835,7.0629544,-4.2749414,3.6578324,0.1307955825224802,2.3323125854390203,False,False,False,False,False,False,False,False,False,False,False,False
7.854617,-3.9396896,3.9860435,-0.11934065,-1.6953284185408886,-4.596482323044311,False,False,False,False,False,False,False,False,False,False,False,False
-5.2007375,-6.7025433,5.48912,-0.9359638,-0.7232119309189905,0.0664650291025288,True,False,False,True,False,False,False,False,False,False,False,False
3.0898194,-7.4516034,6.9780493,-2.0921345,-1.430979100463888,-2.226743859811238,False,False,False,False,False,False,False,False,False,False,False,True
-5.342254,7.472521,-2.6091418,3.8553023,0.3964706208147644,4.74046900847211,False,False,False,False,False,False,False,False,False,False,False,False
3.1656196,-5.696482,7.2568603,-2.891751,-0.810607321545396,-1.7953994200799244,False,False,False,False,False,False,False,False,False,False,False,True
-2.897007,-4.70222,0.07606146,0.50512505,-1.017122951699068,0.4278759444868127,False,False,False,False,False,False,False,False,False,False,False,False
7.721605,-3.079657,1.8504854,-1.0670192,0.4948752481484841,-2.500583195406388,False,False,False,False,False,False,False,False,False,False,True,False
-6.6839204,4.863901,4.134651,1.5485964,-0.2517883876790033,1.2151842532969552,True,False,False,False,False,False,False,False,False,False,False,False
3.2704906,4.459976,-0.18980636,-0.17951097,0.154604941788969,2.1262739988217767,False,False,False,False,False,False,False,False,False,False,False,False
6.4037137,0.28401685,1.2836846,-0.25716656,4.426835245963153,-2.221237982684706,True,False,False,False,True,True,False,False,False,False,False,False
3.6349125,-6.6040993,3.243276,-2.8480465,-1.821849731320014,0.4792219021406455,False,False,False,False,False,False,False,False,False,False,False,False
1.3918102,-10.110936,4.569819,-3.808581,-0.7096820076045648,-0.5466535001022006,False,False,False,False,False,False,False,False,False,False,False,False
1.3213573,-1.4060508,5.917746,-2.2361853,-1.2547526508042557,-1.463813716078875,False,False,False,False,False,False,False,False,False,False,False,False
8.493395,6.816634,-4.385409,-2.8190382,4.209659327729399,0.1202223802830193,False,False,False,False,True,False,False,True,False,False,False,False
4.2301903,-5.256859,1.3361437,-0.679071,-1.34018533043956,-3.2249189969340044,False,False,False,False,False,False,False,False,False,False,False,False
-1.8151019,-4.4360137,-0.99873257,-5.1842175,-1.0135997362390876,-1.0297808412285605,True,False,False,True,False,False,False,False,False,False,False,False
4.8739204,-1.0981762,1.3176873,-2.008219,-0.3259876210750748,0.7064119711309186,False,False,False,False,False,False,False,False,False,False,False,False
9.73729,8.904231,-1.9369274,1.6478794,7.1567075008153305,-0.5214342385812052,False,False,False,False,True,True,False,True,False,False,False,False
-5.670684,-2.7652388,-8.338766,-4.3130236,0.082539744999534,1.061445692270727,False,False,False,False,False,False,False,False,False,False,False,False
4.5181108,-0.59440607,0.9120795,-0.33156207,-0.2991539905124738,-0.9946641089475112,False,False,False,False,False,False,False,False,False,False,False,False
6.1378407,-6.186611,5.462143,-0.51826525,-1.5702981748642773,-3.602353329531541,False,False,False,False,False,False,False,False,False,False,False,False
-10.315235,0.7782764,-4.117019,6.501923,-0.6847323323106544,1.8056623277940191,True,False,False,False,False,False,False,False,False,False,False,False
5.402958,-1.9207505,1.7356046,-0.3990894,-0.5030010329471107,-1.5418871667558318,False,False,False,False,False,False,False,False,False,False,False,False
-8.616165,4.642081,-1.2537353,2.4973056,0.4930938163686759,0.8209225363686485,False,False,False,False,False,False,False,False,False,False,False,False
11.48637,1.3069285,0.36665475,-0.36627066,2.650843408237444,-1.1698240679048248,False,False,False,False,True,False,False,False,False,False,False,False
4.3348403,6.434961,-1.6812247,-0.7595887,3.5681365146530424,-0.9811119582827276,False,False,False,False,False,True,False,False,False,False,False,False
8.811907,5.789459,-2.1806011,0.73827565,2.819645199983737,-0.4026432879378411,False,False,False,False,False,False,False,True,False,False,False,False
4.214604,-2.2808516,3.4305642,-0.82121444,0.3547933202743954,0.5189694101631209,False,False,False,False,False,False,False,False,False,False,False,False
0.3399973,-6.872425,5.770411,-4.335186,-0.6991378589955369,-1.6432255320992435,False,False,False,False,False,False,False,False,False,False,False,False
4.872267,-4.4958677,4.3078604,-0.094560035,-0.6436321592198829,-1.4157929324093512,False,False,False,False,False,False,False,False,False,False,False,True
0.98390436,-7.2591963,3.3765264,-0.9826707,0.1519902855864436,-0.4534159215790645,False,False,False,False,False,False,False,False,False,False,False,False
6.7833285,-3.2507837,3.6064944,-0.10767014,-0.5703623402795087,-2.993475431322557,False,False,False,False,False,False,False,False,False,False,True,False
4.6954594,3.5245156,3.7173746,-1.0857965,0.3547933202743954,0.5189694101631209,False,False,False,False,False,False,False,False,False,False,False,False
-5.019269,-4.4106574,2.101137,-0.03086454,-0.0691454339786176,-0.5574713831823558,False,False,False,False,False,False,False,False,False,False,False,False
-7.780492,-3.6491754,-2.4002264,-2.4655044,-0.9920229823279796,1.7384550722273162,True,False,False,False,False,False,False,False,False,False,False,False
-1.9538573,-0.7346351,-3.52369,-2.4574163,-1.5279273880926338,2.365775827624911,False,False,False,False,False,False,False,False,False,False,False,False
-8.586457,-1.7852346,1.1869227,5.1076584,-1.4554732941517032,0.5448471234343389,True,False,False,True,False,False,False,False,False,False,False,False
10.287437,-1.4064653,0.7881612,-0.34246972,0.9690229035728792,-2.101269078251498,False,False,False,False,False,False,False,False,False,False,False,False
8.390713,-1.4750984,1.3885189,-0.49973476,0.3915312530198206,-2.565368395221861,False,False,False,False,False,False,False,False,True,True,False,False
0.64678586,-7.863282,4.57811,-3.1610558,-0.2372551646595758,-0.6319992907003146,False,False,False,False,False,False,False,False,False,False,False,False
4.5489283,6.3191605,-2.0228853,0.9071356,4.559079575479842,0.1206192404740263,False,False,False,False,True,False,False,True,False,False,False,False
-3.9749787,2.0878043,-4.222091,-1.8311473,0.1440126431526576,0.8381030646409924,False,False,False,False,False,False,False,False,False,False,False,False
2.1669343,-6.2553906,4.39989,-4.633732,-0.3606713491599855,-1.7405152125557342,False,False,False,False,False,False,False,False,False,False,False,False
0.7746571,-0.95365554,8.968828,-4.166437,0.1112196611266844,-0.105321706746557,False,False,False,False,False,False,False,False,False,False,False,False
-0.88652915,2.31643,-4.8127794,-2.3541684,1.521771444210928,0.421679797182351,False,False,False,False,False,False,False,True,False,False,False,False
-0.7325398,-0.7263777,-0.18932419,-0.5183294,-0.5879924431033805,1.6764230192438547,False,False,False,False,False,False,False,False,False,False,False,False
-7.7139616,-2.666629,-4.2512836,-1.6125237,-0.5376913556440891,2.96911147836375,False,False,False,False,False,False,False,False,False,False,False,False
2.9664671,-2.7641823,2.8439965,-1.742912,-0.5274770375086049,-0.3170134625939155,True,False,False,False,False,False,False,False,False,False,False,False
-6.6478395,9.66663,-2.2396982,2.552594,-1.157131067502306,2.58312891662584,False,False,False,False,False,False,False,False,False,False,False,False
8.169603,8.423099,-2.392597,-0.8021212,2.709889799430324,0.1032085066382705,False,False,False,False,False,False,False,True,False,False,False,False
-7.205748,7.525286,-0.48141727,5.053554,-0.5830757510108883,2.642410780019977,False,False,False,False,False,False,False,False,False,False,False,False
-7.174354,6.1721697,0.4139123,10.168028,-1.5901907433953228,-0.5741885493946928,True,False,False,False,False,False,False,False,False,False,False,False
-10.593465,-3.7682989,-4.8977585,-2.376477,-1.7062343868521863,3.569414427449256,True,False,False,False,False,False,False,False,False,False,False,False
-8.346866,-1.5001227,-2.9541824,-1.1769999,-0.3679189054610055,0.792929019774157,False,False,False,False,False,False,False,False,False,False,False,False
-3.4001622,-6.80987,2.3169515,-0.13983402,-3.177359062208407,-3.286877042625613,False,False,False,False,False,False,False,False,False,False,False,False
4.6321125,-7.760199,8.683634,-3.6321368,-0.6233691720760122,-1.1540484765479444,False,False,False,False,False,False,False,False,False,False,False,False
9.808035,3.9533827,-0.38839042,0.28356272,7.2735662305510145,-1.0737628557934469,False,False,False,False,False,True,False,False,False,False,False,False
1.2453834,-3.0743783,11.17168,-2.261597,-0.2724778775871896,-0.5951373713768239,False,False,False,False,False,False,False,False,False,False,False,False
-3.9964907,-2.6078417,7.2089767,6.829882,-3.010792885581505,-2.2064436908514216,True,False,False,False,False,False,False,False,False,False,False,False
7.969429,5.3849764,-2.448818,-2.4769332,1.721413625527796,-0.2004463791034924,False,False,False,False,False,False,False,False,False,False,False,False
12.262182,3.4118202,-0.06482007,0.10783137,1.9620307661783944,-0.2723117565812551,False,False,False,False,False,False,False,False,False,False,False,False
5.031403,8.380647,-2.761815,-1.3402237,3.172509744974378,0.8144655290096304,False,False,False,False,False,False,False,True,False,False,False,False
1.7446166,-9.161983,2.9599504,-1.8868295,-1.7558612458228289,-1.106801009357566,True,False,False,False,False,False,False,False,False,False,False,False
10.913819,2.4393458,1.8482656,0.40597025,0.9708293561237727,-0.8474433396295324,False,False,False,False,True,False,False,False,False,False,False,False
3.613436,-0.36833885,0.6587828,0.12765887,-0.1022348016121101,-1.287554590060339,False,False,False,False,False,False,False,False,False,False,False,False
-4.0006976,0.9582567,-2.3563943,-1.3237555,-1.2787273123833212,2.5111144949158684,False,False,False,False,False,False,False,False,False,False,False,False
5.42493,-4.5447187,3.7971985,-2.711955,0.2720063609415223,-0.3348012751451589,False,False,False,False,False,False,False,False,False,False,False,False
-7.2098055,6.852677,-1.0346575,6.08768,-0.7139854468410639,2.6407782624573914,False,False,False,False,False,False,False,False,False,False,False,False
7.4602857,5.3545513,0.3524423,-0.7244416,0.3547933202743954,0.5189694101631209,False,False,False,False,False,False,False,False,False,False,False,False
-3.395897,-7.817096,4.3734775,1.4827018,-1.2303581005564803,-0.5746848485051662,True,False,False,False,False,False,False,False,False,False,False,False
0.6101588,-2.5088565,1.4435588,0.06338793,0.6575330359807438,-0.7726851488557879,False,False,False,False,False,False,False,False,False,False,False,False
-9.2082,0.3648825,-5.107754,-1.1264358,-0.5709865189868424,1.36501064621972,False,False,False,False,False,False,False,False,False,False,False,False
7.6014185,-5.5722075,4.767362,-0.44337928,-0.9015368189491546,-2.484094205447966,False,False,False,False,False,False,False,False,False,False,False,False
5.9355445,-5.7022634,0.7221837,-0.25473052,-0.8788672048759669,-2.907886170870848,False,False,False,False,False,False,False,False,False,False,False,False
6.912061,-0.332661,-0.23312248,-0.19542663,0.4298178837418264,-1.5194260485249167,False,False,False,False,False,False,False,False,False,False,True,False
-4.9942727,-6.8112283,0.24954374,-0.026191644,-0.510081220781512,1.7591756328132369,False,False,False,False,False,False,False,False,False,False,False,False
-3.2140753,-0.74607253,1.5029365,4.5547338,-0.3536851046314931,0.8216465322626658,False,False,False,False,False,False,False,False,False,False,False,False
2.82337,-6.126452,9.191488,-1.6437747,-0.4364194459989921,-1.0972041773202066,False,False,False,False,False,False,False,False,False,False,False,False
5.52311,3.278048,1.0282354,-0.55952257,-0.3692113181311776,0.5261545635548195,False,False,False,False,False,False,False,False,False,False,False,False
-3.6176746,4.4107156,0.51406544,7.142122,-1.2901492705126263,2.0880262393676188,True,False,False,False,False,False,False,False,False,False,False,False
-4.120026,-6.621172,-1.500961,-4.362309,-0.1509235708986409,0.5755154024751018,True,False,False,False,False,False,False,False,False,False,False,False
10.6778555,5.9159603,-2.1743226,-0.28239635,2.077114277393856,0.098299519862838,False,False,False,False,False,False,False,False,False,False,False,False
-3.3755822,-4.480596,-0.43534166,-4.0186243,-0.8828055862392827,-0.1789493466688467,True,False,False,False,False,False,False,False,False,False,False,False
-2.705053,-5.057393,9.418155,-0.12582971,-0.9723950235651624,-0.9229112589816204,False,False,False,False,False,False,False,False,False,True,False,False
9.885876,-1.4225991,0.79850817,-1.7984499,-0.6332634398563101,-0.7529851760899163,False,False,False,False,False,False,False,False,False,False,False,False
0.13949147,-2.0656946,-2.740059,-8.920154,-1.1157115084931983,-2.9310945953239447,False,False,False,False,False,False,False,False,False,False,False,False
4.6147685,3.216214,0.084903724,3.5714002,-0.0071691939852594,0.911646427110196,False,False,False,False,False,False,False,False,False,False,False,False
-9.068387,4.257349,-3.3825555,3.2625575,-0.1966239569908234,0.4559541505467647,False,False,False,False,False,False,False,False,False,False,False,False
12.114534,3.3929217,0.5913728,-0.07062254,2.9226277746342184,-1.4733579610444447,False,False,False,False,True,False,False,False,False,False,False,False
-2.1627476,-9.660403,3.2229273,-2.8584437,-3.0024956880124725,-0.5809160156502692,True,False,False,False,False,False,False,False,False,False,False,False
-6.921891,-0.007590119,-0.8870979,-0.27625188,-0.7028281609862623,0.3036427745422783,True,False,False,False,False,False,False,False,False,False,False,False
-7.425874,-2.8089738,-1.7109041,3.3290179,-0.4671280177583815,0.0165215674079773,True,False,False,False,False,False,False,False,False,False,False,False
-7.5538497,-1.5261803,-0.6241732,-0.87611353,-1.1279938054377283,3.7452627261675153,False,False,False,False,False,False,False,False,False,False,False,False
5.590268,7.9745293,-1.2604032,1.8124439,1.2646511687169977,-0.4237102673946317,False,False,False,False,False,False,False,False,False,False,False,False
6.618659,1.2304302,0.7616706,-1.1461641,3.8714144512634734,-1.592496460429047,False,False,False,False,True,True,False,False,False,False,False,False
-7.243616,3.1888022,-6.537784,0.79952437,-1.0819931121362367,1.80248155692032,False,False,False,False,False,False,False,False,False,False,False,False
-9.207107,-0.1007376,-1.0524876,3.1986394,-1.6618092945800909,-0.3353125040748392,True,False,False,False,False,False,False,False,False,False,False,False
9.591589,1.1109116,3.759482,-0.7844146,2.650843408237444,-1.1698240679048248,False,False,False,False,True,False,False,False,False,False,False,False
8.22854,0.9380254,0.59965545,-0.5089486,0.9709296138058486,-1.7433203574377578,False,False,False,False,False,False,False,False,True,False,False,False
-7.8006835,-3.70459,-2.0037608,-1.6609776,-1.65732443047459,0.482553911781324,True,True,False,False,False,False,False,False,False,False,False,False
-3.1225905,5.223921,-4.854091,-2.8415668,-0.1229635842477178,1.771387890725569,False,False,False,False,False,False,False,False,False,False,False,False
8.722465,-1.4709,0.79207295,-0.51405144,-0.225155531418709,-1.8781233986873247,False,False,False,False,False,False,False,False,False,True,False,False
-7.1410537,-5.740493,-4.4561706,-0.53481233,-1.9678624478499616,1.8402975574801,True,False,True,False,False,False,False,False,False,False,False,False
-4.9050026,-3.386249,-8.022171,-2.157431,-0.296097078611984,0.8194770715370662,False,False,False,False,False,False,False,False,False,False,False,False
1.5066652,6.345817,-2.9453356,0.19890925,0.3547933202743954,0.5189694101631209,False,False,False,False,False,False,False,False,False,False,False,False
7.993117,-0.9496651,0.93620896,-0.5551522,0.6458468670806299,-3.785992839608808,False,False,False,False,False,False,False,False,True,True,True,False
-6.505555,0.02285025,1.0954164,6.703082,0.4078457126959609,-0.2279571165138324,False,False,False,False,False,False,False,False,False,False,False,False
10.324175,7.153679,-0.2941899,-0.27698693,0.3547933202743954,0.5189694101631209,False,False,False,False,False,False,False,False,False,False,False,False
5.3531146,11.984944,-0.9590165,0.19770329,3.776511808784871,1.122689277443404,False,False,False,False,False,False,False,True,False,False,False,False
10.115719,6.42072,-0.32835117,-0.79023683,5.114422408662767,-0.202761036845486,False,False,False,False,True,False,False,False,False,False,False,False
-9.60469,1.3931774,-0.8280634,9.041477,-0.9891573265502358,1.524662017590842,True,False,False,False,False,False,False,False,False,False,False,False
-10.02496,-0.97162086,-1.928287,3.8567846,-2.18320271049194,-0.7779584371172191,True,True,False,False,False,False,False,False,False,False,False,False
3.8643465,9.173025,-3.1135826,0.2852557,1.6533514151293254,0.3642308148545944,False,False,False,False,False,False,False,True,False,False,False,False
3.0771146,-7.600472,11.707434,-3.4216833,-0.7690474195522323,-1.6062808828797477,False,False,False,False,False,False,False,False,False,False,False,False
-8.720997,4.2207127,-5.9005213,-2.1326897,-0.0138210113613723,1.8238531999521848,False,False,False,False,False,False,False,False,False,False,False,False
2.2713647,-10.891197,7.2765274,-2.9185658,-1.6844544388711964,-3.213632130819573,False,False,False,False,False,False,False,False,False,False,False,False
-5.908701,8.837189,-4.841525,1.7075491,-0.0465978187278142,-0.3497261839393261,False,False,False,False,False,False,False,False,False,False,False,False
1.0555297,-9.174366,3.6025481,-2.3852575,-1.3735697220366556,-0.4943168384026297,True,False,False,False,False,False,False,False,False,False,False,False
-2.8056889,1.7854574,-6.1013765,-1.9984277,0.673882833635957,-0.3702453015135948,False,False,False,False,False,False,False,False,False,False,False,False
11.24337,4.95922,-0.19061707,-0.47116232,8.391273937886359,-0.816062649845599,False,False,False,False,False,False,False,True,False,False,False,False
-4.1517825,12.546854,-1.4628012,3.3023937,0.3548777659022551,4.721511200783504,False,False,False,False,False,False,False,False,False,False,False,False
-7.4224486,6.265225,-1.2515343,4.599655,-1.302939720952681,3.4698576416261964,False,False,False,False,False,False,False,False,False,False,False,False
-5.982957,-5.3249407,-2.4817162,-1.7775601,-0.7724675173721529,-1.1286774761618132,False,False,False,False,False,False,False,False,False,False,False,False
0.6313005,-6.0869412,-0.6199085,-4.015081,-1.3964567465076465,-0.8103879589641583,True,False,False,False,False,False,False,False,False,False,False,False
10.593692,-0.33008614,1.2956331,-0.45173907,1.2727151678474635,-1.1165883198327853,False,False,False,False,False,False,False,False,False,False,False,False
-8.27738,9.330713,-3.1391728,7.544495,-0.8330878645088765,2.3503895040988074,True,False,False,False,False,False,False,False,False,False,False,False
-7.032536,7.5340385,-2.662615,3.995538,-0.1838859232229519,0.7448510029016261,False,False,False,False,False,False,False,False,False,False,False,False
1.2714547,-3.7825835,2.0023124,-0.25470752,-2.108668302530971,0.9237668384461084,False,False,False,False,False,False,False,False,False,False,False,True
-9.717272,0.25963214,-1.2602967,2.9417937,-0.9283485058538524,1.0227571406273768,True,False,False,False,False,False,False,False,False,False,False,False
6.2566504,2.552486,0.56327266,-1.2937384,0.5184249079814525,-0.5808725168931105,False,False,False,False,False,False,False,False,False,False,False,False
-10.471289,-0.16153762,-1.0172474,1.8575534,-0.786947601293106,0.3546225377412707,True,True,False,False,False,False,False,False,False,False,False,False
-4.942308,12.076757,-2.2237225,1.2928985,1.653007609026534,5.98048407473825,False,False,False,False,False,False,False,False,False,False,False,False
-2.8260577,0.45952877,-4.885808,-1.980495,-0.0903311952936373,0.5702835802393068,False,False,False,False,False,False,False,False,False,False,False,False
4.334976,12.235531,-3.189542,-0.08273952,6.905987446812021,2.1500972187502296,False,False,False,False,False,False,False,True,False,False,False,False
-5.458025,-7.7430344,-2.942276,-0.54022926,-0.7740643365090641,-0.1984359565963865,False,False,False,False,False,False,False,False,False,False,False,False
-4.1755247,2.5188024,-4.801915,-5.0356016,-0.0306284884784942,1.8598212984434488,False,False,False,False,False,False,False,False,False,False,False,False
-4.894663,-2.1604817,-3.241436,-1.2309349,-1.80259255560356,-0.1985585529327881,True,False,False,False,False,False,False,False,False,False,False,False
9.5336,4.9799514,0.3075054,-0.5353728,6.549349040669087,-1.1613336191886,False,False,False,False,True,False,False,False,False,False,False,False
3.9616292,2.4649713,3.3182564,-2.7091694,2.799107544645156,-0.4067791236458887,False,False,False,False,True,False,False,False,False,False,False,False
-5.197939,5.8901553,-1.0874287,4.7079754,-0.1080340107656214,1.5513152779320487,False,False,False,False,False,False,False,False,False,False,False,False
4.0435023,-1.8095876,1.2885844,-1.479778,1.296658230726712,0.3554505230129354,False,False,False,False,False,False,False,False,False,False,False,False
-5.375573,0.8302851,-8.490423,-1.663096,-0.780894614093973,0.3732771053104742,True,False,False,False,False,False,False,False,False,False,False,False
5.582506,-9.318033,6.5990977,-2.2395139,-0.5511772519077088,-1.2844533836389225,False,False,False,False,False,False,False,False,False,False,False,False
-6.709545,-1.7527946,-6.8947883,-3.4155035,0.082539744999534,1.061445692270727,False,False,False,False,False,False,False,False,False,False,False,False
-5.2605453,4.3976984,-2.2561033,8.491562,-0.0207329286678712,-0.0894256841456501,False,False,False,False,False,False,False,False,False,False,False,False
-9.088203,0.23000471,-1.8473978,3.2400725,-0.2053641336251286,0.5685313016620773,False,False,False,False,False,False,False,False,False,False,False,False
-3.9969666,6.452189,-2.085821,7.742902,-1.034080899305661,3.2155024142583835,False,False,False,False,False,False,False,False,False,False,False,False
-5.1094666,1.3480093,4.3166533,8.419057,-0.292901476365814,1.068343116089429,False,False,False,False,False,False,False,False,False,False,False,False
10.016957,-8.035403,5.3892417,-2.1864183,-0.5211018346609123,-2.305197085860005,False,False,False,False,False,False,False,False,False,False,False,False
-7.3216696,3.4711576,1.120634,7.431562,-1.412058401915899,0.2035773107707301,True,False,False,False,False,False,False,False,False,False,False,False
5.5091395,10.176718,-2.3276007,-2.690604,2.866562665132861,0.8797210172812433,False,False,False,False,False,False,False,True,False,False,False,False
4.9460244,-8.819708,5.957846,-2.3809173,-1.999926187235526,-4.846372123783952,False,False,False,False,False,False,False,False,False,False,False,True
-5.2358,3.8583293,-5.934877,-2.0019596,-0.970312062806116,2.657760206418285,False,False,False,False,False,False,False,False,False,False,False,False
-7.0153604,-0.26775807,3.605629,5.3876324,-0.7281573895712085,0.8926660613166584,False,False,False,False,False,False,False,False,False,False,False,False
-2.902894,0.12938887,-4.381898,-3.6368613,-0.1338370867164509,1.70523855351828,False,False,False,False,False,False,False,False,False,False,False,False
3.0662267,0.33029932,0.6366018,0.388818,-1.4297958278864629,-2.476517199937573,False,False,False,False,False,False,False,False,False,False,False,False
5.6346135,1.3722928,0.85968375,-1.208459,1.2033903442022464,0.4666856594929679,False,False,False,False,False,False,False,False,False,False,False,False
3.7466958,0.3595872,-0.037393842,2.2683403,-0.0723837792140233,-0.6790209933178589,False,False,False,False,False,False,False,False,False,False,False,False
8.032828,0.62041557,-2.8121932,0.14603844,1.202290663173804,-1.2935976087255403,False,False,False,False,False,False,False,False,False,False,False,False
6.917042,-7.8810706,4.143699,-1.4101082,-1.180017528102994,-2.889951544651386,False,False,False,False,False,False,False,False,False,False,False,False
-0.24739861,6.1085896,-1.3149264,2.4122841,0.258677656385671,0.4093046066494455,False,False,False,False,False,False,False,False,False,False,False,False
-4.9751744,11.926281,-1.1802882,2.6158109,-0.4890433496451186,0.8442219749822109,False,False,False,False,False,False,False,False,False,False,False,False
-5.6272345,-6.453227,3.8518198,-1.0935409,0.1195804898689173,1.0149479856138908,False,False,False,False,False,False,False,False,False,False,False,False
-6.587574,-4.6687493,-2.9389243,-2.3661156,-0.4043411474840093,1.265805970379492,True,False,False,False,False,False,False,False,False,False,False,False
2.7637494,7.5174007,-2.2609186,1.4529604,3.104885933385751,-0.1844820523361575,False,False,False,False,False,False,False,False,False,False,False,False
-10.850098,-0.80260617,-0.379478,4.5129776,-1.3467262869826424,2.107607777118973,True,False,False,False,False,False,False,False,False,False,False,False
-0.7264015,-8.557448,3.8127458,-2.144406,-1.0386684506552932,-0.4921469519826984,True,False,False,False,False,False,False,False,False,False,False,False
9.778776,-0.27660874,1.1231222,-0.98263735,-0.0069755964079706,-1.0259208364098096,False,False,False,False,False,False,False,False,False,False,False,False
3.934245,11.521315,-4.2126894,1.2333151,1.821479510600168,-0.0106874030266386,False,False,False,False,False,False,False,False,False,False,False,False
1.2563466,-5.0930767,5.030678,-1.7620078,-0.2690233842114463,-1.2080673415481504,False,False,False,False,False,False,False,False,False,False,False,False
-7.5891056,5.90192,-2.1758654,3.4821055,0.2834608857405925,1.4241818075926491,True,False,False,False,False,False,False,False,False,False,False,False
-3.5728922,3.9932168,-7.088638,-4.581895,-0.4409518656759298,1.1497873185787866,False,False,False,False,False,False,False,False,False,False,False,False
-5.60481,3.764953,-0.10133543,4.9219675,-0.6012879870086238,0.3801272182942836,True,False,False,False,False,False,False,False,False,False,False,False
-4.714719,-5.707501,4.7524886,-0.21709634,-1.563186579578952,-0.6813154530005514,False,False,False,False,False,False,False,False,False,False,False,False
7.0208116,-3.1097472,1.8929257,0.59214133,-0.037044475281025,-0.8683666510054935,False,False,False,False,False,False,False,False,False,False,False,False
-4.7957115,2.1346657,-8.405168,-2.0847976,-0.2823721453674876,-0.1940740709187969,False,False,False,False,False,False,False,False,False,False,False,False
-9.03724,4.1255183,2.447519,13.886568,-1.025573686721201,1.6149869626774698,True,False,False,False,False,False,False,False,False,False,False,False
-4.48083,9.966529,-1.9619293,1.9069954,-0.0066490373198961,2.52303704848133,False,False,False,False,False,False,False,False,False,False,False,False
12.437205,-0.97806627,0.19026391,-0.43976876,-0.34073673955561,-1.853047409424207,False,False,False,False,False,False,False,False,False,False,False,False
-6.3635874,6.869284,1.7741336,2.2449596,-0.1509235708986409,0.5755154024751018,True,False,False,False,False,False,False,False,False,False,False,False
-10.6410885,0.851726,-7.466472,-3.8180945,-0.3632761376081951,2.652398616805947,False,False,False,False,False,False,False,False,False,False,False,False
7.640241,1.7619967,0.6490114,0.39184746,0.3499987936395556,0.0128040934046511,False,False,False,False,False,False,False,False,False,False,False,False
-0.083180845,-3.7075405,4.291763,-2.3303475,-0.1693688475976478,-0.534638438249255,False,False,False,False,False,False,False,False,False,False,False,False
-10.979421,-2.8816516,-5.2503223,-3.6541638,-2.2799368631970145,2.312161640183189,True,False,False,False,False,False,False,False,False,False,False,False
-8.149351,-0.67836964,-3.4150975,-2.190915,-1.0310107591354507,2.807093385663416,False,False,False,False,False,False,False,False,False,False,False,False
-5.5549555,-0.64688206,5.276757,6.9896426,-0.6275409729037512,0.4803019873788823,False,False,False,False,False,False,False,False,False,False,False,False
-7.4910808,5.3560696,-0.3035523,5.9639635,-1.1268198964106453,2.5737178241215344,True,False,False,False,False,False,False,False,False,False,False,False
-6.5039964,0.12879142,-5.675092,-2.130673,-0.5647541026293788,1.7295863903503967,False,False,False,False,False,False,False,False,False,False,False,False
-5.811746,-0.2132774,5.5173173,9.567713,-0.8780222108868345,0.1837449252155816,False,False,False,False,False,False,False,False,False,False,False,False
4.1426063,-7.417722,10.46485,-2.0025518,-2.161874363052537,-3.427665992020586,False,False,False,False,False,False,False,False,False,True,False,True
5.969713,-5.679558,0.7550514,-1.0235763,-0.4726540954042527,-1.5705570696887496,False,False,False,False,False,False,False,False,False,False,False,False
-8.816958,0.94203025,-0.099735804,5.6186075,-1.2153552841754125,2.2826032320533765,True,False,False,False,False,False,False,False,False,False,False,False
-0.19983716,6.2207932,-2.9777048,-6.6981177,-0.7580010529529013,-0.6392027350683916,False,False,False,False,False,False,False,False,False,False,False,False
6.3605776,-7.064597,1.4116796,0.050981496,-0.5535024550917327,-2.6987498046099065,False,False,False,False,False,False,False,False,False,False,False,False
-6.1392865,0.5444208,-0.7332977,3.8463092,-0.2448311597343917,0.4422488008076086,True,False,False,False,False,False,False,False,False,False,False,False
-4.6858006,4.718871,-3.1817589,-1.832195,0.4273061280076646,0.291737858781852,False,False,False,False,False,False,False,False,False,False,False,False
-10.198277,2.1258779,-6.806094,-1.0559002,0.082539744999534,1.061445692270727,False,False,False,False,False,False,False,False,False,False,False,False
3.9679446,-6.014306,4.845887,-3.3576748,-1.158877968770595,-0.7021656539812866,False,False,False,False,False,False,False,False,False,False,False,False
5.6814127,10.813573,-1.9807333,0.53350395,4.638253279274317,0.1546113813794691,False,False,False,False,False,False,False,True,False,False,False,False
-5.6672525,12.083489,-2.4237056,4.4146357,0.0400548927994484,2.562178830491103,False,False,False,False,False,False,False,False,False,False,False,False
-0.27597544,-7.1167254,3.3982065,-1.1123947,-1.963982099638125,-0.7118597529615248,False,False,False,False,False,False,False,False,False,False,False,False
-2.7970178,11.022859,-1.9827083,1.9495513,-0.5684677090416475,0.5975703949067795,True,False,False,False,False,False,False,False,False,False,False,False
1.631145,-2.817188,-1.3004532,1.8538996,-1.2259322308676732,-2.820825652880823,False,False,False,False,False,False,False,False,False,False,False,False
5.2931724,-5.241967,1.3174375,0.25926378,-0.4396161680830925,-1.1583370191197917,False,False,False,False,False,False,False,False,False,False,False,False
-6.676716,3.960677,-2.964332,5.0518336,-0.5118230321007535,0.7456419505033166,True,False,False,False,False,False,False,False,False,False,False,False
9.323445,7.6300507,-1.6925924,2.6487753,9.352137602907844,-0.6439077519790759,False,False,False,False,True,True,False,True,False,False,False,False
-0.92028046,-6.205097,7.488496,-0.45700532,-0.4161133291897971,-0.3989777782786896,False,False,False,False,False,False,False,False,False,False,False,True
-7.6072564,-3.6082225,-3.1635494,-2.4661431,-1.0997386047364608,-0.0429033491800194,False,False,False,False,False,False,False,False,False,False,False,False
-4.2253585,5.5068154,-2.5778525,8.892901,-0.8909467427169531,-0.0926978980066054,False,False,False,False,False,False,False,False,False,False,False,False
-6.7553954,8.34133,-3.4457848,6.592453,0.1195804898689173,1.0149479856138908,False,False,False,False,False,False,False,False,False,False,False,False
0.1556874,0.56902945,-3.0849092,-3.1164465,0.0584937114943316,0.7656133243955031,False,False,False,False,False,False,False,False,False,False,False,False
4.671435,-3.611623,6.074959,-3.5724697,0.7091994931405639,0.1622345381289353,False,False,False,False,False,False,False,False,False,False,False,False
0.61682576,-8.535548,3.0845292,-1.8675921,-1.0660671485115332,0.3176347267590915,True,False,False,False,False,False,False,False,False,False,False,False
-0.4843476,-4.905225,-1.7500134,-3.4355328,-0.6219631571483107,-1.2767169828726124,False,False,False,False,False,False,False,False,False,False,False,False
0.43389675,-10.007717,2.3298655,-0.4550965,-2.767019830224128,-1.5395552918346491,True,False,False,True,False,False,False,False,False,False,False,False
-6.9179707,-6.802175,0.96628445,-0.4324408,-0.3105848230361915,-0.1174512347628839,False,False,False,False,False,False,False,False,False,False,False,False
-9.890912,-0.8293305,0.8904221,4.5863986,-0.716154817058158,0.044066820549794,False,False,False,False,False,False,False,False,False,False,False,False
-4.978172,2.7449687,3.1348531,8.68004,-1.1461433763513078,0.8129581972306722,True,False,False,False,False,False,False,False,False,False,False,False
-4.7060366,3.8952281,-1.1158817,4.2126307,-1.2334864730581632,2.130196246669799,False,False,False,False,False,False,False,False,False,False,False,False
-8.310057,0.16653344,-6.6338634,-0.55550015,-0.8328317168084889,2.987503897848858,False,False,False,False,False,False,False,False,False,False,False,False
0.16808146,-5.7274284,7.440188,-0.6281423,-0.5170497165148401,-2.007171464007321,False,False,False,False,False,False,False,False,False,False,True,False
0.9702678,1.2999809,-1.7956033,-2.5896761,-0.534931469724044,-1.203145324794317,False,False,False,False,False,False,False,False,False,False,True,False
-7.0571876,0.84782887,-3.399502,-2.3745043,-1.0920992113085743,5.243315140005159,False,False,False,False,False,False,False,False,False,False,False,False
9.010127,4.2390513,-0.44621173,-1.3907199,3.276036225813108,-0.236848084751738,False,False,False,False,False,False,False,False,False,False,False,False
-4.750628,-9.687544,3.1506257,1.4488693,-2.191096083166632,-0.5564017315885079,True,False,True,False,False,False,False,False,False,False,False,False
-8.10489,0.5299371,-6.709814,-4.1336703,-1.058443976433134,2.661300275751351,False,False,False,False,False,False,False,False,False,False,False,False
-11.946033,-0.8433016,-5.917502,-3.3567667,-1.0309158206680666,2.4038987058725616,True,False,False,False,False,False,False,False,False,False,False,False
4.401558,10.961605,-2.80348,1.898575,1.1438188058800975,0.5941497521486201,False,False,False,False,False,False,False,False,False,False,False,False
-8.8788395,-5.5890574,-4.6514535,-1.7485781,-2.208213969564076,1.457428635994639,False,False,False,False,False,False,False,False,False,False,False,False
-8.055511,-2.4518814,-5.4138594,-4.694186,-0.2665189889871444,1.2939627597446166,False,False,False,False,False,False,False,False,False,False,False,False
-6.4439178,7.327409,-3.226192,2.6343617,-0.3894875690669139,1.7801429318252384,False,False,False,False,False,False,False,False,False,False,False,False
5.9577947,4.645972,-2.0213823,0.29673266,1.9357687464677025,0.0207992320215951,False,False,False,False,False,False,False,True,False,False,False,False
3.2694516,-8.175764,6.544597,-1.1818717,-0.6011071091002013,-1.81033199207156,False,False,False,False,False,False,False,False,False,False,False,False
-6.39629,0.47386542,3.1880956,8.2682085,-0.4474483003246176,1.6822264076433533,True,False,False,False,False,False,False,False,False,False,False,False
-0.5807087,-7.85937,0.09049435,-4.7271585,-1.048941008337211,-0.9484560901667408,False,False,False,False,False,False,False,False,False,False,False,False
-11.612508,-2.3831837,-5.865184,-2.5826786,-0.3380041938908814,-0.4787892702950339,False,False,False,False,False,False,False,False,False,False,False,False
4.423595,9.344179,-1.9979026,-0.15105475,2.097806022290781,0.5627647928880157,False,False,False,False,False,False,False,True,False,False,False,False
6.4779897,-7.5033684,5.6766515,0.41744855,-2.138523809423499,-5.697594441075541,False,False,False,False,False,False,False,False,False,False,False,False
6.7616296,-0.32397294,0.2387016,-1.1216081,0.2161566493833492,-1.0270384987878036,False,False,False,False,False,False,False,False,True,False,True,False
-7.9988637,-2.9220138,-4.1934767,-1.448361,-0.3293058592615165,0.0446783567731018,False,False,False,False,False,False,False,False,False,False,False,False
2.3696434,9.306341,-1.9542319,0.89658415,0.0034803320175365,1.037201267489637,False,False,False,False,False,False,False,False,False,False,False,False
-9.289948,6.5682254,-1.4653827,9.765977,-1.08290422976455,3.2230008258521217,True,False,False,False,False,False,False,False,False,False,False,False
-7.22566,-1.7411169,-5.579976,-1.9940258,-0.7205455943437498,0.706812135312367,True,False,False,False,False,False,False,False,False,False,False,False
-11.108809,2.7622619,-7.091481,-2.0931773,-1.0752394779793857,4.040611968906994,False,False,False,False,False,False,False,False,False,False,False,False
-6.212943,5.986919,-1.8022774,2.2582722,-0.9966394322873828,0.8465902581712489,True,False,False,False,False,False,False,False,False,False,False,False
-2.9395368,-5.5470333,-2.9140904,-1.0493805,-1.1745867733627426,0.3803147389070228,False,False,False,False,False,False,False,False,False,False,False,False
2.9997032,-5.9698753,1.0219024,-1.9883674,-0.0173747753381481,-0.2385055785180451,False,False,False,False,False,False,False,False,False,False,False,False
-10.239804,3.256925,-1.5198095,5.4515414,-1.0353624524052956,0.7089066902687371,True,False,False,False,False,False,False,False,False,False,False,False
3.3919291,-8.637407,4.395673,-0.1890548,-1.5191619078241785,-0.6507390331263593,False,False,False,False,False,False,False,False,False,False,False,False
-5.5801373,-3.9502513,-6.295299,-2.8988388,0.0034803320175365,1.037201267489637,False,False,False,False,False,False,False,False,False,False,False,False
-7.2490683,2.181826,-6.920705,-2.6410635,-0.7501928492868111,2.798987190091576,False,False,False,False,False,False,False,False,False,False,False,False
1.3119137,-3.9358203,-1.8702003,1.7596449,-0.0870540818559948,-2.102781818348989,False,False,False,False,False,False,False,False,False,False,False,False
6.705261,9.153643,-1.7958478,2.59445,6.401230555484935,0.4585497556042018,False,False,False,False,True,False,False,True,False,False,False,False
-6.162649,7.950267,-3.0210693,1.6220869,-0.2485320141516861,3.500262606152463,False,False,False,False,False,False,False,False,False,False,False,False
-7.2793684,2.4693696,-7.828366,-2.319821,-0.2876815521227673,1.5510349853243293,False,False,False,False,False,False,False,False,False,False,False,False
-5.686531,2.4456453,-5.6991835,-2.575747,-0.8582127181272937,2.934522753938631,False,False,False,False,False,False,False,False,False,False,False,False
-0.07353632,-4.1855817,3.4903862,-1.3979026,-1.1391612055671776,0.140541925463545,False,False,False,False,False,False,False,False,False,False,False,False
4.607125,-8.862069,6.8277655,-2.7013764,-1.3071768635104393,-2.806542931582848,False,False,False,False,False,False,False,False,False,False,False,True
6.2811847,-2.4378607,0.9850659,-0.6306411,-0.7226065805306017,-1.7188990297916529,False,False,False,False,False,False,False,False,False,False,False,False
-9.117804,-3.7738335,-4.789647,-3.109019,-0.4238266666458439,0.1153753578284217,False,False,False,False,False,False,False,False,False,False,False,False
6.7493277,-0.68761766,2.3447082,-1.152269,2.5919794175578383,-0.9154252646323586,False,False,False,False,False,True,False,True,False,False,False,False
-0.24290708,-7.3208165,6.0618877,-4.5920362,-1.3671117959026258,0.2261513794654872,True,False,False,False,False,False,False,False,False,False,False,False
-3.9195764,-6.5089912,1.4682486,-2.416048,-0.6332634398563101,-0.7529851760899163,False,False,False,False,False,False,False,False,False,False,False,False
7.7974086,-3.8123927,3.7350419,0.11714347,-0.196652221403785,-1.380127947363681,False,False,False,False,False,False,False,False,False,False,False,False
-0.8301419,-6.173425,5.2565145,-3.476192,-1.3209020931282265,-0.3855504381500506,False,False,False,False,False,False,False,False,False,False,False,False
-4.9065638,9.06149,-2.232066,4.342329,-0.6851149047308309,3.9693339836983794,True,False,False,False,False,False,False,False,False,False,False,False
5.217041,-4.9783783,2.7724953,-1.7619687,-0.190278820764586,-1.6228065434402057,False,False,False,False,False,False,False,False,False,False,False,False
3.5108526,-6.780503,5.468301,-2.0562077,-0.5039125378531254,-1.0280260068833484,False,False,False,False,False,False,False,False,False,False,False,False
2.027512,-2.8925993,-1.7237521,-3.8485122,-0.5009752658926757,-1.67162908378405,False,False,False,False,False,False,False,False,False,False,False,True
-9.000474,-2.296476,-0.11259419,6.0268397,-1.829829170513136,0.0864233133077028,False,False,False,False,False,False,False,False,False,False,False,False
6.7293444,-2.7358813,0.7008616,1.087424,-2.8763489126873667,-6.373241955196331,False,False,False,False,False,False,False,False,False,False,False,False
7.650675,5.1227236,-0.070958234,-0.070298046,0.3547933202743954,0.5189694101631209,False,False,False,False,False,False,False,False,False,False,False,False
-0.19604132,-3.7394962,2.0120077,0.38576663,-1.2140832612546113,-0.4825588275537018,True,False,False,False,False,False,False,False,False,False,False,False
5.9559083,-5.1436253,4.1936364,-2.0998552,-0.7364736850646795,-2.443626231483379,False,False,False,False,False,False,False,False,False,True,False,False
-3.6377804,5.553034,-1.3865236,-3.6637697,-0.4742808492992783,2.5334872656726213,False,False,False,False,False,False,False,False,False,False,False,False
5.42887,-10.105839,6.400896,-1.5081512,-1.7370695984844629,-4.534970004089812,False,False,False,False,False,False,False,False,False,False,False,False
2.9232705,-3.7015016,9.339721,-1.4696307,-0.2907411985227717,-0.6449717709884025,False,False,False,False,False,False,False,False,False,False,False,False
-4.0872498,-5.3949504,0.74896204,-0.0035616178,-0.267924816577278,0.1564811445927117,True,False,False,False,False,False,False,False,False,False,False,False
13.601879,1.0002015,1.3159883,-0.89169,-0.037044475281025,-0.8683666510054935,False,False,False,False,False,False,False,False,False,False,False,False
-3.1266866,3.6723936,-8.364067,-3.5418289,0.320461224049726,1.2974823585157735,False,False,False,False,False,False,False,False,False,False,False,False
3.7369976,11.401264,-2.9338372,0.34428424,2.8998996846009115,0.3684440491103105,False,False,False,False,True,False,False,True,False,False,False,False
-6.897962,-0.99075276,0.27398157,5.965264,-1.380870840001324,0.5424483924552379,True,False,False,True,False,False,False,False,False,False,False,False
-10.030487,-4.6954217,-1.2220173,2.8977454,-0.9718252396298902,0.1341836091194587,True,False,False,False,False,False,False,False,False,False,False,False
9.4276905,5.868155,-0.76863015,0.466429,2.831429947040609,0.2042357143632941,False,False,False,False,False,False,False,True,False,False,False,False
-1.5357444,-5.5014195,3.7289348,-1.8074753,-0.5355299631328574,-0.6113691441024269,False,False,False,False,False,False,False,False,False,False,False,False
-0.30576602,-7.7256536,1.6163666,-3.3049824,-0.632210905720926,0.0014473210679094,False,False,False,False,False,False,False,False,False,False,False,False
9.4184475,5.2833,1.4094361,0.10224516,7.626831298552396,-0.4933721651598142,False,False,False,False,True,True,False,False,False,False,False,False
-5.941456,-2.6372015,-4.6965833,-1.4320587,0.0765328134976027,-0.1052389768505517,False,False,False,False,False,False,False,False,False,False,False,False
-0.3547392,-4.4044485,-0.5638618,-4.778064,-0.8833499386668832,-2.187128820189141,False,False,False,False,False,False,False,False,False,False,False,False
4.3823957,-9.58539,4.982304,-1.9268954,-0.1791430951397596,-1.2962185360227247,False,False,False,False,False,False,False,False,False,False,False,False
-5.71181,-3.979423,-2.1734846,-2.9896772,-1.308216919240935,0.8106708193322603,True,False,False,True,False,False,False,False,False,False,False,False
3.3895133,-5.950561,2.2120464,-0.71324986,-0.7909391876204475,-2.667031233894536,False,False,False,False,False,False,False,False,False,False,False,False
-7.9020123,4.4424186,-1.8891366,2.3602772,-1.882798378651377,2.11647550666872,True,False,False,False,False,False,False,False,False,False,False,False
7.1103992,3.2936177,0.90927696,-0.7287393,0.1568127465956327,-1.3505653921663958,False,False,False,False,False,False,False,False,False,False,False,False
-3.8916821,-3.733761,11.347521,-1.6817687,-0.9718252396298902,0.1341836091194587,True,False,False,False,False,False,False,False,False,False,False,False
-7.587334,7.30314,-1.087569,2.801844,-0.1913921320424316,2.1992560843366946,True,False,False,False,False,False,False,False,False,False,False,False
7.540767,-0.19358097,1.2689133,-0.8242444,-0.1889427982771315,-1.99160904395642,False,False,False,False,False,False,False,False,False,False,False,True
5.3254614,-2.7686093,0.76846826,-1.2689481,-0.7001146891768086,-0.943013782670794,False,False,False,False,False,False,False,False,False,False,False,False
9.371309,6.4093537,0.5729442,0.34090337,0.3547933202743954,0.5189694101631209,False,False,False,False,False,False,False,False,False,False,False,False
-8.827103,3.247313,-0.7434696,5.4583044,-0.719158005545556,1.267900525335862,True,False,False,False,False,False,False,False,False,False,False,False
-6.792172,-1.5486118,-7.1134357,-3.958345,-0.5959869420797558,0.9631734633858992,False,False,False,False,False,False,False,False,False,False,False,False
-6.344277,7.6639605,-4.8278747,2.3905637,0.1307955825224802,2.3323125854390203,False,False,False,False,False,False,False,False,False,False,False,False
-1.0982854,-10.618582,3.265993,-1.5827577,-0.8508255564722554,-0.4732940972222896,True,False,False,False,False,False,False,False,False,False,False,False
6.2270794,-7.4791265,3.6997526,-1.1438116,-0.2396716333621379,-0.664232811917677,False,False,False,False,False,False,False,False,False,False,False,False
2.2551515,-1.7161692,2.0517988,2.9723678,-1.60716235822808,-2.0213040029029945,True,False,False,False,False,False,False,False,False,False,True,False
7.9238443,7.879778,-3.1875365,-1.0702646,4.785592765510443,0.2920849619969192,False,False,False,False,True,False,False,True,False,False,False,False
-3.3929732,9.825227,-0.7704157,4.5343313,-0.5539304842897494,2.585440079783062,False,False,False,False,False,False,False,False,False,False,False,False
3.384831,-9.706684,3.94534,-1.372916,-1.430687658461714,-1.867940968941874,False,False,False,False,False,False,False,False,False,False,False,False
4.0527325,-8.641644,3.6072652,-1.0624794,-0.8128443820663924,-1.5213469048965844,False,False,False,False,False,False,False,False,False,False,False,False
8.765819,8.446091,-1.891074,3.4540854,8.880423953762783,-0.366351032200414,False,False,False,False,True,False,False,True,False,False,False,False
-7.0994864,-4.3285046,-4.268137,-1.0974178,-0.6267757351067219,0.0603042910744334,False,False,False,False,False,False,False,False,False,False,False,False
-5.80475,2.807618,-6.538043,-4.229868,0.5738788006350942,0.6071917906113836,False,False,False,False,False,False,False,False,False,False,False,False
6.869536,1.4882895,1.623811,-1.2120966,1.039544341521946,-1.738007153998503,False,False,False,False,False,False,False,False,False,False,False,False
-9.03671,1.7265093,-6.3943434,8.265979,-1.397492036570167,0.6775845574410645,True,False,False,False,False,False,False,False,False,False,False,False
-12.004066,-3.258057,-5.1106687,-3.4579563,-1.401103203020219,2.358277313938133,False,False,False,False,False,False,False,False,False,False,False,False
-0.16691925,-8.796153,3.818516,-0.6366918,-1.4027584277431406,-1.5281778260719088,True,False,False,False,False,False,False,False,False,False,False,False
0.40769956,11.415653,-0.82936406,3.12343,1.5558588682463057,1.6483585042232416,False,False,False,False,False,False,False,False,False,False,False,False
-8.336156,2.7496731,-8.175189,-3.991949,-0.3006870000412146,1.1648506628254482,False,False,False,False,False,False,False,False,False,False,False,False
-3.986289,-1.8159274,-3.1790376,-4.8016753,-0.3153904514174447,-0.1621396737873265,False,False,False,True,False,False,False,False,False,False,False,False
-4.2795506,-7.2590184,3.7500572,1.0969784,-1.0229648003291285,-0.420568404318825,True,False,False,False,False,False,False,False,False,False,False,False
6.4266467,-0.45069295,1.1626254,-0.64394945,-0.3669204897373093,-0.4500732951231395,False,False,False,False,False,False,False,False,False,False,False,False
-7.8727503,-0.80244565,-6.0978546,-4.5491114,-0.4627073604918061,0.8535835711113974,False,False,False,False,False,False,False,False,False,False,False,False
-8.307203,9.151334,-2.957585,9.202734,-0.9560998481633908,2.937590605782632,True,False,False,False,False,False,False,False,False,False,False,False
3.2681506,-8.820833,4.120101,-3.4578907,-1.1489224746358428,-2.1865315326173205,False,False,False,False,False,False,False,False,False,False,False,False
4.061656,-7.7104855,3.9193842,-0.49415916,-0.9078018927924724,-2.5777054052681363,False,False,False,False,False,False,False,False,False,False,False,True
-5.0850425,4.317101,-2.7287195,15.706586,-0.6901685258998135,0.4700311467281743,True,False,False,False,False,False,False,False,False,False,False,False
0.23282626,-7.527609,4.601148,-2.650415,-1.9625952590385745,-0.0707958757911036,True,False,False,False,False,False,False,False,False,False,False,False
-7.377829,0.8988509,2.2501862,8.042842,0.3057591103519808,1.4973445558354497,True,False,False,False,False,False,False,False,False,False,False,False
-6.9769363,-4.921125,4.274243,-2.5292346,-1.0001743126819744,0.7180198500048294,True,True,False,False,False,False,False,False,False,False,False,False
-6.9341726,-6.0963354,1.24096,0.35586002,-1.7126751000559317,-0.3575610244768096,False,False,False,False,False,False,False,False,False,False,False,False
-1.4078425,-5.510809,2.8618753,-2.7281659,-1.6008466303692537,-0.013681379381239,False,False,False,False,False,False,False,False,False,False,False,False
8.142765,1.0032973,1.400339,-1.2900885,1.5746771292426645,-0.0398600784886865,False,False,False,False,True,False,False,False,False,False,False,False
-5.0401206,8.622422,-2.4776578,5.5671363,-0.0922484108207947,1.6291290667843172,False,False,False,False,False,False,False,False,False,False,False,False
-7.09585,7.959753,-3.334458,2.3204014,-0.8521516544236201,0.9381883244668138,True,False,False,False,False,False,False,False,False,False,False,False
4.7917314,11.53412,-1.2992378,1.1444838,6.451813306558167,-0.1703862811435107,False,False,False,False,True,False,False,True,False,False,False,False
-8.715386,5.1150737,-3.464902,3.3356593,-1.2810554130348315,0.1002586604261578,False,False,False,False,False,False,False,False,False,False,False,False
-10.122166,-0.33337143,2.830401,8.069264,-0.671534663372484,1.2707250537071837,True,False,False,False,False,False,False,False,False,False,False,False
0.39971775,-1.9919543,2.677214,-0.22181424,-0.8032054519664822,-0.9309726774038308,False,False,False,False,False,False,False,False,False,False,False,True
-9.879991,7.0315366,-3.0105658,13.47017,-0.8036962408355547,2.7435337502835897,False,False,False,False,False,False,False,False,False,False,False,False
-3.7541127,7.41419,-0.5236915,3.0605142,0.1965488888526814,0.0133756695833538,False,False,False,False,False,False,False,False,False,False,False,False
-0.92028046,-6.205097,7.488496,-0.45700532,-1.5492531147701802,0.3774394709498626,True,False,True,False,False,False,False,False,False,False,False,False
6.9233904,-3.9937944,1.7575681,-0.98804563,-0.4398660654207145,-1.462843732297279,False,False,False,False,False,False,False,False,False,False,False,False
0.25665212,-6.510269,1.3521088,-3.200395,-1.4355320635154034,-2.721691243525695,False,False,False,False,False,False,False,False,False,False,False,False
9.512285,-3.1952813,2.1259713,-1.9750751,1.08082289597361,-1.914094823229531,False,False,False,False,False,False,False,False,False,False,False,False
8.638796,5.271906,1.2650764,0.65181947,0.3547933202743954,0.5189694101631209,False,False,False,False,False,False,False,False,False,False,False,False
-5.0477614,2.1249406,-4.801915,-5.0356016,-0.4040621404189412,2.431497219913933,False,False,False,False,False,False,False,False,False,False,False,False
5.708422,10.303113,-1.3007627,0.75053304,2.501374275501721,0.7726447432567899,False,False,False,False,False,False,False,True,False,False,False,False
4.6885357,5.1303983,-2.769941,-0.64624673,0.3547933202743954,0.5189694101631209,False,False,False,False,False,False,False,False,False,False,False,False
3.2163296,-6.3633204,9.804098,-2.6398146,-1.1521798018151597,-2.344098891695593,True,False,False,False,False,False,False,False,False,True,False,False
-8.687761,0.19168802,-2.9800417,-3.0352376,-0.4016651304393312,1.8717468592148283,False,False,False,False,False,False,False,False,False,False,False,False
-6.4883914,9.590606,-1.9539636,3.7263803,0.5924916823746007,3.1118485920513024,False,False,False,False,False,False,False,False,False,False,False,False
-10.61004,-1.0887079,-2.3457391,3.884027,-0.8486827094515638,0.614412433638674,True,False,False,False,False,False,False,False,False,False,False,False
5.8119025,8.6157875,-0.99639904,-1.3089591,3.207877557713377,0.3014212191904101,False,False,False,False,False,False,False,True,False,False,False,False
3.8426375,2.2802684,1.4349481,-1.1835163,-0.8810006978851801,-1.1525071993585516,False,False,False,False,False,False,False,False,False,False,False,False
-4.6721873,8.669957,-3.79059,1.8349788,-0.8417128389862248,2.2397129469942407,False,False,False,False,False,False,False,False,False,False,False,False
9.933731,3.247636,0.9344077,-0.9264414,1.3862924566260917,-0.3534606456778431,False,False,False,False,False,False,False,False,False,False,False,False
0.40323773,-10.07555,3.8359246,-1.7503595,-3.7671537822663743,-1.6021488709313378,True,False,False,False,False,False,False,False,False,True,False,False
-1.3859944,-5.389945,4.46298,-2.0610664,-0.7096820076045648,-0.5466535001022006,False,False,False,False,False,False,False,False,False,False,False,False
-10.510822,-2.4484978,-6.0164266,-2.9015365,-1.833140414385925,0.947628056121084,True,False,False,False,False,False,False,False,False,False,False,False
-6.8246922,-6.0603223,-0.35832557,-0.09007139,-3.489169711571129,0.7603045635882244,True,False,True,False,False,False,False,False,False,False,False,False
3.8280497,12.381598,-2.5760195,1.9149847,7.1784977214380135,-0.3450465111723221,False,False,False,False,True,False,False,True,False,False,False,False
-4.903498,5.6646476,-3.213675,2.237733,-0.6421715259496322,-0.3511398749592225,False,False,False,False,False,False,False,False,False,False,False,False
-2.961639,0.16501679,-4.308914,-3.7854345,-0.3023279971267777,2.907306240209484,False,False,False,False,False,False,False,False,False,False,False,False
-5.6724443,0.1000181,2.2407434,8.739411,-0.5376806861487603,0.5558784302508027,True,False,False,False,False,False,False,False,False,False,False,False
6.596327,-0.39783853,-0.41367853,-0.007302282,0.2126299511755204,-0.8489089733739889,False,False,False,False,False,False,False,False,False,False,False,False
-3.576197,2.7371488,-3.6405053,-1.6605988,-0.5296924645959592,1.5374728080707758,False,False,False,False,False,False,False,False,False,False,False,False
-9.125924,-0.016519962,1.9224477,8.564826,-0.4209228919033218,0.8322768947300823,True,False,False,False,False,False,False,False,False,False,False,False
-8.893488,-2.9705322,-4.5701613,-2.2802577,-0.3015750298575331,1.8282925787973243,False,False,False,False,False,False,False,False,False,False,False,False
0.5049892,-3.9319901,13.515935,-3.9328027,0.1857320807022656,-0.6034658305246942,False,False,False,False,False,False,False,False,False,False,False,False
6.979387,7.618697,-2.981572,-0.50521094,0.3547933202743954,0.5189694101631209,False,False,False,False,False,False,False,False,False,False,False,False
-7.0798535,11.019639,-1.8281393,5.376115,-0.0208162373400265,1.5194869761283127,False,False,False,False,False,False,False,False,False,False,False,False
-9.503894,4.0014114,-10.966121,-3.4638689,-0.8644984217492495,1.7831918848849466,False,False,False,False,False,False,False,False,False,False,False,False
-7.1599097,4.6832457,-5.2069025,-3.1725938,0.6095307760499181,2.075688440988853,False,False,False,False,False,False,False,False,False,False,False,False
-8.965513,6.150554,-3.8945074,4.1732144,-0.0670795182624255,1.900580303513739,False,False,False,False,False,False,False,False,False,False,False,False
-8.036681,5.029826,-0.4007635,9.815211,-0.7232832639748099,2.291597671137533,True,False,False,False,False,False,False,False,False,False,False,False
-3.5749712,8.298402,-5.044288,-4.427523,-0.3023922868115349,2.800282830445448,False,False,False,False,False,False,False,False,False,False,False,False
-3.0059805,3.391366,-0.4942418,6.002259,-1.4542290514655511,-0.9826901336092332,True,False,False,False,False,False,False,False,False,False,False,False
-0.84211904,-7.4456754,1.674354,0.9745735,-3.007596785272644,-3.125672228445742,True,False,False,False,False,False,False,False,False,False,False,True
7.167496,-3.5859785,3.636434,-1.0768338,-0.3629988025314208,-1.196763893900592,False,False,False,False,False,False,False,False,False,False,False,False
-7.2796564,6.535146,-1.7558053,16.802513,-0.2339294315871891,1.360192412820907,False,False,False,False,False,False,False,False,False,False,False,False
-2.4289806,0.74801284,-4.988496,-2.344745,-0.1737133397211008,1.2087467181569902,False,False,False,False,False,False,False,False,False,False,False,False
-3.1425383,0.7333491,-3.9839487,-3.4827893,-0.5331371351612025,1.2491064509039194,False,False,False,False,False,False,False,False,False,False,False,False
-3.7765899,11.543404,-4.099271,2.5425634,0.416484322410134,3.827674867859413,False,False,False,False,False,False,False,False,False,False,False,False
-2.9058433,-3.955307,-2.348039,-2.638924,-0.6567609126534254,-0.0812226630150139,False,False,False,False,False,False,False,False,False,False,False,False
7.5845275,-6.6793847,4.2101817,-0.97307914,-1.0056606958621848,-1.7665326475028795,False,False,False,False,False,False,False,False,False,False,False,False
6.9586782,6.0351324,-0.070958234,-0.070298046,0.3547933202743954,0.5189694101631209,False,False,False,False,False,False,False,False,False,False,False,False
2.5150993,-4.1335483,-1.6420177,-1.0482346,-0.8133632186414037,-1.3921520780814107,False,False,False,False,False,False,False,False,False,False,False,False
-10.903451,-1.5611287,-0.68657064,3.7883677,-0.3090266030281321,-0.5329177894843117,True,False,False,False,False,False,False,False,False,False,False,False
8.94686,2.5299387,0.2203764,-0.4636027,0.8889910936152978,-1.986397865147028,False,False,False,False,False,False,False,False,False,False,False,False
-5.566313,-1.4057125,-5.6529765,-3.9622645,-1.734990958087982,1.3121995350832352,False,False,False,False,False,False,False,False,False,False,False,False
9.389495,5.473131,0.37708613,-0.42122057,5.045952671102467,-0.3669693715925025,False,False,False,False,False,False,False,False,False,False,False,False
-6.862447,1.9179735,3.1611898,7.8324814,-1.6121323502735534,1.6448648895778002,True,False,False,False,False,False,False,False,False,False,False,False
2.4332297,-10.52285,6.4249864,-3.8553178,-0.8687877136951501,-1.7207787123813791,False,False,False,False,False,False,False,False,False,False,False,False
-4.033566,6.6545444,-1.315104,6.919664,0.3976620685623381,5.494036188792846,True,False,False,False,False,False,False,False,False,False,False,False
-7.065574,-4.2809916,-1.8609309,-1.81988,-2.050061166780029,-2.8234890989562103,False,False,False,False,False,False,False,False,False,False,False,False
-6.784605,-3.1506672,-6.5075083,-3.0068429,-1.1477729302729631,-1.913940351734145,False,False,False,False,False,False,False,False,False,False,False,False
7.85923,5.2155046,-0.56757677,3.5360951,8.70245748172258,-8.958629933681299e-05,False,False,False,False,False,False,False,True,False,False,False,False
2.5723271,10.593665,-3.4154491,1.4278184,1.6134222699139724,4.425755610917885,True,False,False,False,True,False,False,False,False,False,False,False
5.115024,-9.004986,4.743627,-1.2209351,-2.0986380618941154,-1.6284990978443694,False,False,False,False,False,False,False,False,False,False,False,False
2.1536872,7.127605,-2.0751202,0.091643855,-0.0734504321519993,0.270137161838334,False,False,False,False,False,False,False,False,False,False,False,False
-4.694945,-4.0711637,-5.3155174,-1.840355,-0.7507487650525164,1.012332294460659,False,False,False,False,False,False,False,False,False,False,False,False
4.684258,10.881249,-5.715018,-0.39317572,2.864018450596627,0.4626952996886856,False,False,False,False,False,False,False,True,False,False,False,False
12.710974,5.175698,0.9263218,0.2906652,3.736294168272788,-0.1495252887734462,False,False,False,False,False,False,False,False,False,False,False,False
3.9449744,-8.554562,2.5253325,-2.6394033,-0.3829334121357962,-1.0842316970321186,False,False,False,False,False,False,False,False,False,False,False,False
-8.863937,7.302465,1.0739571,2.681159,-0.7272282203718115,1.655687334708762,True,False,False,False,False,False,False,False,False,False,False,False
9.786059,4.6923714,-3.151934,-2.2628522,2.788888482762014,0.0210898868303845,False,False,False,False,False,False,False,False,False,False,False,False
4.8308454,11.206537,-3.102551,1.8567618,9.463492801296717,-0.541576880405136,False,False,False,False,True,False,True,True,False,False,False,False
1.6375583,12.813589,-4.143112,1.1998476,2.521947046270081,0.5409140040765797,False,False,False,False,True,False,False,False,False,False,False,False
8.598156,-0.6342764,0.37107062,-0.9501539,-0.4742966327481699,-3.993791002292841,False,False,False,False,False,False,False,False,False,False,True,False
7.552558,8.244864,-2.1673477,2.8705406,5.894257005081742,-0.1187610758949606,False,False,False,False,True,False,False,True,False,False,False,False
-4.493201,-2.6541164,4.7227564,7.391637,-2.1228028087799515,-1.1119979211174718,True,False,False,False,False,False,False,False,False,False,False,False
-4.370186,0.5174472,-4.398842,-3.239768,-0.3982620093222739,-0.7003131889171825,False,False,False,False,False,False,False,False,False,False,False,False
-5.860107,-6.251713,-0.5191336,-0.22223179,-0.4464241747906304,-0.2242953933942104,False,False,False,False,False,False,False,False,False,False,False,False
2.323954,-3.502504,-1.5167607,-1.7651416,-1.651883437590013,-3.084652058427828,False,False,False,False,False,False,False,False,False,False,False,False
9.819182,7.770606,-2.319582,-1.6104043,4.742106351990938,-0.5774367583824606,False,False,False,False,False,False,False,True,False,False,False,False
-6.2927775,-2.6759632,-0.2827758,3.8801522,-0.7485582190571556,-1.6244427065343516,True,False,False,False,False,False,False,False,False,False,False,False
0.45523903,0.57767165,5.917746,-2.2361853,0.3547933202743954,0.5189694101631209,False,False,False,False,False,False,False,False,False,False,False,False
0.8705208,-6.385195,4.8254147,-2.5350492,-3.282917127939575,-0.4640436797282876,True,False,False,False,False,False,False,False,False,False,False,False
-4.059794,4.1706977,-0.08832423,8.560191,-1.3065371892908442,1.783419442999716,True,False,False,False,False,False,False,False,False,False,False,False
-8.69837,7.512724,-1.642099,3.8332295,-0.184586842189834,1.1425973809497012,False,False,False,False,False,False,False,False,False,False,False,False
-6.1832886,-2.831839,5.9111953,5.217691,-0.554808301110936,-0.0802360434634533,False,False,False,False,False,False,False,False,False,False,False,False
8.054947,-0.87904495,0.36242324,-0.64483804,0.7650445795195786,-2.7593938444671045,False,False,False,False,False,False,False,False,True,True,False,False
-8.216519,11.294816,-2.167369,3.0804784,-1.197704549806708,3.754500936985916,True,False,False,False,False,False,False,False,False,False,False,False
-4.381881,-2.4449546,3.2961822,2.4594357,-0.4965106682742111,-0.1635992642072546,False,False,False,False,False,False,False,False,False,False,False,False
3.0093386,0.9328118,1.1798102,3.4151845,1.1189729212407775,-0.8759426737264362,False,False,False,False,False,False,False,False,False,False,False,False
2.4271061,7.59098,-2.6992557,0.25492892,-0.3601216502309151,0.529697163682452,False,False,False,False,False,False,False,False,False,False,False,False
2.2913668,8.383682,-0.86651397,0.13575356,1.1080538405814466,0.7202542895530922,False,False,False,False,False,False,False,False,False,False,False,False
-5.064843,-4.5812516,-4.0208197,-2.6135378,-1.0129102999634632,0.0895271214197824,False,False,False,False,False,False,False,False,False,False,False,False
7.343118,-6.987562,6.7763233,-1.4057258,-1.268154418754576,-3.0642329052308384,False,False,False,False,False,False,False,False,False,False,False,True
10.298489,3.482111,1.1473342,-0.21352568,7.412729075708669,-0.949665803990328,False,False,False,False,True,False,False,False,False,False,False,False
-5.1538744,4.5327044,-0.32826796,4.446599,-0.8283302106798136,2.9320888296523315,False,False,False,False,False,False,False,False,False,False,False,False
-6.379459,-2.4833791,-4.4747415,-2.9746833,-0.7470573611239921,0.3962256673167944,True,False,False,False,False,False,False,False,False,False,False,False
10.611391,4.540206,-0.5733753,-0.6810035,3.228604708588227,0.1226204565856274,False,False,False,False,False,False,False,True,False,False,False,False
4.5587416,-1.8606122,3.6377003,-0.90039086,1.6350261489928877,0.2936749515132063,False,False,False,False,True,False,False,False,False,False,False,False
-9.085715,-3.3882933,-4.317915,-1.1080554,-0.8656529145358374,1.89712877837934,False,False,False,False,False,False,False,False,False,False,False,False
-5.092081,8.5843725,-0.7146155,7.100418,-0.0207329286678712,-0.0894256841456501,False,False,False,False,False,False,False,False,False,False,False,False
0.098875605,-1.1320481,9.395606,-2.855731,0.3547933202743954,0.5189694101631209,False,False,False,False,False,False,False,False,False,False,False,False
6.3993587,0.3046442,0.31750348,-0.26843295,1.658588556815411,0.4178756323467711,False,False,False,False,False,False,False,False,False,False,False,False
3.085043,7.97229,-2.648269,-2.0047882,2.047066211359096,1.3478837035878282,False,False,False,False,True,False,False,False,False,False,False,False
-4.947476,-0.111966245,-4.588063,5.624639,-1.4387301646265405,-0.5149169610513213,False,False,False,False,False,False,False,False,False,False,False,False
-11.148835,1.409783,-3.4048543,0.3316612,-0.2216275870592171,1.1890950876065385,False,False,False,False,False,False,False,False,False,False,False,False
-1.4615936,-3.8114378,5.0479074,6.1197004,-2.451784438934079,-3.485208903810443,True,False,False,True,False,False,False,False,False,False,False,False
-3.8361511,-9.795149,1.4090167,-0.26788652,-0.5274770375086049,-0.3170134625939155,True,False,False,False,False,False,False,False,False,False,False,False
5.3348484,-3.2906985,5.358309,1.8805954,-0.0168977668816188,-1.3375014133863403,False,False,False,False,False,False,False,False,False,False,True,False
-3.286483,7.7629576,-0.3538875,2.3421893,-0.5615588101232178,2.2778738373227467,False,False,False,False,False,False,False,False,False,False,False,False
0.27136335,6.242346,-3.8783226,-0.86731523,-0.1504188311357637,1.2717094778688696,False,False,False,False,False,False,False,False,False,False,False,False
-1.2671851,-3.7875352,5.467075,-2.521368,-1.7360004017010526,-2.0055390511989883,False,False,False,True,False,False,False,False,False,False,False,False
-2.0769331,-3.402533,-2.260623,-0.30506605,-1.049993005451178,-0.1225351720693671,True,False,False,False,False,False,False,False,False,False,False,False
-10.300055,0.05660608,-6.8998613,-4.7462196,-0.9491826021754914,2.649404201450017,False,False,False,False,False,False,False,False,False,False,False,False
-5.634059,0.7700987,2.4674563,7.903355,-0.9386868575503836,2.230138787765336,True,False,False,False,False,False,False,False,False,False,False,False
-6.6370425,-0.19984001,-8.261269,-3.0805073,-2.2697328047792253,0.8604210662037043,False,False,False,False,False,False,False,False,False,False,False,False
6.1811543,-2.920148,1.3968474,-0.39944196,-1.4853615955445338,-3.42243559945932,False,False,False,False,False,False,False,False,False,False,False,False
9.949047,-3.199933,1.7381396,-0.65411425,0.0967569625046082,-1.1148609613029858,False,False,False,False,False,False,False,False,False,False,False,False
1.2153335,-7.7986155,5.449534,-5.111,-0.9496722326538783,-0.479848534815258,False,False,False,False,False,False,False,False,False,False,False,False
6.813358,3.941924,-1.2120204,0.5185243,1.4504421429415366,-0.0427588156394958,False,False,False,False,False,False,False,False,False,False,False,False
-6.90465,-0.053977564,3.0538414,3.9800324,-1.548612708398065,-1.3910205917924852,True,False,False,True,False,False,False,False,False,False,False,False
-2.2705295,-0.70607126,-0.74784416,-1.4601558,0.1304539923376503,1.0810973228211789,False,False,False,False,False,False,False,False,False,False,False,False
-9.424789,0.6303408,-4.025892,18.555155,-1.982997068249672,0.4168003628718883,False,True,False,False,False,False,False,False,False,False,False,False
-6.4014053,0.6240239,-3.193167,-0.84756166,-1.634632316654823,2.676517906827089,False,False,False,False,False,False,False,False,False,False,False,False
-1.1272597,-4.71594,5.467075,-2.521368,-0.0905387283385167,0.1759680297386577,False,False,False,False,False,False,False,False,False,False,False,False
-9.547916,-1.1003149,2.0565555,7.2110634,-1.1529406772362265,1.5060414168044534,True,False,False,False,False,False,False,False,False,False,False,False
-8.143368,2.9844573,0.62654716,5.0315604,-0.1966239569908234,0.4559541505467647,False,False,False,False,False,False,False,False,False,False,False,False
-9.868629,-7.530258,0.78128093,1.1169997,-0.5847062425893113,0.8136562939436931,True,False,False,False,False,False,False,False,False,False,False,False
5.0015745,0.32663265,1.8798896,-0.42465013,-0.1807584111408001,-0.361516162225019,False,False,False,False,False,False,False,False,False,False,False,False
-5.4432425,8.150818,-2.470354,3.7682488,-0.5123621996046382,3.706959101220944,False,False,False,False,False,False,False,False,False,False,False,False
-12.360965,-1.8267987,-5.8453245,-2.970879,-0.4782903756458599,2.8635776072939727,False,False,False,False,False,False,False,False,False,False,False,False
2.9944172,-6.6001825,0.5718611,-0.33904475,-1.5534071500005004,-2.1361834552122465,False,False,False,False,False,False,False,False,False,False,False,False
2.7535093,-4.1858788,7.81875,-0.9869935,-0.4462502517204217,-0.4227244498357837,False,False,False,False,False,False,False,False,False,False,False,True
6.3253007,-6.6773667,2.8571367,-0.41179186,-1.0632853927178634,-2.052889671269408,False,False,False,False,False,False,False,False,False,False,False,True
-1.6191266,-1.914163,-6.332868,-2.6255987,-0.3096804040632327,1.6092891057714394,True,False,False,False,False,False,False,False,False,False,False,False
8.486933,5.396614,0.55820405,-0.19055218,0.3547933202743954,0.5189694101631209,False,False,False,False,False,False,False,False,False,False,False,False
4.261057,-1.0226231,1.4199294,-1.0628375,0.7091994931405639,0.1622345381289353,False,False,False,False,False,False,False,False,False,False,False,False
2.7602124,-2.818481,6.5156193,1.4134078,0.2427996320450811,-0.1627706890743135,False,False,False,False,False,False,False,False,False,False,False,False
4.3273253,6.458489,-1.2219598,2.4650092,2.5766365914513187,-0.5828070369571688,False,False,False,False,False,False,False,False,False,False,False,False
-4.3026714,-5.867857,3.257876,-0.17834683,-1.6533137119593615,-0.7494056091469034,False,False,True,False,False,False,False,False,False,False,False,False
-1.5450115,-1.1315869,-2.2232814,0.36956593,-0.9451306366098988,0.752407743585688,False,False,False,False,False,False,False,False,False,False,False,False
6.341201,-2.1627893,-0.57504195,-1.1757691,-0.006617217097171,-0.353769897319142,False,False,False,False,False,False,False,False,True,False,False,False
2.4470186,-9.1484375,9.175349,-1.8395385,-1.6776731929764288,-3.142041604746503,False,False,False,False,False,False,False,False,False,False,False,False
4.796902,-3.8166583,1.9156593,0.51458967,-0.8670788439712954,-1.2978676121911938,False,False,False,False,False,False,False,False,False,False,False,False
-9.636422,-0.87394726,1.4233156,4.314719,-1.0410849193578555,-0.524380473200061,True,False,False,False,False,False,False,False,False,False,False,False
-1.4240897,-2.9528306,-0.77616936,-8.667007,-0.7580010529529013,-0.6392027350683916,False,False,False,False,False,False,False,False,False,False,False,False
-10.70542,0.8455092,-4.483935,-3.7551057,-0.7816955507136577,2.366574192448386,False,False,False,False,False,False,False,False,False,False,False,False
-1.2905496,-2.7450862,6.9892664,-5.8470755,0.1112196611266844,-0.105321706746557,False,False,False,False,False,False,False,False,False,False,False,False
2.5038486,6.641634,-3.568429,-2.6633718,-0.9375104503923296,4.280931559895211,False,False,False,False,False,False,False,False,False,False,False,False
0.032384653,-6.796428,5.2813635,-2.9916835,-2.746808433427176,-0.7308107452243324,True,False,False,False,False,False,False,False,False,False,False,False
11.478652,5.606287,0.19898064,-0.60275465,4.646672746178642,-0.9076476204382002,False,False,False,False,False,False,False,False,False,False,False,False
5.4351563,-5.687141,5.084141,-2.5019965,0.132535103185186,-0.5114130271152653,False,False,False,False,False,False,False,False,False,False,False,False
5.607869,-2.100778,0.5310423,-0.63496214,0.0633516149102799,-0.1051958169653845,False,False,False,False,False,False,False,False,False,False,False,False
0.49005276,0.007370562,2.733497,-0.6824541,0.6977854988547836,0.7995184912506897,False,False,False,False,False,False,False,False,False,False,False,False
-1.7274735,-4.311466,-0.45694345,-8.836594,-1.4331112187191826,-1.5987183816705353,False,False,False,False,False,False,False,False,False,False,False,False
-9.065559,7.124858,-2.7619097,10.555069,-0.5519908793924508,1.7774659047002273,False,False,False,False,False,False,False,False,False,False,False,False
-5.2358,3.8583293,-5.934877,-2.0019596,-0.380643991568138,0.6370715775101944,False,False,False,False,False,False,False,False,False,False,False,False
10.008905,9.9315,-1.8782184,1.7107762,5.54127885880513,-0.304974626638241,False,False,False,False,True,False,False,True,False,False,False,False
-6.8222103,-1.9474386,-5.037815,-2.899489,-0.463163177413078,0.451153823475438,False,False,False,False,False,False,False,False,False,False,False,False
3.613539,-4.982435,2.266416,0.021987543,-2.544027458194778,-3.6944487267905535,False,False,False,False,False,False,False,False,False,False,False,False
8.7088585,-2.8146443,0.48320752,-0.70109206,-0.7909391876204475,-2.667031233894536,False,False,False,False,False,False,False,False,False,False,False,False
-3.9717093,3.3110611,-3.2069225,-3.2307522,0.028359220174774,1.8009577552095897,False,False,False,False,False,False,False,False,False,False,False,False
-4.2352524,-4.0274506,0.64721555,0.036600433,-1.4671089901446317,1.3541803000941446,True,False,False,False,False,False,False,False,False,False,False,False
10.039173,5.248149,0.64769304,-0.6790956,6.203789318132987,-1.0299773752571186,False,False,False,False,True,False,False,False,False,False,False,False
6.8839498,-9.905887,6.705602,-3.2054582,-1.3590854368964498,-3.312241295123453,False,False,False,False,False,False,False,False,False,False,False,False
2.0672464,-4.452979,11.436849,-2.4388068,-1.7200492799241804,-1.822139670559257,True,False,False,False,False,False,False,False,False,False,False,True
4.0752034,1.1140057,0.5988997,-0.034845956,-0.9073965851538016,-1.0314424021553743,False,False,False,False,False,False,False,False,False,False,False,False
-1.0291567,6.974948,-1.133004,5.2789764,0.1560330918225424,0.9865795504071,False,False,False,False,False,False,False,False,False,False,False,False
8.849943,-1.1547254,0.18003437,-0.0787201,-0.3422475067200596,-0.3849900343582226,False,False,False,False,False,False,False,False,False,False,False,False
-9.627896,2.2215312,-7.1533895,3.8276334,-0.8345436721701016,1.061034954406547,False,False,False,False,False,False,False,False,False,False,False,False
-5.878177,-2.1531515,-5.188345,-3.2071922,-0.8817584384206112,-0.3587153471822993,False,False,False,False,False,False,False,False,False,False,False,False
10.206684,2.8040755,1.3964262,-0.722813,2.0834264554082464,-0.9676397276568292,False,False,False,False,False,False,False,False,False,False,False,False
-6.967425,10.641708,-1.2657726,4.307148,-3.123386100968649,6.00234562435529,True,False,False,False,False,False,False,False,False,False,False,False
-8.618249,-0.013498474,2.0515673,8.294478,-0.8043286232580998,-0.4882015024563364,False,False,False,False,False,False,False,False,False,False,False,True
-8.58354,-0.074099764,-6.9747095,-3.7072833,-1.1059054420959735,1.0304626666141563,False,False,False,False,False,False,False,False,False,False,False,False
5.584784,0.8213749,-0.54067177,0.19364616,0.6483080107414138,-0.1284471221039696,False,False,False,False,False,False,False,False,False,False,False,False
-8.307203,9.151334,-2.957585,9.202734,-0.7680873717030042,3.2209062708957514,True,False,False,False,False,False,False,False,False,False,False,False
6.4757643,7.8058896,-1.9422121,1.0871987,2.1396628467559484,0.0170775936154632,False,False,False,False,False,False,False,False,False,False,False,False
9.2828245,5.4800124,0.492086,-0.46448964,2.293831368591133,-1.7605332545425705,False,False,False,False,False,False,False,False,False,False,False,False
-0.93201613,-4.22918,7.3670664,-6.051026,-0.950298678093416,-0.1097711762319885,True,False,False,False,False,False,False,False,False,False,False,False
8.139386,5.1831,1.3272223,-0.4587966,0.3547933202743954,0.5189694101631209,False,False,False,False,False,False,False,False,False,False,False,False
-9.061062,4.8442307,-2.639783,4.1202073,0.2675534496469615,2.6338924652134623,False,False,False,False,False,False,False,False,False,False,False,False
-8.419605,-0.23724821,-5.2804265,-4.0246553,-1.1961298102117432,-0.8923060952818211,False,False,False,False,False,False,False,False,False,False,False,False
-5.3055763,-7.224233,0.84975636,-1.1376032,-2.1165963577263374,1.016729553262317,True,False,True,False,False,False,False,False,False,False,False,False
-0.91576964,-8.866637,4.6026883,-2.316365,-0.3071647252162714,-0.5950546414808187,False,False,False,False,False,False,False,False,False,False,False,False
5.912438,-6.641447,3.564305,-0.30363652,-1.113191266880962,-2.506240063928719,False,False,False,False,False,False,False,False,False,False,False,False
2.6135397,-6.852278,6.9780493,-2.0921345,-0.7500273832185821,-1.0678777654805538,False,False,False,False,False,False,False,False,False,False,False,False
8.421887,7.250654,-1.9137853,0.12993185,0.6886165906371448,-0.5647952631002966,False,False,False,False,False,False,False,False,False,False,False,False
6.3839493,5.446059,0.47423512,-1.1642176,2.5295247043250217,-0.3489411697975279,False,False,False,False,False,False,False,True,False,False,False,False
10.007438,5.7361197,-0.6784806,-0.70427495,0.7851756244783734,0.3658590045141972,False,False,False,False,False,False,False,False,False,False,False,False
-8.489122,1.0949161,-10.353353,-3.0870352,0.3547933202743954,0.5189694101631209,False,False,False,False,False,False,False,False,False,False,False,False
5.6436644,-3.591444,4.3356624,-0.46942738,-0.3660013219491067,-0.9794565486784544,False,False,False,False,False,False,False,False,False,False,False,True
-13.623175,-2.4451475,-7.711294,-3.7473388,-1.1215192819891404,0.7884754520630805,False,False,False,False,False,False,False,False,False,False,False,False
4.732106,-5.69917,6.7481995,-1.315439,-0.3519209974761115,-1.7884711881378468,False,False,False,False,False,False,False,False,False,False,False,False
4.6574464,4.983888,-2.4546905,-1.4129303,0.6550269978800031,0.1053563300895501,False,False,False,False,False,False,False,False,False,False,False,False
8.2759495,1.3938304,-1.4351455,-0.6252043,0.284759951480903,0.0984416958570192,False,False,False,False,False,False,False,False,False,False,False,False
7.068881,1.3591014,0.8376111,-0.78941894,2.572626113682599,-2.157521018358916,False,False,False,False,False,False,False,False,False,False,True,False
-4.4649553,7.231609,-5.7863426,5.2880483,0.1323185236367885,1.303844837968751,False,False,False,False,False,False,False,False,False,False,False,False
-4.700109,10.977523,-1.227331,6.70519,-0.253062938018971,5.641696530538284,False,False,False,False,False,False,False,False,False,False,False,False
-2.1700728,-0.19109762,1.3427447,7.257977,-0.23189389939719,-0.1418827224738232,False,False,False,False,False,False,False,False,False,False,False,False
5.441589,-5.17231,2.2906835,-0.5480419,-1.0271967170459055,-2.453968293291235,False,False,False,False,False,False,False,False,False,False,False,False
-8.359206,-2.5356631,-2.0037608,-1.6609776,-1.65732443047459,0.482553911781324,True,True,False,False,False,False,False,False,False,False,False,False
3.8426375,2.2802684,1.4349481,-1.1835163,0.2677378262594068,1.4214767338548555,False,False,False,False,False,False,False,False,False,False,False,False
-5.232498,-1.7844557,-3.8430874,3.0170794,-1.5497439930271857,-1.3952970541346543,False,False,False,False,False,False,False,False,False,False,False,False
-0.44663233,-5.6529875,4.518392,-0.9334967,-0.8508255564722554,-0.4732940972222896,True,False,False,False,False,False,False,False,False,False,False,False
-9.12976,-0.9086452,-1.4770209,14.102461,-1.2782524063875365,1.0949119479159584,True,False,False,False,False,False,False,False,False,False,False,False
3.763093,-8.283613,6.966703,-0.82062906,-0.8674353032197235,-1.1555836919299984,False,False,False,False,False,False,False,False,False,False,False,True
-3.6297412,-1.7061361,-4.7722683,0.33021635,-0.1905687476811125,0.0011634116710218,False,False,False,False,False,False,False,False,False,False,False,False
-8.542226,2.30454,-3.5388205,3.4833982,-1.2228414516135793,0.7933842393061297,True,False,False,False,False,False,False,False,False,False,False,False
5.3552155,7.7892222,-1.6135402,3.3417778,3.1446209300921795,0.9141601310377656,False,False,False,False,False,False,False,False,False,False,False,False
-6.881589,3.444364,1.1980996,6.773274,-0.719158005545556,1.267900525335862,True,False,False,False,False,False,False,False,False,False,False,False
-0.073729195,-8.439588,6.6276364,-1.0266593,-1.4864662444958074,1.6267238739213772,True,False,True,False,False,False,False,False,False,False,False,False
-8.274121,-2.9019542,-5.5176783,-2.162554,-1.3374311556889058,1.2896953198043046,True,False,False,False,False,False,False,False,False,False,False,False
-4.8699565,0.49596572,0.5641063,8.131641,-1.3365169502605168,0.6135223515926898,True,False,False,False,False,False,False,False,False,False,False,False
-4.0674653,-3.529152,7.25739,7.0647063,-1.6378997773863384,0.5330772384672555,True,False,False,False,False,False,False,False,False,False,False,False
6.9690905,3.2301433,-0.021080393,-2.108874,3.225837442610325,-0.1491357778783289,False,False,False,False,False,False,False,False,False,False,False,False
6.3360114,-2.1701097,0.72313136,0.30776638,-0.3422727564634231,-3.060296794341222,False,False,False,False,False,False,False,False,False,False,False,False
5.3254204,-4.3688426,3.7476506,-0.4367308,-0.1591612276043748,-0.702420753316159,False,False,False,False,False,False,False,False,False,False,False,False
-7.0755243,3.467227,-0.6307921,3.4150012,-0.8487733451774755,1.3783920214686425,True,False,False,False,False,False,False,False,False,False,False,False
5.9314966,-7.8577285,4.8410926,-1.7952069,-1.2025411087825542,-4.6687290489321045,False,False,False,False,False,False,False,False,False,False,False,False
3.555987,-9.58881,4.5311155,-1.694943,-2.129203471139548,-2.7465155286085405,False,False,False,False,False,False,False,False,False,False,False,False
9.548515,4.6931953,0.96920604,-0.9874343,2.8998996846009115,0.3684440491103105,False,False,False,False,True,False,False,True,False,False,False,False
-9.1173,-0.023627155,-6.7117567,-3.1111648,-0.3582552318842329,-0.3302199577560416,False,False,False,False,False,False,False,False,False,False,False,False
-10.974254,-1.8354098,-4.6267586,-3.4718719,-0.5096709543668186,-0.4074713196626966,False,False,False,False,False,False,False,False,False,False,False,False
-4.185554,-4.0851636,1.8347104,1.0877066,-0.7214998550565308,0.2067097615077303,False,False,False,False,False,False,False,False,False,False,False,False
-8.968484,7.5867643,-1.9222715,4.7257185,-0.8458258982767484,2.0614926517439467,True,False,False,False,False,False,False,False,False,False,False,False
10.522938,5.647357,0.192264,-0.6258548,7.064133858463687,-1.1137104844236274,False,False,False,False,True,True,False,True,False,False,False,False
4.735297,-4.691031,0.80969554,-1.1491735,-0.3823582311645767,0.1426267669685779,True,False,False,False,False,False,False,False,False,False,False,False
8.05137,-1.3832825,0.84857124,-1.1164682,-0.996893909722945,-1.2960453832788583,False,False,False,False,False,False,False,False,True,False,False,False
8.385149,2.9617927,0.22031796,-0.12331976,3.225837442610325,-0.1491357778783289,False,False,False,False,False,False,False,False,False,False,False,False
-8.9186125,2.1541579,-1.2485656,2.2402277,-1.311527159286746,0.2469522871272357,True,False,False,False,False,False,False,False,False,False,False,False
6.794792,2.474896,2.891138,-0.7452125,0.7598098051215325,0.4233216559058651,False,False,False,False,False,False,False,False,False,False,False,False
-4.4035273,3.7404208,-5.2257614,-3.0067003,-0.2665189889871444,1.2939627597446166,False,False,False,False,False,False,False,False,False,False,False,False
0.09928842,7.5344877,-2.4758794,-4.973357,-0.6332203992020705,0.814461769092106,False,False,False,False,False,False,False,False,False,False,False,False
0.49076813,2.8970582,-4.1287174,-0.60621387,-0.1302197279308893,0.3346984416729149,False,False,False,False,False,False,False,False,False,False,False,False
13.21796,5.1253057,-0.76473767,-0.6466335,0.6304112351026634,0.1528852503400054,False,False,False,False,False,False,False,False,False,False,False,False
3.3443623,6.6936016,-2.6246705,-2.1385114,0.9712314447397437,0.6643501651566749,False,False,False,False,False,False,False,False,False,False,False,False
1.0938349,2.4433293,0.7312296,-2.0440285,-1.4760955001902154,0.3478463144243003,True,False,False,False,False,False,False,False,False,False,False,False
-0.13461897,-4.1411114,10.029133,-4.0223856,-0.4243823311980025,-0.41056094691727,False,False,False,False,False,False,False,False,False,False,False,False
7.2606835,-0.614794,-0.3429972,-0.18001683,1.092350072742162,-1.5687379962685837,False,False,False,False,False,False,False,False,False,False,False,False
5.736138,5.9788723,-3.0388324,-1.0344476,0.5056116812513696,-1.5032334513957384,False,False,False,False,False,False,False,True,False,False,False,False
-6.5342064,4.0736656,-3.3906364,2.081734,-1.1179069518067308,-0.3392723918693698,False,False,False,False,False,False,False,False,False,False,False,False
-10.154495,-4.8762627,1.5465612,-0.55927455,-3.619434323888272,3.8700770753059386,True,False,False,False,False,False,False,False,False,False,False,False
-8.210333,-5.4546614,-2.6036894,-0.0019924557,-0.4500415335761916,1.1462447184511544,False,False,False,False,False,False,False,False,False,False,False,False
7.2734118,-2.0803125,1.9517404,0.33791348,-1.7092369818936644,-4.203702421959371,False,False,False,False,False,False,False,False,False,False,False,False
-4.9209247,2.949091,-3.8870628,-3.0890157,-0.3901114744766354,0.9484489033173968,False,False,False,False,False,False,False,False,False,False,False,False
-7.6672835,5.657932,-2.2260349,9.43586,-1.5951957101663097,1.7462836955147345,True,False,False,False,False,False,False,False,False,False,False,False
-2.710639,5.9749002,-5.040446,-2.9291399,-0.9232645436447054,2.9501781924663,False,False,False,False,False,False,False,False,False,False,False,False
-4.9445815,7.5131826,-1.3638481,8.151787,-0.0207329286678712,-0.0894256841456501,False,False,False,False,False,False,False,False,False,False,False,False
-6.0674057,3.327294,0.25481877,6.3568296,-0.9895504974203236,0.546671807367923,False,False,False,False,False,False,False,False,False,False,False,False
7.556794,4.818484,-1.665911,-1.6828345,2.097806022290781,0.5627647928880157,False,False,False,False,False,False,False,True,False,False,False,False
2.5587108,-8.339008,4.654477,-3.4672005,-0.2372551646595758,-0.6319992907003146,False,False,False,False,False,False,False,False,False,False,False,False
-5.475431,-3.5510695,-5.0681443,-3.9062824,-0.4671280177583815,0.0165215674079773,True,False,False,False,False,False,False,False,False,False,False,False
8.162808,-1.9313293,1.4495125,-1.291871,-0.309665894188771,-2.235978792786,False,False,False,False,False,False,False,False,False,False,True,False
-8.60014,0.90422744,-5.319195,12.03921,-1.740947165719247,-0.3909346840747736,False,False,False,False,False,False,False,False,False,False,False,False
3.9928577,11.751468,-1.4729807,0.3786259,5.651474501669929,2.2746661653577007,False,False,False,False,False,False,False,True,False,False,False,False
-8.382477,-1.644333,-2.1179545,-2.6125224,-0.4088417332688588,2.6849272289611714,False,False,False,False,False,False,False,False,False,False,False,False
11.460546,5.009087,0.2311702,-0.8987659,11.565607211211272,-1.6346639935879044,False,False,False,False,True,True,False,False,False,False,False,False
-4.062653,1.8926046,-3.4845607,-2.8428607,-0.1407207445478977,2.1556100755521594,False,False,False,False,False,False,False,False,False,False,False,False
6.5965405,-3.7301347,0.86012787,-0.6935384,-0.6153939565762108,-2.1093206256751045,False,False,False,False,False,False,False,False,False,False,False,False
0.7075994,0.00063298707,5.917746,-2.2361853,-0.2724778775871896,-0.5951373713768239,False,False,False,False,False,False,False,False,False,False,False,False
5.6288214,3.8564026,-0.33642232,-0.975517,-0.2823470463982676,0.2414264438383188,False,False,False,False,False,False,False,False,False,False,False,False
5.3293304,-5.1801786,3.742649,-3.8282506,-0.3143999456688408,-0.4327290862719408,False,False,False,False,False,False,False,False,False,False,False,False
3.3171866,-7.3880243,9.191488,-1.6437747,-2.4971889390304693,-1.9726868573065697,True,False,False,True,False,False,False,False,False,False,False,False
-5.976612,0.3417702,-0.958486,3.796428,-1.7189263222805378,-1.7754726481734058,True,False,False,True,False,False,False,False,False,False,False,False
4.607022,-9.193582,5.9751015,-2.4645767,0.0629826940861217,-5.466699780539154,False,False,False,False,False,False,False,False,False,False,False,False
-1.2506036,-4.5214324,-0.9434226,-9.825209,-0.0350647045976128,-2.1264153275834268,False,False,False,False,False,False,False,False,False,False,False,False
5.9062724,-7.262654,6.6454754,-1.2466111,-1.9544899412903751,-5.345832237703729,False,False,False,False,False,False,False,False,False,False,True,False
-4.9665327,0.51263046,0.21105452,5.972419,-1.3993950266644466,-0.320359269234148,False,False,False,False,False,False,False,False,False,False,False,False
-1.5735387,-9.636541,3.2229273,-2.8584437,-1.8321913379803048,-0.1604475905049724,False,False,False,False,False,False,False,False,False,False,False,False
6.863349,-5.0286107,1.5826546,-0.4813702,-1.414592315896064,-3.91518703672188,False,False,False,False,False,False,False,False,False,False,True,False
11.770723,5.547051,-0.16357873,-0.42376864,6.355712314230956,-0.6151910404197941,False,False,False,False,False,False,False,False,False,False,False,False
-10.542075,1.0983187,-5.9966598,1.2201724,-0.4985971876995383,3.3840986019739585,False,False,False,False,False,False,False,False,False,False,False,False
2.7322605,6.812943,-0.8224423,3.458839,1.9017023995863096,0.30895349765691,False,False,False,False,False,False,False,True,False,False,False,False
-8.418212,-0.024156837,-3.4627779,-2.6900249,-0.7417336877407361,3.8129538715115694,False,False,False,False,False,False,False,False,False,False,False,False
0.99640286,-6.684137,1.15845,-0.1836377,-0.991865062837099,-0.8749228812654012,False,False,False,False,False,False,False,False,False,False,False,False
-4.9406414,12.115287,-1.4522905,3.1274598,0.6189448684904205,4.156775473258557,False,False,False,False,False,False,False,False,False,False,False,False
6.9793487,4.743552,-2.6641705,-1.9301302,-0.0593065382568358,-0.2120831354818782,False,False,False,False,False,False,False,False,False,False,False,False
-5.764599,-3.9242604,-1.9961758,-3.547856,-1.4547791413920814,0.0559800025450691,True,False,False,True,False,False,False,False,False,False,False,False
7.2212367,-3.7782552,1.1004834,-0.050176088,-0.5703623402795087,-2.993475431322557,False,False,False,False,False,False,False,False,False,False,True,False
-8.982291,-2.3312736,3.6309497,10.353728,-1.1987107141504132,1.0987351064271444,True,False,False,False,False,False,False,False,False,False,False,False
-7.1554737,1.42128,-4.6233206,-2.113707,-0.786554711746571,1.9393970188083087,False,False,False,False,False,False,False,False,False,False,False,False
-10.336769,0.045064732,-7.145671,-2.6092358,-1.1045670913950656,2.420617541242373,True,False,False,False,False,False,False,False,False,False,False,False
-4.1755247,2.5188024,-4.801915,-5.0356016,-0.2242845749697755,1.3104101325244797,False,False,False,False,False,False,False,False,False,False,False,False
3.1331558,1.726385,-0.7747563,3.587192,-1.2877533296278405,-1.6862121908606251,True,False,False,False,False,False,False,False,False,False,False,False
-5.9024644,-7.6993194,-0.9457297,-1.8476459,-0.9165701773719642,1.6654006801466086,False,False,False,False,False,False,False,False,False,False,False,False
9.052816,3.689108,-2.3372042,-2.0737,3.351141346386731,-0.5695233974297997,False,False,False,False,False,True,False,False,False,False,False,False
3.6495054,-5.4270415,2.4431412,-1.5529877,0.1112196611266844,-0.105321706746557,False,False,False,False,False,False,False,False,False,False,False,False
-9.840953,-1.7981894,0.14880241,4.469111,-0.4043411474840093,1.265805970379492,True,False,False,False,False,False,False,False,False,False,False,False
2.3884084,-11.036703,7.7023215,-1.9621406,-3.0964349592741502,-3.933521849193376,False,False,False,False,False,False,False,False,False,False,False,False
-7.8727503,-0.80244565,-6.0978546,-4.5491114,-1.2283452301282305,1.8975955184331368,False,False,False,False,False,False,False,False,False,False,False,False
0.39971775,-1.9919543,2.677214,-0.22181424,-1.3337955290456351,-1.1596142389118431,False,False,False,False,False,False,False,False,False,False,False,False
0.060164627,-8.713299,3.6723714,-3.0384197,-1.8828304214527984,-0.2765393602262727,True,False,False,False,False,False,False,False,False,False,False,False
-5.0477614,2.1249406,-4.801915,-5.0356016,-0.668129243007104,2.996232947438884,False,False,False,False,False,False,False,False,False,False,False,False
4.0242243,3.0917015,1.7384567,-2.085325,1.566657551731394,0.0986890307579552,False,False,False,False,False,False,False,False,False,False,False,False
-1.7822695,-6.309524,0.9628998,-3.8568618,-1.5200437828273876,-0.5500299853848246,False,False,False,False,False,False,False,False,False,False,False,False
0.6168714,-5.4656916,4.357916,-3.0616667,-0.2711354389465478,0.4020979456885487,False,False,False,False,False,False,False,False,False,False,False,False
4.420522,-6.5324545,2.7455368,-1.4039859,-0.7405867780577432,-0.9695547819843952,False,False,False,False,False,False,False,False,False,False,False,False
-4.1673045,8.092659,-2.5851326,5.4900403,-0.30916622715595,2.099531519333206,False,False,False,False,False,False,False,False,False,False,False,False
7.472811,-7.6745605,5.3522077,-0.8624309,-0.9976499611583868,-2.1661421149695688,False,False,False,False,False,False,False,False,False,False,False,False
-8.875236,-5.823777,-4.313915,-0.9171012,-0.9992432499777952,0.4401060004992113,True,False,False,False,False,False,False,False,False,False,False,False
-3.9155378,-7.8180423,-1.6090521,-2.5602872,-1.347989454514084,-0.3664409581978072,True,False,False,False,False,False,False,False,False,False,False,True
-5.6079826,-5.2068615,0.9847504,0.30374312,-1.495300537608955,-0.0421707810691698,True,False,False,False,False,False,False,False,False,False,False,False
5.6871667,9.369988,-1.8292652,-0.68971056,1.8277185240524456,0.356424308910738,False,False,False,False,False,False,False,True,False,False,False,False
-7.209957,2.3696468,0.50713557,5.112937,-0.4671280177583815,0.0165215674079773,True,False,False,False,False,False,False,False,False,False,False,False
2.727939,6.105087,-0.5088811,2.6673481,2.55922637559564,-0.3822255299478447,True,False,False,False,True,False,False,False,False,False,False,False
-2.25813,-5.285774,-2.2653763,-4.564889,-0.3997725060597348,0.4729788138845815,True,False,False,False,False,False,False,False,False,False,False,False
3.4026465,-11.131139,7.260262,-1.7850397,-1.4985233205512578,-3.609841553567695,False,False,False,False,False,False,False,False,False,False,False,False
2.749177,-9.924162,6.6330814,-3.193794,-0.5969880812557082,-1.5236409123884207,False,False,False,False,False,False,False,False,False,False,False,False
0.001060078,10.836792,-1.6957933,3.4380338,0.1877261984523282,5.072429597465518,False,False,False,False,False,False,False,False,False,False,False,False
-5.799776,2.445743,-2.83079,-1.7675582,-0.002947508892639,1.890002537159474,False,False,False,False,False,False,False,False,False,False,False,False
5.315308,2.591262,-3.8221393,-2.6883738,1.2753987767984942,0.5367007698208638,False,False,False,False,False,False,False,False,False,False,False,False
-10.108707,-2.8763442,-0.33692372,5.0796103,-1.8916750512924585,0.4058981933046559,True,True,False,False,False,False,False,False,False,False,False,False
3.9679446,-6.014306,4.845887,-3.3576748,0.4525586532506295,-1.2904109463708964,False,False,False,False,False,False,False,False,False,False,False,False
7.963305,0.013367651,1.3213332,-0.55304533,-0.3217698695321155,-0.6192358499319822,False,False,False,False,False,False,False,False,False,False,False,False
10.164829,8.111644,0.12594941,-0.5967283,7.484267860618531,-0.3440620402962297,False,False,False,False,True,True,False,True,False,False,False,False
7.2493367,6.4095325,-1.0938126,4.476639,8.389827201788478,0.1362729183517284,False,False,False,False,True,True,True,True,False,False,False,False
-5.328916,4.2453156,0.4059232,7.6551423,-0.9187363614637384,0.880664961387499,False,False,False,False,False,False,False,False,False,False,False,False
-4.628981,-5.2568507,-0.6080599,-0.41576073,-1.890629535229137,0.1368550442119298,True,False,False,False,False,False,False,False,False,False,False,False
6.2655706,-4.371372,3.2615173,-1.8647054,-0.7364736850646795,-2.443626231483379,False,False,False,False,False,False,False,False,False,True,False,False
-3.043065,12.699764,-1.6472981,3.0773067,0.5411870415353104,2.5761958797475235,False,False,False,False,False,False,False,False,False,False,False,False
6.2831044,0.14544532,0.73900753,-0.527349,-1.5079360852143928,-4.861991122754758,False,False,False,False,False,False,False,False,True,True,False,True
1.6561954,-10.097952,4.1501207,-2.6138546,-0.9357511353054891,-1.803477296722376,False,False,False,False,False,False,False,False,False,False,False,False
-6.905255,-0.5473446,-3.8336318,0.63068604,-0.2581260862802813,0.8448312424031443,True,False,False,False,False,False,False,False,False,False,False,False
0.07507553,-1.8740007,3.0335832,-0.46145096,-0.4592771809456294,-0.8412446749534978,False,False,False,False,False,False,False,False,False,False,False,False
8.264107,3.772336,0.35991332,-0.57394195,0.3547933202743954,0.5189694101631209,False,False,False,False,False,False,False,False,False,False,False,False
4.861527,-4.3698416,5.917746,-2.2361853,0.4512820736189582,-1.598069648816331,False,False,False,False,False,False,False,False,False,False,False,False
-7.599581,5.651839,-0.16043152,5.7917767,-1.3182325762836322,2.609009542034198,False,False,False,False,False,False,False,False,False,False,False,False
-3.3170319,8.454654,-0.9905224,4.216852,-0.2338517825976794,3.245141383475419,False,False,False,False,False,False,False,False,False,False,False,False
5.4494705,-3.247369,1.9096884,-1.992948,0.8391366304579763,0.3581784009317921,False,False,False,False,False,False,False,False,False,False,False,False
-9.653461,-3.5707698,2.4934556,7.813852,-0.5881277009160162,0.6239992737497255,True,False,False,False,False,False,False,False,False,False,False,False
-4.624873,2.4041593,1.1772406,6.08689,-0.7615065841330387,1.0502512351525215,True,False,False,False,False,False,False,False,False,False,False,False
7.3779664,-7.822472,4.9304323,-2.193393,-0.4864149870318305,-2.305279815756011,False,False,False,False,False,False,False,False,False,False,False,False
5.969687,-3.6173964,3.5199285,-2.2042837,-0.7364736850646795,-2.443626231483379,False,False,False,False,False,False,False,False,False,True,False,False
-7.9175305,-2.1326146,-6.7129645,-3.352627,-1.8130178128785448,0.4971097196321165,True,False,False,True,False,False,False,False,False,False,False,False
-9.458183,-1.9193295,-0.27317616,6.079093,-0.3953410748407858,0.4931929265809577,False,False,False,False,False,False,False,False,False,False,False,False
1.1815668,-3.5152383,9.804098,-2.6398146,0.3547933202743954,0.5189694101631209,False,False,False,False,False,False,False,False,False,False,False,False
2.766073,0.9520724,0.66181415,3.2936304,-1.6454283503321143,-0.4063190365065949,False,False,False,False,False,False,False,False,False,False,False,False
-3.6605659,1.9877211,0.07400819,4.40114,-1.0212825748303285,2.578157890271421,False,False,False,False,False,False,False,False,False,False,False,False
1.3035712,3.7459507,-1.5931412,5.419172,0.562844988444422,0.2816552113136342,False,False,False,False,False,False,False,False,False,False,False,False
-4.073913,1.029027,1.175401,-9.396951,-0.2847808890502022,0.9819908691774376,True,False,False,False,False,False,False,False,False,False,False,False
6.571736,-3.5649958,2.952567,-1.5800924,0.2707297813098507,-0.6424599775905928,False,False,False,False,False,False,False,False,False,False,False,False
-7.76112,-6.5512834,1.4395558,-0.22803488,-1.4141491388263228,0.5474626551666363,True,False,False,False,False,False,False,False,False,False,False,False
-7.366707,2.6695273,3.850242,7.886756,-0.129859206647215,0.3272737273609475,False,False,False,False,False,False,False,False,False,False,False,False
0.29998216,-1.0119138,-5.6601276,-2.8738246,-0.5394812302800531,0.6313925356620429,False,False,False,False,False,False,False,False,False,False,False,False
7.6659327,0.88860023,1.4375765,-0.7997853,1.1170017774325107,-0.9285691718826432,True,False,False,False,False,False,False,False,False,False,False,False
6.9586782,6.0351324,-0.070958234,-0.070298046,0.3547933202743954,0.5189694101631209,False,False,False,False,False,False,False,False,False,False,False,False
-7.8046494,-2.7610927,-5.2853713,-1.0819874,-0.4083194233537014,0.1521629555473138,False,False,False,False,False,False,False,False,False,False,False,False
5.6133866,-8.850058,4.9735274,-3.0551434,0.6886165906371448,-0.5647952631002966,False,False,False,False,False,False,False,False,False,False,False,False
-4.649387,-1.7491418,-4.088642,-3.402558,-1.801078983707327,0.995195246470729,True,True,False,False,False,False,False,False,False,False,False,False
7.7892494,7.3622537,-1.1771458,-0.1705402,0.3547933202743954,0.5189694101631209,False,False,False,False,False,False,False,False,False,False,False,False
-0.72836083,5.8202376,-2.1645715,2.6215477,0.971654308938798,-0.6962333531140903,False,False,False,False,False,False,False,False,False,False,False,False
0.6931816,-10.307952,8.1302395,-2.8891752,-0.9575955666225168,-0.1831734579426362,False,False,False,False,False,False,False,False,False,False,False,False
-7.8856316,9.863663,-1.7822145,6.703042,-1.008053710070772,5.555500906714972,False,False,False,False,False,False,False,False,False,False,False,False
-7.4112206,-1.4087002,1.8639369,4.0471435,-0.3312886660039428,0.1233657260393034,True,False,False,False,False,False,False,False,False,False,False,False
-5.4075623,-3.0273817,5.9111953,5.217691,-0.6182877225442236,0.6789727560901571,False,False,False,False,False,False,False,False,False,False,False,False
-6.826991,4.269881,-1.6479833,10.776084,-0.8550736824153055,1.91356296460882,False,False,False,False,False,False,False,False,False,False,False,False
6.7676616,11.187406,-3.3405507,3.6781833,2.944785792121375,0.045453282685915,False,False,False,False,True,False,False,False,False,False,False,False
-6.8504806,8.033395,-1.7448092,7.1657186,-1.110652903556738,2.332469602351592,True,False,False,False,False,False,False,False,False,False,False,False
2.1939685,-4.9371943,9.804098,-2.6398146,-0.5039125378531254,-1.0280260068833484,False,False,False,False,False,False,False,False,False,False,False,False
8.786459,6.753529,-2.428186,0.44020844,5.191584815542855,-1.3271062299034349,False,False,False,False,True,False,False,False,False,False,False,False
-12.542935,-2.0197825,-5.059388,-1.2209265,-1.1998933503832572,1.8464274623346693,True,False,False,False,False,False,False,False,False,False,False,False
-9.177631,6.8553314,-2.5965025,7.2247024,-1.1990803709380498,4.0377567121922375,False,False,False,False,False,False,False,False,False,False,False,False
-10.27812,1.7844621,-10.64705,-7.335493,-0.2773901212272748,1.8284493884254795,False,False,False,False,False,False,False,False,False,False,False,False
-4.250261,-3.5635984,-3.001639,-2.161924,-0.5252735718299716,-0.0471819446382118,False,False,False,False,False,False,False,False,False,False,False,False
5.2687097,3.4053032,0.5879318,-1.1165258,0.1796681257110435,0.3135220879843267,False,False,False,False,False,False,False,False,False,False,False,False
3.9934118,6.4458838,-0.6894915,5.789198,2.8537931503152274,-0.4828253871685558,False,False,False,False,False,False,False,True,False,False,False,False
0.7205673,5.496783,-1.6639323,0.9694177,0.2734976301747133,0.0364274677416792,False,False,False,False,False,False,False,False,False,False,False,False
5.855089,8.259637,-3.9342947,-2.692405,1.1356444416543323,1.1677124172472662,False,False,False,False,False,False,False,False,False,False,False,False
3.1175525,4.718505,-3.6710868,-0.6805591,-0.0349290827200793,-0.0002162778815921,False,False,False,False,False,False,False,False,False,False,False,False
7.4732714,10.043812,-1.7217842,3.8622084,7.357228057035066,-0.5631985405434488,False,False,False,False,True,True,True,True,False,False,False,False
-7.4794784,-0.12502284,-4.968,-4.679335,-0.1303769861340246,1.4436767341919718,False,False,False,False,False,False,False,False,False,False,False,False
5.557146,3.1418457,-3.2273216,-2.0889215,2.2435266684987765,-0.2450252896212015,False,False,False,False,True,False,False,False,False,False,False,False
-6.3128195,-5.780434,-4.955459,-3.2973537,-1.3520020463511335,-0.243208571591707,False,False,False,False,False,False,False,False,False,False,False,False
-8.799594,0.8010747,-4.882524,1.5142536,-1.154249782440338,1.023431726946441,True,False,False,False,False,False,False,False,False,False,False,False
-1.7572458,-7.2832637,-0.27871242,-2.4708636,-0.3634738703155868,-0.0844337401460669,False,False,False,False,False,False,False,False,False,False,False,False
-7.0570707,-6.9936867,1.9144889,2.117081,-1.5858147818291155,-0.3856699217442146,False,False,False,False,False,False,False,False,False,False,False,False
6.6352086,-3.8987138,1.8911031,-1.2852765,0.0498632631852879,-1.6612060077051145,False,False,False,False,False,False,False,False,False,False,False,False
-6.928587,10.383978,-3.0610752,6.7136254,-0.4252663850073309,2.1217848012089515,False,False,False,False,False,False,False,False,False,False,False,False
-9.840196,0.055307865,-6.7066164,2.0852764,-0.9542356284879756,1.034766874253123,True,False,False,False,False,False,False,False,False,False,False,False
-6.505555,0.02285025,1.0954164,6.703082,-0.1130604248042763,0.8374121587215385,False,False,False,False,False,False,False,False,False,False,False,False
3.118334,-2.1211438,2.0058813,-3.3467414,-0.2885493452256449,-0.7059648380592348,False,False,False,False,False,False,False,False,False,False,False,False
-0.8670131,-6.174384,1.2808466,-1.9445224,-0.1504188311357637,1.2717094778688696,False,False,False,False,False,False,False,False,False,False,False,False
7.3208175,-0.48819908,0.5886046,-0.453019,0.2819777477679827,0.0774677804770227,False,False,False,False,False,False,False,False,True,False,False,False
-5.956643,-2.5268586,-0.050002262,5.052158,-0.951660444922435,-0.3079787136920101,True,False,False,False,False,False,False,False,False,False,False,False
-3.6264591,-4.5984006,10.918425,-1.4913912,-1.519464346755567,-0.8576988614541902,True,False,False,False,False,False,False,False,False,False,False,False
-4.5176773,0.31874645,-4.328916,-1.9974058,-0.6504127088934513,2.089110993255665,False,False,False,False,False,False,False,False,False,False,False,False
10.8047495,6.3151774,0.5100497,-0.8176824,7.751195585544218,-1.046955484446818,False,False,False,False,True,False,False,False,False,False,False,False
-4.5929637,-5.1802745,4.2113566,-3.0934138,-0.8508255564722554,-0.4732940972222896,True,False,False,False,False,False,False,False,False,False,False,False
0.75422007,-3.7600474,-0.26922747,-1.9945002,-0.932823572511658,-1.8231484093299373,False,False,False,False,False,False,False,False,False,False,False,False
2.9018114,-10.89364,5.7924566,-3.0583286,-1.9320483863663709,-2.3197296759192554,False,False,False,False,False,False,False,False,False,False,False,False
2.8994632,-5.5934086,1.4598343,0.536517,-2.440349471060589,-3.006881201366745,False,False,False,False,False,False,False,False,False,False,False,False
-2.5875943,-2.0978591,-6.332868,-2.6255987,-0.2705512160428284,0.6646338021153432,False,False,False,False,False,False,False,False,False,False,False,False
-6.7944193,11.136586,-2.468036,3.1765544,-0.2847471752485483,4.963639712917533,False,False,False,False,False,False,False,False,False,False,False,False
-10.593465,-3.7682989,-4.8977585,-2.376477,0.0034803320175365,1.037201267489637,False,False,False,False,False,False,False,False,False,False,False,False
-4.200143,-1.3084009,1.022764,3.1568139,-2.3621403297235584,-2.248064417652644,True,False,False,True,False,False,False,False,False,False,False,False
-4.676094,-7.114574,-0.40326798,-0.12980045,0.0765328134976027,-0.1052389768505517,False,False,False,False,False,False,False,False,False,False,False,False
-5.261888,0.4137137,-0.08826464,3.2885232,-2.083242694483481,-0.3026538437937157,True,False,False,False,False,False,False,False,False,False,False,False
-0.7592885,-6.2746906,3.510145,-3.173962,-0.2049847857330561,-0.6643155418136821,False,False,False,False,False,False,False,False,False,False,False,False
-6.84301,-1.6041157,2.2377036,-0.47497576,-2.1140411307446887,1.4056880155163791,True,False,False,True,False,False,False,False,False,False,False,False
-6.661916,-0.95745695,-4.452255,-3.2763546,-2.145288979048019,-0.1452889356558025,True,False,False,False,False,False,False,False,False,False,False,False
7.2125974,-4.2433434,0.8443712,-0.448064,0.0722734326615609,-0.2695321178096346,False,False,False,False,False,False,False,False,False,False,False,False
-9.1517935,-1.8991724,1.0740409,6.6369853,-1.0765644095499578,0.5227267710967802,True,False,False,False,False,False,False,False,False,False,False,False
3.0795624,-10.656744,6.8344674,-2.7414663,-0.7181893774933298,-0.5732287505798431,False,False,False,False,False,False,False,False,False,False,False,False
-8.203896,-2.2390428,-2.5520732,-1.6834829,-1.1485001929727796,3.01979111518519,False,False,False,False,False,False,False,False,False,False,False,False
4.8314095,7.8657293,-1.8919399,-1.3909281,0.0843105474625505,0.4171111125933019,False,False,False,False,False,False,False,False,False,False,False,False
7.8024607,0.015320325,0.7104927,-1.1527194,2.52871005006989,-3.552588232826158,False,False,False,False,False,False,False,True,True,False,True,True
-8.835563,-3.2226694,-5.3677177,-5.5041933,-0.5719429375654126,0.7357399133393481,True,False,False,False,False,False,False,False,False,False,False,False
-9.464827,-1.046158,-5.04921,12.346443,-1.6718442128817077,1.0061595837437185,True,False,False,False,False,False,False,False,False,False,False,False
-10.444106,-4.1817837,-6.019311,-2.4789364,-1.054452954113763,0.6261469034866194,False,False,False,False,False,False,False,False,False,False,False,False
-8.583137,7.9748507,-1.4190022,2.6223402,-0.0670795182624255,1.900580303513739,False,False,False,False,False,False,False,False,False,False,False,False
4.7686706,-3.5508823,1.850354,-0.35346803,0.3884778795213015,0.2894617172574905,False,False,False,False,False,False,False,False,False,False,False,False
11.784548,6.41101,-0.26428512,-0.59379447,10.680888727706863,-1.310083407356058,False,False,False,False,True,True,False,False,False,False,False,False
6.2300997,6.404229,-2.833209,1.7455804,-0.7342672457161141,-0.8600279253872848,False,False,False,False,False,False,False,False,False,False,False,False
-7.139347,2.2815168,-0.7847887,5.911563,0.3547933202743954,0.5189694101631209,False,False,False,False,False,False,False,False,False,False,False,False
4.1478863,4.7889185,-1.6459624,5.3442326,2.9368494625429675,1.0091528230663014,False,False,False,False,False,False,False,False,False,False,False,False
2.932548,-5.119961,3.1881623,-3.8934135,0.1171547064364836,-2.035907581701335,False,False,False,False,False,False,False,False,False,False,False,False
-8.401057,6.360781,-0.55362046,5.186218,-0.6353139529093385,2.5929654263745,False,False,False,False,False,False,False,False,False,False,False,False
-5.035848,-5.6153765,-3.7274404,-0.61239547,-0.4671280177583815,0.0165215674079773,True,False,False,False,False,False,False,False,False,False,False,False
-2.4935994,-7.505481,1.2442199,-0.48230904,-2.3201773460516986,1.3605482176564974,True,False,False,False,False,False,False,False,False,False,False,False
-8.778799,-2.6523938,-1.0685529,5.9576435,-2.37482155354406,0.0387870491501178,True,False,False,False,False,False,False,False,False,False,False,False
-6.8276663,-5.2223616,1.5376544,-0.09988891,0.0769279236344294,0.3200048027558138,False,False,False,False,False,False,False,False,False,False,False,False
-10.018586,2.088846,-1.3616127,4.140407,-0.3312886660039428,0.1233657260393034,True,False,False,False,False,False,False,False,False,False,False,False
-6.447588,2.512305,-5.2989717,-1.8052592,-0.131685010923871,0.937685046001862,False,False,False,False,False,False,False,False,False,False,False,False
-9.868629,-7.530258,0.78128093,1.1169997,-1.35552141783698,0.3116283714010943,True,False,False,False,False,False,False,False,False,False,False,False
-5.123696,-6.548647,-4.6035485,-1.3358837,-0.7385928725957718,1.9928561068836017,False,False,False,False,False,False,False,False,False,False,False,False
-6.1258287,7.0278535,-2.2208931,4.9799232,-0.4965106682742111,-0.1635992642072546,False,False,False,False,False,False,False,False,False,False,False,False
5.693874,-7.1037207,2.4927413,0.05532566,-1.831904341128296,-4.057969840311291,False,False,False,False,False,False,False,False,False,False,False,False
-3.3431478,-3.553771,-3.0074112,-2.4985416,-0.4507978660073875,0.9873716133321516,False,False,False,False,False,False,False,False,False,False,False,False
-1.7599543,-7.3347425,4.607287,-2.827954,-1.255245579640331,-0.2295306331547776,False,False,False,False,False,False,False,False,False,False,False,False
5.382262,-3.03558,0.91455734,-1.0944055,-0.7987429008276504,-1.258146069269939,False,False,False,False,False,False,False,False,False,False,False,False
3.0467896,10.801234,-5.254608,-0.27119255,0.7214872193862335,0.7915163193142857,False,False,False,False,False,False,False,False,False,False,False,False
3.8435655,10.7892065,-3.2740169,0.5451213,0.3769139839579833,0.4655253460191526,False,False,False,False,False,False,False,False,False,False,False,False
1.2151763,6.2767153,-2.9777048,-6.6981177,-0.0651734445674827,2.137999827562626,False,False,False,False,False,False,False,False,False,False,False,False
4.4802237,-4.1751533,3.6377003,-0.90039086,1.6350261489928877,0.2936749515132063,False,False,False,False,True,False,False,False,False,False,False,False
-8.789824,-5.752621,1.9409276,0.05614924,-0.540192650100261,-0.2845858160654786,False,False,False,False,False,False,False,False,False,False,False,False
-1.4575126,-4.8421335,-2.800033,-7.7379127,-1.6801762344624955,-2.558146223303052,True,False,False,False,False,False,False,False,False,False,False,False
-4.6819625,7.2065716,0.9518907,4.047307,-1.1785758477731405,1.130926250907249,True,False,False,False,False,False,False,False,False,False,False,False
0.91355085,9.533154,-1.6785592,1.9590255,2.513619978244188,1.8452386081540364,False,False,False,False,False,False,False,True,False,False,False,False
2.4361877,6.759713,-2.2131703,-1.4676819,0.3547933202743954,0.5189694101631209,False,False,False,False,False,False,False,False,False,False,False,False
-5.723377,9.98011,-1.6512814,4.4891005,-0.5448509426167445,3.0236856210242635,False,False,False,False,False,False,False,False,False,False,False,False
6.5810823,-4.9738483,2.6456347,-1.4581866,-2.636808879687361,-5.774314503113762,False,False,False,False,False,False,False,False,False,False,False,False
-11.463432,-0.62290686,-5.740085,-5.211549,-0.45029241304927,2.9715752697669844,False,False,False,False,False,False,False,False,False,False,False,False
-0.23780143,-5.622876,7.3382397,-4.9847994,-0.6942823617500656,-0.6072668993931507,False,False,False,False,False,False,False,False,False,False,False,False
-2.711284,8.268616,-1.1914017,5.060877,1.116032182422258,0.5269358231577749,False,False,False,False,False,False,False,False,False,False,False,False
-5.1214294,2.3719878,-5.4234447,-3.4123578,-0.6669944533127626,1.6555819176062547,False,False,False,False,False,False,False,False,False,False,False,False
-9.72808,5.3095994,-1.9803659,2.920851,-0.0922484108207947,1.6291290667843172,False,False,False,False,False,False,False,False,False,False,False,False
7.179635,-7.971301,4.284765,-0.49753436,-0.2396716333621379,-0.664232811917677,False,False,False,False,False,False,False,False,False,False,False,False
-3.4824626,-8.137682,2.4170456,1.1873585,-0.3354749439921804,-1.4210437467251076,False,False,False,False,False,False,False,False,False,False,False,False
-4.497828,-0.45850796,1.1686383,8.481061,-0.0593065382568358,-0.2120831354818782,False,False,False,False,False,False,False,False,False,False,False,False
5.9739184,8.223484,-2.317889,-1.8068393,0.3884778795213015,0.2894617172574905,False,False,False,False,False,False,False,False,False,False,False,False
10.4334545,-0.020338284,1.4635807,0.41639516,-0.7082671190459735,-1.39345539890863,False,False,False,False,False,False,False,False,False,False,False,False
-6.037376,1.3887581,-1.0116816,2.4086983,0.1020530011644476,0.4315508861148943,False,False,False,False,False,False,False,False,False,False,False,False
-8.0616455,-1.9832317,-0.43049178,6.0403957,-1.67497815506696,0.9584295719399027,True,True,False,False,False,False,False,False,False,False,False,False
1.2114815,7.2788863,0.44245216,4.219516,0.3547933202743954,0.5189694101631209,False,False,False,False,False,False,False,False,False,False,False,False
-2.3777387,-9.86065,5.439938,-1.112491,-0.5706863210458956,1.4216121550804277,False,False,False,False,False,False,False,False,False,False,False,False
-6.7855334,-4.3298903,-3.7887905,-2.9880762,-0.8743900597500658,0.5526085671184172,True,False,False,False,False,False,False,False,False,False,False,False
6.9308476,3.6305358,-0.42243984,-1.0450082,4.37984933902627,-0.6231560056928469,False,False,False,False,True,True,False,False,False,False,False,False
9.895006,4.9856176,-0.17929539,-0.4398775,3.1728270706687427,-0.95817335839815,False,False,False,False,False,False,False,False,False,False,False,False
10.224426,1.2919067,0.7314765,-1.5533699,1.5583695499524433,-0.7922116952231034,False,False,False,False,False,False,False,False,False,False,False,False
-8.342294,-1.873972,-0.9251833,5.582731,-1.5702046960181573,0.1109285507033693,False,False,False,False,False,False,False,False,False,False,False,False
-9.622382,0.43698838,1.4380671,6.882089,-1.215727547510598,0.2567570138329387,True,False,False,False,False,False,False,False,False,False,False,False
6.0740485,-8.685684,9.423787,-2.382051,-1.186820321572875,-3.0247702626156725,False,False,False,False,False,False,False,False,False,False,False,False
5.4294662,6.5654125,-2.7512224,-0.78428805,0.3547933202743954,0.5189694101631209,False,False,False,False,False,False,False,False,False,False,False,False
3.8360083,-5.2561746,3.3728602,-1.7123146,-0.5535500516050595,-0.2453171692869318,False,False,False,False,False,False,False,False,False,False,False,False
-12.28006,-3.386592,-5.629969,-3.703529,-2.7840603856868498,2.0245258694596373,True,False,False,False,False,False,False,False,False,False,False,False
-9.025333,-4.916966,1.195104,0.5857851,-0.9192392968409449,0.7197497694065919,False,False,False,False,False,False,False,False,False,False,False,False
7.6014185,-5.5722075,4.767362,-0.44337928,0.6886165906371448,-0.5647952631002966,False,False,False,False,False,False,False,False,False,False,False,False
-12.28006,-3.386592,-5.629969,-3.703529,-2.150598805806211,2.4222437119098306,True,False,False,False,False,False,False,False,False,False,False,False
3.0795624,-10.656744,6.8344674,-2.7414663,-1.523722895859452,-3.030540229493013,False,False,False,False,False,False,False,False,False,False,False,False
10.25078,5.0765667,-0.10795673,-0.28468445,10.37181780749729,-1.5842835161510034,False,False,False,False,True,False,False,False,False,False,False,False
7.21127,-2.759904,1.3267438,-1.2906064,-0.4452972438246645,-1.912056493485093,False,False,False,False,False,False,False,False,False,False,True,False
3.8946276,-5.3320804,5.7873735,-1.5291142,-0.951660444922435,-0.3079787136920101,True,False,False,False,False,False,False,False,False,False,False,False
5.559381,-5.8599877,5.5098977,-3.224916,2.873341883260928,-0.8079057022680849,False,False,False,False,True,True,False,False,False,False,False,False
-5.970658,-2.5095043,-5.7313437,-4.0519156,0.7064885704175032,1.2221823185268437,False,False,False,False,False,False,False,False,False,False,False,False
-5.240773,0.7467232,-1.2745316,4.002712,2.5903118649144745,-0.7824153795888349,False,False,False,False,False,False,False,False,False,False,False,False
-8.770881,8.419093,-2.3836498,3.616468,-1.3986106789679216,3.0560206833498444,True,False,False,True,False,False,False,False,False,False,False,False
-6.404749,2.3775873,-7.265232,-3.138541,-0.981805203616785,2.5890088975114107,False,False,False,False,False,False,False,False,False,False,False,False
-5.801078,9.500494,-1.9493775,4.7320585,-1.7106017591867584,5.253996993640072,True,False,False,False,False,False,False,False,False,False,False,False
-4.932086,0.33206466,5.4095616,7.972745,-1.089002751054151,1.433051108482583,False,False,False,False,False,False,False,False,False,False,False,False
6.9364986,-7.758848,2.0067034,-0.19779907,-1.3448343383712398,-3.5572186147025824,False,False,False,False,False,False,False,False,False,False,False,False
-5.831348,1.0372964,-0.6995177,14.070178,-1.2085874392254596,-0.9851320582250952,False,False,False,False,False,False,False,False,False,False,False,False
1.9876034,-5.872448,3.373593,-1.1796378,0.4681947324461841,0.1055779134880606,False,False,False,False,False,False,False,False,False,False,False,False
3.4712317,5.718752,-5.1093516,2.6236925,2.5924488115675137,-2.1178867430469457,False,False,False,False,False,False,False,False,False,False,False,False
6.176445,-7.663646,7.4383607,-1.7506067,-1.4745462426127245,-3.578617936412452,False,False,False,False,False,False,False,False,False,False,False,True
-10.102514,-0.9857766,-0.22399254,7.2392573,-1.2492096435211382,0.5762431398181012,True,True,False,False,False,False,False,False,False,False,False,False
-4.0302334,7.492758,-3.5647695,3.8713715,0.3547933202743954,0.5189694101631209,False,False,False,False,False,False,False,False,False,False,False,False
-6.5173593,5.085147,-0.3614415,3.8342927,-0.2704175358644683,1.1660575804020925,True,False,False,False,False,False,False,False,False,False,False,False
8.351489,-0.2746632,0.925951,-0.50212204,-1.0294397059176268,-3.8939758247706826,False,False,False,False,False,False,False,False,False,True,False,False
-8.982291,-2.3312736,3.6309497,10.353728,-1.7567202006225051,0.448193483361353,True,False,False,False,False,False,False,False,False,False,False,False
6.4013295,-5.419831,0.90534943,-0.7616309,-0.7164235435656866,-2.742472541521166,False,False,False,False,False,False,False,False,False,False,False,False
7.60912,7.9962254,-0.6920621,0.1952695,0.772583466932534,0.1544606652890189,False,False,False,False,False,False,False,False,False,False,False,False
-6.4532747,-0.036849372,0.1313007,6.642581,-0.4128373733123394,0.4258817987152393,False,False,False,False,False,False,False,False,False,False,False,False
9.833141,4.8995323,-2.634078,-1.7207586,4.535495945440005,-0.3665798606973853,False,False,False,False,False,False,False,False,False,False,False,False
1.0105704,-5.1400604,4.5166626,-2.2142317,-1.3130409337944582,-1.9725280434646573,False,False,False,False,False,False,False,False,False,False,False,False
-7.586866,-4.2172856,-2.8272457,-2.5334544,-1.3520020463511335,-0.243208571591707,False,False,False,False,False,False,False,False,False,False,False,False
7.628894,1.4236947,0.8613637,-1.2494147,1.4585548257205516,-1.0321235583308237,False,False,False,False,False,False,False,True,False,False,False,False
-7.1810412,1.9594138,-1.2358984,6.309161,-0.5462807654442713,1.069357673237247,True,False,False,False,False,False,False,False,False,False,False,False
-4.224322,2.6246545,0.80646914,7.468761,-1.9724503441385424,1.842289318342262,True,False,False,False,False,False,False,False,False,False,False,True
5.3184657,-0.08682111,2.0692818,-0.9074413,0.4409033511363946,-0.7135267895668371,False,False,False,False,False,False,False,False,False,False,False,False
8.874796,-0.6554702,0.59846455,-0.13681096,0.0559281215827226,-1.1446722402882543,False,False,False,False,False,False,False,False,False,False,False,False
7.23724,4.6584845,2.140266,0.17956233,3.250454791003083,0.0772153395702431,False,False,False,False,True,True,False,False,False,False,False,False
7.1926064,1.5660387,0.325301,-0.08186271,0.0745145424244845,-2.859554578823973,False,False,False,False,False,False,False,False,True,False,False,False
-0.49971116,9.572069,-1.3166603,-0.30889577,-0.1586462586796874,2.47582090715505,False,False,False,False,False,False,False,False,False,False,False,False
2.3263948,0.28903848,1.6073971,2.727902,-0.4852041041366707,0.3335245209342112,True,False,False,False,False,False,False,False,False,False,False,False
-12.157887,1.4167517,-8.622013,-2.7760315,-0.8813397995348005,5.603027982681073,False,False,False,False,False,False,False,False,False,False,False,False
12.4602585,0.1260827,0.8011872,0.013282777,2.300167366864444,-1.414135931418234,False,False,False,False,False,False,False,False,False,False,False,False
-10.138053,-3.828953,0.26279768,6.7826805,-2.1296467157286068,0.5100445665941514,True,False,False,False,False,False,False,False,False,False,False,False
-9.916984,1.8060027,1.4828533,7.8152494,-1.4229399982409057,1.7628029090594337,True,False,False,False,False,False,False,False,False,False,False,False
-4.4551616,3.326177,1.5485582,8.356151,-0.9650960504820408,1.5104425739341591,True,False,False,False,False,False,False,False,False,False,False,False
-4.695974,-4.5927005,-5.59616,-2.9236894,-1.0766147260642729,0.109345013874767,True,False,False,False,False,False,False,False,False,False,False,False
1.8597229,-8.690461,5.102143,-3.7702487,-0.2724778775871896,-0.5951373713768239,False,False,False,False,False,False,False,False,False,False,False,False
-0.9965531,4.8614492,-1.6639323,0.9694177,-0.1459462747019337,0.0230459713292577,False,False,False,False,False,False,False,False,False,False,False,False
-6.937528,-6.1559978,-0.3773583,-0.309596,-0.5673807088677055,0.1326356361396779,False,False,False,False,False,False,False,False,False,False,False,False
-6.9501257,-4.7013044,1.3209795,0.430093,-0.7235827328886562,0.1661116938230232,False,False,False,False,False,False,False,False,False,False,False,False
8.835978,8.571143,-2.933486,-1.5062475,2.6405173197638163,0.2038802640299613,False,False,False,False,True,False,False,False,False,False,False,False
-2.8187888,-5.0113845,-1.1293054,-0.2189309,-1.215499526708736,-0.5676346180989962,False,False,False,True,False,False,False,False,False,False,False,False
7.015882,6.492877,-1.326606,2.7947505,4.3378468753820645,-0.6355989736620958,False,False,False,False,False,False,False,False,False,False,False,False
7.2791767,-4.2536488,1.8563393,-1.5061344,-0.1677714417619874,-2.3359506255276883,False,False,False,False,False,False,False,False,False,False,False,False
0.3399973,-6.872425,5.770411,-4.335186,0.1112196611266844,-0.105321706746557,False,False,False,False,False,False,False,False,False,False,False,False
0.92088145,5.044178,-3.8700447,-1.8662417,-0.514836697249768,1.7717393281373943,False,False,False,False,False,False,False,False,False,False,False,False
-3.8000863,-6.284992,-2.7953055,-1.2103165,-1.7534506024476595,-0.3519164913978014,False,False,False,True,False,False,False,False,False,False,False,False
-8.191367,7.9832582,-1.3023456,1.936161,-0.8678443749555437,2.9473113843404115,True,False,False,False,False,False,False,False,False,False,False,False
-6.8481536,0.6579268,-5.9862266,-3.2124794,-0.3491336227881942,2.6496552090760064,False,False,False,False,False,False,False,False,False,False,False,False
5.500913,2.9529264,-2.1837034,-1.0685941,0.1610945979728623,-0.4099002352221839,False,False,False,False,False,False,False,False,False,False,False,False
6.7134914,-4.9649477,2.921024,-0.14237665,-1.8789775145317047,-4.950664067164142,False,False,False,False,False,False,False,False,False,False,False,False
-5.281174,-5.4875584,9.121911,-0.23777455,-1.300123309151807,-0.0435178626657449,True,False,False,False,False,False,False,False,False,False,False,False
1.0428123,-8.433109,4.137861,-3.117052,-1.7839536701875884,-1.835263748370088,False,False,False,False,False,False,False,False,False,False,False,False
3.0405908,7.508253,-1.365524,0.0037406632,-0.23189389939719,-0.1418827224738232,False,False,False,False,False,False,False,False,False,False,False,False
-1.7939497,3.7094238,-7.083444,-3.3048759,0.3547933202743954,0.5189694101631209,False,False,False,False,False,False,False,False,False,False,False,False
-6.499583,7.4822407,-2.2223632,2.1264534,-1.412943021478863,3.349004538604325,True,False,False,False,False,False,False,False,False,False,False,False
11.01312,-0.27213502,6.5656734,-0.4405663,0.9690229035728792,-2.101269078251498,False,False,False,False,False,False,False,False,False,False,False,False
2.4987695,-8.254966,3.4690156,-1.4597402,-0.2896994004519784,-1.245573880716213,False,False,False,False,False,False,False,False,False,False,False,False
-0.30230176,-5.75077,-0.8966886,-2.030613,-0.6654552700865783,-1.6831127241869106,False,False,False,False,False,False,False,False,False,False,False,False
-4.1915655,-4.897147,-2.6970797,-2.502831,-0.6052201794917492,0.2149098745003053,True,False,False,False,False,False,False,False,False,False,False,False
10.253168,5.674904,0.24356277,-0.77318,5.658036448242008,-0.8265256578422477,False,False,False,False,False,False,False,False,False,False,False,False
-9.762371,-0.10049853,-4.9620185,-2.8753703,-0.3888874725816661,1.5087063712611528,True,False,False,False,False,False,False,False,False,False,False,False
-1.9644287,7.551508,-1.2644086,4.8091006,0.3700999805912446,0.575764853020105,False,False,False,False,False,False,False,False,False,False,False,False
-8.009742,-5.249312,1.2355274,-0.31375575,-1.4822375684051268,0.8867119652334406,True,True,False,False,False,False,False,False,False,False,False,False
-3.496486,0.48852313,-4.48637,-3.0076249,-0.3795309387159806,1.2997381864336506,False,False,False,False,False,False,False,False,False,False,False,False
9.721255,4.0187926,0.9853263,-0.7714129,6.555136865421822,-0.9350478251539364,False,False,False,False,False,False,False,False,False,False,False,False
4.2539587,7.6753116,-1.569841,-1.2461536,0.5552150894068553,0.2441099512379986,False,False,False,False,False,False,False,False,False,False,False,False
-8.484441,-6.3200445,0.8563925,-0.60295624,-0.5965463795896165,0.6556911665653145,True,False,False,False,False,False,False,False,False,False,False,False
-6.113738,1.4142219,-3.009428,-1.6282153,-0.2894614301079293,2.0857491143367524,False,False,False,False,False,False,False,False,False,False,False,False
-4.658222,5.429268,-0.048472162,6.435975,-0.5438389654208892,-0.5365834165818657,False,False,False,False,False,False,False,False,False,False,False,False
4.0115824,5.3696494,-3.20524,0.05332172,0.3884778795213015,0.2894617172574905,False,False,False,False,False,False,False,False,False,False,False,False
-6.7087564,-8.042748,1.5527056,1.5333484,-1.6822192620604148,0.927074073538208,True,False,True,False,False,False,False,False,False,False,False,False
-6.764091,3.0722198,-5.228266,-3.6587372,0.1304539923376503,1.0810973228211789,False,False,False,False,False,False,False,False,False,False,False,False
-0.6977851,10.448963,-2.717744,1.2968668,0.7215337676932422,2.332881608017583,False,False,False,False,False,False,False,False,False,False,False,False
-4.4934983,9.207559,-1.1193117,4.2548933,-0.0472694234558462,0.4745600949210582,False,False,False,False,False,False,False,False,False,False,False,False
-5.9310207,3.0256875,0.86168784,10.240979,-1.2475767524314514,0.952710524178056,False,False,False,False,False,False,False,False,False,False,False,False
7.903154,-1.4697015,2.3006928,-0.47111478,-1.363489973931419,-5.930058129384458,False,False,False,False,False,False,False,False,True,True,False,True
-8.287695,-3.3802114,-3.2571526,-0.35458317,-1.6536356025486467,0.7307014847371794,True,False,False,False,False,False,False,False,False,False,False,False
9.50635,2.4307504,0.7896144,-0.24122109,1.3428807207477074,-0.3219724513341154,False,False,False,False,False,False,False,False,False,False,False,False
-1.7977791,-6.3698626,3.347508,-2.6145306,-0.5055689223248442,-0.1763520166705622,False,False,False,False,False,False,False,False,False,False,False,False
6.3297725,0.775339,1.2727939,-1.0199515,-0.3203426768144708,-2.813297549558852,False,False,False,False,False,False,False,False,True,True,False,False
-8.220951,7.9418807,-6.709691,-0.42441604,-0.9807463065368952,2.9003370047593284,True,False,False,False,False,False,False,False,False,False,False,False
-7.4202895,-1.4745224,-3.8223119,-1.6826305,-0.5827234358468851,0.7349689246774915,False,False,False,False,False,False,False,False,False,False,False,False
0.743118,-7.8320236,4.1720533,-2.4600418,-2.239619633395805,-0.1766963603786862,True,False,False,False,False,False,False,False,False,False,False,False
3.7151275,7.046884,-2.249361,-1.6242741,2.1912651630531026,-0.004341213994167,False,False,False,False,False,False,False,True,False,False,False,False
-6.6193743,3.683356,-0.8203525,5.230386,-1.7816628804622807,1.5153880979012329,True,False,False,False,False,False,False,False,False,False,False,False
-0.85403293,0.7048888,-6.782983,-3.132178,0.1230405904513435,0.7533861662875824,False,False,False,False,False,False,False,False,False,False,False,False
3.9449744,-8.554562,2.5253325,-2.6394033,-0.6991378589955369,-1.6432255320992435,False,False,False,False,False,False,False,False,False,False,False,False
1.2577789,1.0306567,-3.012921,-2.2940829,1.092350072742162,-1.5687379962685837,False,False,False,False,False,False,False,False,False,False,False,False
1.5091361,-10.080223,4.891881,-4.151827,-0.5886823244469302,-1.154131206443949,False,False,False,False,False,False,False,False,False,False,False,False
3.2681506,-8.820833,4.120101,-3.4578907,-0.7652249359219693,-1.6967158679870546,False,False,False,False,False,False,False,False,False,False,False,False
-7.4910808,5.3560696,-0.3035523,5.9639635,-0.9049359376117082,0.026275228280635,False,False,False,False,False,False,False,False,False,False,False,False
-4.5827556,3.8622456,5.291962,1.0814077,-0.6514003511456927,1.8761039947947644,True,False,False,False,False,False,False,False,False,False,False,False
5.748922,-8.470304,3.3291097,-3.0784543,-0.1972526691054484,0.849936233609944,False,False,False,False,False,False,False,False,False,False,False,False
-3.3690379,7.4494004,-2.1931448,3.0344403,0.0136017066836283,1.5172519492838474,False,False,False,False,False,False,False,False,False,False,False,False
2.646418,-9.096827,6.7513223,-2.013245,-0.0593065382568358,-0.2120831354818782,False,False,False,False,False,False,False,False,False,False,False,False
7.3611307,5.2362165,0.00886935,-0.673196,4.209659327729399,0.1202223802830193,False,False,False,False,True,False,False,True,False,False,False,False
-8.263771,-1.8013008,-2.9916964,-3.360105,-1.109508815254557,1.4955136894637515,True,False,False,False,False,False,False,False,False,False,False,False
9.447545,5.169059,-2.6650155,-1.0382513,3.326082386377873,-2.327368480388982,False,False,False,False,True,False,False,True,False,False,False,False
-1.3527253,0.21056233,-1.4717394,-4.3862853,-1.0455381433408653,-1.5802197480258144,False,False,False,False,False,False,False,False,False,False,False,False
-5.8234124,-2.526626,-5.154314,-3.5244381,-1.590313227392749,2.230030005868931,True,False,False,False,False,False,False,False,False,False,False,False
-4.729281,-1.5675925,-3.768668,-3.281676,-0.8145994472131428,0.704611816935555,True,False,False,False,False,False,False,False,False,False,False,False
-7.161917,-0.6414601,-0.70005786,5.8590426,-1.0846972428810588,-0.387144237753198,True,False,False,False,False,False,False,False,False,False,False,False
-4.952387,3.399056,-6.8401155,-4.8114367,-0.0798636088117334,2.206872658561561,False,False,False,False,False,False,False,False,False,False,False,False
-6.5628624,2.841232,-5.3930917,-3.837311,-0.1506445638335727,1.7412066520095435,False,False,False,False,False,False,False,False,False,False,False,False
7.8203616,-5.0695715,1.6847273,-0.99097335,-1.2371090489515948,-2.010714218446623,False,False,False,False,False,False,False,False,False,False,False,False
-8.613515,6.681719,-3.9007676,2.9709997,-0.3884888964508807,0.9322731858550084,False,False,False,False,False,False,False,False,False,False,False,False
11.419905,-1.9169015,1.7457665,-0.54343057,0.7746899888072363,-1.356771577782239,False,False,False,False,False,False,False,False,False,False,False,False
6.545324,-8.012493,4.2177653,-0.921293,-1.913724888149257,-4.272564503127775,False,False,False,False,False,False,False,False,False,False,False,False
-6.708949,-8.951653,3.9394634,0.8049929,-1.70297039302441,-0.3653494432847558,True,False,False,False,False,False,False,False,False,False,False,False
-5.6453285,-2.780296,-8.264106,-4.54783,0.082539744999534,1.061445692270727,False,False,False,False,False,False,False,False,False,False,False,False
2.2051513,0.16633914,-0.5138398,-0.46968552,-0.4745500899657191,0.8263979093856894,True,False,False,False,False,False,False,False,False,False,False,False
5.835903,-0.41990736,1.3980471,-0.46154258,-1.181669331269949,-2.4377548410406065,False,False,False,False,False,False,False,False,False,False,False,False
-6.7085695,-7.847163,-0.03978156,-0.08116786,-2.6935684878829,-1.3010115513052654,True,False,True,False,False,False,False,False,False,False,False,False
7.3395963,-3.8954854,1.5763792,-0.36059093,-1.9354405391341087,-4.291806266882306,False,False,False,False,False,False,False,False,False,False,False,False
0.8927341,-4.8270454,3.239456,-3.8798387,-0.2013855558315285,-0.6156780884370264,False,False,False,False,False,False,False,False,False,False,False,False
3.4048674,-0.53157365,-2.9977427,-4.174934,2.447837699346509,-2.801243563323581,False,False,False,False,False,False,False,False,False,False,False,False
-5.3327537,-3.773922,-4.3575063,-2.386202,-0.3973870920264887,-0.8845526159402904,False,False,False,False,False,False,False,False,False,False,False,False
-4.8837295,-1.2799249,-5.9029245,-4.0076466,0.082539744999534,1.061445692270727,False,False,False,False,False,False,False,False,False,False,False,False
-7.968646,-2.759524,-5.888745,4.633401,-1.1727097497687486,0.107442506747164,True,False,False,False,False,False,False,False,False,False,False,False
6.6352086,-3.8987138,1.8911031,-1.2852765,0.2367600721802482,-0.3273107220184634,False,False,False,False,False,False,False,False,False,False,False,False
-7.3758817,-8.102086,4.227356,0.33852896,-1.1662265464625725,0.8431928175465386,True,False,False,False,False,False,False,False,False,False,False,False
-4.10638,-5.685761,-1.5138131,-5.3088336,-0.7712953498171329,0.1441709627437886,True,False,False,False,False,False,False,False,False,False,False,False
0.5227853,-6.5069575,3.1630468,-0.90124553,-1.3419345667965952,-0.9775363299795016,False,False,True,False,False,False,False,False,False,False,False,False
2.115478,10.699588,-2.0498638,-0.03836861,3.776511808784871,1.122689277443404,False,False,False,False,False,False,False,True,False,False,False,False
-1.6379181,8.470585,-1.0560385,4.021713,-0.5724504782824396,2.4597037321105617,False,False,False,False,False,False,False,False,False,False,False,False
6.5117083,-4.889388,4.2451453,-2.387982,-0.2396716333621379,-0.664232811917677,False,False,False,False,False,False,False,False,False,False,False,False
-10.217994,-1.5632373,-6.237275,-3.7795339,-1.5941756413810086,2.1918280168270887,True,False,False,False,False,False,False,False,False,False,False,False
-5.804785,-1.5974979,-4.1617627,-1.8177848,-1.128737111654355,0.6978503208243798,True,False,False,False,False,False,False,False,False,False,False,False
-5.9632683,-5.0496855,3.966288,1.9775665,-1.2344606720236326,0.2021910225971475,False,False,False,False,False,False,False,False,False,False,False,False
7.1155677,-6.1591077,2.2609384,-0.77960163,-1.1028578327021377,-1.775676909854369,False,False,False,False,False,False,False,False,False,False,False,False
-6.101504,5.5611734,-5.954017,4.405698,-0.741614847766732,1.4392223214729705,True,False,False,False,False,False,False,False,False,False,False,False
7.3488445,-0.2056024,0.7803977,0.12179699,-0.9699358925074352,-1.385823599153254,False,False,False,False,False,False,False,False,False,False,False,False
-7.8283157,0.28638572,-0.47871152,3.8689196,-0.4664983031019402,0.487690485608036,False,False,False,False,False,False,False,False,False,False,False,False
-1.4718297,1.9695793,0.17093518,-0.5434135,0.5089550598174275,2.041665299219403,False,False,False,False,False,False,False,False,False,False,False,False
-0.5346409,-10.307094,6.7040486,-3.699508,-1.6816214929838014,-0.5135625901199057,True,False,False,False,False,False,False,False,False,False,False,False
-10.802888,1.0296037,-8.717102,-3.8959222,-0.6206706339585709,3.299108310131598,False,False,False,False,False,False,False,False,False,False,False,False
0.20405085,-3.286206,5.2813635,-2.9916842,-1.7797509579441644,1.1554534495367872,False,False,False,False,False,False,False,False,False,False,False,False
6.1811543,-2.920148,1.3968474,-0.39944196,-0.905500925534605,-1.2287942297973775,False,False,False,False,False,False,False,False,False,False,False,False
5.8670444,-8.451281,4.0063705,-3.5102575,-0.3989693463223611,-0.2357111891080225,False,False,False,False,False,False,False,False,False,False,False,False
-7.6275573,3.1055126,-1.0179706,7.951348,-1.163489345612147,0.3062023674784169,True,False,False,False,False,False,False,False,False,False,False,False
-3.52851,-2.5101058,-0.7818449,-8.291823,-0.7541953844742387,0.6466927394835864,False,False,False,False,False,False,False,False,False,False,False,False
-4.0687594,6.7156425,1.9178079,3.7142022,0.0280177779984584,1.8755356000881656,False,False,False,False,False,False,False,False,False,False,False,False
4.2585425,8.770909,-1.8325474,-0.88765377,3.7143109681146815,0.6008224291777506,False,False,False,False,False,False,False,True,False,False,False,False
-4.384971,-6.3842034,2.101394,1.3541288,-3.169234528583148,-3.2175034984837736,False,False,False,False,False,False,False,False,False,False,False,False
-2.7172859,0.7622162,-5.652674,-1.4729867,-0.5405505370475092,0.9213952943703232,False,False,False,False,False,False,False,False,False,False,False,False
5.7579684,2.1114187,-4.2988725,-2.5379243,1.4085545196019025,-1.0097441612014582,False,False,False,False,False,False,False,False,False,False,False,False
-4.8975196,1.7465475,-4.8505063,-4.0130877,0.0740012324293928,1.9130543353178,False,False,False,False,False,False,False,False,False,False,False,False
-11.194309,0.5412675,-6.1777964,-2.2762344,-0.823568138669601,3.550477175259473,False,False,False,False,False,False,False,False,False,False,False,False
6.2977085,-1.5008395,2.9068332,-0.7243101,1.587458429183464,-0.4077136097260724,False,False,False,False,False,False,False,False,False,False,True,False
4.905072,-6.508709,6.840543,-0.10379077,0.0398545621761073,-1.082756436327807,False,False,False,False,False,False,False,False,False,False,False,False
-9.578109,4.1035905,-1.7326018,3.0913992,-0.7991936022667622,2.4558423165354046,False,False,False,False,False,False,False,False,False,False,False,False
-3.6452703,2.7032666,-5.0429525,-3.5737216,-1.254221272632397,3.508889221093632,False,False,False,False,False,False,False,False,False,False,False,False
9.456184,2.545174,1.0865574,-1.4329699,4.37984933902627,-0.6231560056928469,False,False,False,False,True,True,False,False,False,False,False,False
1.2123989,-7.854289,1.0575117,-0.5069084,-0.8607769789913529,-2.1203881798480704,False,False,False,False,False,False,False,False,False,False,False,False
-7.6801996,-3.5048394,0.972627,8.113047,-0.5915551536362644,1.1549760053495155,False,False,False,False,False,False,False,False,False,False,False,False
-5.594053,12.301721,-1.0247512,2.7839105,0.7357323352291654,4.081541528384959,False,False,False,False,False,False,False,False,False,False,False,False
1.4754878,-9.8792925,6.631559,-1.2395843,-1.392647782580261,-2.132225972817142,False,False,False,False,False,False,False,False,False,False,False,False
5.295565,8.470317,-1.4486747,1.1422892,-0.312724114842204,0.4782074324225114,False,False,False,False,False,False,False,False,False,False,False,False
6.5828967,-2.1935232,0.9333689,0.25836438,-0.7111617480022561,-2.3104688788220646,False,False,False,False,False,False,False,False,False,False,False,False
-7.9622216,-7.7382855,1.2849973,0.8976068,0.0765328134976027,-0.1052389768505517,False,False,False,False,False,False,False,False,False,False,False,False
-7.4158506,-2.7224317,3.6921508,4.0984936,-0.5679697028840545,-0.8419342837028814,False,False,False,False,False,False,False,False,False,False,False,False
8.701438,-10.089188,4.5070577,-2.2112715,-0.2174095703863272,-1.3205163274412923,False,False,False,False,False,False,False,False,False,False,False,False
-6.559529,-7.970304,1.211407,0.24143006,-2.270724225615877,-0.4325989077059492,False,False,False,False,False,False,False,False,False,False,False,False
-8.030022,2.6385095,0.67661124,6.1619463,0.3420492705443255,0.1615103178477711,False,False,False,False,False,False,False,False,False,False,False,False
0.71032053,-5.511215,6.4959106,-5.683552,-0.973721072698978,-1.059157585351209,False,False,False,False,False,False,False,False,False,False,False,False
-12.692831,-2.8675482,-7.644889,-4.330052,-0.981253266045238,1.2148041393528402,True,False,False,False,False,False,False,False,False,False,False,False
-3.7798073,3.1963243,-5.343781,-5.73617,-0.0753636066572294,1.1720887910978393,False,False,False,False,False,False,False,False,False,False,False,False
-4.9271646,-0.84847224,-3.910385,-2.2880328,-1.0131460552973883,1.597302580309665,False,False,False,False,False,False,False,False,False,False,False,False
5.9718175,2.5110059,0.8160733,1.2020805,0.3547933202743954,0.5189694101631209,False,False,False,False,False,False,False,False,False,False,False,False
0.6069237,-8.861401,3.6723714,-3.0384192,-2.257196147457656,-0.3875302193359575,True,False,False,False,False,False,False,False,False,False,False,False
6.7183447,-5.162097,2.552488,-1.2184511,-0.6654552700865783,-1.6831127241869106,False,False,False,False,False,False,False,False,False,False,False,False
7.179635,-7.971301,4.284765,-0.49753436,-2.5444327091116508,-3.754319799859744,False,False,False,False,False,False,False,False,False,False,False,False
-0.42969668,11.505596,-1.441377,1.6309146,0.9304906725402252,0.9721702055536248,False,False,False,False,False,False,False,False,False,False,False,False
-6.456481,5.9017925,-0.17542663,5.916431,-0.3113365260440106,1.0392958224460076,False,False,False,False,False,False,False,False,False,False,False,False
7.0472083,9.9040165,-3.521954,3.204493,2.871409022508544,0.1589997675075301,False,False,False,False,False,False,False,False,False,False,False,False
-1.8049355,-4.0770807,-0.8725763,-3.1834047,-0.2610464399614648,-0.6575633266217101,False,False,False,False,False,False,False,False,False,False,False,False
-11.12972,-2.1688716,-5.517125,-4.1979737,-0.7458256733924267,-0.2501845674051786,True,False,False,False,False,False,False,False,False,False,False,False
4.7232757,-5.421167,3.2425945,-1.5536115,-0.1236616185609738,-0.9038498972301536,False,False,False,False,False,False,False,False,False,False,False,False
3.4030795,-0.504431,1.2803708,-1.5491099,-0.0593065382568358,-0.2120831354818782,False,False,False,False,False,False,False,False,False,False,False,False
7.2962666,-3.1762457,3.6303055,-1.4843811,0.4275804520795099,-3.1660096771772714,False,False,False,False,False,False,False,False,True,True,False,False
-0.18701686,-5.8012953,6.741489,-1.8004004,-0.2724778775871896,-0.5951373713768239,False,False,False,False,False,False,False,False,False,False,False,False
-9.698204,2.5021021,-5.710861,-2.1894796,-0.3250241611443261,1.3863507817471608,False,False,False,False,False,False,False,False,False,False,False,False
-3.2573502,-0.36889955,-0.033323336,4.1637263,-0.9849795246466084,-0.2620648406650731,False,False,False,False,False,False,False,False,False,False,False,False
6.96097,-4.1847067,1.2414281,0.074599035,-1.1842748081042185,-1.541919775512378,False,False,False,False,False,False,False,False,False,False,False,True
-9.481777,-5.346993,1.1811092,-0.35565904,-1.9881440794543968,0.2333379114529196,True,True,False,False,False,False,False,False,False,False,False,False
-6.518251,6.0730543,-0.80728257,6.3576,-0.670068492609703,0.9715056462855732,False,False,False,False,False,False,False,False,False,False,False,False
-8.178503,-3.7568858,-3.9018006,-1.7239442,-1.7709210138999338,1.0174561528893646,True,False,False,False,False,False,False,False,False,False,False,False
4.1075773,6.7552166,-2.7925484,-2.0542517,0.3527577946595404,1.331471366434833,False,False,False,False,False,False,False,False,False,False,False,False
-7.4537725,1.1753325,0.10551418,6.838708,-1.0353624524052956,0.7089066902687371,True,False,False,False,False,False,False,False,False,False,False,False
0.080001324,-1.6640556,1.1461895,7.4825377,-0.7416881259591832,-1.8688816807754127,False,False,False,False,False,False,False,False,False,False,False,True
-5.13269,-6.696834,-0.76108116,-0.41228262,-0.8423100820055808,-0.1767094892952138,False,False,False,False,False,False,False,False,False,False,False,False
-6.5665655,-0.5784495,0.7093464,4.3583603,-0.1076184432060696,0.1410250649191652,False,False,False,False,False,False,False,False,False,False,False,False
-8.317677,3.6853106,2.6440678,3.2832344,-0.919630430278104,0.5168944278700273,True,False,False,False,False,False,False,False,False,False,False,False
10.573869,2.2199175,1.0474037,-0.4098675,0.7864747358641077,-0.749892575481103,False,False,False,False,False,False,False,False,False,False,False,False
-10.25208,0.57336074,-1.708372,2.9826841,-1.117281277797568,1.3617832270477457,True,True,False,False,False,False,False,False,False,False,False,False
3.19122,-0.82117444,-2.0234914,2.3834374,-0.7120051827403034,-1.5163114409108998,False,False,False,False,False,False,False,False,False,False,False,False
-0.51432216,-2.8726296,6.741489,-1.8004004,-0.5039125378531254,-1.0280260068833484,False,False,False,False,False,False,False,False,False,False,False,False
3.480381,5.812114,-7.3371706,4.034054,0.3547933202743954,0.5189694101631209,False,False,False,False,False,False,False,False,False,False,False,False
-9.093542,8.03123,-2.1553283,15.86872,-1.3119128164833758,3.89098385356863,True,False,False,False,False,False,False,False,False,False,False,False
-6.633333,0.6941911,-7.18396,-3.4545825,-0.2228993328129032,2.0885147817896725,False,False,False,False,False,False,False,False,False,False,False,False
-9.151245,0.14143439,4.0633655,6.1257296,-1.256726632516511,1.3316144272112207,True,False,False,False,False,False,False,False,False,False,False,False
8.738527,-1.4939387,1.0643342,-0.7766406,0.2533936900422209,-3.709626536545621,False,False,False,False,False,False,False,False,False,False,True,False
3.260238,9.671195,-2.2968845,0.9565186,1.308231802794687,1.097512004239211,False,False,False,False,False,False,False,False,False,False,False,False
2.007825,-2.6662805,0.69278294,-0.31925854,-1.1586556791561151,-1.3664614132176014,False,False,False,False,False,False,False,False,False,False,False,True
12.656179,3.49191,-0.077273265,-0.60124815,0.6304112351026634,0.1528852503400054,False,False,False,False,False,False,False,False,False,False,False,False
4.89842,1.3715203,-0.9527622,-1.4913139,-0.2396716333621379,-0.664232811917677,False,False,False,False,False,False,False,False,False,False,False,False
-5.9956937,2.304482,-4.273408,0.9412482,2.42331944154714e-05,0.000647586376023,True,False,False,False,False,False,False,False,False,False,False,False
1.4658949,-4.6251273,5.3996334,3.4691696,-0.3514978358184104,-2.036146509862724,False,False,False,False,False,False,False,False,False,False,False,False
-8.873131,0.039230037,1.5553437,6.305701,-2.388530120365049,1.3679106956820657,True,False,False,False,False,False,False,False,False,False,False,False
4.8824835,-3.0160453,3.5170736,-2.1907063,0.7091994931405639,0.1622345381289353,False,False,False,False,False,False,False,False,False,False,False,False
-2.9456763,-0.19310583,-4.3415294,-2.3170676,-0.0598187917702875,0.9764229278717432,False,False,False,False,False,False,False,False,False,False,False,False
2.94425,10.443952,-1.716286,0.15588549,5.232013519952528,1.035699934280594,False,False,False,False,True,False,False,False,False,False,False,False
-4.5323834,3.943146,0.23776141,5.272078,-0.7635167748756717,1.4369428979440533,False,False,False,False,False,False,False,False,False,False,False,False
-5.524962,-4.78092,-6.295299,-2.8988388,-0.790390757609822,0.0251041630377204,False,False,False,False,False,False,False,False,False,False,False,False
3.610703,8.7416,-7.311471,-1.5686836,1.6350261489928877,0.2936749515132063,False,False,False,False,True,False,False,False,False,False,False,False
-7.9292374,-2.493532,-5.67763,-1.4015759,-0.3727879025887823,1.0611471944768736,True,False,False,False,False,False,False,False,False,False,False,False
-5.51363,3.1287134,-4.9365206,-3.8100092,-0.3493432490781556,2.8227014050256067,False,False,False,False,False,False,False,False,False,False,False,False
11.826658,5.583399,-0.20406775,0.037225813,8.062545578608258,-0.914250381016518,False,False,False,False,False,False,False,False,False,False,False,False
-7.3959055,1.2786714,-0.56944615,5.942763,-0.8564207265325589,1.5472260327913212,True,False,False,False,False,False,False,False,False,False,False,False
2.6746035,7.8840694,-1.6230032,1.0854026,-0.5438389654208892,-0.5365834165818657,False,False,False,False,False,False,False,False,False,False,False,False
2.3895197,-7.9723964,4.1792946,-3.590526,-1.1513389433384054,-2.218765053834684,False,False,False,False,False,False,False,False,False,False,False,False
-9.737384,-0.088439405,-6.4570827,-1.0932846,-0.2665189889871444,1.2939627597446166,False,False,False,False,False,False,False,False,False,False,False,False
-3.443632,-2.924273,4.167108,8.157902,-0.4932122672630163,-0.6358068943470987,False,False,False,False,False,False,False,False,False,False,False,False
6.305521,-4.5703855,3.9963672,-1.556301,0.4275804520795099,-3.1660096771772714,False,False,False,False,False,False,False,False,True,True,False,False
4.4866185,2.5726912,1.1147858,1.0337514,-0.2659623500570123,-0.0955686751046481,False,False,False,False,False,False,False,False,False,False,False,False
7.304417,-5.5568953,2.5105429,-0.2938969,-1.3503133314975482,-3.46711604806323,False,False,False,False,False,False,False,False,False,False,False,False
-5.86494,-1.0368227,-6.589493,-3.5754302,-0.9532567908363409,3.841098067448355,False,False,False,False,False,False,False,False,False,False,False,False
-7.485046,-7.381381,-0.15264376,0.44250545,-0.8736248724703395,0.8960735732700583,True,False,True,False,False,False,False,False,False,False,False,False
-10.444106,-4.1817837,-6.019311,-2.4789364,-1.3816065836435811,1.0200945422616567,False,False,False,False,False,False,False,False,False,False,False,False
-10.6095705,7.4462047,-1.5000618,4.738129,-0.4749009977639696,2.129185006403594,True,False,False,False,False,False,False,False,False,False,False,False
3.2904286,-7.1969123,1.3100919,-2.213833,-0.3312886660039428,0.1233657260393034,True,False,False,False,False,False,False,False,False,False,False,False
4.5591445,6.6141396,-1.7377193,-1.1503828,0.5184249079814525,-0.5808725168931105,False,False,False,False,False,False,False,False,False,False,False,False
-4.434814,-0.37850943,-0.67572343,6.03639,-0.7712953498171329,0.1441709627437886,True,False,False,False,False,False,False,False,False,False,False,False
5.775344,3.0496004,-0.40404633,-0.9497483,0.7091994931405639,0.1622345381289353,False,False,False,False,False,False,False,False,False,False,False,False
7.1780987,8.711742,-1.8302898,-0.19013095,5.534292339576875,-0.3593399096624883,False,False,False,False,True,False,False,True,False,False,False,False
11.690607,-1.713036,3.4996765,-0.47097453,-0.34073673955561,-1.853047409424207,False,False,False,False,False,False,False,False,False,False,False,False
-1.7334373,-5.750282,4.46298,-2.0610664,-2.0286445924105765,-0.2816504366297285,True,False,False,False,False,False,False,False,False,False,False,False
-7.7786803,2.2186236,-0.79156995,2.8659647,-0.7125649645273637,1.1683119529515364,False,False,False,False,False,False,False,False,False,False,False,False
3.961777,-5.437784,4.900188,-0.7692747,-0.8911267267176919,-0.5197953642879383,True,False,False,False,False,False,False,False,False,False,False,False
3.9798944,-4.79254,0.2529125,-0.6977172,-1.0074103320832348,-0.9679322517487646,False,False,False,False,False,False,False,False,False,False,False,False
8.386548,5.818106,1.076902,0.28495216,2.862998904229604,-0.0456369620344861,False,False,False,False,True,False,True,False,False,False,False,False
7.2898026,-6.509133,2.9709632,0.07213623,-0.7386856065414974,-2.086189025997552,False,False,False,False,False,False,False,False,False,False,False,False
-1.6599064,-5.91058,6.099472,0.9714096,-1.3518970965233388,-1.3218788789148173,False,False,False,False,False,False,False,False,False,False,False,False
7.5455565,-3.585163,4.74315,0.12653923,-0.1688740258712929,-1.5764958315853956,False,False,False,False,False,False,False,False,False,False,False,False
6.7231374,-10.02882,7.3438053,-3.4754586,-0.9833986328863742,-2.4228161630264946,False,False,False,False,False,False,False,False,False,False,False,False
6.005572,-2.6710932,1.3586199,0.22613418,0.3787472756487313,-0.6592763733687006,False,False,False,False,False,False,False,False,False,False,False,False
-6.259415,-6.9686527,-4.9425244,-0.1064755,-1.7060429500567271,-0.1664829813974419,False,False,False,False,False,False,False,False,False,False,False,False
-0.13413082,-8.305207,8.019118,-2.3055823,-2.328505630689068,-3.806424490395372,False,False,False,False,False,False,False,False,False,True,False,True
0.82813627,-8.465434,6.6265106,-2.092113,-2.019289025893709,-2.144892659255609,True,False,False,False,False,False,False,False,False,False,False,True
6.3351955,2.048273,1.1458511,-0.13747056,-0.4358083405297727,-0.4409577201415269,False,False,False,False,False,False,False,False,False,False,False,False
2.992211,-8.888708,1.468129,-1.1035304,-1.413333503293538,-1.2464566046344565,False,False,False,False,False,False,False,False,False,False,False,False
-9.420589,-4.582367,-4.333846,-2.5859852,-1.0688445484158362,1.0283928162538996,True,True,False,False,False,False,False,False,False,False,False,False
11.571645,1.0960281,0.489778,-0.58523804,1.2727151678474635,-1.1165883198327853,False,False,False,False,False,False,False,False,False,False,False,False
5.330532,-5.7513185,5.567769,-3.1473668,0.2287678504671948,-1.1351084251945085,False,False,False,False,False,False,False,False,False,False,False,False
-0.28020626,4.3295193,-2.4473557,-1.1904877,0.4440781462306674,0.3207290230369781,False,False,False,False,False,False,False,False,False,False,False,False
4.7268767,10.117731,-3.3078303,1.187141,3.0077551659427915,0.8057330530501764,False,False,False,False,False,False,False,True,False,False,False,False
9.461248,-4.149683,2.451874,-0.7571847,-0.2769093258158255,-1.634342448164242,False,False,False,False,False,False,False,False,False,False,False,False
-9.199787,0.19884878,-2.949728,4.3951735,-0.8769520630377998,0.6706952087664085,True,False,False,False,False,False,False,False,False,False,False,False
4.744797,-8.1791525,7.095364,-2.4546764,-0.953918456197806,-2.839764401200806,False,False,False,False,False,False,False,False,False,False,True,True
-9.615474,3.1985672,-6.931286,-0.5107984,-0.6294490665607629,1.4176997904963935,True,False,False,False,False,False,False,False,False,False,False,False
5.8277273,-3.504575,2.9644501,-2.6442497,-1.2827977611266828,-3.774218798664398,False,False,False,False,False,False,False,False,True,False,False,True
4.577207,0.5242787,2.2157176,0.5010667,-0.8019180826744333,-1.7869104905085542,False,False,False,False,False,False,False,False,False,False,False,True
6.908424,-6.3240314,3.2425945,-1.5536115,-0.2508300526426041,-2.386322085467801,False,False,False,False,False,False,False,False,False,False,False,False
-7.770176,3.5583358,2.2342548,8.367034,-0.1311750600235468,1.4074746604491328,False,False,False,False,False,False,False,False,False,False,False,False
-4.404805,-8.615451,0.3507598,0.25177917,-0.7939681136328776,1.6116858622747132,False,False,False,False,False,False,False,False,False,False,False,False
6.4668403,-3.4260752,4.499452,0.72620785,-0.9371176229388504,-2.686325334758607,False,False,False,False,False,False,False,False,False,False,True,True
4.3950896,-2.360808,2.8887513,1.0558288,-0.3376648205121784,-0.899368786206962,False,False,False,False,False,False,False,False,False,False,True,False
5.129604,-3.637076,1.68513,-0.58357996,-0.317078851781001,1.6213676982261964,False,False,False,False,False,False,False,False,False,False,False,False
1.6941563,-6.5087237,2.4925961,-3.18003,-0.3105848230361915,-0.1174512347628839,False,False,False,False,False,False,False,False,False,False,False,False
3.5226867,-7.798572,10.393253,-2.5342233,-0.9134111192337686,-1.888323872137108,True,False,False,False,False,False,False,False,False,False,False,True
-1.1776385,-4.4093175,-1.3725168,-9.634837,-1.216236508773758,-1.437763509887295,False,False,False,False,False,False,False,False,False,False,False,False
1.2393278,-8.800036,2.4244199,-0.4035979,-0.1688857281215359,-0.671969212683987,False,False,False,False,False,False,False,False,False,False,False,False
-0.9248256,-5.7806935,5.467075,-2.521368,-0.2230622040503898,-0.5261458622139947,False,False,False,False,False,False,False,False,False,False,False,False
5.0624866,5.5904455,-1.8720484,-1.4095972,0.3547933202743954,0.5189694101631209,False,False,False,False,False,False,False,False,False,False,False,False
-6.403467,3.8073945,-3.0929139,-0.21587248,-1.9794228357681265,2.9850208856635905,True,False,False,False,False,False,False,False,False,False,False,False
-8.274121,-2.9019542,-5.5176783,-2.162554,-0.552308092220792,1.8082884160286936,True,False,False,False,False,False,False,False,False,False,False,False
-2.6753824,-3.4619875,-1.8572472,-1.8436061,-0.5460873145377847,-0.3171463745760691,False,False,False,False,False,False,False,False,False,False,False,False
-6.1493907,6.4159255,-0.8202561,7.944364,-0.6849899944914856,1.3970126222550314,True,False,False,False,False,False,False,False,False,False,False,False
5.284032,7.8949084,-1.0630928,4.070912,7.829873639568416,-0.3632866964130439,False,False,False,False,False,False,False,False,False,False,False,False
-4.2215366,0.5744589,-6.176877,-3.9855776,-0.0845496673185416,0.6734849987717186,False,False,False,False,False,False,False,False,False,False,False,False
6.109042,-7.3864603,5.8769026,-0.43426147,-1.2903804451651602,-3.283374582129204,False,False,False,False,False,False,False,False,False,False,False,False
-2.1602893,-2.0326946,-5.0722575,-2.9930055,0.1893957823919005,0.7238003050370396,False,False,False,False,False,False,False,False,False,False,False,False
7.0305614,-0.9454166,0.5785608,0.38264295,-0.0593065382568358,-0.2120831354818782,False,False,False,False,False,False,False,False,False,False,False,False
5.42887,-10.105839,6.400896,-1.5081512,-2.308531482685124,-6.006082322690854,False,False,False,False,False,False,False,False,False,False,False,False
-0.9974327,-2.17976,6.26819,-1.3351715,-0.7482928457352795,-1.5919407196333903,False,False,False,False,False,False,False,False,False,False,False,True
3.50973,9.118245,-1.3739822,-0.5232598,3.1866354520911115,1.294070863298741,False,False,False,False,False,False,False,True,False,False,False,False
-6.697481,6.509902,-5.791833,1.3144705,-1.0296449188991073,2.8500034142878183,False,False,False,False,False,False,False,False,False,False,False,False
1.9566174,-7.321572,3.3802164,-1.1259006,0.0470502745542969,-1.3247345133412405,False,False,False,False,False,False,False,False,False,False,False,False
-6.476785,7.2904234,-3.1024735,7.824479,-0.993688428427732,2.419407320358072,True,False,False,False,False,False,False,False,False,False,False,False
-5.0747705,11.120261,-2.1245914,3.1768293,0.3325767831193451,0.1752659019935036,False,False,False,False,False,False,False,False,False,False,False,False
-5.3629603,7.6531205,-0.3657354,3.0213673,-0.1617608885389947,2.9481518924357486,False,False,False,False,False,False,False,False,False,False,False,False
-13.695825,-3.2728527,-6.64438,-3.838148,-2.4640970885288045,1.35870602766102,True,False,False,False,False,False,False,False,False,False,False,False
-4.978172,2.7449687,3.1348531,8.68004,-1.042489228908514,0.7120028896766281,False,False,False,False,False,False,False,False,False,False,False,False
10.94357,1.7770121,0.31386003,-1.9223636,7.354169065829637,-3.6383904100846896,False,False,False,False,False,False,False,False,False,False,False,False
-4.4831076,2.0522041,-4.48637,-3.0076249,-0.8076906766487686,3.2258729706187306,False,False,False,False,False,False,False,False,False,False,False,False
-4.1401978,-2.8026645,-4.3962865,-1.1831261,-0.6651582760136053,-0.4246212996562144,False,False,False,False,False,False,False,False,False,False,False,False
6.483825,-5.6650367,4.433593,-0.21069244,-0.8577624725827497,-0.3253231921923069,False,False,False,False,False,False,False,False,False,False,False,False
-0.26166624,-9.4317465,4.2650194,-1.9407332,-1.8633253580275229,-1.5637944540703372,False,False,False,False,False,False,False,False,False,False,False,False
1.8881569,-10.292919,4.389188,-3.81926,-2.1742432318820306,-2.217638607066758,False,False,False,False,False,False,False,False,False,False,False,False
1.0097603,-2.3158526,0.6621143,0.33733273,-0.1671379197702632,0.4972857280311391,False,False,False,False,False,False,False,False,False,False,False,False
-10.53917,-0.21199727,-8.066456,-1.9283055,-0.6423050491670347,2.198996939165542,True,False,False,False,False,False,False,False,False,False,False,False
-3.0670457,-3.50914,-1.9459951,-1.0369643,-0.7664055925734964,0.259005797080676,False,False,False,False,False,False,False,False,False,False,False,False
0.055127297,7.487841,-0.8414287,4.037901,1.000806761081506,0.5503781095579661,False,False,False,False,False,False,False,False,False,False,False,False
-5.3090653,4.902769,0.8674728,1.4699702,-0.1509235708986409,0.5755154024751018,True,False,False,False,False,False,False,False,False,False,False,False
5.6772065,-3.4034708,0.84042645,-0.7553853,-2.3910902132377445,-2.5787026990430566,False,False,False,False,False,False,False,False,False,False,False,True
-5.455547,4.1522465,-0.16959114,3.4905434,-0.0143077739717532,0.3836468170654405,True,False,False,False,False,False,False,False,False,False,False,False
3.118334,-2.1211438,2.0058813,-3.3467414,-0.0034757255963667,-0.1902209751342755,False,False,False,False,False,False,False,False,False,False,False,False
10.023373,-0.5737488,1.2181468,-1.2658297,-0.2138625835587293,-1.4791678579785714,False,False,False,False,False,False,False,False,False,False,True,False
4.1349425,10.50692,-2.7155285,1.145631,-0.1075138541002567,3.162705899303184,False,False,False,False,False,False,False,False,False,False,False,False
-3.712176,-1.4872507,9.399705,6.5292144,-0.3908667326991334,0.4218307624799285,False,False,False,False,False,False,False,False,False,False,False,False
10.292395,5.427826,-0.58907664,-0.312238,0.3547933202743954,0.5189694101631209,False,False,False,False,False,False,False,False,False,False,False,False
8.020677,-1.1297879,1.4043528,-0.72435015,-0.5315908912872371,-2.8772470064219746,False,False,False,False,False,False,False,False,False,False,True,True
-3.4740214,6.607995,-5.191318,-1.438901,-0.2072118304230128,1.1049028623519537,False,False,False,False,False,False,False,False,False,False,False,False
1.0789977,-9.621121,6.5101323,-0.84325117,-0.9731227862251192,-2.301770316281937,False,False,False,False,False,False,False,False,False,False,False,True
-8.601507,3.4159412,-3.7958395,-1.8580171,-1.313275651112638,4.19603248662136,False,False,False,False,False,False,False,False,False,False,False,False
3.3727307,-0.692687,1.3613882,-0.29181907,-0.8961509715569708,-0.8362676699207383,True,False,False,False,False,False,False,False,False,False,False,False
4.7938933,2.480251,-2.085644,-1.8474141,0.3580869914749956,-0.3375339567193,False,False,False,False,False,False,False,False,False,False,False,False
8.729785,4.8018203,-2.2282948,0.21451804,5.448557511011323,-0.3265668644282509,False,False,False,False,True,True,False,False,False,False,False,False
-7.998117,1.5182073,5.6460786,7.1522098,-0.5352025415347119,0.966833673213498,False,False,False,False,False,False,False,False,False,False,False,False
-4.0204244,-1.3004481,4.006544,-2.34967,-1.4576653502451415,2.3074434921251723,False,False,False,False,False,False,False,False,False,False,False,False
-8.78177,-4.259529,-1.7407646,-2.6811688,-0.1509235708986409,0.5755154024751018,True,False,False,False,False,False,False,False,False,False,False,False
-9.481777,-5.346993,1.1811092,-0.35565904,-1.1295531626963735,1.4056605545745169,True,False,False,False,False,False,False,False,False,False,False,False
-6.312474,2.0725393,-4.6743946,1.0794506,-1.1670066621664386,-0.2039417491462849,False,False,False,False,False,False,False,False,False,False,False,False
-6.495947,9.762932,-1.4500768,4.1686063,-0.5448509426167445,3.0236856210242635,False,False,False,False,False,False,False,False,False,False,False,False
11.388357,5.2099757,0.801423,-0.5462868,3.104295912304542,-0.4916849881581205,False,False,False,False,True,False,False,False,False,False,False,False
-4.4046307,2.9478824,-2.701887,-2.448768,0.1234964073726152,1.1558159139235424,False,False,False,False,False,False,False,False,False,False,False,False
5.051314,-1.9516529,-2.6500797,-2.66876,-0.4152574468839065,-2.0459899195648577,False,False,False,False,False,False,False,False,False,False,True,False
7.7041173,-2.6670485,1.5825734,-1.9216737,-0.1845033250600325,-2.706453390927525,False,False,False,False,False,False,False,False,True,True,False,False
4.3908405,10.232424,-1.3869694,0.44928288,3.3141330143480943,0.6461920638641543,False,False,False,False,False,False,False,True,False,False,False,False
4.051609,4.017688,0.2521618,-0.19820927,-0.7991238017913284,3.180868168632605,False,False,False,False,False,False,False,False,False,False,False,False
-2.3935146,-2.6964145,-3.8757885,-4.0732927,-0.3735289515136989,-0.257757345215341,False,False,False,False,False,False,False,False,False,False,False,False
5.8061004,1.6989061,0.19179867,-0.49331355,0.0166825847514017,-1.2487816300556165,False,False,False,False,False,False,False,False,False,False,False,False
5.6055927,10.432624,-1.8456097,0.39186394,5.461291787979776,0.2165765705799495,False,False,False,False,False,False,False,True,False,False,False,False
-8.635269,7.989587,-1.6062647,5.182082,-0.2882409896326285,1.2435526885037451,True,False,False,False,False,False,False,False,False,False,False,False
2.7361422,-10.20288,5.8328943,-3.3320324,-1.235329504832282,-1.572991997574525,False,False,False,False,False,False,False,False,False,False,False,False
5.922194,10.044979,-3.3068955,2.677813,9.312053352996484,-0.1976412039159741,False,False,False,False,True,False,True,False,False,False,False,False
4.4265656,9.071124,-3.8378317,-0.22874083,3.342208473317709,0.289540499635698,False,False,False,False,False,False,False,True,False,False,False,False
-9.801462,0.040207647,2.0092359,7.3003078,-1.1916036067229274,-0.4616633536871834,False,False,False,False,False,False,False,False,False,False,False,False
-1.4551414,-3.326313,5.7819333,-1.6867021,-0.4593493880495481,-1.5770389225907646,False,False,False,False,False,False,False,False,False,False,False,False
4.7422075,7.4713707,-2.097653,2.3307095,5.889223459809734,-0.1191427083440434,False,False,False,False,False,True,False,False,False,False,False,False
-2.8073745,11.329826,-1.6986259,4.6391034,0.6983533278297928,2.627699869256332,False,False,False,False,False,False,False,False,False,False,False,False
3.429994,-6.210113,9.395606,-2.855731,-0.4269097828315222,-1.305583755449657,False,False,False,False,False,False,False,False,False,False,False,True
5.7445407,-3.9036038,1.0122942,-0.6680196,-1.123000027675948,-3.210779228098663,False,False,False,False,False,False,False,False,False,False,False,False
-9.012584,5.51641,-5.6379547,1.4574668,-0.6637253516489309,0.3072978965028495,True,False,False,False,False,False,False,False,False,False,False,False
-8.121526,4.187696,-8.164421,-4.6345463,-0.3967989511156501,0.1138565272099598,False,False,False,False,False,False,False,False,False,False,False,False
-10.776354,3.0308192,-9.88245,-5.7449327,-0.9938795185724192,3.603824745232826,False,False,False,False,False,False,False,False,False,False,False,False
3.0151072,5.140721,-0.17540179,-0.6734649,0.3547933202743954,0.5189694101631209,False,False,False,False,False,False,False,False,False,False,False,False
7.7158003,-7.382594,3.8378959,-1.7692875,-0.9679402540232768,-1.9757951903559208,False,False,False,False,False,False,False,False,False,False,False,False
3.1251926,-5.8936934,11.436849,-2.4388068,-1.143980075804835,-1.2722639994454172,True,False,False,False,False,False,False,False,False,True,False,False
-7.0403333,-0.4205508,-6.4588923,-2.4048615,-0.3252817345020118,1.2900503951605828,True,False,False,False,False,False,False,False,False,False,False,False
-8.687984,-4.406248,-6.670791,-2.4155283,-0.8888735746480619,0.941305689279505,True,False,False,False,False,False,False,False,False,False,False,False
3.4881208,7.6347947,-2.9995813,2.955235,4.083854110987549,0.3213278569474015,False,False,False,False,True,False,False,True,False,False,False,False
8.982399,1.3519155,-2.0326498,-1.4629539,-0.9951093278199474,-3.1054995163341217,False,False,False,False,False,False,False,False,True,False,False,True
-10.317235,6.8837533,-4.66302,2.3606474,-0.0895477009962886,2.314401332231661,False,False,False,False,False,False,False,False,False,False,False,False
4.3993664,-8.080796,8.798195,-1.9323668,-1.5592667882333309,-3.891706477444024,False,False,False,False,False,False,False,False,False,True,False,True
3.86785,10.044023,-3.5062227,2.7117498,0.3547933202743954,0.5189694101631209,False,False,False,False,False,False,False,False,False,False,False,False
6.5221763,-3.176262,1.0167779,-0.21040252,-1.0677314685407064,-2.7732637635430164,False,False,False,False,False,False,False,False,False,False,False,True
3.8620102,0.01570784,-0.10783023,-0.7567158,7.327432723279691,-0.7810241894550621,False,False,False,False,True,False,False,True,False,False,False,False
6.6356864,-4.3869534,0.69233996,-0.4064859,-0.0307686356548021,-2.8497098231407576,False,False,False,False,False,False,False,False,False,False,False,True
-5.349864,6.809931,-2.2271924,4.7361026,0.3547933202743954,0.5189694101631209,False,False,False,False,False,False,False,False,False,False,False,False
-0.012390431,-2.5011396,3.9860637,-2.4531517,3.1671662362883546,-0.1732863573702975,False,False,False,False,True,False,True,False,False,False,False,False
-5.968543,-8.012126,0.5934423,-0.6912388,-1.4614085697066523,0.0014417354551294,True,False,False,False,False,False,False,False,False,False,False,False
-9.385367,1.8945625,-0.12186334,4.2859473,-0.4644481101561362,0.2553973529408979,False,False,False,False,False,False,False,False,False,False,False,False
-1.552262,-2.8423767,7.1806564,-1.1222196,-2.190874428784888,1.4232975637780905,True,False,False,True,False,False,False,False,False,False,False,False
7.158388,9.52063,-2.5857975,-2.2538798,6.2877076671338346,-0.6595532066738351,False,False,False,False,True,False,False,False,False,False,False,False
-0.09412967,11.868566,-2.047021,4.0021257,3.906188783326842,5.09551914220877,False,False,False,False,True,False,False,True,False,False,False,False
10.831303,4.4797225,-0.06379381,-0.36561206,9.307145910815276,-1.7428788953109238,False,False,False,False,False,True,False,True,False,False,False,False
10.527931,-0.48081675,1.322487,-0.5374698,-0.5215769024450781,-1.192866932105481,False,False,False,False,False,False,False,False,False,False,False,False
13.271082,1.5223575,-0.9886194,-1.0507842,2.3572236083501843,-1.4939688986714792,False,False,False,False,False,False,False,True,False,False,False,False
-5.3681235,-2.0725238,-2.2744327,-2.9014988,-2.2740593254402945,0.4867638780288689,True,False,False,False,False,False,False,False,False,False,False,False
2.2532792,-4.4876475,1.954089,-2.403408,-0.2396716333621379,-0.664232811917677,False,False,False,False,False,False,False,False,False,False,False,False
10.985632,4.796563,-0.00020504116,-0.45652172,4.684747676295151,-0.9742452340846453,False,False,False,False,False,False,False,False,False,False,False,False
-7.82897,6.664023,-2.0168123,4.953447,-1.4856945660369572,2.269515247617986,True,False,False,False,False,False,False,False,False,False,False,False
5.849379,-5.284087,1.3190413,0.6655398,-0.1366938978912671,0.2581583354130072,False,False,False,False,False,False,False,False,False,False,False,False
3.3657231,10.553265,-4.286217,-0.87279636,3.243571149705626,1.2276668804296815,False,False,False,False,False,False,False,True,False,False,False,False
1.0051527,-1.910673,3.5735455,3.2340875,-0.2695546525345301,-0.610931524583735,False,False,False,False,False,False,False,False,False,False,False,False
7.574745,-4.135291,3.591789,-0.9201617,-0.7429867662557396,-3.026415246199302,False,False,False,False,False,False,False,False,False,False,False,False
6.462189,-2.695517,2.767842,2.701018,-0.8610807554412707,-3.151961417029391,False,False,False,False,False,False,False,False,False,False,False,False
-1.1574888,3.75373,-4.544978,-3.1964824,0.4474348843698397,1.3413784138473157,False,False,False,False,False,False,False,False,False,False,False,False
-8.020444,3.4207633,-4.0442357,-1.7738742,-1.0828889724789994,2.987015915232719,False,False,False,False,False,False,False,False,False,False,False,False
8.870407,5.6508884,0.81442636,-1.123098,8.791650153590567,-0.6070615659612755,False,False,False,False,True,True,False,True,False,False,False,False
7.1649733,0.74337155,1.2763965,-0.9791255,-0.0663001909471034,-1.0838354278877822,False,False,False,False,False,False,False,False,False,False,True,False
-7.141754,3.0810328,-2.2743585,-0.07882585,-0.0708138807843965,1.98037690036465,False,False,False,False,False,False,False,False,False,False,False,False
8.134332,-4.636457,1.7519934,0.17794554,-1.2397962169892411,-3.9067862108230895,False,False,False,False,False,False,False,False,False,False,False,False
-4.4937553,-4.1672773,-1.5087097,-2.3656857,-1.638369197519559,1.908723070820849,True,False,False,True,False,False,False,False,False,False,False,False
-0.2923277,-1.3819367,8.083908,-2.1839776,-0.1267996301109692,-0.14290496504502,False,False,False,False,False,False,False,False,False,False,False,False
1.7483437,-8.1022215,1.5615729,-0.2829527,-0.3380041938908814,-0.4787892702950339,False,False,False,False,False,False,False,False,False,False,False,False
-5.0972233,7.670041,-3.1595316,6.0790176,-0.9755614675499672,3.007727084928377,True,False,False,False,False,False,False,False,False,False,False,False
7.100084,-3.7550957,2.9519124,-0.8844213,0.4275804520795099,-3.1660096771772714,False,False,False,False,False,False,False,False,True,True,False,False
13.029985,1.2817943,1.7240764,-0.4073458,4.776629001177786,-2.102721446847705,False,False,False,False,False,False,False,False,False,False,False,False
-2.8428674,8.89987,-4.1500835,3.6544108,0.3547933202743954,0.5189694101631209,False,False,False,False,False,False,False,False,False,False,False,False
1.9191096,5.1288176,-1.0300306,3.7782087,0.3692847881407998,0.2337168170162948,False,False,False,False,False,False,False,False,False,False,False,False
5.885862,-3.3856287,2.8068094,0.43387702,-0.5045356626163365,-2.039087586396908,False,False,False,False,False,False,False,False,False,False,False,False
-10.824553,-2.3940558,-6.6568007,-2.8585114,-1.982073782775172,2.992930412318434,True,False,False,False,False,False,False,False,False,False,False,False
-11.266565,3.1772556,-9.110702,-3.7714167,-0.4104909296299554,2.6862185120837987,False,False,False,False,False,False,False,False,False,False,False,False
-2.5505207,-8.557068,2.63861,-0.6348972,-0.9905449153484308,0.9635736275673472,True,False,False,False,False,False,False,False,False,False,False,False
-5.722925,-9.174655,1.2368802,-0.26207694,-1.158412986350926,0.1319587048314561,True,False,False,False,False,False,False,False,False,False,False,False
-5.501574,5.265078,-0.92629164,4.286612,-0.5121360365987556,0.3262302229878269,False,False,False,True,False,False,False,False,False,False,False,False
8.463241,2.1917124,0.64235085,-0.3728029,0.4396133677776914,0.069828277506295,False,False,False,False,False,False,False,False,False,False,False,False
-4.0550027,-1.7104989,1.8943802,-1.952719,-0.972965359513166,-0.6402164980821392,False,False,False,False,False,False,False,False,False,False,False,False
-5.3349786,6.2406397,1.2034516,3.180868,-0.730022216458678,2.9754681737055364,False,False,False,False,False,False,False,False,False,False,False,False
2.6018574,-8.454114,3.2077057,-0.2765056,0.372412143777404,-1.1237890981674223,False,False,False,False,False,False,False,False,False,False,False,False
4.988323,-2.2175908,3.3158348,-2.0608935,-1.6706307239794125,-2.36072977374308,False,False,False,False,False,False,False,False,False,False,False,False
2.3806753,10.340929,-2.3488126,2.455678,0.3547933202743954,0.5189694101631209,False,False,False,False,False,False,False,False,False,False,False,False
-1.2315383,-4.6670613,-3.8198326,-3.6866918,-0.6111963677041738,0.6794786444977169,False,False,False,False,False,False,False,False,False,False,False,False
-8.02534,-4.46539,3.9200728,-1.5201521,-0.1509235708986409,0.5755154024751018,True,False,False,False,False,False,False,False,False,False,False,False
-0.5622281,-8.3186865,4.822286,-3.3919623,-0.8574007260773592,-0.3337427231973066,False,False,False,False,False,False,False,False,False,False,False,False
4.691996,-1.7860793,2.6755917,-0.90914726,-0.0321609711172285,-0.2071518798093475,False,False,False,False,False,False,False,False,False,False,False,False
7.020453,7.4708786,3.2752564,1.0966094,3.330256015204543,0.0572966384841711,False,False,False,False,True,False,False,True,False,False,False,False
3.754494,7.956477,-0.9527051,0.40701428,1.1438188058800975,0.5941497521486201,False,False,False,False,False,False,False,False,False,False,False,False
-3.455359,10.744551,-2.636837,2.5939708,-0.4600228954539987,2.718706681450557,False,False,False,False,False,False,False,False,False,False,False,False
8.799415,2.6538053,-0.68919533,0.19983089,0.382568070572775,0.2926075111100931,False,False,False,False,False,False,False,False,False,False,False,False
6.798897,0.19748667,1.6890914,-0.30992752,-0.1551098488868784,-0.9688940702893092,False,False,False,False,False,False,False,False,False,False,False,False
-11.343651,2.643723,-9.145707,-4.0150075,-0.8087687574836667,5.053109827387905,False,False,False,False,False,False,False,False,False,False,False,False
-8.342884,9.250582,-2.9515748,15.959075,-0.6435471118608331,2.850716615548357,False,False,False,False,False,False,False,False,False,False,False,False
-0.25363028,-6.2790585,7.3382397,-4.9847994,-0.5537625554029442,-0.8190759686264532,False,False,False,False,False,False,False,False,False,False,False,False
2.790967,11.213001,-2.8725536,-0.08641907,3.776511808784871,1.122689277443404,False,False,False,False,False,False,False,True,False,False,False,False
7.413717,8.304228,-1.277121,-0.17376193,2.517007806914258,0.3695044589472583,False,False,False,False,True,False,False,False,False,False,False,False
-3.461825,2.4894798,-9.917684,-4.8490577,0.3547933202743954,0.5189694101631209,False,False,False,False,False,False,False,False,False,False,False,False
2.0485435,7.6494527,-2.3511143,-1.7748184,-0.5291537250983435,1.1564973309857152,False,False,False,False,False,False,False,False,False,False,False,False
7.911561,-6.702385,3.9503007,-2.3305216,0.304367892521141,-0.7514968324275975,False,False,False,False,False,False,False,False,False,False,False,False
7.302895,-4.140887,1.6178656,-0.9233389,-0.1551098488868784,-0.9688940702893092,False,False,False,False,False,False,False,False,False,False,False,False
-2.0593657,-8.222681,3.7024212,-2.2366455,-2.4919710452286687,-1.0128439467531745,True,False,False,False,False,False,False,False,False,False,False,False
-5.9977756,5.042926,-0.34031475,2.919119,-1.7127434480467592,1.5355800784169953,True,False,False,False,False,False,False,False,False,False,False,False
2.1479232,-7.5753326,11.0906515,-2.440042,-0.9571618020642124,-1.672133054230315,True,False,False,False,False,False,False,False,False,False,False,True
-7.0496044,-0.9525486,-4.975544,-0.92077905,-1.5626157451476832,2.447770254169233,False,False,False,False,False,False,False,False,False,False,False,False
-10.296031,0.7444869,-6.2715364,-2.9825733,-1.60362777654032,5.830824444131164,False,False,False,False,False,False,False,False,False,False,False,False
5.6249022,-6.661221,8.181205,-0.9629211,-0.9483912418577372,-2.230843441910324,False,False,False,False,False,False,False,False,False,False,False,True
8.443067,8.757462,-2.1309412,2.7517076,9.673067188565922,-0.85295517339085,False,False,False,False,False,True,False,False,False,False,False,False
9.03839,0.50920296,0.18368353,-0.020386126,0.7864747358641077,-0.749892575481103,False,False,False,False,False,False,False,False,False,False,False,False
6.919272,8.224484,-1.6019852,-0.8000418,0.562844988444422,0.2816552113136342,False,False,False,False,False,False,False,False,False,False,False,False
-3.3312094,2.916734,-1.5028104,8.379088,-0.7551730323041853,-0.2055134117845471,False,False,False,False,False,False,False,False,False,False,False,False
-4.8896704,-4.907069,-5.886997,-2.1140988,-1.6785469364769765,-0.6043794292091097,True,False,False,True,False,False,False,False,False,False,False,False
1.8763627,-5.7056804,-0.030823998,-3.355346,-0.3293058592615165,0.0446783567731018,False,False,False,False,False,False,False,False,False,False,False,False
-8.287695,-3.3802114,-3.2571526,-0.35458317,-0.5316042492530413,1.5674714552265068,False,False,False,False,False,False,False,False,False,False,False,False
-0.5346409,-10.307094,6.7040486,-3.699508,-0.9718252396298902,0.1341836091194587,True,False,False,False,False,False,False,False,False,False,False,False
11.262706,4.084592,0.26721212,-0.836506,8.06187275677727,-1.3237258331393575,False,False,False,False,True,True,False,False,False,False,False,False
-4.7464066,4.2450185,-6.3601875,-1.652474,2.8281781759918565,0.6145620738213813,False,False,False,False,False,False,False,False,False,False,False,False
4.553195,-0.214318,-0.6061195,3.4653335,1.245444932520314,-0.151772398732303,False,False,False,False,False,False,False,False,False,False,False,False
-5.2831783,5.975135,1.2231046,4.6118116,0.7323299477016626,3.835294298784267,False,False,False,False,False,False,False,False,False,False,False,False
-3.4203544,1.2901751,-4.870624,-1.8725274,-0.5739955055135052,2.756074862130054,False,False,False,False,False,False,False,False,False,False,False,False
-0.10743994,-7.456782,3.6723714,-3.0384195,-2.236091372660162,-0.781720187325838,True,False,False,False,False,False,False,False,False,False,False,False
-8.575317,3.221687,-0.67497385,3.114442,-1.395720379280714,1.8304535556175767,True,False,False,False,False,False,False,False,False,False,False,False
7.2554593,-6.759942,1.323304,-1.8453665,-1.6017457517221465,-2.738026544391766,False,False,False,False,False,False,False,False,False,False,False,False
3.45117,-3.0555363,5.3269897,-4.457154,0.0765328134976027,-0.1052389768505517,False,False,False,False,False,False,False,False,False,False,False,False
7.2663827,-5.848563,4.5868425,-0.9050973,-2.4313182997243725,-5.195352251379266,False,False,False,False,False,False,False,False,False,False,False,False
-9.906542,7.3287697,-4.863707,4.3585706,0.1195804898689173,1.0149479856138908,False,False,False,False,False,False,False,False,False,False,False,False
6.012942,-4.9115343,4.1195383,-0.67628044,-0.914693641155084,-2.393949450032245,False,False,False,False,False,False,False,False,False,False,False,False
10.38645,2.1508245,2.7859037,-0.45790568,2.944785792121375,0.045453282685915,False,False,False,False,True,False,False,False,False,False,False,False
-6.0256104,-0.7916815,-6.7053537,-2.9569414,-0.2881862918856447,0.8548409099305615,True,False,False,False,False,False,False,False,False,False,False,False
-7.618399,8.00358,-3.6822817,2.3174298,-0.684469719397029,2.349849495869903,True,False,False,False,False,False,False,False,False,False,False,False
-4.0656347,-0.33999008,-3.2252712,-2.2172105,-0.1469587305533371,1.0101476585425628,False,False,False,False,False,False,False,False,False,False,False,False
3.224151,3.1291008,-1.2064455,-1.6785449,-0.3195460916936914,1.0803480715506175,False,False,False,False,False,False,False,False,False,False,False,False
4.5055237,-3.1419508,3.5170736,-2.1907063,0.7091994931405639,0.1622345381289353,False,False,False,False,False,False,False,False,False,False,False,False
-7.914328,-0.07317164,-5.2209287,1.4741606,-1.7802045218506264,0.4843192962200331,True,False,False,False,False,False,False,False,False,False,False,False
-9.35396,-1.674501,-0.58166015,5.5373363,-1.8413948322994784,0.2292598502800798,True,False,False,False,False,False,False,False,False,False,False,False
2.641407,-0.6397263,2.7236366,-1.5227586,0.8329324866827579,0.4879956952909119,False,False,False,False,False,False,False,False,False,False,False,False
-3.4913268,3.6250827,-3.6817548,1.6329136,-1.4470649691538775,-0.4124140743467134,True,False,False,False,False,False,False,False,False,False,False,False
-3.8539298,9.588123,-0.8242518,5.4765406,0.3921486548569011,0.8859359986072909,False,False,False,False,False,False,False,False,False,False,False,False
-6.119843,9.7272415,-5.033929,2.7136736,-0.5497061661913274,2.4502669486834776,False,False,False,False,False,False,False,False,False,False,False,False
6.379608,0.39653313,1.4589748,-0.8575855,-0.5288209809349629,-2.604280858358857,False,False,False,False,False,False,False,False,False,False,False,False
-0.8129653,-9.575233,6.7040486,-3.699508,0.1112196611266844,-0.105321706746557,False,False,False,False,False,False,False,False,False,False,False,False
-5.8905535,-2.3567991,-5.958605,-4.418862,-1.278427864969704,1.0068661474215472,True,False,False,False,False,False,False,False,False,False,False,False
2.9306977,-8.305473,2.4186637,-1.7190794,-1.0440567878017133,-2.4396669053690734,False,False,False,False,False,False,False,False,False,False,False,True
2.1345055,3.980043,-2.4166613,-1.9521753,-0.0464831216932617,-0.9816663062588188,False,False,False,False,False,False,False,False,False,False,False,False
-7.208815,3.1817944,2.45034,7.860722,-0.3113365260440106,1.0392958224460076,False,False,False,False,False,False,False,False,False,False,False,False
-7.442886,1.6045508,3.3974984,7.1881247,-1.090074980242414,0.9279227156217964,True,False,False,False,False,False,False,False,False,False,False,False
-10.474872,0.508984,-7.212204,-1.7983079,-0.6175045547130033,1.8315093912947065,False,False,False,False,False,False,False,False,False,False,False,False
2.6205528,-5.1892004,11.33743,-2.5102243,-0.5875970018528872,-1.2758783120261692,False,False,False,False,False,False,False,False,False,False,False,False
7.742635,9.1683445,-2.9253144,-1.2286363,4.088018039820305,0.0499727585662303,False,False,False,False,True,False,False,True,False,False,False,False
3.1248012,-2.0473773,3.5170736,-2.1907063,-0.1267996301109692,-0.14290496504502,False,False,False,False,False,False,False,False,False,False,False,False
-3.831613,10.485097,-1.8979801,3.5730646,0.5924916823746007,3.1118485920513024,False,False,False,False,False,False,False,False,False,False,False,False
-6.265691,8.8045435,-2.4267213,4.5470686,0.2883243503158494,3.239497987387113,False,False,False,False,False,False,False,False,False,False,False,False
8.254029,-2.3369706,0.780703,-1.4699554,1.7552295261851374,-1.1761187854502684,False,False,False,False,False,False,False,False,False,False,False,False
-8.986943,4.6846585,1.2124953,12.444892,-1.3218863972146355,1.444964213930794,True,False,False,False,False,False,False,False,False,False,False,False
3.344904,-3.1840012,0.6272984,-0.59903955,-0.0593065382568358,-0.2120831354818782,False,False,False,False,False,False,False,False,False,False,False,False
12.644874,0.109495655,0.64998585,-0.992367,2.290853350776689,-3.223955395364292,False,False,False,False,False,False,False,False,False,False,True,False
-0.03348433,-6.9121027,2.8599908,-2.2803266,-0.1802630723339112,0.1448478940520099,False,False,False,False,False,False,False,False,False,False,False,False
4.204072,8.689689,-2.4232535,-1.0428668,3.440053028676481,0.6037802953943503,False,False,False,False,False,False,False,True,False,False,False,False
-8.060263,0.7922528,6.1112256,7.06508,-0.8984505200666513,0.4109443213768762,True,False,False,False,False,False,False,False,False,False,False,False
-2.9318967,-9.111266,4.1233416,-1.3143972,-1.37473122023647,-2.081776731734154,True,False,False,False,False,False,False,False,False,False,False,False
3.7543292,-7.612818,6.627251,-3.1162133,-2.4872272695816657,-4.165898351025927,False,False,False,False,False,False,False,False,False,False,False,False
2.752295,-5.4108834,2.2576044,-1.3994304,-0.1203039277834166,0.8729880317682689,False,False,False,False,False,False,False,False,False,False,False,False
1.6941563,-6.5087237,2.4925961,-3.18003,-0.3105848230361915,-0.1174512347628839,False,False,False,False,False,False,False,False,False,False,False,False
-9.191847,1.711694,-6.2206373,0.54783183,-0.6306706375244535,0.2000063866790518,False,False,False,False,False,False,False,False,False,False,False,False
7.2875276,3.716897,0.81855214,-0.81758004,-0.0028666586204812,-0.1706778977402626,False,False,False,False,False,False,False,False,False,False,False,False
7.6783094,10.83165,-5.0982656,3.2185793,7.400103879416084,0.1041740299192023,False,False,False,False,True,False,False,True,False,False,False,False
-10.562889,1.6196884,0.89139694,13.726609,-1.652559414192788,2.3310871033279987,True,False,False,False,False,False,False,False,False,False,False,False
-3.9783401,2.836192,-3.5122254,-1.2041906,0.0900041317550675,1.6628114189828782,False,False,False,False,False,False,False,False,False,False,False,False
-1.8965831,-7.592924,0.4297689,-1.5778726,-0.0593065382568358,-0.2120831354818782,False,False,False,False,False,False,False,False,False,False,False,False
-6.3535805,3.8805776,2.14547,7.0099707,0.3603185211152281,-0.7424967348855009,False,False,False,False,False,False,False,False,False,False,False,False
-5.5000725,1.4448252,-1.638469,4.1037636,-1.0742713327571791,0.1573992773673516,True,False,False,False,False,False,False,False,False,False,False,False
-5.207911,7.814757,-0.7470006,3.1364791,-1.1763335164271944,5.1501642376651,False,False,False,False,False,False,False,False,False,False,False,False
4.242256,-7.326851,9.228717,-1.8789116,-0.9731227862251192,-2.301770316281937,False,False,False,False,False,False,False,False,False,False,False,True
-6.5317144,-1.1235893,-4.8879895,-1.5357604,-0.6395996744923629,0.710891952678163,False,False,False,False,False,False,False,False,False,False,False,False
5.4494705,-3.247369,1.9096884,-1.992948,0.3425670884929337,-0.6529651105711317,False,False,False,False,False,False,False,False,False,False,False,False
-8.34013,-0.06294547,-5.4114842,1.9488561,-0.6052201794917492,0.2149098745003053,True,False,False,False,False,False,False,False,False,False,False,False
-5.5023656,-7.3915267,4.2624383,0.6969909,-0.9043321477757568,0.0650054386826009,True,False,False,False,False,False,False,False,False,False,False,False
-9.783033,-1.2320299,-2.2171376,4.009159,-0.5643165908879323,0.4338345514546439,True,False,False,False,False,False,False,False,False,False,False,False
-6.689126,-5.3608522,-0.45235538,-0.9538638,-1.6035845600249206,1.3577501237540657,True,False,True,False,False,False,False,False,False,False,False,False
10.425263,5.828167,-2.3722322,-1.5526122,9.395787711477777,-0.6444953626641623,False,False,False,False,True,False,False,True,False,False,False,False
-6.3067675,1.8084885,-0.69903094,4.243932,-2.405144899947271,3.353024091132569,True,False,False,False,False,False,False,False,False,False,False,False
6.938026,-0.16533647,1.0230918,-0.8490071,-0.8101613365543758,-1.3674900845728173,False,False,False,False,False,False,False,False,False,False,False,False
-5.6449833,0.35867873,-5.003059,-1.4519699,-0.5867556629025693,0.1056399670482181,False,False,False,False,False,False,False,False,False,False,False,False
-3.910045,9.515545,-2.7014635,5.5096,-0.1239533015033278,1.1261929458339843,False,False,False,False,False,False,False,False,False,False,False,False
3.189575,-7.837894,2.7514405,-1.7551268,-1.013138494939921,-1.3332358258274897,False,False,False,False,False,False,False,False,False,False,False,False
-10.7340555,-0.44250757,-4.8964686,-2.7631555,-1.0688445484158362,1.0283928162538996,True,True,False,False,False,False,False,False,False,False,False,False
7.722074,-0.6050754,-3.8846195,-2.5394742,-0.1467943001228347,-6.76348032154166,False,False,False,False,False,False,False,False,False,False,True,False
1.5370903,-6.1396475,5.636544,-5.406661,-1.9734747137883228,-1.3453335864192892,False,False,False,False,False,False,False,False,False,False,False,False
-7.455006,2.4829125,-2.3094718,2.12624,0.1383143100808097,0.680923553746882,False,False,False,False,False,False,False,False,False,False,False,False
-7.1864953,5.206838,-0.14285119,3.3679118,-0.5946157957082587,2.0281966904829503,False,False,False,False,False,False,False,False,False,False,False,False
8.372106,-3.7930462,0.9645532,-1.3501472,-0.1931638564083969,0.1943923312204577,False,False,False,False,False,False,False,False,False,False,False,False
2.7327309,-0.5975571,1.8969043,-0.13013926,-1.323265380063357,-2.0986207875970937,False,False,False,False,False,False,False,False,False,False,False,False
4.4544907,-3.2161775,6.0865264,1.6037825,-1.0046023392888306,-1.3933466192054904,False,False,False,False,False,False,False,False,False,False,False,False
6.5188904,1.4565549,1.0505899,-0.30227634,0.5261415387225895,-1.6488887473652791,False,False,False,False,False,False,False,False,False,False,False,False
3.2962961,-3.3174896,2.6524029,-0.2203703,-0.9401679750125388,-0.5950456610876628,False,False,False,False,False,False,False,False,False,False,False,True
-8.401057,6.360781,-0.55362046,5.186218,-0.3712468503211765,2.02822969884955,False,False,False,False,False,False,False,False,False,False,False,False
12.990037,0.08556769,1.0623304,-0.3867628,2.655133271264232,-3.648491278259574,False,False,False,False,False,False,False,False,False,False,True,False
8.031322,-2.7422178,2.0290663,-1.2568244,-0.2690136878300954,-3.0643087850262023,False,False,False,False,False,False,False,False,True,False,True,False
4.70576,-6.6669374,8.297249,-1.3662722,-1.8052144859348769,-2.2490753339140968,False,False,False,False,False,False,False,False,False,False,False,False
7.4234457,-7.778461,2.8836825,-1.0712407,-0.5030010329471107,-1.5418871667558318,False,False,False,False,False,False,False,False,False,False,False,False
-8.073952,1.5692422,-10.213661,-5.4540415,-0.8888735746480619,0.941305689279505,True,False,False,False,False,False,False,False,False,False,False,False
-3.4603925,-6.9279385,3.2524245,1.8511319,-2.408158991733562,-0.7645154816336014,True,False,False,False,False,False,False,False,False,False,False,False
11.129612,4.6133227,0.11076049,-0.85307014,4.958525099303405,-0.227124432701017,False,False,False,False,False,False,False,False,False,False,False,False
-5.559763,10.310875,-1.4412112,2.5773547,-0.7153562121742639,3.20240470074622,False,False,False,False,False,False,False,False,False,False,False,False
-6.485858,5.5215206,-4.088357,1.5366249,-1.003066386992823,1.446328953726001,True,False,False,True,False,False,False,False,False,False,False,False
9.443075,3.0998468,0.7826762,-0.78121614,0.5184249079814525,-0.5808725168931105,False,False,False,False,False,False,False,False,False,False,False,False
5.705741,8.495468,-2.6264365,-2.0018175,0.7276946025875944,0.8103540490239773,False,False,False,False,False,False,False,False,False,False,False,False
-8.816255,-2.4419973,-4.2435846,-2.3216672,-1.0072302887974092,0.6126033999271875,True,False,False,False,False,False,False,False,False,False,False,False
7.304264,4.72458,-0.97983956,-1.2148225,0.3547933202743954,0.5189694101631209,False,False,False,False,False,False,False,False,False,False,False,False
8.651001,7.747512,-1.567941,-2.0189972,7.59144252060168,-0.4345445113211263,False,False,False,False,True,False,True,False,False,False,False,False
-4.91219,2.0629048,-5.926266,-4.3546796,-0.4040621404189412,2.431497219913933,False,False,False,False,False,False,False,False,False,False,False,False
-7.0798535,11.019639,-1.8281393,5.376115,-0.0152394088115159,1.2994332364830952,False,False,False,False,False,False,False,False,False,False,False,False
-12.29201,-3.7316203,-5.2072797,-2.5902457,-1.681343527414353,-0.001748898495559,True,False,False,False,False,False,False,False,False,False,False,False
11.710449,6.0206003,-0.049035244,-0.19755112,7.837395516281296,-1.0741868770361558,False,False,False,False,False,False,False,True,False,False,False,False
8.31786,-5.6589503,2.3097053,-1.1187218,-0.2396716333621379,-0.664232811917677,False,False,False,False,False,False,False,False,False,False,False,False
7.780851,3.7271805,-2.8483758,-0.41333804,2.369098485624248,-1.5347652324264485,False,False,False,False,False,False,False,False,False,False,False,False
10.720043,6.3423557,-0.8998042,-0.1460665,7.2645942397541985,-0.5757049119586246,False,False,False,False,False,False,False,False,False,False,False,False
6.697286,-5.9839916,1.3408824,-0.3460581,-1.5281939416257175,-4.256672392935106,False,False,False,False,False,False,False,False,False,False,False,False
7.6736326,-2.5052147,2.4767394,0.15759565,-0.9970565249975086,-5.044532814348393,False,False,False,False,False,False,False,False,False,False,False,False
4.683301,11.002468,-2.0650632,-0.424297,5.253522791177491,0.7835043762763176,False,False,False,False,False,False,False,True,False,False,False,False
-5.07567,1.9037254,-3.1489778,-1.0294136,-1.313114846097106,3.292865412734604,False,False,False,False,False,False,False,False,False,False,False,False
11.689101,5.375436,1.5780381,-0.48827374,4.209659327729399,0.1202223802830193,False,False,False,False,True,False,False,True,False,False,False,False
6.109042,-7.3864603,5.8769026,-0.43426147,-0.4229562274659227,-0.4148650371759005,False,False,False,False,False,False,False,False,False,False,False,False
-2.3236747,-1.4320202,5.6519256,7.8168225,-0.1509235708986409,0.5755154024751018,True,False,False,False,False,False,False,False,False,False,False,False
11.110448,4.295352,-0.63561666,-0.91467196,2.6053645233930256,-0.549702631601408,False,False,False,False,False,False,False,False,False,False,False,False
8.968692,-0.7299795,0.31724432,-0.8985631,0.1244958887771295,-1.2961861212020438,False,False,False,False,False,False,False,False,False,False,False,False
3.4711602,-4.170161,6.5942545,-0.17950274,-1.4178868198513055,-2.4147783703623937,False,False,False,False,False,False,False,False,False,False,False,False
-5.1708956,2.6709704,-4.748756,-1.730906,-0.6611289531590493,0.9139833635293186,False,False,False,False,False,False,False,False,False,False,False,False
0.64678586,-7.863282,4.57811,-3.1610558,-0.2372551646595758,-0.6319992907003146,False,False,False,False,False,False,False,False,False,False,False,False
-0.07013482,5.670577,-8.172415,2.4927025,0.3547933202743954,0.5189694101631209,False,False,False,False,False,False,False,False,False,False,False,False
-2.5350442,5.8641505,0.6872555,3.6193397,0.3547933202743954,0.5189694101631209,False,False,False,False,False,False,False,False,False,False,False,False
5.511877,5.000148,-3.5763483,-2.6565099,1.8069439676029004,-0.9908203731309476,False,False,False,False,False,False,False,True,False,False,False,False
-12.257047,-0.23803782,-5.4982924,-2.5862339,-0.1479566991413973,1.8564169179874968,False,False,False,False,False,False,False,False,False,False,False,False
-10.003754,2.5049932,-9.856214,-5.6452975,-1.020045863018131,4.483336039203491,False,False,False,False,False,False,False,False,False,False,False,False
8.144319,7.5849915,-2.336259,2.2319252,5.956498926907515,-0.0148423146177738,False,False,False,False,False,False,False,True,False,False,False,False
-7.530543,10.318066,-1.8119276,3.0223875,-0.2583416711508683,4.40703837025875,False,False,False,False,False,False,False,False,False,False,False,False
0.22986308,-9.287043,3.9600897,-1.8179377,-1.431385659931176,-0.8386645524650547,True,False,False,False,False,False,False,False,False,False,False,False
4.5066037,-9.843913,1.2247118,-1.2505935,-0.2396716333621379,-0.664232811917677,False,False,False,False,False,False,False,False,False,False,False,False
6.8800573,-3.8827555,2.2117183,0.5882503,-0.9195257694309658,-1.4260085486788243,False,False,False,False,False,False,False,False,False,False,False,False
-6.158091,-6.743429,-0.2235125,-0.6940246,-2.148895210754932,0.4548056764625355,True,True,False,False,False,False,False,False,False,False,False,False
7.798123,3.6852598,-1.4092736,-0.08108394,4.603965683000308,-0.2023715259503693,False,False,False,False,True,False,False,False,False,False,False,False
8.892845,3.1669612,-0.6998311,-1.1523111,0.4346686271069475,-1.340509920339327,False,False,False,False,False,False,False,False,False,False,False,False
5.9428697,5.1358294,1.6507595,-0.8749966,3.2915335111576467,0.1226209635294625,False,False,False,False,False,False,False,True,False,False,False,False
6.4831996,-2.7927632,3.0069842,-0.01006696,-1.0020150061264697,-2.9638433808357063,False,False,False,False,False,False,False,False,False,False,False,False
11.193429,-0.14757493,5.697637,-0.85432935,2.955258489609522,-3.0961997471356844,False,False,False,False,False,True,False,False,False,False,False,False
3.9879098,12.345761,-1.7604085,1.4533498,4.314377502237051,1.3064436291480146,False,False,False,False,False,False,False,False,False,False,False,False
-5.6207757,7.741036,-6.9211783,2.0793967,-0.392850691155712,1.8516792141903848,False,False,False,False,False,False,False,False,False,False,False,False
-0.5966035,-3.19466,-0.9434226,-9.825209,-0.3219233777814012,-1.6710651757878716,False,False,False,False,False,False,False,False,False,False,False,False
-9.586729,0.2888204,-7.0710893,-3.2103443,-0.7085084795427605,1.3934553657153033,True,False,False,False,False,False,False,False,False,False,False,False
-1.4673426,-6.79834,5.391735,1.3622298,-1.5641403956857285,-1.1468782559689945,False,False,False,False,False,False,False,False,False,False,False,False
1.2109752,-8.442438,8.284063,-1.7678934,-0.8693562778615073,-1.972614162411708,False,False,False,False,False,False,False,False,False,False,False,False
5.3525057,10.557851,-0.37569517,-0.10088575,3.2740659770609097,0.881023443732977,False,False,False,False,False,False,False,True,False,False,False,False
4.641763,-7.1332436,6.5489526,-1.9017606,-1.7427008326182802,-2.340310944957169,False,False,False,False,False,False,False,False,False,False,False,True
7.8026495,-6.915913,1.9044163,-0.63828295,-0.6153584373722145,-1.553657944014636,False,False,False,False,False,False,False,False,False,False,False,False
5.785769,-4.146098,3.4674013,0.19055082,-0.9205280099397924,-2.8757028106467644,False,False,False,False,False,False,False,False,False,False,True,True
-4.6607914,-3.7253425,-3.224955,-2.8282523,-1.4183047328966722,0.7457091664759387,True,False,False,False,False,False,False,False,False,False,False,False
7.263483,-3.7427325,2.2238114,-0.29578713,-0.5797544499409261,-1.448813286004017,False,False,False,False,False,False,False,False,False,False,False,False
-6.845345,-5.836972,0.13478842,-1.0306299,-1.8414450398149624,-1.2859476276568729,True,False,False,False,False,False,False,False,False,False,False,False
-4.598883,5.7020307,-0.06616247,4.0306993,-1.2361479527408288,4.846764480990569,False,False,False,False,False,False,False,False,False,False,False,False
-5.771786,3.7673526,-1.7235608,9.053328,-1.555104265980372,0.9133754370444104,True,False,False,False,False,False,False,False,False,False,False,True
5.858361,8.831781,-0.77551085,0.5916686,2.984726919567976,0.810003845451389,False,False,False,False,False,False,False,True,False,False,False,False
-4.5922194,-3.8771782,-1.7271811,-3.2126226,-2.195426783211962,-1.464353534611785,False,False,True,True,False,False,False,False,False,False,False,False
-9.875469,-1.3880299,-4.7784796,-2.0273206,-0.7544597451080214,3.0992246651027955,False,False,False,False,False,False,False,False,False,False,False,False
7.3910317,2.269173,0.8160733,1.2020805,0.3547933202743954,0.5189694101631209,False,False,False,False,False,False,False,False,False,False,False,False
4.463774,-3.0229478,7.003436,-2.3562121,1.0769472747032778,-0.744874790374781,False,False,False,False,False,False,False,False,False,False,False,False
0.6577387,-3.8594847,-2.0247483,1.5193497,-0.4948755613575404,-1.8741771154591336,True,False,False,False,False,False,False,False,False,False,False,False
11.551483,2.5950174,1.5668359,1.0861241,7.79175055689912,-3.665816502841035,False,False,False,False,False,False,False,False,False,False,False,False
9.158756,5.5033937,-3.2648108,-1.7497525,5.868839218608333,-0.1276024283532656,False,False,False,False,True,False,False,True,False,False,False,False
-2.3194578,10.992975,-1.266358,2.663,2.533947958795608,5.863662115512383,False,False,False,False,False,False,False,True,False,False,False,False
7.3589334,-0.66465354,0.65628684,-1.0077264,0.6458468670806299,-3.785992839608808,False,False,False,False,False,False,False,False,True,True,True,False
3.6200488,-6.813684,8.942543,-1.5182039,-0.2907411985227717,-0.6449717709884025,False,False,False,False,False,False,False,False,False,False,False,False
3.515632,-4.390953,1.5765013,-1.9080709,-0.1351828747942238,1.5847463562516473,False,False,True,False,False,False,False,False,False,False,False,False
-1.6920327,-4.4865437,-0.027849037,-9.026968,-0.1836693436745545,-1.07040686218239,False,False,False,False,False,False,False,False,False,False,False,False
4.9331026,11.496855,-2.913905,-0.57274634,3.312844483764575,0.2789460489615068,False,False,False,False,True,False,True,False,False,False,False,False
-4.9971447,11.942267,-1.9938191,5.0841846,-0.9130716444926646,5.335241422777223,False,False,False,False,False,False,False,False,False,False,False,False
-10.279548,7.5555387,-9.738542,1.872576,-0.5559557197377542,1.342833648632767,True,False,False,False,False,False,False,False,False,False,False,False
-8.024716,1.2577244,0.62831795,7.873618,-1.2597823749653896,-0.3704832971311698,True,False,False,False,False,False,False,False,False,False,False,False
9.166231,5.421325,2.3728352,-2.260376,6.77111834632132,-0.3333821532078201,False,False,False,False,True,False,False,True,False,False,False,False
-4.504547,6.7191143,-2.2035098,4.171972,-1.1179069518067308,-0.3392723918693698,False,False,False,False,False,False,False,False,False,False,False,False
4.551702,8.880011,-1.972361,1.3652573,1.4672300498661834,0.1430988498633145,False,False,False,False,False,False,False,False,False,False,False,False
-6.3857675,1.6020663,-3.898055,-3.4470127,-0.2228993328129032,2.0885147817896725,False,False,False,False,False,False,False,False,False,False,False,False
4.6198983,-7.9053044,4.7033935,-2.3851922,0.5319222639605704,-1.660927369011458,False,False,False,False,False,False,False,False,False,False,False,False
-5.319769,2.7386403,-3.5736864,2.6993496,-0.615038009714552,1.4143538737278178,False,False,False,False,False,False,False,False,False,False,False,False
6.8789682,-3.7605338,3.3433437,-0.8599522,-0.037991096198334,-0.6181744558505862,False,False,False,False,False,False,False,False,False,False,False,False
-9.777928,-3.0444264,-5.3677177,-5.5041933,-0.2643398532815628,2.485823270902079,False,False,False,False,False,False,False,False,False,False,False,False
1.1143224,-8.38271,2.9232888,-2.7964678,-0.2618374160466206,0.9574354887962518,False,False,False,False,False,False,False,False,False,False,False,False
-7.2168264,7.9424562,-3.6013968,4.0176272,0.3547933202743954,0.5189694101631209,False,False,False,False,False,False,False,False,False,False,False,False
-6.633891,-1.522567,-5.788559,-2.5460086,-0.7317539674113257,0.829040520573465,False,False,False,False,False,False,False,False,False,False,False,False
4.626991,-3.9116166,4.355972,-1.3798862,1.2282950873844949,-1.9791160480395305,False,False,False,False,False,False,False,False,False,False,False,False
-0.95963377,0.15933669,-1.8244847,-8.121914,-0.4204811640346589,-0.4863002203699745,False,False,False,False,False,False,False,False,False,False,False,False
-9.440043,-0.726896,1.7480352,8.165928,-0.8290809925454687,1.5795274095264047,False,False,False,False,False,False,False,False,False,False,False,False
-9.006744,-4.6797686,2.4183133,0.3539611,-0.06577220895722,0.3901150207376264,True,False,False,False,False,False,False,False,False,False,False,False
6.555772,-0.21370088,1.0207943,-1.0435536,0.864617727986425,-0.0474291607284298,False,False,False,False,False,False,False,False,False,False,False,False
8.018455,-4.048342,0.82523453,-0.9152299,-0.7141484485192092,-0.4627971821367053,False,False,False,False,False,False,False,False,False,False,False,False
-6.909163,-5.276732,0.31310105,-2.7098134,-0.5629313283884236,-0.7402893673994534,True,False,False,False,False,False,False,False,False,False,False,False
-1.4492863,-4.513593,7.005153,5.014572,-1.5651228432082185,-0.0404576583647571,True,False,False,False,False,False,False,False,False,False,False,True
0.85802025,10.8815975,-1.6743107,1.3384854,0.5840835515216638,0.3854591067003913,False,False,False,False,False,False,False,False,False,False,False,False
-5.9767094,1.3759229,-3.6736274,-1.4980717,-1.4278490647286153,2.667937768767141,False,False,False,False,False,False,False,False,False,False,False,False
-2.25813,-5.285774,-2.2653763,-4.564889,-1.2170323386956885,-1.6564293646245498,False,False,False,True,False,False,False,False,False,False,False,False
-8.428838,-7.684359,0.9968714,0.87503463,-2.2445852262222754,-1.6715571905157915,True,False,False,False,False,False,False,False,False,False,False,False
4.3604584,-8.570027,10.462512,-1.7007601,-1.0835686386897063,-2.764760126456105,False,False,False,False,False,False,False,False,False,False,False,True
-8.005322,11.53724,-1.5711297,4.411854,-2.2897656742747903,5.816331442674337,True,False,False,False,False,False,False,False,False,False,False,False
9.365928,1.5321407,0.8925907,-0.724823,2.279073431206156,-2.673030060214629,False,False,False,False,False,False,False,False,False,False,False,False
8.830955,-0.18264943,0.69724995,0.28354993,0.1097342769279609,-1.7621917289957576,False,False,False,False,False,False,False,False,False,False,False,False
2.9455245,-6.840405,3.7350152,-0.0800032,-0.8424353624973143,-0.8185706272772509,False,False,False,False,False,False,False,False,False,False,False,False
5.6297574,6.0841436,-1.2352923,1.2663302,0.9591943299387538,-0.0222930652462611,False,False,False,False,False,False,False,False,False,False,False,False
-7.414402,-7.82756,1.8781489,-0.10533248,-0.7400389512023232,-0.2151955364318576,False,False,False,False,False,False,False,False,False,False,False,False
-5.895472,8.7905,-2.7563336,3.1626933,-0.8610553894764845,2.4646917859571387,False,False,False,False,False,False,False,False,False,False,False,False
5.7339683,-1.7007354,3.6214905,-1.2243321,0.2943141124903527,-0.6721573938637699,False,False,False,False,False,False,False,False,False,False,False,False
1.9320555,-3.113921,10.668362,-2.2216222,0.1112196611266844,-0.105321706746557,False,False,False,False,False,False,False,False,False,False,False,False
-9.059675,3.3348734,-2.5755005,1.4089656,-0.9420730351987896,2.950041710866308,True,False,False,False,False,False,False,False,False,False,False,False
-6.928002,6.52104,-2.4232178,5.899956,0.1536339656952903,0.8977535176000432,False,False,False,False,False,False,False,False,False,False,False,False
5.849379,-5.284087,1.3190413,0.6655398,-0.1366938978912671,0.2581583354130072,False,False,False,False,False,False,False,False,False,False,False,False
6.4796968,-5.867698,4.1143036,-0.39757794,-1.723349969931535,-3.8319571507288455,False,False,False,False,False,False,False,False,False,False,False,False
-1.4673426,-6.79834,5.391735,1.3622298,-2.4779299418371967,-2.0626796974790467,True,False,False,False,False,False,False,False,False,False,False,False
7.1700974,-1.3788109,1.5076952,0.32728195,-0.3516207056643627,-2.8079472875692804,False,False,False,False,False,False,False,False,False,False,False,True
-2.763939,-1.8595495,-4.8833804,-4.011912,-0.8194507890708392,0.1061501534025779,False,False,False,False,False,False,False,False,False,False,False,False
1.1462038,-2.4582417,1.551175,-2.0783947,-0.4666232779955043,0.712715642801745,False,False,False,False,False,False,False,False,False,False,False,False
5.115024,-9.004986,4.743627,-1.2209351,-2.042593476924164,-3.5183215835390107,False,False,False,False,False,False,False,False,False,False,False,False
11.166923,4.761706,-0.16600831,-0.3467407,6.866826195969336,-2.9592875384512576,False,False,False,False,False,False,False,False,False,False,False,False
-4.2628474,-1.2939987,-5.1883264,-5.022131,-0.3451299088004252,0.6484558391755454,True,False,False,False,False,False,False,False,False,False,False,False
-3.5163581,0.76568073,2.5196238,6.2377524,0.3547933202743954,0.5189694101631209,False,False,False,False,False,False,False,False,False,False,False,False
-9.1504965,-0.60553634,-3.6458962,-2.3095584,-1.0251497332254669,1.297112028756363,True,False,False,False,False,False,False,False,False,False,False,False
3.6642878,11.576979,-1.8850203,-0.17881043,4.092961324086694,0.6459184983072189,False,False,False,False,False,False,False,True,False,False,False,False
6.4474826,-5.6069946,3.3572488,-1.1175569,-1.5940603817623566,-3.908591595659552,False,False,False,False,False,False,False,False,False,False,False,False
-6.6907454,-3.0146976,2.849617,7.2364845,-1.7503000506778732,-1.4055940225712686,True,False,False,False,False,False,False,False,False,False,False,False
2.12111,-6.0481906,6.9780493,-2.0921345,-0.5039125378531254,-1.0280260068833484,False,False,False,False,False,False,False,False,False,False,False,False
-6.6869206,3.9089565,-1.3877647,4.327805,-0.2522632621819067,1.1565642299739047,True,False,False,False,False,False,False,False,False,False,False,False
-9.564647,-0.91587704,-4.0807867,-1.6798426,-0.3456112896591791,1.9307078561155235,False,False,False,False,False,False,False,False,False,False,False,False
-11.507338,-2.8032222,-3.158066,-1.8991778,-1.357425098770468,3.649869418425422,True,False,False,False,False,False,False,False,False,False,False,False
1.6705058,-0.19454722,3.5170736,-2.1907063,-0.1267996301109692,-0.14290496504502,False,False,False,False,False,False,False,False,False,False,False,False
-8.727726,2.3070216,-12.681263,-10.092436,-0.2344835696654891,1.970392236275688,False,False,False,False,False,False,False,False,False,False,False,False
0.79448766,-8.514271,3.123011,-3.0771792,-1.3588997270831236,-0.1285753256007338,True,False,False,False,False,False,False,False,False,False,False,False
4.1412168,4.288803,-3.378694,-2.3207996,-0.2889671670384395,-0.5624186035869732,False,False,False,False,False,False,False,False,False,False,False,False
-5.4362316,5.9389586,-6.9443383,-2.045271,-0.4334357773509278,1.040060792359181,False,False,False,False,False,False,False,False,False,False,False,False
-5.968406,7.199363,-2.2785366,6.1846266,-0.4100310439363118,2.739200370155058,False,False,False,False,False,False,False,False,False,False,False,False
8.272279,8.991248,-1.373561,0.803972,3.066748626631639,0.3490312368168782,False,False,False,False,False,False,False,False,False,False,False,False
-3.382926,-8.7047615,0.25304872,0.18760511,-0.4468840840924464,0.8418130833088179,False,False,False,False,False,False,False,False,False,False,False,False
-5.8896146,-6.3118773,1.0502784,-1.1857824,-1.5007339043194492,0.5114401317359624,False,False,False,False,False,False,False,False,False,False,False,False
6.985686,2.334987,0.59203327,-1.1758049,1.0042226558554768,-1.5942710001656897,False,False,False,False,False,False,False,False,True,False,False,True
-0.48916912,7.9234343,-1.8099725,5.9449286,-0.5763362539245566,1.177832294798373,False,False,False,False,False,False,False,False,False,False,False,False
1.3686829,8.58076,-3.9116082,1.0713362,2.944785792121375,0.045453282685915,False,False,False,False,True,False,False,False,False,False,False,False
-3.1900327,11.054417,-2.775745,2.0963347,-0.2522632621819067,1.1565642299739047,True,False,False,False,False,False,False,False,False,False,False,False
7.6214323,11.059394,-4.3699927,4.1940856,4.912265704376311,0.5123907992377942,False,False,False,False,True,False,False,True,False,False,False,False
3.9449744,-8.554562,2.5253325,-2.6394033,-1.5388462194843098,-2.03953836645623,False,False,False,False,False,False,False,False,False,False,False,False
2.6400032,-10.783365,7.259084,-2.5217018,-2.0768380900750314,-3.2214223044010653,False,False,False,False,False,False,False,False,False,False,False,False
0.17607237,-2.833447,3.6723714,-3.0384195,0.3547933202743954,0.5189694101631209,False,False,False,False,False,False,False,False,False,False,False,False
6.386832,0.207104,2.3863764,-1.347178,1.1353405187751948,-1.1484520573433656,False,False,False,False,False,False,False,False,False,False,True,False
6.241048,5.411552,-0.20715018,0.5114957,0.3547933202743954,0.5189694101631209,False,False,False,False,False,False,False,False,False,False,False,False
1.3071587,5.5062003,-2.94208,-0.79667926,-0.0312139849262968,0.5471358931994326,False,False,False,False,False,False,False,False,False,False,False,False
4.703141,-7.473805,5.607718,-4.3404336,-0.713647950360275,-1.294166690034685,False,False,False,False,False,False,False,False,False,False,False,False
-2.3844416,-0.3444169,-5.676746,-1.0928628,-0.1887249000880714,0.4270864636754592,False,False,False,False,False,False,False,False,False,False,False,False
-8.251141,-3.079303,-6.1673245,-3.0988605,-1.4141826343482335,0.0713631300243412,False,False,False,False,False,False,False,False,False,False,False,False
-1.9951825,1.9163752,-5.8145957,-1.8665509,-0.4153877662178186,3.120398718751444,False,False,False,False,False,False,False,False,False,False,False,False
4.180949,-7.423601,10.742586,-2.0712214,-2.0563452700834604,-2.0305547085583178,True,False,False,False,False,False,False,False,False,True,False,True
3.88885,-6.9621563,11.074362,-2.3205395,-0.6895172128971095,-0.9888158229136697,False,False,False,False,False,False,False,False,False,False,False,False
5.551312,10.882627,-1.4794002,-0.061921675,6.998586189028128,0.5374250901721841,False,False,False,False,True,False,False,True,False,False,False,False
1.8503026,-3.6080527,1.9056036,0.10086899,-0.6445717562519475,-0.1643462495297726,True,False,False,False,False,False,False,False,False,False,False,False
2.7717376,11.266512,-2.9263074,0.16522317,3.332057201623415,0.9241552994099826,False,False,False,False,False,False,False,True,False,False,False,False
-8.307203,9.151334,-2.957585,9.202734,-0.1068483156160914,2.3020110001015066,False,False,False,False,False,False,False,False,False,False,False,False
-4.011167,7.726937,-2.1791124,4.7216525,-0.4149906734868049,1.140251130000051,True,False,False,False,False,False,False,False,False,False,False,False
-3.209778,-6.900072,5.0767922,0.9752957,-1.8778865126140207,1.2663549568017622,False,False,False,False,False,False,False,False,False,False,False,False
1.4782674,6.3937416,-1.5092788,-0.64748377,0.9756952563976674,1.7475902787494149,False,False,False,False,False,False,False,False,False,False,False,False
7.4662724,1.285638,0.85013723,0.076742165,0.039642725088898,-0.5593332619653244,False,False,False,False,False,False,False,False,False,False,False,False
-0.7979571,4.385363,-2.544144,3.2114706,0.1560330918225424,0.9865795504071,False,False,False,False,False,False,False,False,False,False,False,False
0.6197297,-10.532808,6.274955,-3.5091326,-1.8074281145609072,-0.0695453542306435,False,False,False,False,False,False,False,False,False,False,False,False
0.10350738,-4.061468,5.2813635,-2.9916835,-3.293898175991771,-1.8848610557434071,False,False,False,False,False,False,False,False,False,False,False,False
5.9729195,-6.260673,5.3258243,-2.6622243,-1.01226682687504,-2.646048520687408,False,False,False,False,False,False,False,False,False,False,False,False
-5.7153687,-2.489758,-5.154314,-3.5244381,-1.1678675684248532,1.4447349689331963,False,False,False,False,False,False,False,False,False,False,False,False
13.0866995,2.0038018,1.0675393,0.32973978,1.590031838998698,-1.721766256286518,False,False,False,False,False,False,False,False,False,False,False,False
0.58571583,-2.4995356,4.4089055,-2.4941497,3.4357545362990694,-1.8880094096331483,False,False,False,False,True,False,True,False,False,False,False,False
5.7140393,4.680981,-3.2963758,-2.2821503,-0.5239390584046386,2.15690040277524,False,False,False,False,False,False,False,False,False,False,False,False
-10.000364,0.016491976,1.106197,7.16118,-1.1726798711392836,1.3769439762973803,True,False,False,False,False,False,False,False,False,False,False,False
-7.0153604,-0.26775807,3.605629,5.3876324,-1.0418616275408048,2.222196685741681,True,False,False,False,False,False,False,False,False,False,False,False
0.47603527,10.217861,-1.7830998,3.6802614,1.7816898669188754,1.1392685137361327,True,False,False,False,False,False,False,False,False,False,False,False
5.991472,8.844356,-1.3070501,-0.79510105,3.127484293868497,0.8251747479985113,False,False,False,False,False,False,False,False,False,False,False,False
-9.868629,-7.530258,0.78128093,1.1169997,-0.5346211096125149,0.085699737844835,True,False,False,False,False,False,False,False,False,False,False,False
-1.4588491,10.552701,-2.5504484,2.7934282,0.5226900972733253,4.163181677355469,False,False,False,False,False,False,False,False,False,False,False,False
-0.15094687,-7.6786575,4.420132,-1.5604324,-0.0691454339786176,-0.5574713831823558,False,False,False,False,False,False,False,False,False,False,False,False
3.8320446,7.9432287,-1.5930765,0.8331467,1.0834697861298743,0.2606147221467274,False,False,False,False,False,False,False,False,False,False,False,False
9.729776,6.041444,1.5114447,-2.0748186,5.849581356338959,-2.325196511179204,False,False,False,False,True,False,False,True,False,False,False,False
-6.728582,6.5536466,-0.49385864,10.4444475,-0.5008720200526133,-0.3366265265923295,False,False,False,False,False,False,False,False,False,False,False,False
4.759584,6.230884,-0.9550972,-0.27937227,0.6525673915774554,0.035846018855113,False,False,False,False,False,False,False,False,False,False,False,False
8.873414,1.875028,0.81848955,-2.1758866,5.780912464223054,-0.9231998171656632,False,False,False,False,True,False,False,False,False,False,False,False
-1.7046862,-4.9538736,1.0413586,-0.17933059,-0.6733594261346084,0.362051604439611,False,False,False,False,False,False,False,False,False,False,False,False
5.971742,2.7117493,0.8376111,-0.78941894,1.3495348922826793,-0.3935530229224777,False,False,False,False,False,False,False,False,False,False,False,False
3.3262072,1.2108392,-2.3372216,3.057638,-0.3157421309150705,-1.135072785818649,False,False,False,False,False,False,False,False,False,False,False,False
-6.9532366,-6.100249,1.4035386,-0.1692712,-0.8614218003040675,0.7558666523860168,False,False,False,False,False,False,False,False,False,False,False,False
-8.383077,2.50644,-10.095096,-3.9364798,-0.5270666648716545,2.216164177125483,False,False,False,False,False,False,False,False,False,False,False,False
-9.172018,-2.4250033,4.1423635,9.120666,-1.8381779008615944,0.5483238669897631,False,False,False,False,False,False,False,False,False,False,False,False
5.929872,-6.4051657,6.926596,-1.7167904,-1.138908020094934,-3.857865148964666,False,False,False,False,False,False,False,False,False,True,False,True
-6.2191935,-5.335876,-3.9054556,-1.4010719,-1.538587588326485,1.1433140795841854,True,False,False,False,False,False,False,False,False,False,False,False
-4.949047,2.1688213,-1.5695281,3.519411,0.3467581953578955,0.4224871424571681,True,False,False,False,False,False,False,False,False,False,False,False
5.4351563,-5.687141,5.084141,-2.5019965,-0.0691454339786176,-0.5574713831823558,False,False,False,False,False,False,False,False,False,False,False,False
6.002305,9.032757,-2.0207376,0.03173861,2.944684651822567,0.0762308686941502,False,False,False,False,True,False,False,False,False,False,False,False
2.8574855,6.4215727,-1.5164411,3.3675797,2.39297888664918,1.1231873188301016,False,False,False,False,False,False,False,True,False,False,False,False
-9.868629,-7.530258,0.78128093,1.1169997,-1.35552141783698,0.3116283714010943,True,False,False,False,False,False,False,False,False,False,False,False
5.929646,4.4623265,0.58736044,0.6631303,1.3611106272546,0.9613539745692412,False,False,False,False,False,False,False,False,False,False,False,False
4.1654525,10.840053,-1.9963295,0.67887074,3.614294648769426,0.9507675756757724,False,False,False,False,False,False,False,True,False,False,False,False
2.1669343,-6.2553906,4.39989,-4.633732,-1.1266604116600318,-2.842815048140937,False,False,False,False,False,False,False,False,False,False,False,False
11.293411,5.07599,-1.6681833,3.7290862,4.483202064389114,-1.804377826604019,False,False,False,False,False,False,False,False,False,False,False,False
6.3968525,6.5300136,-1.2153839,-0.35214275,4.559079575479842,0.1206192404740263,False,False,False,False,True,False,False,True,False,False,False,False
8.92558,-4.183403,1.501709,0.81202906,-1.31559513944325,-2.5217760789258614,False,False,False,False,False,False,False,False,False,False,False,False
2.8266847,4.583605,-1.8082063,-0.73815966,0.3547933202743954,0.5189694101631209,False,False,False,False,False,False,False,False,False,False,False,False
-8.458355,-1.9829726,-5.304442,-1.0250602,-0.3979041893046154,2.2699742810432286,False,False,False,False,False,False,False,False,False,False,False,False
-3.74446,-2.0623655,4.767381,-5.0804763,-0.5280800802775822,2.047911150802757,False,False,False,False,False,False,False,False,False,False,False,False
5.1931996,10.258963,-1.5505893,0.06507103,5.463087258851255,-0.6500375476004426,False,False,False,False,True,False,True,True,False,False,False,False
2.4470186,-9.1484375,9.175349,-1.8395385,-2.5570777804466496,-2.793113046846291,False,False,False,False,False,False,False,False,False,False,False,False
2.1224415,-1.9013174,-2.6946058,-2.1945589,-0.23189389939719,-0.1418827224738232,False,False,False,False,False,False,False,False,False,False,False,False
8.293032,4.8341503,-0.1187376,-1.2438645,4.622502986594257,0.0615019661424502,False,False,False,False,True,False,True,False,False,False,False,False
-5.551877,-2.1532705,-7.1134357,-3.958345,-0.312724114842204,0.4782074324225114,False,False,False,False,False,False,False,False,False,False,False,False
-5.3122363,2.7013738,-4.4790864,-1.0539314,1.4841106910735884,-0.0473690049275609,False,False,False,False,False,False,False,True,False,False,False,False
-5.2092214,-4.1763415,1.614719,-0.7957102,-0.5476175451583676,1.954072088932982,False,False,False,False,False,False,False,False,False,False,False,False
8.234063,-0.37073871,1.5698056,-0.3703386,0.7650445795195786,-2.7593938444671045,False,False,False,False,False,False,False,False,True,True,False,False
5.6103787,-6.626887,7.8099823,-1.1612493,-0.5752167333599236,-2.720846930593012,False,False,False,False,False,False,False,False,False,False,False,False
-11.699406,7.5696034,-3.5824914,14.96903,-0.552308092220792,1.8082884160286936,True,False,False,False,False,False,False,False,False,False,False,False
10.055961,-0.37092507,1.4879227,-0.3427754,2.523917135858944,-0.0645320312862017,False,False,False,False,False,False,False,True,False,False,False,False
-2.5025625,0.0447544,4.5875573,8.342238,-0.8359534588235407,-1.4307943081828505,False,False,False,False,False,False,False,False,False,True,False,True
8.888307,4.9286065,-0.2951908,-1.1670166,5.903189878150768,-0.9778249729604586,False,False,False,False,True,True,False,False,False,False,False,False
-9.648504,3.3870184,-8.045355,-4.046006,-0.4095349416030872,3.000822373702564,False,False,False,False,False,False,False,False,False,False,False,False
-3.2082963,-6.1618137,3.5438087,-2.393592,-1.223642993798483,0.3549499611928164,False,False,False,False,False,False,False,False,False,False,False,False
8.446731,5.703363,-1.6834072,-1.0735134,8.083012375997376,-1.7261907868628956,False,False,False,False,True,False,False,True,False,False,False,False
-9.79387,6.7621665,-5.1249776,3.433104,-0.5830757510108883,2.642410780019977,False,False,False,False,False,False,False,False,False,False,False,False
6.4554296,-4.5878124,3.028187,-1.1142597,0.9252622183360458,-3.319037937195206,False,False,False,False,False,False,False,False,True,True,False,False
-8.00325,4.7506394,-0.0074112867,6.154659,-0.9452037519206492,1.487327658241512,False,False,False,False,False,False,False,False,False,False,False,False
0.81686056,-6.6706753,4.852267,-2.8013096,-1.9965210013672925,-2.4363449953939704,False,False,False,False,False,False,False,False,False,False,False,False
-8.669243,-4.6176634,-8.192222,-3.0863576,-0.4613334578715387,-0.1769123424255476,False,False,False,False,False,False,False,False,False,False,False,False
-4.7685614,9.776182,-1.8141147,3.9614322,-0.4020374838723474,9.411439713963112,False,False,False,False,False,False,False,False,False,False,False,False
-8.125509,-0.8982378,-2.776413,-1.5968974,-1.176333810015995,2.074370975576238,False,False,False,False,False,False,False,False,False,False,False,False
5.582639,-3.922568,0.4792838,0.15628797,-0.1946755362694323,-2.104050299225599,False,False,False,False,False,False,False,False,False,False,True,False
9.207024,3.829233,-3.0962582,-2.4944901,3.2043482567174,-0.7740540967086234,False,False,False,False,False,True,False,False,False,False,False,False
7.1210995,2.6245396,1.271444,-1.6780394,5.93875465508251,-0.8351204758373193,False,False,False,False,True,False,False,True,False,False,False,False
-6.5859666,4.6833224,1.0454006,16.53009,-0.7447588550291578,-0.4198148163229198,True,False,False,False,False,False,False,False,False,False,False,False
9.261942,2.8501596,1.5739924,-1.3902978,5.136249012211425,-0.0299213335513833,False,False,False,False,True,True,False,False,False,False,False,False
-0.2600054,-7.0480556,7.3382397,-4.9847994,-1.2793199056294504,-0.6842612612485236,False,False,False,False,False,False,False,False,False,False,False,False
-7.1554737,1.42128,-4.6233206,-2.113707,-0.6119758061667769,1.4340806953191678,False,False,False,False,False,False,False,False,False,False,False,False
-6.971044,8.558895,-0.76948625,3.0893195,-0.879242125013142,2.856251745024262,True,False,False,False,False,False,False,False,False,False,False,False
8.303202,10.077056,-1.3044342,-1.3625066,4.785592765510443,0.2920849619969192,False,False,False,False,True,False,False,True,False,False,False,False
-4.7091994,-6.4261928,-4.701781,0.28139275,-0.3268202602667224,-0.0129869629340017,False,False,False,False,False,False,False,False,False,False,False,False
7.6998863,-2.9344218,2.2928126,-0.6919992,-1.989756023809703,-3.749927130125086,True,False,False,False,False,False,False,False,True,False,False,True
-8.345527,-3.1377492,-1.6231548,-0.019962339,-0.5951907760230996,0.2295631242767882,False,False,False,False,False,False,False,False,False,False,False,False
1.7530192,-4.2090344,2.3246276,-1.3576518,-0.2359145440292716,-1.5333678182987485,True,False,False,False,False,False,False,False,False,False,False,False
8.463522,-3.2981963,0.9834973,0.6852355,-1.593275864829433,-2.8461201051143474,False,False,False,False,False,False,False,False,False,False,False,True
9.736033,5.596142,0.4976509,-1.167054,6.424182051791259,-0.4509827056727779,False,False,False,False,True,False,False,False,False,False,False,False
4.0435023,-1.8095876,1.2885844,-1.479778,-0.5780867301477699,-1.873153490621977,False,False,False,False,False,False,False,False,False,False,False,False
-5.5906653,10.779935,-1.9299867,3.507878,-1.2609506925435503,5.070094141409921,False,False,False,False,False,False,False,False,False,False,False,False
-2.2098935,2.1965563,-0.33640712,2.7238307,0.189831840587831,-1.505150820840101,True,False,False,False,False,False,False,False,False,False,False,False
9.821261,5.0447297,-3.1844249,-0.9169115,4.115462958167267,-0.7514711836788076,False,False,False,False,False,False,False,False,False,False,False,False
-10.064245,1.2643437,-5.106512,-3.9790175,-1.057516600104473,4.382982127688436,False,False,False,False,False,False,False,False,False,False,False,False
-5.9437246,2.408061,-4.5941896,-2.90372,-1.0239176111116086,2.838767416796085,False,False,False,False,False,False,False,False,False,False,False,False
-6.3448997,-4.713533,-4.313391,-0.6938934,-0.5929346393354866,0.4605388032972395,False,False,False,False,False,False,False,False,False,False,False,False
-8.4647875,5.2435865,-0.3212312,9.403132,-1.4092034959972854,1.8918158584659808,False,False,False,False,False,False,False,False,False,False,False,False
0.49555358,1.9086794,-2.7180362,1.0302145,1.2297188491751856,-0.7701112985049015,False,False,False,False,True,False,False,False,False,False,False,False
-3.999315,7.2104607,-1.649587,2.0863385,0.0808905486384386,1.0627369753933569,False,False,False,False,False,False,False,False,False,False,False,False
6.1560917,-2.4513297,-0.44053778,-0.6127781,-0.1326872732413885,-1.6441921671537496,False,False,False,False,False,False,False,False,False,False,False,False
6.7518682,10.05357,-2.6358914,1.0227127,5.877260351817781,1.3997334541084845,False,False,False,False,True,False,False,True,False,False,False,False
7.100413,-0.82273555,0.9884069,-0.6922532,-0.6304973349289096,-1.2535672537306042,False,False,False,False,False,False,False,False,False,False,False,False
10.537549,6.953014,0.022105781,-0.99023217,7.689055587399282,-0.3762136080756741,False,False,False,False,True,False,False,True,False,False,False,False
6.583489,-1.3065718,-0.12356925,-1.0026702,-0.4221445777255661,-1.5382546833298674,False,False,False,False,False,False,False,False,False,False,True,False
-5.587374,-9.08962,0.49781427,0.094679326,-0.5881277009160162,0.6239992737497255,True,False,False,False,False,False,False,False,False,False,False,False
2.1411102,-3.1766317,-0.76190823,0.32204223,-0.6380642395669924,-2.3940885462382746,False,False,False,False,False,False,False,False,False,False,False,False
4.2173123,11.292117,-4.76312,-2.6677647,1.521771444210928,0.421679797182351,False,False,False,False,False,False,False,True,False,False,False,False
-5.0477614,2.1249406,-4.801915,-5.0356016,-0.6570300078405621,2.592885110505498,False,False,False,False,False,False,False,False,False,False,False,False
-5.8540816,10.781161,-3.4459329,3.1271718,-0.9791972097837948,3.1568532304454204,True,False,False,False,False,False,False,False,False,False,False,False
-5.401459,2.8636072,-4.587409,-1.6725966,-1.2438149934702984,3.5413080713450693,False,False,False,False,False,False,False,False,False,False,False,False
8.523029,-4.720641,2.2668223,-2.6431897,-1.607585950590586,-2.906741281283225,True,False,False,False,False,False,False,False,False,False,False,False
10.870369,2.4035509,0.9819651,0.1284454,3.330296799571125,-1.6867445302702606,False,False,False,False,False,False,False,False,False,False,False,False
3.9305055,-9.579792,3.572411,-2.3552983,-1.6340420326247822,-1.9647772589855448,True,False,False,False,False,False,False,False,False,False,False,True
2.2145302,-7.1822605,4.3853602,-3.108718,-0.464502628524248,-0.0636291124202111,False,False,False,False,False,False,False,False,False,False,False,False
-6.5098724,-0.63504714,-0.22753349,5.2476244,-0.1509235708986409,0.5755154024751018,True,False,False,False,False,False,False,False,False,False,False,False
-6.183809,2.2225082,-2.8747852,0.19804977,-1.1141691180051552,2.970803659949352,False,False,False,False,False,False,False,False,False,False,False,False
6.239964,-2.7903266,6.9690356,-1.344327,-0.4666232779955043,0.712715642801745,False,False,False,False,False,False,False,False,False,False,False,False
-7.6680017,2.6264894,3.6694882,10.475752,-1.3276238427219538,-0.5588715558002642,True,False,False,False,False,False,False,False,False,False,False,False
-5.31616,9.597406,-2.8071177,1.3984245,0.1913251224771254,2.1237891771839683,False,False,False,False,False,False,False,False,False,False,False,False
-7.227053,3.8453672,-3.523418,1.4556296,-0.9204680084433594,4.151093605359514,False,False,False,False,False,False,False,False,False,False,False,False
1.7663655,-3.2876906,7.095364,-2.4546764,-0.1202149991392514,-0.5382103422530814,False,False,False,False,False,False,False,False,False,False,False,False
1.5370903,-6.1396475,5.636544,-5.406661,-0.4816993120603237,-1.0963496829326422,False,False,False,False,False,False,False,False,False,False,False,False
-2.6360557,0.24091314,-4.5829906,-5.81025,0.0584937114943316,0.7656133243955031,False,False,False,False,False,False,False,False,False,False,False,False
5.2952585,8.467282,-3.8606737,-1.9942813,0.9712314447397437,0.6643501651566749,False,False,False,False,False,False,False,False,False,False,False,False
1.3883736,-8.0898,1.8163506,-0.9058069,-0.2991539905124738,-0.9946641089475112,False,False,False,False,False,False,False,False,False,False,False,False
8.808571,1.4406807,-1.9632006,-0.718601,2.066744831027128,-0.6180310111723372,False,False,False,False,True,False,False,False,False,False,False,False
3.8694925,11.578376,-3.8946974,-1.6563866,3.799389577856699,0.9172566764595912,False,False,False,False,False,False,False,True,False,False,False,False
-7.6925707,5.18851,-1.6288998,3.5277593,-0.4765348616782694,1.886392431284353,False,False,False,False,False,False,False,False,False,False,False,False
-7.729783,2.4710515,0.15586367,7.632231,-1.2169181585081077,0.2243467268340004,True,False,False,False,False,False,False,False,False,False,False,False
6.0740485,-8.685684,9.423787,-2.382051,-1.833225160215616,-4.981138732637708,False,False,False,False,False,False,False,False,False,False,False,True
-4.6613026,9.139531,-2.1481802,3.192234,-0.1803062214144705,0.3953945708598704,False,False,False,False,False,False,False,False,False,False,False,False
-6.680545,1.0655873,-4.0213714,2.1206732,-0.9572729475677032,0.0779933640374531,True,False,False,False,False,False,False,False,False,False,False,False
8.054607,6.5745153,-2.8591223,1.8636873,2.9468977567711807,0.2509407761595394,False,False,False,False,False,False,False,False,False,False,False,False
-6.78317,-1.0524851,1.7345408,7.82416,-1.6905928421391971,0.0577205507879868,True,False,False,False,False,False,False,False,False,False,False,False
0.09631765,-2.2092626,3.6723714,-3.0384195,-0.1202149991392514,-0.5382103422530814,False,False,False,False,False,False,False,False,False,False,False,False
6.348981,7.677914,-1.3630313,0.67504257,2.2036394498114604,0.0077329479790025,False,False,False,False,False,True,False,False,False,False,False,False
-4.7975307,-1.6385767,-6.6569057,-3.1268091,-0.4152339767827426,-0.5121778818959538,False,False,False,False,False,False,False,False,False,False,False,False
-9.817802,-0.4484742,0.46734005,8.085715,-1.3377886362994855,1.5774025273219578,True,False,False,False,False,False,False,False,False,False,False,False
0.029900167,-1.8252343,-0.027849037,-9.026968,-0.2724778775871896,-0.5951373713768239,False,False,False,False,False,False,False,False,False,False,False,False
-0.95963377,0.15933669,-1.8244847,-8.121914,-0.1376292740344094,-0.2078582953370777,False,False,False,False,False,False,False,False,False,False,False,False
-9.806101,1.1020268,-1.4863191,3.54071,-1.6891274777055931,1.488645956419308,True,True,False,True,False,False,False,False,False,False,False,False
-2.6992254,1.6665922,-4.727352,-1.9203825,0.1230405904513435,0.7533861662875824,False,False,False,False,False,False,False,False,False,False,False,False
5.455864,3.1741886,-0.85661006,0.021883734,3.2435659574779026,-0.2863881425279424,False,False,False,False,False,False,False,True,False,False,False,False
0.8667274,-3.032907,1.9932389,-0.610515,-0.3629988025314208,-1.196763893900592,False,False,False,False,False,False,False,False,False,False,False,False
-8.401057,6.360781,-0.55362046,5.186218,-0.0670795182624255,1.900580303513739,False,False,False,False,False,False,False,False,False,False,False,False
3.4717803,6.1281114,-1.4863161,0.36540738,1.5991449149886048,0.3879262020915816,False,False,False,False,False,False,False,False,False,False,False,False
0.22552928,-7.8748775,7.3382397,-4.9847994,-2.4142367486491336,-1.806676992046088,True,False,False,False,False,False,False,False,False,False,False,False
-5.8049183,-0.7503266,-3.3178396,-2.0823383,-1.5672954467772666,0.8536171392320235,False,False,False,False,False,False,False,False,False,False,False,False
2.1132724,6.1157393,-2.051504,-2.6973119,-0.019153364758397,0.8658712564232411,False,False,False,False,False,False,False,False,False,False,False,False
3.6691885,-10.123307,5.8510604,-2.7806034,-1.023117032636876,-2.7678230325149373,False,False,False,False,False,False,False,False,False,False,True,False
8.085803,-0.7822754,-3.286998,-2.103353,0.0923771538261705,-4.024767543410392,False,False,False,False,False,False,False,False,False,False,True,True
-9.168002,7.16461,-3.4443324,8.119409,-0.3367136471894388,2.177770414167819,False,False,False,False,False,False,False,False,False,False,False,False
-8.288213,2.3081765,0.037845388,5.5850058,-1.3718627047338463,2.0868683065641744,True,False,False,False,False,False,False,False,False,False,False,False
10.011344,7.6085396,0.38557136,-1.0203766,6.150924587450205,-0.5830394726403494,False,False,False,False,False,True,False,False,False,False,False,False
0.79563224,2.5744424,-0.06769327,4.7287493,-0.3571317240532151,0.4560069772855934,False,False,False,False,False,False,False,False,False,False,False,False
-4.7099967,0.6954737,-4.4149466,-0.53885025,-0.2768728867621386,1.012686249389435,False,False,False,False,False,False,False,False,False,False,False,False
-4.968144,-3.8918316,-0.64437795,7.0444646,-0.70133533336643,0.6921957377947281,True,False,False,False,False,False,False,False,False,False,False,False
7.5845275,-6.6793847,4.2101817,-0.97307914,-1.3237515639629631,-3.870793221538397,False,False,False,False,False,False,False,False,False,False,False,False
7.3779664,-7.822472,4.9304323,-2.193393,-0.037044475281025,-0.8683666510054935,False,False,False,False,False,False,False,False,False,False,False,False
-8.961674,1.8739476,-6.6639724,-2.1732347,-0.9655591034940688,2.0445989948480734,False,False,False,False,False,False,False,False,False,False,False,False
0.1097877,-6.082062,1.5622603,-3.0100377,0.4538627252800153,0.488577144177478,False,False,False,False,False,False,False,False,False,False,False,False
6.185564,-4.976455,4.371064,-3.567505,-0.4731987197620565,-2.6205750546778543,False,False,False,False,False,False,False,False,False,False,False,False
-9.547916,-1.1003149,2.0565555,7.2110634,-0.7802037276553668,0.759462564081757,True,False,False,False,False,False,False,False,False,False,False,False
-5.8543,-1.9481127,-5.208122,-4.11587,-1.290159729190543,1.0560186894502928,False,False,False,False,False,False,False,False,False,False,False,False
1.4878275,-8.0316515,4.829552,-2.429993,-2.001147516524387,-1.5919512434354623,True,False,False,False,False,False,False,False,False,False,False,False
4.303869,-2.0267835,0.28073508,0.16831182,-0.5838258128116234,-1.2990384068419478,False,False,False,False,False,False,False,False,False,False,False,False
-4.9809422,-0.4229753,-4.4115868,-4.048589,-0.0034033258139107,1.4875727895235151,False,False,False,False,False,False,False,False,False,False,False,False
1.941849,9.027771,-1.9985327,4.206775,2.944785792121375,0.045453282685915,False,False,False,False,True,False,False,False,False,False,False,False
7.661524,2.2359893,-2.9940672,-1.6340548,-0.8850351426692605,-2.7691948124819685,False,False,False,False,False,False,False,False,False,False,False,False
-9.538036,6.276085,-1.4363506,4.5753846,-0.5757658145443312,2.768853857225449,True,False,False,False,False,False,False,False,False,False,False,False
-5.6453285,-2.780296,-8.264106,-4.54783,-0.4694240083582873,1.0765202138073748,False,False,False,False,False,False,False,False,False,False,False,False
1.9469665,-8.199174,0.7856923,0.39725715,-0.0593065382568358,-0.2120831354818782,False,False,False,False,False,False,False,False,False,False,False,False
9.328893,1.0077007,0.1994381,-0.43543926,0.6304112351026634,0.1528852503400054,False,False,False,False,False,False,False,False,False,False,False,False
0.44793946,-7.2220664,4.508864,-1.8870533,-1.2693260210201678,0.2019222243420322,False,False,False,False,False,False,False,False,False,False,False,False
-4.484954,5.0689106,-1.2043759,4.76306,-0.1509235708986409,0.5755154024751018,True,False,False,False,False,False,False,False,False,False,False,False
0.88958013,-5.2117233,6.6007304,-0.37482327,-1.3373749570574087,0.3010451558679474,True,False,False,False,False,False,False,False,False,False,False,False
-8.832149,-2.318645,-0.7944811,3.3158267,-0.606998825419687,-0.5344919545267712,False,False,False,False,False,False,False,False,False,False,False,False
6.4085073,-1.2611927,0.14916897,-0.4158851,0.2433821074615052,-1.9276388725739992,False,False,False,False,False,False,False,False,False,False,False,False
-10.717509,-1.2116711,-6.295368,-3.8520303,-0.7595147405435181,1.6150225152962336,False,False,False,False,False,False,False,False,False,False,False,False
-0.20286943,0.6497921,-5.506403,-2.167547,-0.4511260626120884,1.137797053878374,False,False,False,False,False,False,False,False,False,False,False,False
-3.8788292,0.9176774,0.4835828,6.9274983,-0.334790490694505,-0.5584791606732552,False,False,False,False,False,False,False,False,False,False,False,False
5.3133388,-3.3457162,5.772252,0.0898519,0.5841596354182303,-1.0436289131238778,False,False,False,False,False,True,False,False,False,False,False,False
1.1173993,-10.043053,7.7056212,-3.1089418,-1.193425041348971,-2.747829301473649,False,False,False,False,False,False,False,False,False,False,False,False
-0.37218267,-5.944102,0.49761364,-4.5657425,0.0727466518992325,0.5931747413549641,False,False,False,False,False,False,False,False,False,False,False,False
-8.835563,-3.2226694,-5.3677177,-5.5041933,-0.7932987042037568,1.1981740944042454,True,False,False,False,False,False,False,False,False,False,False,False
-1.8148463,0.18082309,-4.050377,-4.005866,-0.3939810629301312,1.73692235093749,False,False,False,False,False,False,False,False,False,False,False,False
-2.796387,-7.184428,1.0791235,0.061858058,-0.5003162212654082,-0.528726607871949,False,False,False,False,False,False,False,False,False,False,False,False
8.936125,1.9628819,1.0684464,-1.4134423,5.607804676342091,-0.2415498895191562,False,False,False,False,True,False,False,True,False,False,False,False
10.412546,2.762732,1.6432086,0.1121168,2.77692127414365,-1.2115138213416925,False,False,False,False,False,False,False,False,False,False,False,False
7.7181425,8.78114,-1.8490471,1.5449305,4.857185661408301,-0.5985068534604957,False,False,False,False,False,False,False,False,False,False,False,False
-6.003131,6.374456,-1.5615591,8.623553,-1.587648844134096,1.3662537322754709,True,False,False,False,False,False,False,False,False,False,False,True
8.404597,-0.42923814,0.5994935,-0.7878165,-0.3780090486863071,-2.300816510977912,False,False,False,False,False,False,False,False,False,False,True,True
6.5931735,1.8569524,1.1376065,-0.67033195,0.1056259895210522,0.0110197922245936,False,False,False,False,False,False,False,False,False,False,False,False
9.191117,3.1985602,-0.25166273,-0.6227292,0.5184249079814525,-0.5808725168931105,False,False,False,False,False,False,False,False,False,False,False,False
-9.418062,4.6132855,-6.5017,0.47070712,0.0034803320175365,1.037201267489637,False,False,False,False,False,False,False,False,False,False,False,False
2.2759898,-8.094927,8.332167,-0.8203291,-2.30798306515222,-1.6336003696547334,True,False,False,False,False,False,False,False,False,False,False,False
-3.1982172,-6.222603,-3.330743,-2.8643982,-0.2909107872032453,-0.6831770397050803,False,False,False,False,False,False,False,False,False,False,False,False
8.481557,-2.1653843,0.7054454,0.015365394,-0.02162204779876,-3.1427915130999864,False,False,False,False,False,False,False,False,True,False,True,True
-2.2920918,10.222185,-3.1922522,3.8390512,0.2281177041936162,2.282395665266576,False,False,False,False,False,False,False,False,False,False,False,False
-1.1650535,-5.2027636,0.6436737,-3.687273,-1.0366670642933409,-1.069442081115216,False,False,False,False,False,False,False,False,False,False,False,False
2.0737774,-10.371571,6.9538145,-2.6385365,-1.260918133203105,-2.678651131036791,False,False,False,False,False,False,False,False,False,False,False,False
11.185861,4.6659465,0.467548,-0.8117509,6.594784043649082,-1.8052394901568751,False,False,False,False,False,False,False,False,False,False,False,False
-6.1409283,3.4080067,-0.9221308,1.744258,-1.6105263994492105,0.2278256270747428,True,False,False,False,False,False,False,False,False,False,False,False
2.8392143,5.299388,-2.4873145,-0.8078651,0.7436770242808238,1.2631354614425228,False,False,False,False,False,False,False,False,False,False,False,False
-0.49390122,-6.7488537,5.467075,-2.521368,-1.2914066352289904,-0.1977534960375923,True,False,False,False,False,False,False,False,False,False,False,False
-9.208025,6.2409053,-2.6739411,3.6627207,-1.4820792232748836,1.796870964064118,False,False,False,False,False,False,False,False,False,False,False,False
-7.939213,-0.7684845,-4.5941257,-3.3927746,-0.995699083343922,2.2706900878399545,False,False,False,False,False,False,False,False,False,False,False,False
6.859772,0.73752147,0.7678453,-0.72968894,0.2048986859068106,-0.4363664615769162,False,False,False,False,False,False,False,False,False,False,False,False
0.22474039,-9.6408825,8.1302395,-2.8891752,-0.9856942287610224,-0.7652801638982542,False,False,False,False,False,False,False,False,False,False,False,False
5.695763,6.587075,-3.971965,-1.5619618,0.3884778795213015,0.2894617172574905,False,False,False,False,False,False,False,False,False,False,False,False
-7.2528276,-2.0003316,-6.9642525,-4.229534,-0.2285701888462519,-0.2368722819936416,False,False,False,False,False,False,False,False,False,False,False,False
-6.280556,12.580629,-1.6049004,2.9558918,0.4763915245232198,3.1341018739270488,False,False,False,False,False,False,False,False,False,False,False,False
9.434932,6.9986005,-2.6389394,-2.2937837,1.6350261489928877,0.2936749515132063,False,False,False,False,True,False,False,False,False,False,False,False
6.4776692,-6.179226,3.2255938,-0.6966672,-1.22321803370555,-2.4106893070975373,False,False,False,False,False,False,False,False,False,False,False,False
9.2431965,5.5897837,-1.4587947,-1.5658709,6.870159484851597,-0.4315640122686952,False,False,False,False,True,False,False,False,False,False,False,False
3.0178297,-2.8667235,5.941563,-3.028728,-0.4528429726924917,-1.0472870478126228,False,False,False,False,False,False,False,False,False,False,False,False
0.93823004,8.630767,-1.3788116,4.4413104,0.053701936154215,1.9543382814729848,False,False,False,False,False,False,False,False,False,False,False,False
10.309503,6.334643,1.3142427,-1.5123726,12.28705403495831,-0.5470913858207608,False,False,False,False,True,True,True,True,False,False,False,False
-7.686482,1.4000227,-10.213661,-5.4540415,-0.9254335416013204,-0.5296299731481646,False,False,False,False,False,False,False,False,False,False,False,False
-7.8731937,-0.6020026,-2.9727333,-1.5166285,-0.2228993328129032,2.0885147817896725,False,False,False,False,False,False,False,False,False,False,False,False
-3.978366,-5.28455,2.1941617,0.5595403,-1.5148370935362128,-1.3721902671468236,False,False,False,False,False,False,False,False,False,False,False,False
5.405641,-5.37054,0.5984038,-0.26593563,-0.7173051798878537,-2.679512636577675,False,False,False,False,False,False,False,False,False,False,True,True
-5.904175,-5.1165724,-3.9806757,-1.1283102,-0.9939771640301632,-0.0023705935283625,False,False,False,False,False,False,False,False,False,False,False,False
1.4204774,-2.3664484,-2.8004055,-2.557831,-1.3648599920442093,-0.7600567452781664,False,False,False,False,False,False,False,False,False,False,False,False
-4.9738626,-6.776643,1.4035386,-0.1692712,-2.190168872443841,1.107465637438679,True,False,False,False,False,False,False,False,False,False,False,False
7.92969,3.4651334,0.2707249,-0.37622935,-0.1267963960068533,-1.4871972456372622,False,False,False,False,False,False,False,False,False,False,False,False
-6.4048686,-4.8010745,0.9847504,0.30374312,-1.034610749397478,-0.4478403669401538,True,False,False,False,False,False,False,False,False,False,False,False
7.07801,7.3973193,-2.5703647,-1.2025064,1.6350261489928877,0.2936749515132063,False,False,False,False,True,False,False,False,False,False,False,False
1.0194072,-6.385611,0.08363139,-1.7247705,-1.0286016103282352,-2.215213678718664,False,False,False,False,False,False,False,False,False,False,False,False
-7.3514843,1.7132249,-1.3239737,2.319996,-1.0578192946264728,0.8802284864058458,True,False,False,False,False,False,False,False,False,False,False,False
-7.5726333,0.11666044,-0.17467745,5.9909263,-0.5274770375086049,-0.3170134625939155,True,False,False,False,False,False,False,False,False,False,False,False
-4.1908746,12.417455,-1.7692449,1.5824366,1.6629388371070557,3.543431717647807,False,False,False,False,False,False,False,False,False,False,False,False
-2.078377,-3.7133858,-1.6917434,-9.465242,-0.447158334315349,-0.332286045288888,False,False,False,False,False,False,False,False,False,False,False,False
0.43782392,-4.8207536,3.541379,-1.9599693,-1.430526736598844,-0.839750712888406,True,False,False,True,False,False,False,False,False,False,False,False
5.4654293,-4.745203,5.238093,-2.7717352,-0.932421051488798,-2.843498888165006,False,False,False,False,False,False,False,False,False,True,False,False
8.375279,-0.27887654,0.594731,-1.090989,-0.5974359822150426,-1.4123451841849788,False,False,False,False,False,False,False,False,False,False,False,True
9.539079,6.853964,-3.2099395,-1.6456592,5.868839218608333,-0.1276024283532656,False,False,False,False,True,False,False,True,False,False,False,False
5.7702923,-4.4195604,2.9199324,-0.6503969,-0.1496668299082107,-1.7142935545972575,False,False,False,False,False,False,False,False,False,False,False,False
8.0727415,3.2876678,1.219287,0.23167829,0.3547933202743954,0.5189694101631209,False,False,False,False,False,False,False,False,False,False,False,False
6.5864606,-3.0684118,4.356612,-1.9411774,2.88814380985766,-1.3330479317757489,False,False,False,False,False,True,False,False,False,False,False,False
3.691461,-7.899808,8.942543,-1.5182039,-0.6769913279143436,-2.1131949344535443,False,False,False,False,False,False,False,False,False,True,False,False
-2.3355749,3.3589766,-5.382261,-1.9037242,0.3547933202743954,0.5189694101631209,False,False,False,False,False,False,False,False,False,False,False,False
8.844259,-2.8886151,1.3673142,-1.8252919,-1.0310330250787252,-1.7074087505471534,False,False,False,False,False,False,False,False,False,False,False,False
-6.545825,4.246248,-1.94325,2.1048703,-1.372706825985336,-0.3510071305954155,False,False,False,False,False,False,False,False,False,False,False,False
-10.573414,2.0503232,-1.980456,2.5057433,-0.719158005545556,1.267900525335862,True,False,False,False,False,False,False,False,False,False,False,False
4.180949,-7.423601,10.1801195,-2.0430357,-1.721878710380141,-3.8284183462314494,False,False,False,False,False,False,False,False,False,True,False,False
-7.2251935,-4.756292,2.572007,-0.8043078,-1.6906501653931094,2.797923085450718,True,False,False,False,False,False,False,False,False,False,False,False
10.732764,4.0889153,1.0149937,-0.5720101,5.045952671102467,-0.3669693715925025,False,False,False,False,False,False,False,False,False,False,False,False
7.2779274,-5.779124,2.066108,0.35457352,-1.861945150149958,-3.946163128389245,False,False,False,False,False,False,False,False,False,False,False,False
-8.321017,-8.012149,0.4312415,0.58150774,-1.4997148751491007,0.7835650827886119,True,False,True,False,False,False,False,False,False,False,False,False
3.2162488,0.9466134,-1.8691236,-1.4288207,-0.5384520421869144,0.1145547437726642,False,False,False,False,False,False,False,False,False,False,False,False
-0.68613803,-8.68866,6.7040486,-3.699508,-1.1606435542476623,-1.106901656500135,False,False,False,False,False,False,False,False,False,False,False,False
-7.5742936,-5.528179,3.3277712,1.4176183,-0.9074047048080748,0.263871900569915,False,False,False,False,False,False,False,False,False,False,False,False
-6.331934,5.761307,-0.24045575,8.241882,-0.0472694234558462,0.4745600949210582,False,False,False,False,False,False,False,False,False,False,False,False
-6.70695,0.07781797,-0.5738818,14.282808,-1.3678703793198,0.4486907498518555,False,False,False,False,False,False,False,False,False,False,False,False
10.95664,5.161718,0.06546228,-0.3003293,8.024629626172546,-0.7754872227738431,False,False,False,False,True,False,False,False,False,False,False,False
-7.3129115,7.913011,-1.605839,4.5660458,-0.3964157428795458,1.7567784621201286,False,False,False,False,False,False,False,False,False,False,False,False
5.9525924,-3.4124713,2.2092023,-1.3615003,-0.8060045500190237,-2.190037437046464,False,False,False,False,False,False,False,False,False,False,False,False
1.0968134,7.8240924,-2.4758794,-4.973357,-1.0410703074506702,1.957287720608036,False,False,False,False,False,False,False,False,False,False,False,False
0.61696666,3.9280486,-0.7095977,2.3533516,0.251160460787314,0.9574990032861332,False,False,False,False,False,False,False,False,False,False,False,False
-7.2562594,1.6931895,-7.265232,-3.138541,-0.19968855801916,1.8786868091112072,False,False,False,False,False,False,False,False,False,False,False,False
2.5419638,0.8243473,0.26647484,-0.5063269,-0.6195583653962453,0.0488227207032087,False,False,False,False,False,False,False,False,False,False,False,False
-3.5670016,-5.0090756,-1.2080786,-1.8395511,-0.0472694234558462,0.4745600949210582,False,False,False,False,False,False,False,False,False,False,False,False
-9.851538,-0.7235734,-4.8121686,-2.278357,-1.8319304961201048,2.594331239230002,False,False,False,False,False,False,False,False,False,False,False,False
7.447193,-1.9297874,0.6898172,0.06932566,1.2727151678474635,-1.1165883198327853,False,False,False,False,False,False,False,False,False,False,False,False
-4.6754274,1.9408127,-2.9189548,-0.929442,-0.6148272369425399,2.513781174982319,False,False,False,False,False,False,False,False,False,False,False,False
9.564428,0.45794722,1.400339,-1.2900885,-0.2825998967174118,-1.7397042664961355,False,False,False,False,False,False,False,False,False,False,False,False
7.596246,-0.055012535,0.7104927,-1.1527194,0.137028710930093,-0.9202567528074518,False,False,False,False,False,False,False,False,False,False,True,False
-7.977887,-3.9152174,1.3059129,3.4020638,-0.9265443745275626,0.0287990409080602,True,False,False,True,False,False,False,False,False,False,False,False
5.7009034,-6.4637494,5.8207364,-1.6249468,-2.3850996378260603,-1.4600833744702475,True,False,False,False,False,False,False,False,False,False,False,False
8.428366,-0.9895383,2.8313189,-1.2278379,0.6003276654151141,0.4372201150317016,False,False,False,False,False,False,False,False,False,False,False,False
-5.9632683,-5.0496855,3.966288,1.9775665,-1.4470093335065002,-3.2323383350819266,False,False,False,False,False,False,False,False,False,False,True,True
0.107146755,-1.9750924,4.875583,-1.1217026,-0.1551098488868784,-0.9688940702893092,False,False,False,False,False,False,False,False,False,False,False,False
5.6910186,-5.234582,3.6817725,-2.3217876,-0.5050390247987435,-2.0107375959768543,False,False,False,False,False,False,False,False,False,True,False,False
5.933476,-2.9340043,5.231143,-0.91439354,-0.4050541783006094,-2.711280060562758,False,False,False,False,False,False,False,False,False,True,False,False
-7.9777694,0.36985368,-2.847475,-2.3157485,-0.3006870000412146,1.1648506628254482,False,False,False,False,False,False,False,False,False,False,False,False
-3.9710367,-6.559253,-0.43147787,0.41939422,-1.2252640162222277,0.0901789765067869,False,False,False,False,False,False,False,False,False,False,False,False
5.8163376,8.395133,-1.8734684,-1.8828092,4.466702962013303,0.0769539815050901,False,False,False,False,True,False,False,False,False,False,False,False
1.0142728,3.7947543,-1.9180038,-7.446738,-1.1362241597284914,-0.5642271207182625,False,False,False,False,False,False,False,False,False,False,False,False
6.5418725,5.4024515,-0.5028167,-0.89298594,4.605328810703949,-0.1908423004471142,False,False,False,False,True,False,False,True,False,False,False,False
-2.6208975,-6.5237613,2.7781956,0.62480825,-0.8967886386709885,-3.194622217956964,False,False,False,False,False,False,False,False,False,False,False,False
-8.853697,3.3439565,-8.984055,-3.3817046,-0.2605867705706278,1.6019369950145854,False,False,False,False,False,False,False,False,False,False,False,False
5.966503,-3.0952272,2.6377726,-1.0612983,-0.734549982405778,-0.460189334589648,False,False,False,False,False,False,False,False,False,False,False,False
-0.20616853,-8.617102,4.2650194,-1.9407332,-1.1630676741925416,0.0416621448840059,True,False,False,False,False,False,False,False,False,False,False,False
8.011026,-2.7814589,0.8912995,-1.3828568,-0.1845033250600325,-2.706453390927525,False,False,False,False,False,False,False,False,True,True,False,False
-5.4794126,11.855908,-3.961381,5.229253,-0.0472694234558462,0.4745600949210582,False,False,False,False,False,False,False,False,False,False,False,False
5.820935,4.944371,-1.776499,0.310906,4.195415734046104,-2.5739060521952704,False,False,False,False,True,False,True,True,False,True,False,False
-6.497182,-5.4648566,1.1271611,0.45978487,-2.43492052063017,0.5862690628464795,True,True,False,False,False,False,False,False,False,False,False,False
-4.5872536,8.921218,-2.1471496,3.9367805,0.5177538804361604,1.3138230698713689,True,False,False,False,False,False,False,False,False,False,False,False
-4.16831,13.362175,-1.2859466,2.834312,0.0136017066836283,1.5172519492838474,False,False,False,False,False,False,False,False,False,False,False,False
-1.8602297,-4.3947697,5.8478403,5.4817605,-0.5434947738538697,-1.0577515220295273,False,False,False,False,False,False,False,False,False,False,False,False
-0.6917972,-3.1539679,4.645244,-1.9418564,-0.0951117103924906,-0.0405524876854657,False,False,False,False,False,False,False,False,False,False,False,False
-7.285315,-8.501062,3.9394634,0.8049929,-1.7374095050308522,-0.0973490702769868,False,False,False,False,False,False,False,False,False,False,False,False
-9.686032,3.9287615,-9.038485,-1.1349477,-0.4147075399612623,2.4964866744541228,False,False,False,False,False,False,False,False,False,False,False,False
-2.561391,-2.4485695,-0.17787229,0.54465294,-0.2882677501564827,1.571755756298561,False,False,False,False,False,False,False,False,False,False,False,False
0.20282674,-7.479926,2.95342,-1.62996,-0.6354559980626944,0.2510151213751149,True,False,False,False,False,False,False,False,False,False,False,False
-9.178902,-4.049955,-6.1673245,-3.0988605,-0.8458258982767484,2.0614926517439467,True,False,False,False,False,False,False,False,False,False,False,False
-7.267056,-1.6867722,-2.9853473,-2.3087966,-1.1501674655702845,1.194859681605573,False,False,False,False,False,False,False,False,False,False,False,False
14.212169,7.698857,-0.63484305,0.06671364,9.633189253396791,-0.8384968125433203,False,False,False,False,False,True,False,True,False,False,False,False
-6.126495,2.0024884,-4.332811,-2.708052,-0.6267559719691446,2.75175174074699,False,False,False,False,False,False,False,False,False,False,False,False
-6.211188,5.839916,-2.1092737,4.6481485,-0.6833414340798973,-0.0135507844235485,True,False,False,False,False,False,False,False,False,False,False,False
8.235761,2.5526917,0.7769101,-0.105077654,0.3547933202743954,0.5189694101631209,False,False,False,False,False,False,False,False,False,False,False,False
-10.470384,-2.6620836,-1.3857578,1.9830561,-2.5178500905496626,0.4144364026310189,True,True,False,False,False,False,False,False,False,False,False,False
6.8580194,-6.330146,-1.5268831,-3.2474155,-0.6153584373722145,-1.553657944014636,False,False,False,False,False,False,False,False,False,False,False,False
-8.199088,4.3947244,-0.16770096,3.2607427,-1.6756956157507583,-0.5388034471133423,True,False,False,False,False,False,False,False,False,False,False,False
3.1767542,-2.6805756,1.9183395,1.9751055,2.700040414027618,-2.256578941950829,False,False,False,False,True,False,False,True,False,False,False,False
-8.560599,-7.497289,-0.82865644,-0.5434965,-1.3410726521818988,1.2044067689739486,True,False,False,False,False,False,False,False,False,False,False,False
-6.597731,3.9072793,1.4145823,7.110748,-1.2884659164264087,0.5490911671979498,True,False,False,False,False,False,False,False,False,False,False,False
-8.549773,2.7748048,-0.67497385,3.114442,-1.0919518895547753,1.732182819417669,True,False,False,False,False,False,False,False,False,False,False,False
6.9334865,-6.25234,1.3190413,0.6655398,-0.7595931284432786,-1.0682089128506942,False,False,False,False,False,False,False,False,False,False,False,True
3.7232213,-4.49598,2.772416,-1.6085831,-0.1924490572540859,-0.106683696684968,False,False,False,False,False,False,False,False,False,False,False,False
6.503268,-2.7739217,2.7335336,-2.8668969,-0.8292108062804286,-1.1528578327715442,False,False,False,False,False,False,False,False,False,False,False,False
-5.7343,0.2170151,3.8587668,5.07317,-0.8476621059126209,-0.9301021266937162,False,False,False,False,False,False,False,False,False,False,False,False
-0.6627068,-8.4616375,0.33235323,0.7072403,-1.3572416998830243,0.2459705807353802,True,False,False,False,False,False,False,False,False,False,False,False
2.2105207,-2.0728312,2.8974302,-3.1325667,-0.8470494515905644,-0.4852614756963898,False,False,False,False,False,False,False,False,False,False,False,False
5.686048,5.6860566,-0.3557168,-0.91356635,4.209558187430589,0.1509999662912543,False,False,False,False,True,False,False,True,False,False,False,False
7.55125,-4.805467,5.050414,-0.64475435,-1.0195713404303586,-3.668497485255019,False,False,False,False,False,False,False,False,False,False,True,True
-3.3558016,-3.149894,-1.824634,-8.149129,-0.3634738703155868,-0.0844337401460669,False,False,False,False,False,False,False,False,False,False,False,False
-2.4717546,-9.0372,3.6462207,-1.1622212,-2.1188696921218493,0.1815746175308394,False,False,False,False,False,False,False,False,False,False,False,False
3.4219854,-3.5486856,3.222976,-0.061871774,-0.3660013219491067,-0.9794565486784544,False,False,False,False,False,False,False,False,False,False,False,True
8.102202,-4.185904,0.5481136,0.08560125,-1.8940247212250487,-3.5809070644935,True,False,False,False,False,False,False,False,False,False,False,False
7.6464443,0.019412627,1.7976049,-1.7470742,-0.8494659700022174,-0.1609662262570931,False,False,False,False,False,False,False,False,False,False,False,True
-8.275939,2.7175496,-6.1657667,3.2269423,-0.0071691939852594,0.911646427110196,False,False,False,False,False,False,False,False,False,False,False,False
4.203279,4.7962503,-3.6363707,-2.6906545,1.911623966840214,-0.9411071510688568,False,False,False,False,False,False,False,False,False,False,False,False
7.6683574,-8.696329,4.7173357,-0.86428463,-1.434733880590827,-2.661290220456108,False,False,False,False,False,False,False,False,False,False,False,False
-2.4727771,8.750427,-2.2587135,5.5306487,-0.6970386385374516,2.2919980422967003,False,False,False,False,False,False,False,False,False,False,False,False
-9.608404,-2.4212103,-0.82701206,4.800969,-1.75421252838802,1.175039653177926,True,False,False,False,False,False,False,False,False,False,False,False
5.8241067,-4.3968363,1.6986886,0.095509596,-1.166420063282425,-1.7704901298979856,False,False,False,False,False,False,False,False,False,False,False,False
6.0309925,3.9201734,1.6108569,-0.23164779,0.3547933202743954,0.5189694101631209,False,False,False,False,False,False,False,False,False,False,False,False
6.9154506,10.749784,-3.8162453,1.2377068,5.887477662501088,0.1054934777313192,False,False,False,False,True,False,True,True,False,False,False,False
7.9909315,-0.9881297,2.0464032,-0.3674944,-0.2396716333621379,-0.664232811917677,False,False,False,False,False,False,False,False,False,False,False,False
-6.3999996,-3.6912963,-0.04762668,4.518147,-1.4307376888398229,0.4771487455198955,True,False,False,True,False,False,False,False,False,False,False,False
-2.1116343,10.293469,-2.1499388,0.6339097,2.097806022290781,0.5627647928880157,False,False,False,False,False,False,False,True,False,False,False,False
-9.475604,0.61243755,-1.3877759,2.347389,-0.747953641220793,1.6820350903623995,False,False,False,False,False,False,False,False,False,False,False,False
-8.208491,-6.3495903,-6.1086354,-0.28704166,-1.803377467444975,1.6074085535181906,False,False,True,False,False,False,False,False,False,False,False,False
-0.35723984,-7.7154827,6.658182,-4.6848097,-0.6233691720760122,-1.1540484765479444,False,False,False,False,False,False,False,False,False,False,False,False
-5.4672756,11.384605,-1.3252378,3.1409147,0.4136289247990153,2.374163220797622,False,False,False,False,False,False,False,False,False,False,False,False
9.637064,0.86509615,2.6871042,-0.6532209,0.5685214300607431,-0.8656423194818677,False,False,False,False,True,False,False,False,False,False,False,False
2.7237368,-6.4484878,1.9732133,-2.921238,-0.6311900691803842,1.3292573041441882,False,False,False,False,False,False,False,False,False,False,False,False
-5.0151367,2.1197133,2.0334277,6.3171654,-1.0777110309927782,0.4912574000853961,True,False,False,False,False,False,False,False,False,False,False,False
4.015168,-8.589512,2.4352777,-2.5836377,-0.4686898249255116,-1.064887926206839,False,False,False,False,False,False,False,False,False,False,False,False
3.469659,-7.237607,8.083908,-2.1839776,-2.0069052166855594,-5.447077002317846,False,False,False,False,False,False,False,False,False,True,False,True
-4.8975196,1.7465475,-4.8505063,-4.0130877,-0.1811267416074075,0.8810355616233938,False,False,False,False,False,False,False,False,False,False,False,False
5.0135646,9.111737,-7.018998,-1.7471689,4.560214434131571,-0.1710063292570482,False,False,False,False,True,True,False,False,False,False,False,False
-2.5643399,6.4067326,-2.9769156,7.7327657,-0.1399725588505011,-0.5067530746205438,False,False,False,False,False,False,False,False,False,False,False,False
-6.7409897,9.452831,-5.6187377,3.8293946,-0.5021824849264246,2.438654922611038,False,False,False,False,False,False,False,False,False,False,False,False
2.6888318,-5.2884564,4.4102073,-2.6242096,-1.92997991767032,-1.1648540983959488,False,False,False,False,False,False,False,False,False,True,False,False
-7.9737554,5.1937656,-0.7475752,2.268099,-0.6595541565511848,-0.1843210392768878,False,False,False,False,False,False,False,False,False,False,False,False
2.0516813,-7.2842607,7.6424384,-1.5929432,-1.6717663268839529,-1.4561887776949367,True,False,False,False,False,False,False,False,False,False,False,False
-4.8975196,1.7465475,-4.8505063,-4.0130877,-0.0753636066572294,1.1720887910978393,False,False,False,False,False,False,False,False,False,False,False,False
-2.4397104,-5.6398644,0.819452,-1.0734757,-2.693261956545164,-1.7139514621766356,False,False,False,False,False,False,False,False,False,False,False,False
0.1980899,-0.6809469,-1.079017,-0.7664128,-0.0753636066572294,1.1720887910978393,False,False,False,False,False,False,False,False,False,False,False,False
7.590388,-7.028845,2.784523,-1.0438524,-2.3137062614454385,-4.017374239366543,False,False,False,False,False,False,False,False,False,False,False,True
1.0376056,2.0964756,2.5544424,-1.5746274,0.3769139839579833,0.4655253460191526,False,False,False,False,False,False,False,False,False,False,False,False
6.725756,-0.35789588,1.3721093,-0.6696853,0.1622068222643564,-1.5740720067430405,False,False,False,False,False,False,False,False,False,False,False,False
7.3062835,-2.2350116,1.6128858,0.2731856,-0.4349933422669123,-1.101508267578837,False,False,False,False,False,False,False,False,False,False,False,False
-5.7534947,1.1139797,-0.40323058,2.4289298,-1.6332505279208407,1.7598182242088982,False,False,False,False,False,False,False,False,False,False,False,False
5.569503,11.0314245,-2.393351,1.8764201,5.974408772225274,-0.017512996941958,False,False,False,False,True,False,True,True,False,False,False,False
-5.640481,-3.814876,-6.2401447,-1.1060457,-0.7570493835619131,-0.5240902782987771,False,False,False,False,False,False,False,False,False,False,False,False
8.704696,4.659761,2.8891623,-2.5187957,6.685799854673828,-1.3306198304748822,False,False,False,False,True,True,False,False,False,False,False,False
11.302297,3.7525153,1.29353,-0.19656105,8.63906959779582,-1.4654728132916472,False,False,False,False,True,True,False,True,False,False,False,False
3.3643234,4.8773265,-1.0690016,0.13692616,2.078166134948641,0.2880475539314243,False,False,False,False,False,False,False,True,False,False,False,False
7.1703424,-7.8625402,6.2982287,-0.28687197,-1.0137510435770682,-3.283513678335233,False,False,False,False,False,False,False,False,False,False,False,False
4.293347,-7.6912045,5.572243,-1.097215,-2.230490700239656,-5.434115636419045,False,False,False,False,False,False,False,False,False,False,False,True
0.6778309,7.7178597,-2.6396298,3.9713535,0.3547933202743954,0.5189694101631209,False,False,False,False,False,False,False,False,False,False,False,False
6.8954363,-5.4566684,0.41920775,-0.79038864,-0.3380041938908814,-0.4787892702950339,False,False,False,False,False,False,False,False,False,False,False,False
3.6244657,-7.0706964,8.762394,-1.4533998,-2.8919813221489243,-0.8920927516982968,True,False,False,False,False,False,False,False,False,False,False,False
0.774936,4.951112,-3.8946319,-7.5131345,-0.6465800940390452,-0.4828426664687896,False,False,False,False,False,False,False,False,False,False,False,False
-1.5059496,-0.6834942,-4.708342,-5.503698,0.0584937114943316,0.7656133243955031,False,False,False,False,False,False,False,False,False,False,False,False
0.10927683,-4.579249,3.6723714,-3.0384195,-0.6802993570887352,-0.3665326684869688,True,False,False,False,False,False,False,False,False,False,False,False
-6.5791855,-2.3076453,-1.6374866,-4.0240717,-0.697760592429022,0.7796444548018568,True,False,False,True,False,False,False,False,False,False,False,False
11.581678,5.4727416,0.16031863,-0.44573942,3.225837442610325,-0.1491357778783289,False,False,False,False,False,False,False,False,False,False,False,False
4.1814427,5.9800344,-1.4632614,1.4540615,2.8998996846009115,0.3684440491103105,False,False,False,False,True,False,False,True,False,False,False,False
10.220056,2.8377197,0.19885355,-0.042930618,5.017304783529519,-1.046513436098708,False,False,False,False,False,False,False,False,False,False,False,False
6.545324,-8.012493,4.2177653,-0.921293,-0.872207811515071,-1.243175305663444,False,False,False,False,False,False,False,False,False,False,False,False
4.173369,-8.381586,8.0483055,-1.240702,-0.5438389654208892,-0.5365834165818657,False,False,False,False,False,False,False,False,False,False,False,False
4.6353655,8.1286,-4.3546515,-2.4592922,2.6410213777151195,1.639703360933228,False,False,False,False,False,False,False,False,False,False,False,False
-2.9294288,-4.2745056,0.8090024,-0.47037897,-0.8692609803648769,-0.2861207125087808,False,False,False,False,False,False,False,False,False,False,False,False
-4.108011,8.67449,-5.8308043,-3.174743,-1.1014046629504537,2.7076869176595304,False,False,False,False,False,False,False,False,False,False,False,False
0.04921683,1.6370443,-2.8408892,-2.2696047,-0.9229199519986389,-0.6156977766540048,False,False,False,False,False,False,False,False,False,False,True,False
-6.215029,11.664755,-2.92447,2.3151329,-0.4937057632044735,4.221164232010658,False,False,False,False,False,False,False,False,False,False,False,False
9.373259,7.166847,0.19414607,-1.3063554,6.916796593797543,0.1188502531239844,False,False,False,False,True,False,False,True,False,False,False,False
3.9449744,-8.554562,2.5253325,-2.6394033,-1.0310419795073655,-0.6339724336795205,False,False,False,False,False,False,False,False,False,False,False,False
0.8960115,-5.63328,2.6253476,-1.631509,-0.96679614773316,0.4668237095913116,True,False,False,False,False,False,False,False,False,False,False,False
4.376824,5.3687963,-3.6922529,-2.32956,0.466054332721896,-1.1714754361279054,False,False,False,False,False,False,False,False,False,False,False,False
-5.4789524,5.003472,-7.073629,-2.3597877,0.0034803320175365,1.037201267489637,False,False,False,False,False,False,False,False,False,False,False,False
-5.7249327,-7.196879,0.11897573,1.0923884,-2.345248489708542,-0.3461679120215951,False,False,False,False,False,False,False,False,False,False,False,False
-8.582976,3.7674227,-9.85567,-5.1737356,-0.4402527678920979,2.052324990859888,False,False,False,False,False,False,False,False,False,False,False,False
6.4397426,-3.917666,4.674761,-2.1562614,-0.9746768737023324,-3.0111494757264525,False,False,False,False,False,False,False,False,True,False,False,False
-6.9652004,5.739916,-1.2278619,4.5394797,-1.0434326672315524,1.096693499641637,True,False,False,False,False,False,False,False,False,False,False,False
6.794372,-0.3202266,0.5930558,0.34282073,0.2184034776128803,-1.1629195195345503,False,False,False,False,False,False,False,False,False,False,False,False
10.444656,4.885115,-0.33149838,-0.3204624,5.725236136782746,-0.560010349961652,False,False,False,False,False,True,False,False,False,False,False,False
-0.102257736,-3.7357018,8.261388,-3.5689921,-0.2724778775871896,-0.5951373713768239,False,False,False,False,False,False,False,False,False,False,False,False
-5.791487,10.338462,-1.4656978,2.8573267,-0.4950845895982786,2.3855255029955567,True,False,False,False,False,False,False,False,False,False,False,False
-6.9048944,-7.210335,0.4619457,0.044411454,-1.5422578117575367,0.359572195717938,False,False,True,False,False,False,False,False,False,False,False,False
-1.0264215,4.8214383,-1.5578489,2.202004,0.971654308938798,-0.6962333531140903,False,False,False,False,False,False,False,False,False,False,False,False
-5.089364,10.706813,-2.2670372,5.611574,-1.0384528854637451,4.910982064964037,False,False,False,False,False,False,False,False,False,False,False,False
-13.827619,-2.688133,-6.2196884,-1.8097318,-2.019709593887253,1.344338239272436,False,False,False,False,False,False,False,False,False,False,False,False
-9.219584,0.85473853,-7.6518335,-4.0322523,-0.4757013584119142,3.8656375107432974,False,False,False,False,False,False,False,False,False,False,False,False
3.0151072,5.140721,-0.17540179,-0.6734649,0.3547933202743954,0.5189694101631209,False,False,False,False,False,False,False,False,False,False,False,False
-0.9091935,5.7220526,-3.6710868,-0.6805591,-0.1872560569865452,1.0417647002745474,False,False,False,False,False,False,False,False,False,False,False,False
7.0186567,5.78837,0.94933,-0.25885767,2.408692341488121,0.6689188497457242,False,False,False,False,False,False,False,True,False,False,False,False
-12.692831,-2.8675482,-7.644889,-4.330052,-1.0864414249205678,0.8239510713847211,True,False,False,False,False,False,False,False,False,False,False,False
-7.4782367,-4.8502088,-2.4180243,-1.2840077,-0.3229672783424829,1.7701439151053415,False,False,False,False,False,False,False,False,False,False,False,False
7.4418764,-2.8488414,1.6847273,-0.99097335,-0.2043204424036315,-0.1854647681484348,False,False,False,False,False,False,False,False,False,True,False,False
5.4984126,5.558463,-3.3297005,-1.2027515,0.4013883481559848,-0.6478896694895501,False,False,False,False,False,False,False,False,False,False,False,True
6.4474826,-5.6069946,3.3572488,-1.1175569,-0.3629988025314208,-1.196763893900592,False,False,False,False,False,False,False,False,False,False,False,False
-10.3942175,-2.7520382,-6.2024384,-4.1732864,-0.6893978787170572,0.5126446185509248,False,False,False,False,False,False,False,False,False,False,False,False
3.7592397,-8.219951,8.513449,-1.3278311,-0.5974359822150426,-1.4123451841849788,False,False,False,False,False,False,False,False,False,False,False,True
-9.277358,-3.6073341,-4.3361835,-2.7578266,-0.3634738703155868,-0.0844337401460669,False,False,False,False,False,False,False,False,False,False,False,False
-10.217935,0.36838496,-6.0978346,-3.7037058,0.1195804898689173,1.0149479856138908,False,False,False,False,False,False,False,False,False,False,False,False
-2.4941454,0.473824,-6.782983,-3.132178,-0.4142474709714374,0.7922619128446071,False,False,False,False,False,False,False,False,False,False,False,False
-3.2984245,3.7615776,-2.7800426,8.160945,0.0578300099199864,0.7654118233189996,False,False,False,False,False,False,False,False,False,False,False,False
5.922012,-8.63668,8.683634,-3.6321368,-1.1248031533466285,-1.3301756197994874,False,False,False,False,False,False,False,False,False,False,False,False
8.484495,5.74458,0.023781708,-1.037397,1.566657551731394,0.0986890307579552,False,False,False,False,False,False,False,False,False,False,False,False
2.3303916,7.60844,-2.7941177,2.2424102,2.831429947040609,0.2042357143632941,False,False,False,False,False,False,False,True,False,False,False,False
4.99963,5.355705,-1.7823287,-0.6662787,0.0843105474625505,0.4171111125933019,False,False,False,False,False,False,False,False,False,False,False,False
10.843639,4.363572,-0.40555236,-1.1281629,5.443127432650083,-0.448584629370169,False,False,False,False,False,False,False,False,False,False,False,False
4.7768936,-3.5690603,1.2518879,-0.6335214,-0.3218597927072517,-1.83509471117115,False,False,False,False,False,False,False,False,False,False,False,False
-5.6272345,-6.453227,3.8518198,-1.0935409,-0.1966239569908234,0.4559541505467647,False,False,False,False,False,False,False,False,False,False,False,False
-1.0579855,2.4376793,-5.006396,-2.1780703,-0.6305388254119962,1.7264733704396067,False,False,False,False,False,False,False,False,False,False,False,False
-5.300532,-0.38629445,-4.641508,-2.1832368,-1.7836257432201512,1.8170301877277515,False,False,False,False,False,False,False,False,False,False,False,False
4.496131,-0.8841224,0.3098369,-0.09654922,-1.6341521957428915,-3.677849655215584,False,False,False,False,False,False,False,False,False,True,False,False
2.5090387,-5.1002517,10.46485,-2.0025518,-0.5039125378531254,-1.0280260068833484,False,False,False,False,False,False,False,False,False,False,False,False
4.5737534,4.342311,-1.1343404,2.4900768,1.6499020141075205,-1.630158054364618,False,False,False,False,False,False,False,False,False,False,False,False
-6.5254416,0.2849184,-3.7224286,-1.7584141,-0.3019721718466833,1.602464099047109,False,False,False,False,False,False,False,False,False,False,False,False
8.353606,3.2906175,1.6804603,-0.66624576,0.562844988444422,0.2816552113136342,False,False,False,False,False,False,False,False,False,False,False,False
2.540541,4.6795382,-2.1206427,-2.123133,0.0832768541289727,1.7153295978254106,False,False,False,False,False,False,False,False,False,False,True,False
3.9852166,8.570995,-1.4498662,-0.4550097,0.9219130186695724,-0.5523664772169812,False,False,False,False,False,False,False,False,False,False,False,False
9.2168665,1.1772072,2.0126936,-0.5179197,0.1906761802856652,-1.641358745740655,False,False,False,False,False,False,False,False,False,False,False,False
-5.4572425,0.8586626,-1.2058909,4.638108,-1.4422594581007562,0.988423303184304,False,False,False,False,False,False,False,False,False,False,False,False
-6.53636,-1.0936415,-8.460983,-3.9020855,-0.5207911240737684,1.3092433991645245,False,False,False,False,False,False,False,False,False,False,False,False
5.461093,9.392537,-2.6810057,-0.124655195,1.7936386902320305,0.6904141882238272,False,False,False,False,False,False,False,True,False,False,False,False
8.126459,-2.2236266,2.5252805,-1.5148307,1.0797785029629117,-2.6263975205042347,False,False,False,False,False,False,False,False,False,False,False,False
4.703141,-7.473805,5.607718,-4.3404336,-0.3391447549832985,-0.3007098909273756,False,False,False,False,False,False,False,False,False,False,False,False
-7.85235,11.43755,-2.2181804,4.6187487,-0.8645456391057986,2.323724620737406,True,False,False,False,False,False,False,False,False,False,False,False
3.88885,-6.9621563,10.735861,-2.1300025,0.1142299455007034,-1.5951824877802203,False,False,False,False,False,False,False,False,False,False,False,True
7.0666957,8.949686,-1.5062263,0.79631704,6.074660663742007,-0.42060197985555,False,False,False,False,True,False,False,False,False,False,False,False
-7.3252687,-2.0968378,-7.79892,-2.9468584,-0.5284268197449274,0.5398551416832366,False,False,False,False,False,False,False,False,False,False,False,False
-7.0944185,3.8253055,-1.0038847,8.859065,-1.4509531067026114,-0.2569946279307777,True,False,False,False,False,False,False,False,False,False,False,False
2.6205528,-5.1892004,11.436849,-2.4388068,-1.5784993294662544,-0.9402315562674745,False,False,False,False,False,False,False,False,False,False,False,False
-7.4451194,-0.025957428,-3.8315303,-2.823701,-1.2310252262236907,1.1975335677222951,False,True,False,False,False,False,False,False,False,False,False,False
5.7744937,-4.303205,5.3542647,-2.9874523,-1.0406410171234304,-2.3159768361475668,False,False,False,False,False,False,False,False,False,True,False,False
-1.0732603,-4.2268734,-0.9434226,-9.825209,-0.8822336389100084,-2.161199239360202,False,False,False,False,False,False,False,False,False,False,False,False
11.314763,1.0608383,0.7157116,0.44863057,-0.0133571189683923,-0.6483403473159481,False,False,False,False,False,False,False,False,False,False,False,False
-4.8873835,-3.05791,-9.091191,-3.6765974,-0.8106002298082329,0.348818005995872,False,False,False,False,False,False,False,False,False,False,False,False
0.70207614,-6.7440224,4.861463,-1.7537453,-0.6075333723322602,-1.6015033217639958,False,False,False,False,False,False,False,False,False,False,False,False
-5.167218,1.4547684,-3.7942824,-0.7920289,-1.92425295252464,2.9217342913577258,False,False,False,False,False,False,False,False,False,False,False,False
-8.492291,0.6433179,-6.9800305,-2.99221,-0.8931707188996705,4.632169522009429,False,False,False,False,False,False,False,False,False,False,False,False
-8.585381,-0.30476946,-0.07654073,5.774329,-0.7712953498171329,0.1441709627437886,True,False,False,False,False,False,False,False,False,False,False,False
-1.7274735,-4.311466,-0.45694345,-8.836594,-0.5355299631328574,-0.6113691441024269,False,False,False,False,False,False,False,False,False,False,False,False
-2.9673638,-7.348878,0.5298946,-2.3463926,-0.1545202714207171,-0.8496331936551527,False,False,False,False,False,False,False,False,False,False,False,False
-6.779045,-4.0010166,-5.517205,-3.5517719,-0.5858786632200524,0.5659552533748817,False,True,False,False,False,False,False,False,False,False,False,False
-3.5635004,5.417053,-1.0509874,9.436311,-0.3929556422971194,1.4952166427938207,False,False,False,False,False,False,False,False,False,False,False,False
-2.0118825,9.737272,-4.4729056,1.6443055,-0.138727990367221,0.7552897745066759,False,False,False,False,False,False,False,False,False,False,False,False
2.410961,6.636297,-2.283591,-1.7380501,0.3547933202743954,0.5189694101631209,False,False,False,False,False,False,False,False,False,False,False,False
7.282366,-6.7858653,6.0794573,-0.078108676,-1.8992125388481849,-4.340018253956285,False,False,False,False,False,False,False,False,False,False,True,False
-9.06075,-2.515717,-4.6760726,-4.2514997,-1.5996731675220388,0.1564272280619527,False,False,False,True,False,False,False,False,False,False,False,False
4.051609,4.017688,0.2521618,-0.19820927,0.251160460787314,0.9574990032861332,False,False,False,False,False,False,False,False,False,False,False,False
2.782131,8.519015,-1.6898746,2.5832458,-0.3140521767885333,2.6349923493430545,False,False,False,False,False,False,False,False,False,False,False,False
8.409618,1.3908658,0.85643977,-0.9802479,-1.1295917327346197,-1.0354243837519217,False,False,False,False,False,False,False,False,False,False,False,False
-0.76120317,7.885218,-1.3846985,3.1108205,0.8938036168222321,1.530687549653701,False,False,False,False,False,False,False,False,False,False,False,False
1.5991391,-3.75551,11.33743,-2.5102243,0.3547933202743954,0.5189694101631209,False,False,False,False,False,False,False,False,False,False,False,False
0.9225051,-3.4344208,6.9780493,-2.0921345,-1.2034370644575068,-0.4065343407853922,False,False,False,False,False,False,False,False,False,False,False,False
-0.5906807,10.034135,-2.0693302,3.784008,1.324911232096884,1.7032911435447975,False,False,False,False,False,False,False,False,False,False,True,False
-2.1759517,-2.9711013,-6.3017273,-2.7322102,0.1230405904513435,0.7533861662875824,False,False,False,False,False,False,False,False,False,False,False,False
8.709445,4.2630334,0.4898065,-0.20012262,4.37984933902627,-0.6231560056928469,False,False,False,False,True,True,False,False,False,False,False,False
4.959272,-4.2638874,4.3666854,0.13028868,-0.5616593219266881,-2.2266051013201653,False,False,False,False,False,False,False,False,False,False,False,True
0.5986738,-9.827899,5.270974,-2.3694134,-0.4464241747906304,-0.2242953933942104,False,False,False,False,False,False,False,False,False,False,False,False
4.8762193,-3.2174122,3.1983638,0.7111319,-1.0726427721507432,-2.252510381019838,False,False,False,False,False,False,False,False,False,False,False,False
3.619321,11.1167,-1.6813277,1.6385597,6.537774868293685,0.8032266749962533,False,False,False,False,False,False,True,True,False,False,False,False
-6.3219485,-7.5841546,2.7272773,0.7013959,-1.5785415838899632,-0.0995347262241721,True,False,False,False,False,False,False,False,False,False,False,False
2.03179,2.0453076,-3.9979074,-2.4805315,-0.6926914786618367,-0.1445939675351314,False,False,False,False,False,False,False,False,False,False,False,False
1.9095695,3.9742067,-3.2125387,-2.7285454,-0.2238261152347221,-0.4339053468709103,False,False,False,False,False,False,False,False,False,False,False,False
8.3868265,0.42927903,0.6552396,-0.20107892,1.9287130299611857,0.2789418378669684,False,False,False,False,False,False,False,False,False,False,False,False
7.4298687,-0.6397205,-2.2780836,-3.2090738,-0.309665894188771,-2.235978792786,False,False,False,False,False,False,False,False,False,False,True,False
2.9207218,-5.2788606,3.9793842,-0.85483855,-0.0593065382568358,-0.2120831354818782,False,False,False,False,False,False,False,False,False,False,False,False
7.6679173,9.385669,-2.6369328,2.885492,8.348073236992299,0.0885944179897228,False,False,False,False,True,True,False,True,False,False,False,False
-6.675243,2.8673997,-3.3083577,3.2167468,-1.2766275983465394,0.2263466118854715,False,False,False,False,False,False,False,False,False,False,False,False
2.6205528,-5.1892004,11.436849,-2.4388068,-0.820116984712866,-1.5870198419504733,False,False,False,False,False,False,False,False,False,False,False,False
6.7449613,-6.4812727,1.3635018,-1.4020168,-1.1814806287210196,-1.277644394929198,False,False,False,False,False,False,False,False,False,False,False,False
-9.862244,-4.844102,0.79231703,1.1363868,-0.5881277009160162,0.6239992737497255,True,False,False,False,False,False,False,False,False,False,False,False
-7.420553,4.218112,-0.84391576,8.328854,-0.0207329286678712,-0.0894256841456501,False,False,False,False,False,False,False,False,False,False,False,False
-7.599581,5.651839,-0.16043152,5.7917767,-0.8564754242795429,1.935937811364505,True,False,False,False,False,False,False,False,False,False,False,False
-7.2509055,3.9267292,-4.8778763,5.8802586,-1.1460831884107132,2.171378702956013,True,False,False,False,False,False,False,False,False,False,False,False
5.5454836,2.4160526,3.3182564,-2.7091694,4.108766047474835,-0.6242232064649452,False,False,False,False,True,False,False,False,False,False,False,False
-7.090495,1.6404417,-1.4915531,5.358374,-0.6499978151249283,0.6516237835159907,False,False,False,False,False,False,False,False,False,False,False,False
-6.079021,10.6714,-1.7628831,3.4560945,-0.0202941269507754,2.228643800489209,False,False,False,False,False,False,False,False,False,False,False,False
4.8275995,3.7743819,0.8154832,-1.3320634,0.3127287212633739,0.3687728599328498,False,False,False,False,False,False,False,False,False,False,False,False
-8.583137,7.9748507,-1.4190022,2.6223402,-0.9387803660012086,2.322868443662235,False,False,False,False,False,False,False,False,False,False,False,False
3.2670662,-7.7190003,4.795633,0.004625266,-1.285609406019227,0.5645931325690994,True,False,False,False,False,False,False,False,False,False,False,False
2.023873,-5.2828684,5.2345295,-1.7537972,-0.5355299631328574,-0.6113691441024269,False,False,False,False,False,False,False,False,False,False,False,False
7.245484,-2.298394,1.1113938,-0.33441582,-1.1092721881007537,-2.8717487668142163,False,False,False,False,False,False,False,False,False,False,False,False
-5.456902,-1.7609054,2.1460962,3.8995469,-1.1109915054975934,-1.807756481531871,False,False,False,False,False,False,False,False,False,False,False,False
0.16268036,0.26871365,-1.3975189,-2.3040798,-0.0071691939852594,0.911646427110196,False,False,False,False,False,False,False,False,False,False,False,False
-5.433041,-2.7804143,-1.9804956,-4.123919,-1.1415634891257158,0.4241662603552812,False,False,False,True,False,False,False,False,False,False,False,False
0.8746892,-8.265915,8.019118,-2.3055823,-0.2049847857330561,-0.6643155418136821,False,False,False,False,False,False,False,False,False,False,False,False
9.991515,-1.3251505,3.9025393,-1.4010118,0.313232581176572,-1.444356744401735,False,False,False,False,False,False,False,False,False,False,False,False
3.1566885,-6.713578,9.191488,-1.6437747,-0.820116984712866,-1.5870198419504733,False,False,False,False,False,False,False,False,False,False,False,False
-0.19983716,6.2207932,-2.9777048,-6.6981177,-0.9312557981433056,3.081699181058862,False,False,False,False,False,False,False,False,False,False,False,False
2.4107456,4.131275,-2.9988444,-2.7304046,0.9263916274450776,-0.0791103115912709,False,False,False,False,False,False,False,False,False,False,False,False
3.6146283,-3.7178159,5.6810427,-1.2829393,0.3547933202743954,0.5189694101631209,False,False,False,False,False,False,False,False,False,False,False,False
3.1531389,11.458699,-2.9645565,0.9510809,4.393095439593086,1.280367942550395,False,False,False,False,True,False,False,True,False,False,False,False
0.8556874,11.65816,-2.5552106,1.7387104,0.231235736481763,0.0132929396873485,False,False,False,False,False,False,False,False,False,False,False,False
1.5091361,-10.080223,4.891881,-4.151827,-1.1647457510352026,-2.174761044814742,False,False,False,False,False,False,False,False,False,False,False,False
-12.29201,-3.7316203,-5.2072797,-2.5902457,-1.114946042810525,0.6001574466718751,False,False,False,False,False,False,False,False,False,False,False,False
-0.4355688,3.2885745,-4.220218,-2.725764,-0.518820847192656,1.2399956139786137,False,False,False,False,False,False,False,False,False,False,False,False
9.767844,3.8397117,0.4734837,0.18322301,2.0085394754926464,0.0996495022679646,False,False,False,False,True,False,False,False,False,False,False,False
-7.1360555,-2.3813477,-0.2827758,3.8801522,-0.6275409729037512,0.4803019873788823,False,False,False,False,False,False,False,False,False,False,False,False
5.7511787,-5.889376,2.7455368,-1.4039859,-1.880372919331181,0.0185248992987726,True,False,False,False,False,False,False,False,False,False,False,False
-2.7408345,-6.539212,-3.464773,-0.9565291,-0.6569706641173831,0.8440902651838156,False,False,False,False,False,False,False,False,False,False,False,False
-3.5350823,10.377196,-1.1542239,3.7501893,0.3442222248581996,2.434529435155292,False,False,False,False,False,False,False,False,False,False,False,False
6.336464,-6.261897,7.5204496,-1.6001838,-1.2305764665373644,-3.2413339405423014,False,False,False,False,False,False,False,False,False,False,False,False
-4.5076747,12.3531475,-3.515448,3.7673745,0.3275155701995405,4.573321720949229,False,False,False,False,False,False,False,False,False,False,False,False
-5.5809913,1.7118657,-1.7764286,4.327137,0.0346126795242208,-0.7385809199195464,False,False,False,False,False,False,False,False,False,False,False,False
-8.462176,3.6154788,-1.1666874,3.9546032,-1.1180280750570688,1.203606229049191,False,False,False,False,False,False,False,False,False,False,False,False
-3.4830196,0.33807346,-5.652674,-1.4729867,-0.2469494607027712,2.789261162985752,False,False,False,False,False,False,False,False,False,False,False,False
6.3884397,1.1159958,0.25388798,-0.46262962,-0.4576603835868675,-2.5952877016673264,False,False,False,False,False,False,False,False,False,False,False,False
2.818194,-7.6430516,2.7876577,0.15226737,-0.4349933422669123,-1.101508267578837,False,False,False,False,False,False,False,False,False,False,False,False
3.6935816,-8.863109,3.547732,-1.5860215,-2.1588680062602847,-1.2340286432723155,True,False,False,False,False,False,False,False,False,False,False,False
-6.086343,-1.7372931,-4.67912,-1.719123,-1.3765591348916624,0.0494753979051062,False,False,False,False,False,False,False,False,False,False,False,False
-7.161901,-3.7075565,2.6304476,-1.5035082,-0.5965463795896165,0.6556911665653145,True,False,False,False,False,False,False,False,False,False,False,False
-11.061458,3.4869325,-9.88245,-5.7449327,-0.3281398767006575,1.2658082158569015,False,False,False,False,False,False,False,False,False,False,False,False
10.550088,3.6914008,0.32191363,-0.19372252,0.2534512891811823,-0.0187288553918256,False,False,False,False,False,False,False,False,False,False,False,False
-5.8905535,-2.3567991,-5.8035054,-4.2600284,-1.1749471492182,0.8305761558135368,False,False,False,False,False,False,False,False,False,False,False,False
-9.748135,2.6669216,-5.2963815,1.9813808,-1.094145726991493,2.922443364440594,False,False,False,False,False,False,False,False,False,False,False,False
6.6218114,0.22550616,-0.31544298,-0.8903354,1.2972364684688322,-1.6458605450147483,False,False,False,False,False,False,False,False,False,False,False,False
3.7224758,-4.525852,0.8428998,-1.9027308,0.5118033534217457,0.3382437499066838,False,False,False,False,False,False,False,False,False,False,False,False
11.318331,-2.0074294,1.0826148,-0.3796452,1.004619396699616,-2.4305551161398355,False,False,False,False,False,False,False,False,False,False,False,False
7.6654453,-0.57060134,1.4095747,-0.5846918,2.5053866044590865,-0.7001463684043084,False,False,False,False,False,False,False,True,False,False,False,False
10.175873,5.1887383,-2.133859,0.23885383,0.0765328134976027,-0.1052389768505517,False,False,False,False,False,False,False,False,False,False,False,False
-8.301189,5.3627276,-3.4272325,1.7632273,-0.5118230321007535,0.7456419505033166,True,False,False,False,False,False,False,False,False,False,False,False
-5.7147164,8.203575,-1.5983759,2.038258,-1.8004329414757918,3.931564625580848,True,False,False,False,False,False,False,False,False,False,False,False
-7.220489,-2.260946,3.4458845,6.166818,-2.020508800728533,0.7873551745152056,True,False,False,False,False,False,False,False,False,False,False,False
-8.627222,-2.8537185,-6.9379025,-3.2391856,-1.624576413627687,0.0654851429227839,True,False,False,False,False,False,False,False,False,False,False,False
-9.718161,2.0130777,-6.523693,-2.859415,-0.2778881139495367,2.3885889274771333,False,False,False,False,False,False,False,False,False,False,False,False
9.712695,-2.2485738,1.8116431,-0.63829845,-0.280355945237548,-1.9999820031413151,False,False,False,False,False,False,False,False,False,False,False,False
-2.0690837,-5.7360506,0.86092114,-0.057139877,-1.6194978846992312,0.1123845110960748,True,False,False,False,False,False,False,False,False,False,False,False
5.563932,-8.454349,5.091359,-2.6710162,-0.8111335175627988,-2.1353451305187146,False,False,False,False,False,False,False,False,False,False,False,False
2.2713647,-10.891197,7.2765274,-2.9185658,-1.0268907458246417,-2.829211904340792,False,False,False,False,False,False,False,False,False,False,False,False
-5.5402927,-8.382209,1.6170385,0.15819363,-2.2989759227698743,1.4945493661125075,True,False,False,False,False,False,False,False,False,False,False,False
7.145936,8.713802,-2.764005,-0.81913114,5.825087969739598,-0.0962372316599444,False,False,False,False,True,True,False,True,False,False,False,False
4.420522,-6.5324545,2.7455368,-1.4039859,0.2505919448871946,-1.3166813991943045,False,False,False,False,False,False,False,False,False,False,False,False
3.506963,5.385107,-2.8108232,-0.4544104,0.3547933202743954,0.5189694101631209,False,False,False,False,False,False,False,False,False,False,False,False
-7.947987,3.048307,-7.2740574,-1.0050236,-1.1123726379081311,4.185438852236117,False,False,False,False,False,False,False,False,False,False,False,False
-7.8860974,-5.6289096,-0.49344787,-0.07623386,-1.437892737569163,1.9432647330876067,True,False,False,False,False,False,False,False,False,False,False,False
-4.2956777,-2.8209233,-4.527208,-1.81709,-0.1765641348365883,-0.1160909006231099,False,False,False,False,False,False,False,False,False,False,False,False
-6.7738614,8.444112,-3.1078064,7.140321,-0.1597502886390548,4.7713823871069305,False,False,False,False,False,False,False,False,False,False,False,False
8.106891,-2.8795974,2.0142002,-0.24525672,1.3371469682695845,-0.1947630202125303,False,False,False,False,False,False,False,True,False,False,False,False
-4.0689473,3.7145612,-1.9692211,3.3198078,-1.0834266837688395,0.7238761068449169,True,False,False,False,False,False,False,False,False,False,False,False
4.072311,-7.3092995,10.645264,-2.1301656,-1.0936176414172745,-3.5315349696951017,False,False,False,False,False,False,False,False,False,False,True,True
7.0073395,6.302092,-2.0007203,-1.320681,0.3884778795213015,0.2894617172574905,False,False,False,False,False,False,False,False,False,False,False,False
8.843843,2.992253,1.254441,-0.47170237,-0.1927706020242185,-1.4379428723992211,False,False,False,False,False,False,False,False,False,False,False,False
-5.0416884,3.7369902,-3.6584177,2.1485634,1.0972160779043536,-0.5886434330593626,False,False,False,False,False,False,False,True,False,False,True,False
4.6590753,-8.8305855,5.371134,-2.4642649,-0.5215769024450781,-1.192866932105481,False,False,False,False,False,False,False,False,False,False,False,False
7.2194276,3.9954777,0.33637276,0.21527086,0.3547933202743954,0.5189694101631209,False,False,False,False,False,False,False,False,False,False,False,False
-6.9501257,-4.7013044,1.3209795,0.430093,-0.8177165392251156,-0.6967559150787921,False,False,False,False,False,False,False,False,False,False,False,False
6.185908,-0.9346426,0.27639842,-1.5107166,-0.0593065382568358,-0.2120831354818782,False,False,False,False,False,False,False,False,False,False,False,False
5.929646,4.4623265,0.58736044,0.6631303,1.0298973033598684,0.6296621398831427,False,False,False,False,False,False,False,False,False,False,False,False
-2.3717923,-8.041121,3.7024212,-2.2366455,-2.857166302356048,-1.007255832283378,True,False,False,False,False,False,False,False,False,False,False,False
-9.140561,0.7023861,-1.8115892,3.0720923,-4.626019797009577,4.217065817651274,True,False,False,False,False,False,False,False,False,False,False,False
-2.7201834,10.691226,-2.4824064,4.3316665,0.2409597504775399,0.962864439950484,True,False,False,False,False,False,False,False,False,False,False,False
-7.4112206,-1.4087002,1.8639369,4.0471435,-1.0427738405553737,0.2179754131975466,False,False,False,True,False,False,False,False,False,False,False,False
-8.982291,-2.3312736,3.6309497,10.353728,-1.4525073612609465,1.2224703993682504,True,False,False,False,False,False,False,False,False,False,False,False
-8.161232,0.7630892,-8.957309,-4.9839034,-0.3585018659405879,1.7552631977773072,False,False,False,False,False,False,False,False,False,False,False,False
4.1535225,4.832999,-2.0600443,0.6624631,1.2753987767984942,0.5367007698208638,False,False,False,False,False,False,False,False,False,False,False,False
7.108754,-2.9340153,2.475795,-1.1231459,0.4275804520795099,-3.1660096771772714,False,False,False,False,False,False,False,False,True,True,False,False
6.994448,-5.643782,3.8530552,-0.0005200786,-0.9515988553066318,-2.492771427284972,False,False,False,False,False,False,False,False,False,False,False,True
7.0394235,6.1689796,0.47598714,-0.11692641,0.3547933202743954,0.5189694101631209,False,False,False,False,False,False,False,False,False,False,False,False
5.7157106,8.856482,-3.5492394,0.69515574,1.561649379380056,0.4072214363348214,False,False,False,False,False,False,False,False,False,False,False,False
0.51225585,4.599992,-0.98367953,-0.6735441,1.4209793042551728,-0.3535433755738487,False,False,False,False,False,False,False,False,False,False,False,False
-3.657105,11.122783,-1.5276165,3.0645316,-0.1968849544257461,4.594728179732525,False,False,False,False,False,False,False,False,False,False,False,False
-7.3807015,-0.7137353,-3.3837934,-5.1901097,-1.031190465439957,2.329551482682039,False,False,False,False,False,False,False,False,False,False,False,False
-5.3366194,7.051068,-0.7796117,7.922711,-0.0593065382568358,-0.2120831354818782,False,False,False,False,False,False,False,False,False,False,False,False
-9.421203,1.4905252,-8.310021,-1.29228,-0.2344835696654891,1.970392236275688,False,False,False,False,False,False,False,False,False,False,False,False
-0.16226408,-2.7020688,5.9925537,-4.1090016,-0.3582342903769051,-0.5757936005515442,False,False,False,False,False,False,False,False,False,False,False,False
9.822578,6.095404,-1.0561395,-1.2066642,4.141189590169098,-0.0439859544639971,False,False,False,False,False,False,False,True,False,False,False,False
11.289462,5.522827,-1.1115894,0.545906,5.045952671102467,-0.3669693715925025,False,False,False,False,False,False,False,False,False,False,False,False
-8.426982,-0.98687273,2.605001,11.284054,-0.8006780003329622,-0.0359498688714433,False,False,False,False,False,False,False,False,False,False,False,False
-9.777616,2.2511277,-10.674189,-3.5864367,-0.2344835696654891,1.970392236275688,False,False,False,False,False,False,False,False,False,False,False,False
-2.7504072,6.617285,-0.55300444,4.1093225,-0.0071691939852594,0.911646427110196,False,False,False,False,False,False,False,False,False,False,False,False
-7.949341,-6.224578,2.0904348,1.0038974,-2.2054817749494804,0.1817945306274029,False,False,False,False,False,False,False,False,False,False,False,False
6.296722,-5.454009,3.2985733,-1.8778827,-0.7364736850646795,-2.443626231483379,False,False,False,False,False,False,False,False,False,True,False,False
12.230545,6.098807,0.6257076,-0.0964202,1.566657551731394,0.0986890307579552,False,False,False,False,False,False,False,False,False,False,False,False
6.919557,1.8205856,1.0816799,-0.2100485,-0.0235298779684815,-1.0263430526170658,False,False,False,False,False,False,False,False,False,False,False,False
6.003697,6.321119,-1.5994076,0.52560514,5.700837922218112,-1.432804444509816,False,False,False,False,False,True,False,False,False,False,True,False
5.4144692,-5.071568,4.072642,-1.786139,-1.6432168899761526,-3.230808701922433,False,False,False,False,False,False,False,False,False,False,True,False
6.185564,-4.976455,4.371064,-3.567505,-0.0691454339786176,-0.5574713831823558,False,False,False,False,False,False,False,False,False,False,False,False
4.498881,5.475807,-0.03595933,-0.5831512,0.3547933202743954,0.5189694101631209,False,False,False,False,False,False,False,False,False,False,False,False
4.484398,-6.6610036,2.9391463,-1.6655712,-0.6670536600521924,-1.4969941041058288,False,False,False,False,False,False,False,False,False,False,False,False
12.341311,2.7615476,1.0371077,-0.29665,0.4500461399973615,-0.2992644260957934,False,False,False,False,False,False,False,False,False,False,False,False
5.6154447,-2.6801286,1.2089368,-1.2572577,-0.8977105540798797,-0.3173781297426203,False,False,False,False,False,False,False,False,False,False,False,False
-7.6856866,-0.79280764,-6.0978546,-4.5491114,-0.1395453286670304,1.3378588150761597,False,False,False,False,False,False,False,False,False,False,False,False
1.0484692,-6.9636374,0.7158153,-3.8257596,-0.2301409383605076,-1.6772031345875205,False,False,False,False,False,False,False,False,False,False,False,False
12.794536,-0.117433295,0.9032633,-0.67991084,0.1002035819263306,-0.7492214063259136,False,False,False,False,False,False,False,False,False,False,False,False
-0.5102979,-0.9392059,-5.507165,-2.7254515,0.2597979457525735,-1.382648198881577,False,False,False,False,False,False,False,False,False,False,False,False
-6.092468,0.87177557,-9.712384,-3.218104,-0.2092897839064379,0.1632930032070075,False,False,False,False,False,False,False,False,False,False,False,False
-3.226236,10.303292,-3.2845666,6.9133406,0.2424544858613302,1.3818546407138814,False,False,False,False,False,False,False,False,False,False,False,False
-6.65575,5.695748,3.3347175,2.1865351,-0.1509235708986409,0.5755154024751018,True,False,False,False,False,False,False,False,False,False,False,False
8.751518,5.3417745,0.252317,-0.1846048,8.14097358493462,0.6635367831514196,False,False,False,False,True,False,False,False,False,False,False,False
0.3438711,-1.4492599,-0.9354875,-2.1386123,0.1570432192553656,-0.1434269182490336,False,False,False,False,False,False,False,False,False,False,False,False
2.6672156,10.1655245,-2.590246,1.4982659,2.573594524363665,0.4645427297552346,False,False,False,False,False,False,False,False,False,False,False,False
6.1560917,-2.4513297,-0.44053778,-0.6127781,-0.2062120992493156,-0.4021349689843058,False,False,False,False,False,False,False,False,False,False,False,False
-10.6653805,0.30073446,-4.9227085,-1.81392,-0.5153540229102987,2.7616403572115336,False,False,False,False,False,False,False,False,False,False,False,False
-6.486952,4.3769703,-0.5269774,3.7968726,-1.1563621355629303,1.3163843966104856,True,False,False,False,False,False,False,False,False,False,False,False
-8.659595,7.4466906,-1.7675912,4.241959,-1.641188422616087,4.247731464928907,True,False,False,False,False,False,False,False,False,False,False,False
10.64222,4.2776093,0.43559688,0.4855482,3.837820079451059,-0.5779144781198392,False,False,False,False,False,False,False,False,False,False,False,False
5.9481344,-0.25364766,3.987034,-1.9208382,3.557078128064522,-0.5596932282178725,False,False,False,False,True,True,False,False,False,False,False,False
-2.2431571,1.6314647,0.7189833,5.3638024,-1.3855795799906665,-0.5748739719771886,True,False,False,False,False,False,False,False,False,False,False,False
5.378243,-3.6250687,0.55902946,-1.2821177,-0.4249011677730139,-0.2813661201020958,False,False,False,False,False,False,False,False,False,False,False,False
-8.921662,0.18003932,-3.1198606,-2.8869202,-0.7417336877407361,3.8129538715115694,False,False,False,False,False,False,False,False,False,False,False,False
-10.734416,1.0511743,-6.121299,4.290944,-1.0419882372147748,-0.0676201062584824,False,False,False,False,False,False,False,False,False,False,False,False
3.9839706,8.878652,-2.9953034,-0.5452034,1.7428816303347698,0.730963955453072,False,False,False,False,False,False,False,False,False,False,False,False
-7.414402,-7.82756,1.8781489,-0.10533248,-2.763944940179748,0.3371820728074909,True,False,False,False,False,False,False,False,False,False,False,False
6.152252,-3.8506691,5.713425,-0.1349975,-0.3401922721456983,-1.7943915947393492,False,False,False,False,False,False,False,False,False,False,True,True
-3.1569688,3.8310106,-1.3075062,2.9395213,-0.1759381415663992,-0.3446367880976435,False,False,False,False,False,False,False,False,False,False,False,False
5.5780907,-1.9892768,2.9199324,-0.6503969,1.6350261489928877,0.2936749515132063,False,False,False,False,True,False,False,False,False,False,False,False
-7.47275,0.729836,0.77633494,6.9692106,-0.719551176415643,0.2899103151129427,False,False,False,False,False,False,False,False,False,False,False,False
8.424224,2.9772604,1.0886099,0.06578471,0.952948562037836,0.6066103417248173,False,False,False,False,False,False,False,False,False,False,False,False
2.9688156,-7.3285246,7.0563464,-3.3065877,-0.4646277197493635,-1.6541660501137592,False,False,False,False,False,False,False,False,False,False,False,False
-4.0935864,-5.396102,-0.6080599,-0.41576073,-0.4671280177583815,0.0165215674079773,True,False,False,False,False,False,False,False,False,False,False,False
2.4332297,-10.52285,6.4249864,-3.8553178,-1.0144659611713702,-2.173011118713182,False,False,False,False,False,False,False,False,False,False,False,False
-6.632795,2.6719882,-8.137289,-3.3790166,-0.4038364077211322,1.9620000457732591,False,False,False,False,False,False,False,False,False,False,False,False
-5.7829165,-2.7490203,-7.897759,-4.448874,-1.5564847690260633,0.9633349659073036,False,False,False,False,False,False,False,False,False,False,False,False
-2.0734284,1.6864508,-4.091287,-2.2702494,-0.9669198068518732,1.48724734237251,False,False,False,False,False,False,False,False,False,False,False,False
-3.171374,-8.132743,1.4007641,-0.4031462,-0.125393615183268,-0.2655734713696888,False,False,False,False,False,False,False,False,False,False,False,False
6.364862,-2.7702804,2.1910236,0.31636962,-0.9190507016467988,-2.5383387024333484,False,False,False,False,False,False,False,False,False,False,False,False
4.990615,-3.9059937,2.53555,0.2178867,0.0141711338643788,-3.7316227585685935,False,False,False,False,False,False,False,False,False,False,False,True
0.3539926,5.22615,-0.488075,5.8325844,0.3547933202743954,0.5189694101631209,False,False,False,False,False,False,False,False,False,False,False,False
-5.233872,2.2800624,3.2568688,7.939983,-1.6828989497474467,0.2530667198794959,True,False,False,False,False,False,False,False,False,False,False,False
8.666463,7.9068246,-2.5892355,0.50072217,4.209659327729399,0.1202223802830193,False,False,False,False,True,False,False,True,False,False,False,False
-8.539306,-3.0209749,-5.714467,-3.205363,-1.7945672715490604,1.6617550217844643,True,True,False,False,False,False,False,False,False,False,False,False
-6.519677,1.1065003,-8.154567,-3.2679973,-1.76099007027689,1.710555859347037,False,False,False,False,False,False,False,False,False,False,False,False
5.9753904,-4.0739803,1.6414684,-0.48013985,-0.0921092407505119,-0.2689003818268879,False,False,False,False,False,False,False,False,False,False,False,False
-3.50915,9.16457,-5.9638295,0.6563012,-0.7727879935657311,2.054363814184718,False,False,False,False,False,False,False,False,False,False,False,False
-3.1750588,-7.313687,2.0382335,2.1799548,-1.358069318859004,0.0118822075283876,False,False,False,False,False,False,False,False,False,False,False,False
-6.6234384,-1.2045358,-1.6934049,-2.3421009,-1.4588035355206357,1.4173778804295565,True,True,False,False,False,False,False,False,False,False,False,False
-9.256675,2.9835227,-0.51893836,6.8907547,-0.868512539080532,1.2492945809615683,True,False,False,False,False,False,False,False,False,False,False,False
-3.6764047,4.261368,-2.81157,1.4953243,0.4443313674209909,1.3932928675966108,False,False,False,False,False,False,False,False,False,False,False,False
2.0794835,-1.280374,-6.279944,-4.0539002,-0.406535642153378,0.0112897451721818,False,False,False,False,False,False,False,False,False,False,False,False
-6.5616865,-7.287234,2.0711637,0.79403156,-0.3953410748407858,0.4931929265809577,False,False,False,False,False,False,False,False,False,False,False,False
8.21444,-1.8227268,2.0383584,-1.1383103,0.3990719375184411,-3.2573941302138167,False,False,False,False,False,False,False,False,False,False,True,False
5.736163,-8.121053,2.3347723,-1.6591002,0.0008127297325482,-0.6320900562850275,False,False,False,False,False,False,False,False,False,False,False,False
3.88885,-6.9621563,11.17168,-2.261597,-1.5050866822969076,-4.777888567739353,False,False,False,False,False,False,False,False,False,True,False,True
-2.0786092,3.6580698,-4.665606,-1.761025,-0.0130170401973121,0.9294703737258638,False,False,False,False,False,False,False,False,False,False,False,False
-7.766682,-3.4455698,2.1233356,1.2987839,-0.8761934248553008,1.3046578484581728,True,False,False,False,False,False,False,False,False,False,False,False
8.682466,2.2897673,0.45706478,-0.9110717,0.5184249079814525,-0.5808725168931105,False,False,False,False,False,False,False,False,False,False,False,False
-7.5398703,-5.911953,3.1610682,1.6167154,-1.3287123887699257,-1.4118227450524226,True,False,False,False,False,False,False,False,False,False,False,False
-2.6129766,-4.502245,-6.7834144,-2.2654552,-0.8172849058472922,-0.6454614793039578,False,False,False,False,False,False,False,False,False,False,False,False
-4.0911183,0.8641296,2.7384324,4.9590898,-0.7735436989340284,0.3636080047495851,True,False,False,False,False,False,False,False,False,False,False,False
0.0018524233,-8.560816,6.741489,-1.8004004,-1.5871325856488805,-1.8363548286059728,True,False,False,False,False,False,False,False,False,False,False,False
-1.7274643,-4.2661157,9.492625,5.7902513,-1.9603190996980795,-1.26146662376446,True,False,False,False,False,False,False,False,False,False,False,True
-3.1332784,3.2876565,-4.801915,-5.0356016,-0.2242845749697755,1.3104101325244797,False,False,False,False,False,False,False,False,False,False,False,False
-7.981015,-8.561433,0.57402796,-0.21891296,-0.5564754170040934,0.7699119965075621,False,False,False,False,False,False,False,False,False,False,False,False
6.3686166,-4.1300135,4.7017016,-0.23859315,-1.9446375399705969,-3.4710411174277533,False,False,False,False,False,False,False,False,False,False,False,False
-6.205394,4.0448728,-0.41442782,3.8035386,-0.1913921320424316,2.1992560843366946,True,False,False,False,False,False,False,False,False,False,False,False
0.24502811,-2.2077847,8.420683,-2.7469027,0.3547933202743954,0.5189694101631209,False,False,False,False,False,False,False,False,False,False,False,False
-10.4649515,2.6228874,-6.6220946,-2.232759,-0.1338370867164509,1.70523855351828,False,False,False,False,False,False,False,False,False,False,False,False
8.240954,-4.267035,1.7728248,-0.30776986,-1.080279466041076,-2.224227521647805,False,False,False,False,False,False,False,False,False,False,False,False
2.0100381,8.909577,-1.9218987,1.106771,4.209558187430589,0.1509999662912543,False,False,False,False,True,False,False,True,False,False,False,False
-6.385476,-4.3488417,-6.2528653,-4.4377217,0.082539744999534,1.061445692270727,False,False,False,False,False,False,False,False,False,False,False,False
11.069377,1.9825556,1.1985173,-0.99376,4.2877612361405655,-0.7613653610174942,False,False,False,False,True,False,False,False,False,False,False,False
-7.3892274,-0.70790666,-0.6421626,3.7193024,-0.4671280177583815,0.0165215674079773,True,False,False,False,False,False,False,False,False,False,False,False
5.4039617,9.720971,-2.7771263,-0.69408524,3.523926797795046,-0.3819750634977695,False,False,False,False,False,False,False,True,False,False,False,False
5.7168083,6.6750627,-3.0406466,-1.6647055,3.186991251127836,-0.2286126376736829,False,False,False,False,False,False,False,True,False,False,False,False
7.580819,-0.7043608,0.42205477,-0.5709121,0.8517319013668995,-2.7699193525794623,False,False,False,False,False,False,False,False,True,False,True,False
10.182011,3.7049327,0.20365691,-0.89308184,6.572521980673272,-1.1489559746332594,False,False,False,False,False,False,False,False,False,False,False,False
8.119244,6.2708025,0.2718509,0.55990297,0.3547933202743954,0.5189694101631209,False,False,False,False,False,False,False,False,False,False,False,False
0.11163975,-3.165331,-2.577089,-1.8915023,-0.8759383782844729,-2.939658003334158,False,False,False,False,False,False,False,False,False,False,False,False
9.014012,-1.8740709,0.887675,0.61913836,1.3578665297888846,-1.3019887015702607,False,False,False,False,False,False,False,False,False,False,False,False
-7.6552033,3.719397,-6.9727902,-3.5504098,0.0034803320175365,1.037201267489637,False,False,False,False,False,False,False,False,False,False,False,False
-7.2963552,-2.3664336,5.4821,5.408066,-0.3723822481538215,0.5308578611919017,False,False,False,False,False,False,False,False,False,False,False,False
-3.0674498,3.7278187,-2.353144,3.5755937,-0.4083194233537014,0.1521629555473138,False,False,False,False,False,False,False,False,False,False,False,False
-5.338656,-4.665594,-1.1865226,-2.8351645,-0.7205455943437498,0.706812135312367,True,False,False,False,False,False,False,False,False,False,False,False
-9.048749,-5.1130223,-4.0201116,-0.09469313,-1.2733931027624614,1.355381931061,True,True,False,False,False,False,False,False,False,False,False,False
-7.8952656,-1.5399505,2.1981215,5.193658,-0.1029725046153014,0.1548354923027654,False,False,False,False,False,False,False,False,False,False,False,False
4.426002,4.9085584,-0.1231889,-0.21772017,-0.2472993622938657,0.1953205708990436,False,False,False,False,False,False,False,False,False,False,False,False
12.9158745,3.3399417,1.2386186,-0.9769737,4.442005197613101,-1.7246771346326155,False,False,False,False,False,False,False,False,False,False,False,False
-9.661147,-1.5456088,-4.420956,-1.8345497,-0.9229985037232163,3.162571095295542,False,False,False,False,False,False,False,False,False,False,False,False
3.960429,-7.26775,9.804098,-2.6398146,-0.6418158792639942,-1.808435236731628,False,False,False,False,False,False,False,False,False,False,False,False
6.5077953,-0.67396957,0.41325498,0.29564166,0.8626894439605581,-1.9190734643736784,False,False,False,False,False,False,False,False,False,False,False,False
9.218799,0.8300378,0.9838066,-0.07223533,-0.0593065382568358,-0.2120831354818782,False,False,False,False,False,False,False,False,False,False,False,False
-4.6113696,-4.7210784,-5.141004,-3.2171986,-1.9795930779775115,-0.9659870981879009,True,False,False,False,False,False,False,False,False,False,False,False
-7.664285,10.171002,-0.7593545,3.42249,-0.5448509426167445,3.0236856210242635,False,False,False,False,False,False,False,False,False,False,False,False
7.6256166,-3.3891964,1.6884402,-1.3028382,0.4275804520795099,-3.1660096771772714,False,False,False,False,False,False,False,False,True,True,False,False
2.3942964,-5.6617785,4.396321,-2.3446736,-2.71873761620972,-3.1850209952240864,True,False,False,False,False,False,False,False,False,False,False,False
-4.488776,3.071378,1.3314608,3.1287386,-0.0071691939852594,0.911646427110196,False,False,False,False,False,False,False,False,False,False,False,False
-7.021226,12.042184,-1.531985,4.5658,0.3177690387423794,1.389602553948036,False,False,False,False,False,False,False,False,False,False,False,False
3.6958148,-10.197817,8.094066,-1.0214198,-1.0732147516109836,-1.478631487543937,False,False,False,False,False,False,False,False,False,False,False,False
10.692228,6.060494,0.22102867,-0.7754643,5.070671159794031,-0.1713958401521653,False,False,False,False,True,True,False,False,False,False,False,False
-5.2504334,-5.027557,2.1818035,0.26237142,-1.273798652975472,-0.0749068660978593,False,False,False,False,False,False,False,False,False,False,False,False
-5.291379,-0.6359321,5.5173173,9.567713,-0.4285544081694168,0.1391790187442052,True,False,False,False,False,False,False,False,False,False,False,False
1.1463737,-5.9249926,1.011965,-3.4980402,-0.584542224282271,-2.149537688834643,False,False,False,False,False,False,False,False,False,False,False,True
-6.9341726,-6.0963354,1.24096,0.35586002,-0.3953410748407858,0.4931929265809577,False,False,False,False,False,False,False,False,False,False,False,False
-5.2071385,10.072042,-2.5504525,3.1988945,0.3489455474857386,4.413536965513535,False,False,False,False,False,False,False,False,False,False,False,False
-0.19343643,-4.8165793,6.937972,-5.8606505,0.6065641118888735,-0.2804444962616217,False,False,False,False,True,False,False,False,False,False,False,False
-9.265673,-4.1639714,-5.054351,-0.7201934,-0.4050637217495182,0.2135644594311641,True,False,False,False,False,False,False,False,False,False,False,False
-10.521855,-3.145459,-0.25560507,-0.37437707,-1.745059009142643,3.0712725190479846,True,False,False,False,False,False,False,False,False,False,False,False
4.377229,-7.5492606,3.3166802,-0.5274999,-1.8778770053124327,-2.186113553497028,False,False,False,False,False,False,False,False,False,False,False,False
-5.675358,-2.6941924,-5.0967693,-3.449544,-1.9232764376450309,0.8070330491183905,True,False,False,False,False,False,False,False,False,False,False,False
-11.035768,-2.3084245,-7.4418917,-3.126448,-0.3918768625280937,1.531043538251781,False,False,False,False,False,False,False,False,False,False,False,False
7.814982,6.3390603,-2.5722315,-1.7765014,7.0361646886319935,-0.8797614059142883,False,False,False,False,True,False,False,False,False,False,False,False
-10.050409,1.3198806,-5.2589946,-2.8887253,-1.0202834469732347,2.617527845608149,False,False,False,False,False,False,False,False,False,False,False,False
4.8464746,9.03793,-2.2490423,0.19624838,0.212294392250248,0.7894079228990571,False,False,False,False,False,False,False,False,False,False,False,False
5.0499835,8.582372,0.43697762,1.2312549,3.888879061844429,0.4200310446671715,False,False,False,False,True,False,True,False,False,False,False,False
13.229039,0.31944266,0.06741538,-0.80690217,0.5306192213955477,-2.1904506654619835,False,False,False,False,False,False,False,False,False,False,False,False
5.418876,0.2321637,2.140366,-1.1348227,-0.1191975488862591,-0.7964165543424775,False,False,False,False,False,False,False,False,False,False,False,False
-5.445075,-1.7042997,-4.448203,-1.2593553,-0.2856094786522886,1.828831585270562,False,False,False,False,False,False,False,False,False,False,False,False
8.040006,-0.79863834,0.7261998,-1.0039029,-0.3354749439921804,-1.4210437467251076,False,False,False,False,False,False,False,False,False,False,False,False
0.84734493,-6.3379126,-2.3261538,-2.9520051,-1.3430901161023885,-2.8498026154844465,False,False,False,False,False,False,False,False,False,False,False,False
-8.149351,-0.67836964,-3.4150975,-2.190915,-0.3605942021543,1.858423656757812,False,False,False,False,False,False,False,False,False,False,False,False
2.1072206,-1.764979,4.805238,-3.0865898,-0.1504188311357637,1.2717094778688696,False,False,False,False,False,False,False,False,False,False,False,False
7.0333047,-5.0052648,2.2387614,0.17136155,-0.6804386592124657,-1.7402787314164303,False,False,False,False,False,False,False,False,False,False,False,False
4.110764,-10.616288,7.558233,-3.5569634,-0.5303212038595991,-1.8180683928378687,False,False,False,False,False,False,False,False,False,False,False,False
2.238035,-2.7764978,0.54589474,-0.3360375,0.0987948764734134,-0.7615224923741669,False,False,False,False,False,False,False,False,False,False,False,False
-9.351919,-0.36901432,-0.31566858,4.350922,-2.197217177704536,-0.175714382160811,True,False,False,False,False,False,False,False,False,False,False,False
6.696479,-4.060281,2.513598,0.034734312,-0.9629266727422604,-1.871390288697715,False,False,False,False,False,False,False,False,False,False,False,True
6.7111344,9.407535,-1.0057116,-0.09307631,1.6016891295248383,0.8049519196841393,False,False,False,False,False,False,False,False,False,False,False,False
6.022088,2.9050796,0.6045835,1.11251,0.5444604566520073,-0.6450975163079197,False,False,False,False,False,False,False,False,False,False,False,False
-10.380116,-2.0706656,-5.663429,-2.211644,-0.2239127482188312,1.9202617554669463,False,False,False,False,False,False,False,False,False,False,False,False
7.167339,-1.302038,0.3849825,-0.9085797,0.284759951480903,0.0984416958570192,False,False,False,False,False,False,False,False,False,False,False,False
3.959174,-9.112049,6.366273,-2.9029698,-1.2092042056601358,-3.9803966316358887,False,False,False,False,False,False,False,False,False,False,False,False
2.7372632,-8.870066,4.8292284,-0.92916447,-2.4069955133083742,-3.349051912475326,False,False,False,False,False,False,False,False,False,False,False,False
-7.3553,-5.213131,1.3330584,-0.008795237,-1.2642185764615468,-0.6149749482427482,True,False,False,False,False,False,False,False,False,False,False,False
1.3957475,-1.4645808,-2.9613538,-2.365745,-1.8449151966529709,-2.0287045643905297,False,False,False,False,False,False,False,False,False,False,False,False
-0.3323482,-1.9605323,-1.9314029,-4.0633864,-0.971078080996701,-0.9374105344791864,False,False,False,False,False,False,False,False,False,False,False,False
8.235841,1.8812029,1.2213124,-0.6870287,0.9393442520038014,0.4003726345672437,False,False,False,False,False,False,False,False,False,False,False,False
-5.135589,1.4658387,0.516091,6.7588778,-1.6802465796187076,1.5464053968350864,True,False,False,False,False,False,False,False,False,False,False,True
4.7443786,-2.8377802,2.1828425,-1.9981172,-0.4356189997862564,-1.0641054685993048,False,False,False,False,False,False,False,False,False,False,False,False
3.433861,4.167028,0.06539257,-0.51148164,1.1192029049471874,0.7071719591603406,False,False,False,False,False,False,False,False,False,False,False,False
2.9821956,0.47005507,2.6438494,4.8727674,-0.1509235708986409,0.5755154024751018,True,False,False,False,False,False,False,False,False,False,False,False
6.677538,-3.0529287,0.8948915,-0.69254535,-0.3354749439921804,-1.4210437467251076,False,False,False,False,False,False,False,False,False,False,False,False
-5.216597,3.7942188,0.65237266,7.525847,-1.1815595364565266,0.3858691107521072,True,False,False,False,False,False,False,False,False,False,False,False
-7.9622216,-7.7382855,1.2849973,0.8976068,0.0765328134976027,-0.1052389768505517,False,False,False,False,False,False,False,False,False,False,False,False
-10.634409,1.5243201,-5.0556874,4.5496407,0.2833510947187245,1.3918375807925012,False,False,False,False,False,False,False,False,False,False,False,False
3.5684886,-6.4324284,11.074362,-2.3205395,-1.093351557642238,-0.565980229447732,False,False,False,False,False,False,False,False,False,True,False,False
-0.13447596,4.357068,-1.9303079,-0.96041465,3.793619732624158,-0.6971262102762195,False,False,False,False,True,False,False,False,False,False,False,False
4.3042507,3.0733836,-1.6236587,1.5523193,-0.549697457905263,-0.9255305679218864,False,False,False,False,False,False,False,False,False,False,False,True
-5.666149,1.7379342,-4.6233206,-2.113707,-0.8021209813118315,0.988723519573904,False,False,False,False,False,False,False,False,False,False,False,False
10.49521,-0.2242487,7.9884696,-1.6960598,4.243631436462007,-2.5655534988307465,False,False,False,False,False,True,False,False,False,False,False,False
-8.040906,-2.3561852,-0.2832112,4.741997,-3.2091946152119784,-0.6835732613023154,True,False,False,True,False,False,False,False,False,False,False,False
2.3175812,-3.8111546,5.274984,-4.8504224,0.3824798933391197,-0.1704944651221644,False,False,False,False,False,False,False,False,False,False,False,False
5.3265595,3.4851685,0.6229511,-1.3834745,0.2230944953639951,1.0776840286236282,False,False,False,False,False,False,False,False,False,False,False,False
2.6084783,-2.900623,2.3474343,1.7847304,-0.1202149991392514,-0.5382103422530814,False,False,False,False,False,False,False,False,False,False,False,False
3.5434785,-9.688505,5.029597,-4.234878,-1.0032442271596227,-1.7342991262855174,False,False,False,False,False,False,False,False,False,False,False,False
-3.279602,-6.9683642,4.2113566,-3.0934138,-0.8508255564722554,-0.4732940972222896,True,False,False,False,False,False,False,False,False,False,False,False
5.6412206,8.759618,-1.9413146,0.371043,0.3884778795213015,0.2894617172574905,False,False,False,False,False,False,False,False,False,False,False,False
-4.4329824,-4.189945,-1.9443274,-0.8242486,-3.1247877403811506,2.4028268287583083,True,False,False,True,False,False,False,False,False,False,False,False
6.6267824,4.340651,-0.062147785,-0.5976148,1.2753987767984942,0.5367007698208638,False,False,False,False,False,False,False,False,False,False,False,False
7.5067286,6.4355345,-2.379314,-1.6990342,5.100673667052716,-0.0773723124566143,False,False,False,False,False,True,False,True,False,False,False,False
7.6950116,-0.9824479,0.2585932,-0.2777945,-0.6556974563453358,-1.884560078665568,False,False,False,False,False,False,False,False,True,False,False,True
-5.0029883,-0.816682,-6.2786775,-3.6073453,-0.995397404940522,0.9852420443780936,True,False,False,False,False,False,False,False,False,False,False,False
5.736163,-8.121053,2.3347723,-1.6591002,0.6015887669896408,-0.6993562917631034,False,False,False,False,False,False,False,False,False,False,False,False
4.5870028,-10.282572,7.191031,-1.7144164,-0.2049847857330561,-0.6643155418136821,False,False,False,False,False,False,False,False,False,False,False,False
-5.9532595,11.288263,-3.2364016,3.0362954,0.2390833756397968,5.5812526643988765,False,False,False,False,False,False,False,False,False,False,False,False
-3.7787735,9.355011,-1.4788064,3.0416706,-0.4227915551835802,2.30868605908255,True,False,False,False,False,False,False,False,False,False,False,False
-7.194328,-5.5372634,3.9282734,0.39510098,-0.7024543912452091,1.3024651616533065,True,False,False,False,False,False,False,False,False,False,False,False
8.050448,8.424815,-2.7265716,2.414369,6.216629148993626,-0.2593159247373307,False,False,False,False,False,False,False,True,False,False,False,False
-6.5980563,4.532639,2.131446,4.421919,0.3547933202743954,0.5189694101631209,False,False,False,False,False,False,False,False,False,False,False,False
-5.1087303,10.358967,-0.9884984,3.9237182,-0.4439861258363825,2.384016770202411,False,False,False,False,False,False,False,False,False,False,False,False
-7.534053,-3.208698,0.50340295,4.7240443,-1.6401832553760378,0.4793644512702503,True,False,False,True,False,False,False,False,False,False,False,False
-1.0239909,-3.5080674,11.13499,-4.11423,-0.4943818428514954,-2.040996329553192,False,False,False,False,False,False,False,False,False,False,False,False
6.009581,0.30416733,2.2611835,0.55300313,1.3792382576086264,-2.5286953541832875,False,False,False,False,False,False,False,False,False,True,False,False
-4.8051186,1.739682,1.5513697,5.5661554,-1.547318382541338,-0.5432930778668493,True,False,False,False,False,False,False,False,False,False,False,False
-4.695974,-4.5927005,-5.59616,-2.9236894,-1.944513336898556,-0.6232476774812066,True,False,False,False,False,False,False,False,False,False,False,False
-2.8023183,-4.686199,-6.7834144,-2.2654552,-0.8172849058472922,-0.6454614793039578,False,False,False,False,False,False,False,False,False,False,False,False
0.7746571,-0.95365554,8.968828,-4.166437,-0.2724778775871896,-0.5951373713768239,False,False,False,False,False,False,False,False,False,False,False,False
8.418018,-3.5344896,1.7792323,-0.86707133,-0.0593065382568358,-0.2120831354818782,False,False,False,False,False,False,False,False,False,False,False,False
-1.0308808,-3.7002025,7.005153,5.014572,-0.7744690553772258,-0.9283884919818296,False,False,False,False,False,False,False,False,False,False,False,False
9.116265,3.1198905,0.68443114,-0.8850093,0.562844988444422,0.2816552113136342,False,False,False,False,False,False,False,False,False,False,False,False
-7.9597526,1.8461341,-9.505042,-2.9306674,-0.4568345123114106,1.6187959152104776,False,False,False,False,False,False,False,False,False,False,False,False
5.669337,3.4584394,-0.3843367,-0.909803,8.968409910399325,0.0687430033932309,False,False,False,False,True,False,True,True,False,False,False,False
-7.4997163,8.906236,-2.3391657,2.405836,0.2230876684658103,2.437174142870044,False,False,False,False,False,False,False,False,False,False,False,False
-4.469207,-7.933919,-3.9842896,-1.3181547,-0.9043321477757568,0.0650054386826009,True,False,False,False,False,False,False,False,False,False,False,False
-0.28279966,3.813597,-1.7920241,6.4747634,2.307827524707758,1.3085877005675772,False,False,False,False,False,False,False,True,False,False,False,False
12.355725,3.5002153,0.33164036,-0.87923557,3.786757934179952,-0.5056475911541245,False,False,False,False,True,False,False,False,False,False,False,False
6.170216,6.0725236,-1.9427207,0.118554436,2.0439210555882883,-1.6991087850679776,False,False,False,False,False,False,False,False,False,False,False,False
6.286076,5.9582777,-2.6129675,-1.4384626,0.3547933202743954,0.5189694101631209,False,False,False,False,False,False,False,False,False,False,False,False
-0.20586687,-3.7454865,0.35131094,0.07689225,-0.8950467326284295,-0.2276767840939414,False,False,False,False,False,False,False,False,False,False,False,False
3.7313595,11.820742,-1.7802798,0.88924867,6.322608793876498,0.5129664855975428,False,False,False,False,False,False,False,True,False,False,False,False
-4.5957317,5.5820904,-4.2208066,1.2350124,0.4990880842958396,1.6825373008097753,False,False,False,False,False,False,False,False,False,False,False,False
-13.060846,-2.8710074,-6.1112933,-3.5963356,-2.2878615267932148,2.701569219365291,True,False,False,False,False,False,False,False,False,False,False,False
-6.9564023,8.035256,-2.4429653,5.296731,4.122414355649799,3.3806209941397403,False,False,False,False,True,False,False,True,False,False,False,False
6.3325305,7.0401244,5.9227204,0.12028259,3.330256015204543,0.0572966384841711,False,False,False,False,True,False,False,True,False,False,False,False
0.82719386,9.606439,-1.6508266,0.9693199,3.052641273463257,0.4827422866257809,False,False,False,False,False,False,False,False,False,False,False,False
-4.9491396,0.1444058,-3.3206704,-1.9025184,-0.1366938978912671,0.2581583354130072,False,False,False,False,False,False,False,False,False,False,False,False
-5.3041744,4.0385904,-5.825532,-3.277646,-0.1395453286670304,1.3378588150761597,False,False,False,False,False,False,False,False,False,False,False,False
-4.484954,5.0689106,-1.2043759,4.76306,0.2589091143587056,1.5182613911898877,False,False,False,False,False,False,False,False,False,False,False,False
2.3890338,5.0490165,-1.6377411,-1.0973833,-0.2456736205644194,0.8932627197313145,False,False,False,False,False,False,False,False,False,False,False,False
-10.310761,7.2304564,-3.8601234,12.489946,-0.5827443188939663,3.4809278087968822,False,False,False,False,False,False,False,False,False,False,False,False
-9.635276,8.421272,-5.1292996,2.2495487,-0.5924083216913797,1.3712020838395569,True,False,False,False,False,False,False,False,False,False,False,False
-9.397735,-2.6687562,-4.507628,-2.4067369,-1.5147210684621353,3.043708142230314,True,False,False,False,False,False,False,False,False,False,False,False
4.141389,-3.0098486,3.5170736,-2.1907063,-0.0472694234558462,0.4745600949210582,False,False,False,False,False,False,False,False,False,False,False,False
-4.750628,-9.687544,3.1506257,1.4488693,-2.523391930882778,-1.17168845676816,True,False,False,False,False,False,False,False,False,False,False,False
1.8285351,-9.846762,3.3309534,-0.94236374,-0.9330450264500676,-1.412722224906372,False,False,False,False,False,False,False,False,False,False,False,False
1.7172658,5.4133186,-3.164482,-0.6326171,-0.0472694234558462,0.4745600949210582,False,False,False,False,False,False,False,False,False,False,False,False
7.047467,-1.2991605,4.0728745,-0.6812384,-0.499830781601478,-2.404867326514904,False,False,False,False,False,False,False,False,False,False,True,False
-6.8315234,4.4291706,-1.3109982,2.601762,-1.4229237470646934,0.9812224017182384,True,False,False,False,False,False,False,False,False,False,False,False
-7.194502,2.9600632,-5.7204137,-3.9977653,-0.9518588776553336,1.7397648843813007,False,False,False,False,False,False,False,False,False,False,False,False
4.8696933,-9.451504,6.75201,-2.5731466,-1.5930502209817907,-2.7386910609986828,False,False,False,False,False,False,False,False,False,False,False,False
11.190742,4.595067,0.42795545,-1.5197741,7.0585560746602845,-0.6650442413131334,False,False,False,False,False,True,False,False,False,False,False,False
4.460811,8.818618,-2.4817924,-1.6671504,2.047066211359096,1.3478837035878282,False,False,False,False,True,False,False,False,False,False,False,False
0.99555933,3.526025,-4.0183206,4.5350294,-0.5886823244469302,-1.154131206443949,False,False,False,False,False,False,False,False,False,False,False,False
3.9728107,8.920074,-3.4708745,-0.5589391,2.6298025276119628,0.9782030080164456,False,False,False,False,False,False,False,False,False,False,False,False
-5.926598,5.806734,-1.0602169,5.0410004,-1.6655463761864646,5.219042651856381,False,False,False,False,False,False,False,False,False,False,False,False
-0.6452003,10.348153,-2.2174292,1.264181,0.3908498336987014,2.505573922357889,False,False,False,False,False,False,False,False,False,False,False,False
-5.5809913,1.7118657,-1.7764286,4.327137,0.0346126795242208,-0.7385809199195464,False,False,False,False,False,False,False,False,False,False,False,False
7.765929,5.39722,-1.2219111,4.2295985,-0.2434577949605081,0.0341809062878388,False,False,False,False,False,False,False,False,False,False,False,False
9.307214,4.61102,-0.38272738,-0.42442012,4.37984933902627,-0.6231560056928469,False,False,False,False,True,True,False,False,False,False,False,False
5.7800617,6.920122,-1.65574,-0.546784,0.1555582173196388,0.9279595270840494,False,False,False,False,False,False,False,False,False,False,False,False
-9.116497,-1.5586299,3.1628706,0.693867,-1.1148926590604191,0.0914416303026589,True,False,False,False,False,False,False,False,False,False,False,False
5.6919837,-4.9362597,4.6430902,-2.6550918,0.1429940696596881,-1.7485040151516442,False,False,False,False,False,False,False,False,True,False,True,False
7.3124166,-5.3539886,0.7304893,0.43669146,-0.7519014929647927,-0.976846843563568,False,False,False,False,False,False,False,False,False,False,False,True
11.927201,5.5525556,-0.54093397,-0.9369951,7.94864840132154,-2.613397504592186,False,False,False,False,False,False,False,False,False,False,False,False
-0.19082427,6.06642,-5.4484854,0.9489186,-0.8655582225218476,1.3260361293202672,False,False,False,False,False,False,False,False,False,False,False,False
0.45500028,-8.777644,3.337892,-3.2882597,-0.9406333577710972,-1.1011504510316856,True,False,False,False,False,False,False,False,False,False,False,False
-2.1329408,-4.12648,-1.3725168,-9.634837,-0.8476621059126209,-0.9301021266937162,False,False,False,False,False,False,False,False,False,False,False,False
-4.405569,-4.686403,-0.7346018,-2.9771786,-0.9963140036604324,0.2389463779266619,True,False,False,True,False,False,False,False,False,False,False,False
-5.7962008,0.08801004,-4.5280848,-1.3604203,-1.4339313545825312,0.2021000074963505,False,False,False,False,False,False,False,False,False,False,False,False
-0.76475865,-4.0516877,-3.0827332,-6.361365,-2.757850214029636,-3.651161269338773,True,False,False,True,False,False,False,False,False,False,False,False
7.0596066,0.9909482,0.48251617,-0.5434608,-0.5363998055270824,0.0267683643222058,False,False,False,False,False,False,False,False,False,False,False,False
-6.12515,5.025619,-2.4091694,5.2764416,-0.8620592144038223,0.7155434222107278,True,False,False,False,False,False,False,False,False,False,False,False
1.4995867,9.069208,-1.9644276,2.2518237,1.9782213753535416,-0.0360746589691327,False,False,False,False,False,False,False,False,False,False,False,False
7.4022284,-1.2092675,1.3583184,-1.1417269,-0.0766114779238031,-1.9255158781874635,False,False,False,False,False,False,False,False,True,False,True,False
-5.741594,3.0087106,-2.2492404,6.1918535,-0.9216926466448176,2.07591289385766,False,False,False,False,False,False,False,False,False,False,False,False
4.2329187,9.363031,-1.4267772,0.3347267,3.3027903076894765,0.88310580284981,False,False,False,False,False,False,False,True,False,False,False,False
-7.9871764,-6.153188,-0.44028652,-1.7775317,-1.0199755261770935,0.6650913631566107,True,True,False,False,False,False,False,False,False,False,False,False
3.2602355,5.5344973,-1.7329409,3.8965678,0.3547933202743954,0.5189694101631209,False,False,False,False,False,False,False,False,False,False,False,False
-7.168429,8.983599,-1.5067774,5.1271577,-0.5476402732791766,2.4849720777564546,True,False,False,False,False,False,False,False,False,False,False,False
-6.266929,3.1809754,-0.34031475,2.919119,-0.2112725906488639,0.2419803724732093,True,False,False,False,False,False,False,False,False,False,False,False
-4.216816,-4.275064,-4.8375044,-2.787805,-1.9524719969559867,0.57987528035644,True,False,False,False,False,False,False,False,False,False,False,False
-1.15517,-0.59681904,-1.0114967,-1.8653772,-1.920266864360004,-1.246546426984644,False,False,False,False,False,False,False,False,False,False,False,False
6.0182214,-1.7102226,2.0477846,-0.98702586,-1.1996842923545097,-3.380785820357493,False,False,False,False,False,False,False,False,False,False,False,False
-9.709727,5.463032,2.0981698,10.472602,-0.719158005545556,1.267900525335862,True,False,False,False,False,False,False,False,False,False,False,False
4.4620767,3.0459146,-3.6470985,-2.2585769,-0.1811267416074075,0.8810355616233938,False,False,False,False,False,False,False,False,False,False,False,False
-3.5949404,10.476881,-2.7603993,2.9659245,0.521137425692279,1.4751984734434431,False,False,False,False,False,False,False,False,False,False,False,False
9.323187,-0.49022105,1.7833288,-0.46268776,2.400325982468484,-0.7624937147802214,False,False,False,False,False,False,False,True,False,False,False,False
3.256541,-7.178246,9.191488,-1.6437747,-2.011146066844661,-2.00513075274104,False,False,False,False,False,False,False,False,False,False,False,False
-9.509376,-3.2348907,-2.5914578,-3.0870564,-0.9667810222440818,1.7647571834067275,False,False,False,False,False,False,False,False,False,False,False,False
2.4870117,-8.137,6.466483,-1.3747181,-1.2428913239307493,-1.1585873752631202,False,False,False,False,False,False,False,False,False,False,False,False
6.990859,-5.5660076,6.0563197,-1.352203,-0.8506772465133843,-2.4473515150436533,False,False,False,False,False,False,False,False,False,False,False,False
5.848663,-4.986663,4.2087636,-1.7752553,0.4275804520795099,-3.1660096771772714,False,False,False,False,False,False,False,False,True,True,False,False
-0.2600054,-7.0480556,7.3382397,-4.9847994,-0.7130589563439262,-0.3195967701921263,False,False,False,False,False,False,False,False,False,False,False,False
-6.2895236,-1.4591583,2.1460962,3.8995469,-1.1620303451364875,1.5024988166768212,True,False,False,False,False,False,False,False,False,False,False,False
11.324907,5.3360653,0.28385964,0.0015773161,8.368315717788773,-0.9132659101404248,False,False,False,False,False,True,False,False,False,False,False,False
0.18444689,-7.3697863,5.467075,-2.521368,-1.9127064434306829,-0.8815993434680076,True,False,False,False,False,False,False,False,False,False,False,False
-6.1157637,0.7058893,-3.9562697,-2.9131472,-1.3761532142220954,3.787119301732012,False,False,False,False,False,False,False,False,False,False,False,False
-4.3456707,5.043,-4.093352,-1.1011859,-1.9563888219374064,4.883269525367549,False,False,False,False,False,False,False,False,False,False,False,False
8.880291,-1.9961475,1.1972972,-0.93180186,-0.0593065382568358,-0.2120831354818782,False,False,False,False,False,False,False,False,False,False,False,False
-9.900101,6.438985,-0.9229258,8.896632,-1.220166950751555,3.5023263333075816,True,False,False,False,False,False,False,False,False,False,False,False
-5.3629603,7.6531205,-0.3657354,3.0213673,0.3590853484633884,3.000553137706792,False,False,False,False,False,False,False,False,False,False,False,False
7.277094,-0.8417373,-2.6939688,-4.6709943,1.6475267261204636,-0.5111424760786015,False,False,False,False,False,False,False,False,False,False,False,False
-4.178675,4.579371,-5.096523,-2.886314,-0.4659490932644845,3.477316704045676,False,False,False,False,False,False,False,False,False,False,False,False
5.2784595,-8.070537,6.9658227,-1.2430866,-1.1593402757221625,-3.159761244794532,False,False,False,False,False,False,False,False,False,False,False,False
-9.737713,-3.2555594,3.3280072,8.84236,-2.1866734428565566,1.707624279564355,True,False,False,False,False,False,False,False,False,False,False,False
-10.378537,-0.5687807,3.783991,7.43873,-1.973877592768656,1.786965589105462,True,False,False,False,False,False,False,False,False,False,False,False
7.617883,6.9200068,-2.613578,0.956144,7.237726179455622,-0.0901971682877902,False,False,False,False,False,False,False,False,False,False,False,False
1.2621619,10.362479,-2.3672996,1.0645211,3.245977553326039,0.2433715804263946,False,False,False,False,False,True,True,False,False,False,False,False
4.0332036,-8.162888,9.395606,-2.855731,-0.5974359822150426,-1.4123451841849788,False,False,False,False,False,False,False,False,False,False,False,True
-8.284146,4.714065,-1.2580063,1.9227362,-1.25733883717338,0.9106831496414424,True,False,False,False,False,False,False,False,False,False,False,False
-12.363215,-2.460818,-6.4959054,-2.927384,-1.6205078485134112,1.6454482911646506,True,False,False,False,False,False,False,False,False,False,False,False
3.6061058,7.556381,0.4462661,0.8102293,2.229385993209178,0.5053158105602593,False,False,False,False,False,False,False,True,False,False,False,False
4.2255745,5.816171,-1.1957657,-0.56799424,0.3547933202743954,0.5189694101631209,False,False,False,False,False,False,False,False,False,False,False,False
-7.6337175,10.329274,-2.9371562,9.232392,-0.1068483156160914,2.3020110001015066,False,False,False,False,False,False,False,False,False,False,False,False
3.7707467,-0.34011096,1.1160753,-1.1890271,0.3224796887125822,0.0406368869756668,True,False,False,False,False,False,False,False,False,False,False,False
-0.14143433,-7.2981744,2.2496781,-2.1051378,-1.10590660162095,-1.453538495355814,False,False,False,True,False,False,False,False,False,False,False,False
-2.3580108,-5.6468887,-0.54894614,-3.4815385,-2.161208442354315,-2.599431526907684,True,False,False,True,False,False,False,False,False,False,False,False
6.2080274,8.499897,-2.58259,2.037683,4.507875368234538,0.0481992179440064,False,False,False,False,True,False,False,True,False,False,False,False
-9.709727,5.463032,2.0981698,10.472602,-0.8564754242795429,1.935937811364505,True,False,False,False,False,False,False,False,False,False,False,False
7.5285387,0.5911431,1.08831,0.26645318,1.1795954661684531,-0.2201101649865671,False,False,False,False,False,False,False,False,False,False,False,False
-7.9622216,-7.7382855,1.2849973,0.8976068,-2.979652962482703,-0.428518377743345,True,False,True,False,False,False,False,False,False,False,False,False
-7.6826334,7.8758497,-1.412367,10.83613,-1.9346116670060256,6.639288622777646,True,False,False,False,False,False,False,False,False,False,False,False
-5.04417,1.5044478,0.17089167,5.334821,-0.3335792221978889,-0.7974994135851704,False,False,False,False,False,False,False,False,False,False,False,False
5.7822566,11.428751,-1.0643965,1.2140688,2.8998996846009115,0.3684440491103105,False,False,False,False,True,False,False,True,False,False,False,False
5.7998033,9.814992,-1.5661246,-0.59556466,3.207877557713377,0.3014212191904101,False,False,False,False,False,False,False,True,False,False,False,False
6.265785,4.112043,-0.40621918,4.7711263,1.548046521071833,-1.5787737435096834,False,False,False,False,False,False,False,False,False,False,True,False
2.3571048,-3.2900074,4.505394,3.7466717,-2.136828424370825,-2.7060994226884687,True,False,False,False,False,False,False,False,False,False,False,False
-5.7838664,-2.511736,-3.6549413,-3.4917629,-0.9152704759414736,2.246762849749599,False,False,True,False,False,False,False,False,False,False,False,False
-2.2491481,-3.6569629,-3.5916185,-6.832311,-1.5253332058221416,-1.8957322873378768,True,False,False,False,False,False,False,False,False,False,False,False
-9.674815,1.9068413,-3.493253,18.873283,-0.4975933590933794,0.4282848834412219,False,False,False,False,False,False,False,False,False,False,False,False
-2.247086,-1.3486693,-5.574469,-3.855345,-0.0828040110539511,0.4596793775930243,False,False,False,False,False,False,False,False,False,False,False,False
2.9518757,5.1193485,-3.3828685,-0.48132858,1.4672300498661834,0.1430988498633145,False,False,False,False,False,False,False,False,False,False,False,False
-7.590769,-5.369616,3.7775896,1.2974198,-0.454237734902277,0.486938719320872,False,False,False,False,False,False,False,False,False,False,False,False
-2.2852483,-0.08814862,-6.7582264,-2.7106106,-0.0472694234558462,0.4745600949210582,False,False,False,False,False,False,False,False,False,False,False,False
-6.396133,-8.393327,0.9743156,-0.45760855,-1.465762401528056,1.38590691311919,False,False,True,False,False,False,False,False,False,False,False,False
-6.26627,2.7050247,-3.1527805,-2.5537145,-0.0959256724927876,2.1324108371212174,False,False,False,False,False,False,False,False,False,False,False,False
-5.848003,8.897536,-2.0013337,4.2463613,0.2069048061242122,3.102566721183935,False,False,False,False,False,False,False,False,False,False,False,False
7.7501826,-1.2167186,0.72042644,-0.91957587,-1.48863836710201,-0.405457298480459,True,False,False,False,False,False,False,False,False,False,False,False
6.376386,9.133486,-0.38690877,-0.45776471,3.5959503380358417,0.6281436912498815,False,False,False,False,True,False,False,True,False,False,False,False
-9.045071,7.673814,-7.426816,2.6554794,-0.1509235708986409,0.5755154024751018,True,False,False,False,False,False,False,False,False,False,False,False
1.3810828,-10.766557,7.7011456,-2.6988008,-0.9757999609807252,-1.1663434643562818,False,False,False,False,False,False,False,False,False,False,False,False
-6.4046135,-1.045603,0.08190782,6.0037313,-0.6226288947165457,1.216445131459209,False,False,False,False,False,False,False,False,False,False,False,False
6.807236,-3.0992613,1.2113264,-1.6441242,-0.4626219188487489,0.0873306988463306,True,False,False,False,False,False,False,False,False,False,False,False
2.8972607,2.4388938,-3.639178,-7.2746077,0.3547933202743954,0.5189694101631209,False,False,False,False,False,False,False,False,False,False,False,False
0.2220724,-3.6871557,1.7307628,-1.893931,0.1983927364457231,0.4392987215877912,False,False,False,False,False,False,False,False,False,False,False,False
-6.8076463,1.3469447,-1.228973,4.9097924,-0.4371798968229599,0.0491314576506468,True,False,False,False,False,False,False,False,False,False,False,False
-8.030726,-3.4097104,-4.729056,-1.0511284,-0.3868269664038808,1.496655263554243,False,False,False,False,False,False,False,False,False,False,False,False
7.2791767,-4.2536488,1.8563393,-1.5061344,-1.606146913838383,-2.820648929434839,False,False,False,False,False,False,False,False,False,False,False,False
-5.7340684,8.796721,-1.3837533,2.3402724,-0.0670795182624255,1.900580303513739,False,False,False,False,False,False,False,False,False,False,False,False
10.690187,0.8394481,1.1013343,-0.3817529,0.4623574480745151,-0.6264847830928588,False,False,False,False,False,False,False,False,False,False,False,False
6.3184476,11.770556,-1.6823182,0.8612954,3.4075656654192708,0.3145431240607244,False,False,False,False,False,False,False,True,False,False,False,False
-7.7583947,-6.991908,0.12140323,-0.25044662,-1.963621399349284,0.941312353899543,True,False,False,False,False,False,False,False,False,False,False,False
-8.586457,-1.7852346,1.1869227,5.1076584,-0.6474931128636836,-0.4356281090278212,True,False,False,False,False,False,False,False,False,False,False,False
-0.46320653,-6.5341744,6.503948,-4.769136,0.1757273519106277,0.2694429534013018,False,False,False,False,False,False,False,False,False,False,False,False
-3.4603925,-6.9279385,3.2524245,1.8511319,-2.2156351027376333,-1.7388600616567171,True,False,False,False,False,False,False,False,False,False,False,False
6.994448,-5.643782,3.8530552,-0.0005200786,-0.6671661345901722,-1.0691144985647807,False,False,False,False,False,False,False,False,False,False,False,False
-8.817223,-1.6133049,2.374661,8.338844,-1.3432299684520073,1.929308508118256,True,False,False,False,False,False,False,False,False,False,False,False
-8.569669,6.757727,-3.8189664,8.095102,-0.570146258715569,0.7149185683159414,True,False,False,False,False,False,False,False,False,False,False,False
-0.9505815,-5.5033164,-2.5146368,-1.4552572,-1.4700267952506665,-0.3688022955437655,False,False,True,False,False,False,False,False,False,False,False,False
-0.030676635,-4.1158714,3.6688745,-1.9568858,-0.5920628277051494,-0.7401904178903129,False,False,False,False,False,False,False,False,False,False,False,False
-3.4824626,-8.137682,2.4170456,1.1873585,-0.837690654910616,0.7240508584604924,False,False,False,False,False,False,False,False,False,False,False,False
3.922245,-8.315241,9.235944,-2.0670342,-2.4658728746643264,-4.989483288210602,False,False,False,False,False,False,False,False,False,False,False,True
-5.5433183,2.3130264,1.0825834,7.970716,-0.3622477318254757,1.885890559039297,False,False,False,False,False,False,False,False,False,False,False,False
4.3624177,-9.9396925,8.241124,-3.2280974,-0.8111335175627988,-2.1353451305187146,False,False,False,False,False,False,False,False,False,False,False,False
7.052814,-2.4181337,4.076589,-3.1702569,0.7091994931405639,0.1622345381289353,False,False,False,False,False,False,False,False,False,False,False,False
4.9996634,-6.70179,3.9970722,0.1048688,-1.9354493210760129,-5.791242424404891,False,False,False,False,False,False,False,False,False,True,False,False
-4.1678205,4.6381326,-5.966556,-0.59418607,-0.2847808890502022,0.9819908691774376,True,False,False,False,False,False,False,False,False,False,False,False
-7.6613255,-1.6224743,-4.781299,-2.6747503,-1.3790767436597149,1.2904662942798308,False,False,False,False,False,False,False,False,False,False,False,False
1.0507177,-7.220575,0.16431606,-2.9998195,-1.507486620046177,-1.1514597713514787,False,False,False,False,False,False,False,False,False,False,False,False
6.973259,-5.1169662,5.020803,-0.9870089,-0.8344889171715395,-2.8429999608049803,False,False,False,False,False,False,False,False,False,False,False,False
-5.6274757,8.369046,-0.5564813,3.6933084,0.1817254078655947,1.441099681075326,False,False,False,False,False,False,False,False,False,False,False,False
6.5942945,-2.8857152,2.901833,-1.7343264,-0.5707455166602107,-2.4865646667773724,False,False,False,False,False,False,False,False,False,False,False,False
3.9231238,8.79075,-3.816425,-0.65866363,0.3884778795213015,0.2894617172574905,False,False,False,False,False,False,False,False,False,False,False,False
-8.346427,-8.856676,3.1251075,0.52668697,-2.0188027200284338,1.5021782375042934,False,False,False,False,False,False,False,False,False,False,False,False
-6.0242963,-0.61202776,-5.3820996,-3.0436697,-0.6139957492338658,1.4623008632383243,False,False,False,False,False,False,False,False,False,False,False,False
2.7739513,10.47822,-0.7618213,2.6121035,4.621699390095607,1.1744311323576415,False,False,False,False,True,False,False,True,False,False,False,False
-5.108259,-1.9593369,-6.380582,-3.9382277,-0.6053251257730912,0.6992794229762719,False,False,False,False,False,False,False,False,False,False,False,False
0.69601965,-6.3253264,2.1457663,-0.015432251,-1.0337651887592143,0.7156372432495751,True,False,False,False,False,False,False,False,False,False,False,False
-9.563963,5.7627983,-3.6104403,8.28787,-1.835061994253156,2.3971581171072627,True,False,False,False,False,False,False,False,False,False,False,False
-3.7140229,10.925058,-2.7612813,2.8257818,0.2706784573384387,6.076680073322804,False,False,False,False,False,False,False,False,False,False,False,False
-5.226134,-4.1776457,-0.90590626,4.354256,-2.13996697161178,-1.739354774760311,False,False,False,False,False,False,False,False,False,False,False,False
-8.944118,2.6936321,-5.100771,-1.6941872,-0.7693980016883194,2.584180264661882,False,False,False,False,False,False,False,False,False,False,False,False
-7.144382,7.9374704,-0.65748954,2.957403,-0.8234175916360325,3.0570519885818705,True,False,False,False,False,False,False,False,False,False,False,False
-3.7552702,-3.188291,6.388981,5.1352167,-0.5438389654208892,-0.5365834165818657,False,False,False,False,False,False,False,False,False,False,False,False
6.894103,-5.946247,2.3501024,-0.70518667,-2.8953932483042126,-4.422248007936721,False,False,False,False,False,False,False,False,False,False,False,False
5.350076,-6.705905,3.4615102,0.089966975,-0.9125263465309208,-2.4827934893663626,False,False,False,False,False,False,False,False,False,False,False,True
7.394141,10.613212,-3.356804,0.16364796,4.176221167962541,0.6622769344621868,False,False,False,False,False,False,False,True,False,False,False,False
-0.36551976,-6.5448637,2.577405,-3.2260077,-1.8696234663980729,-3.4379048499010687,False,False,False,False,False,False,False,False,False,False,False,False
-8.071027,-2.8370097,-4.4747415,-2.9746833,-0.5884924041876813,1.5120700121492092,True,False,False,False,False,False,False,False,False,False,False,False
-2.9351597,-1.1157466,-7.316662,-3.9790778,-1.3888709249497997,1.0735897549161129,False,False,False,False,False,False,False,False,False,False,False,False
7.363816,-4.6485653,4.4050107,-0.925123,-0.3405403337481163,-2.3109916755210445,False,False,False,False,False,False,False,False,False,False,False,False
-8.956786,1.6422203,3.1554115,6.62129,-0.9520725378473788,2.644171414762155,False,False,False,False,False,False,False,False,False,False,False,False
4.607022,-9.193582,5.9751015,-2.4645767,-2.3672413332649294,-3.0038725787497915,False,False,False,False,False,False,False,False,False,False,False,False
-3.654566,-9.553936,2.0960295,1.416398,-0.892295032974767,0.7516486690855368,True,False,False,False,False,False,False,False,False,False,False,False
-7.6412416,2.6154165,-6.5337014,-2.1775806,-1.39385441008194,2.769468233502758,False,False,False,False,False,False,False,False,False,False,False,False
3.6404002,-7.9932795,2.7672672,-3.2934456,-1.7745884670423144,-0.9963899976433817,False,False,False,False,False,False,False,False,False,False,False,False
5.388537,-2.625152,1.5765013,-1.9080709,-0.5331177083794881,-0.6402467395823029,False,False,False,False,False,False,False,False,False,False,True,False
4.108182,11.284145,-3.3799632,-0.8165308,5.277520185952986,1.7750524175518891,False,False,False,False,False,False,False,True,False,False,False,False
0.6506495,-3.9703526,2.057175,-3.3331673,-1.3371070404937917,-1.2585149173398975,False,False,False,False,False,False,False,False,False,False,False,False
-8.518139,5.2818093,-2.0685275,6.2560983,-0.7657797761900064,4.397249669125335,False,False,False,False,False,False,False,False,False,False,False,False
-9.8598995,2.1639652,-9.178571,-4.6498504,-0.6123002656548604,3.840921401073588,False,False,False,False,False,False,False,False,False,False,False,False
-8.4403515,-1.7507746,-3.5579653,-0.2733958,-1.2876176170195248,1.7168154339130528,False,False,False,False,False,False,False,False,False,False,False,False
-7.939685,-5.124494,-2.7732458,-1.4490687,-1.5204917667711209,0.6425027859812922,False,True,False,False,False,False,False,False,False,False,False,False
-1.9538573,-0.7346351,-3.52369,-2.4574163,-0.6576688525766228,0.6524215442030116,False,False,False,False,False,False,False,False,False,False,False,False
-4.4759507,-1.2734847,-4.662252,-1.8490441,-0.7495930367566951,1.37947244431371,False,False,False,False,False,False,False,False,False,False,False,False
-4.2176394,12.198699,-2.6571002,0.6155246,0.2708459216284817,5.894637630084952,False,False,False,False,False,False,False,False,False,False,False,False
-5.225371,-4.126855,-4.611281,-3.0412858,-0.4783478896768564,1.908143840915043,False,False,False,False,False,False,False,False,False,False,False,False
-4.517394,6.29838,-0.6539525,4.7995095,-0.7051050051147054,2.061328944154575,False,False,False,False,False,False,False,False,False,False,False,False
12.4677305,-0.65826726,2.0449414,-1.0902437,0.8904863918584206,-0.7458536681175895,False,False,False,False,False,False,False,False,False,False,False,False
4.0373077,-6.4149103,5.3999357,-2.889239,-0.7364736850646795,-2.443626231483379,False,False,False,False,False,False,False,False,False,True,False,False
-6.133176,-0.506007,3.3606043,5.0911603,-0.1875342890905614,0.4594967506743972,False,False,False,False,False,False,False,False,False,False,False,False
-5.7694654,-8.3726,1.0022033,-0.7377189,-1.6631102082224347,0.249620746542938,True,False,False,False,False,False,False,False,False,False,False,False
0.6197297,-10.532808,6.274955,-3.5091326,-1.9673360350445008,-0.2044206935003526,True,False,False,False,False,False,False,False,False,False,False,False
1.9012792,-9.089501,5.1486335,-3.171508,-0.3236621948560151,-0.0184597556575184,False,False,False,False,False,False,False,False,False,False,False,False
0.88917375,-10.023982,3.8129659,-0.77160275,-0.6898370225843604,-0.4069136094158166,False,False,False,False,False,False,False,False,False,False,False,False
-3.2594945,5.7198715,-3.7109864,-3.6541705,-0.0090461032976206,1.7159065309060686,False,False,False,False,False,False,False,False,False,False,False,False
-2.5025625,0.0447544,4.5875573,8.342238,-0.7311951203465455,0.5812572949329257,True,False,False,False,False,False,False,False,False,False,False,False
7.5944595,2.0546083,-2.1064484,-0.089483984,0.3586250076935257,-1.1794313317356275,False,False,False,False,False,False,False,False,False,False,False,False
6.9364986,-7.758848,2.0067034,-0.19779907,-0.6449040716143613,-1.7253980140883955,False,False,False,False,False,False,False,False,False,False,False,False
5.5387836,-8.054687,4.965601,-3.6613228,-1.083048055496616,-1.296291176607994,False,False,False,False,False,False,False,False,False,False,False,False
5.759667,4.6181574,0.85968375,-1.208459,1.6823547447999694,0.0933311673837927,False,False,False,False,False,False,False,False,False,False,False,False
-3.0937586,6.5162582,-1.6070374,5.6193376,-0.3263688294716563,1.2926560301626229,False,False,False,False,False,False,False,False,False,False,False,False
8.537245,8.247596,-3.0014262,-0.34328383,6.712008867016792,0.1510018209034287,False,False,False,False,True,True,False,True,False,False,False,False
3.6404002,-7.9932795,2.7672672,-3.2934456,-1.662343679685926,-2.3481590269135406,False,False,False,False,False,False,False,False,False,False,False,False
-0.010214287,12.136678,-0.62163496,3.0296686,1.2046899360195724,1.6368416065114093,False,False,False,False,False,False,False,False,False,False,False,False
8.972213,2.1560047,-0.15470028,-0.7099856,-0.1806517553939379,-0.9289842427346112,False,False,False,False,False,False,False,False,False,False,False,False
2.913369,4.9057927,-2.5078125,-1.2765533,3.1087555109111884,0.3442885285034448,False,False,False,False,False,True,False,False,False,False,False,False
-1.6770391,-4.724566,1.7503072,-1.8266544,-0.0002878524283376,0.9916026782021748,False,False,False,False,False,False,False,False,False,False,False,False
7.7001057,-0.90536755,1.499014,-0.61731684,0.6458468670806299,-3.785992839608808,False,False,False,False,False,False,False,False,True,True,True,False
9.110077,2.379003,0.6791793,-1.4006594,1.57083025437834,-0.2893741858173776,True,False,False,False,False,False,False,False,False,False,False,False
-5.979403,5.78779,0.31516826,3.1083002,-1.0462266633184194,2.4164743386384093,False,False,False,False,False,False,False,False,False,False,False,False
5.775197,-3.6482081,3.6767566,-0.26076087,-0.8374914365892258,-2.6256926155828446,False,False,False,False,False,False,False,False,False,False,False,True
-10.050234,6.3560843,-2.856788,10.355518,-1.1868091007840047,2.943098500670982,True,False,False,False,False,False,False,False,False,False,False,False
4.3878217,-0.9109602,0.10883567,-1.1084725,-0.2912592143318698,-2.168218267372393,False,False,False,False,False,False,False,False,False,True,False,False
6.7803187,-2.0803642,2.670959,-0.6465516,0.0264941027834454,-1.576561475949891,False,False,False,False,False,False,False,False,False,False,False,True
3.2439632,5.3486733,0.30656374,-0.13856794,0.3168465654417258,1.0828286235042193,False,False,False,False,False,False,False,False,False,False,False,False
1.8980254,6.3579144,-1.8417073,-0.882168,0.3547933202743954,0.5189694101631209,False,False,False,False,False,False,False,False,False,False,False,False
0.822106,-2.2772741,9.395606,-2.855731,0.3547933202743954,0.5189694101631209,False,False,False,False,False,False,False,False,False,False,False,False
7.7037454,9.064995,-2.8192968,-1.4535306,1.6016891295248383,0.8049519196841393,False,False,False,False,False,False,False,False,False,False,False,False
-3.2358875,-7.292463,7.5776515,-1.7145449,-1.1955594683055415,0.7500175108434143,False,False,False,False,False,False,False,False,False,False,False,False
4.450063,-7.02368,9.375002,-2.4494398,-0.55448818540587,-2.6839835198227764,False,False,False,False,False,False,False,False,False,True,False,True
4.0612626,1.2782701,-0.591803,3.4125354,-0.7342672457161141,-0.8600279253872848,False,False,False,False,False,False,False,False,False,False,False,False
0.09623253,4.645801,-6.947327,1.5168204,0.0584937114943316,0.7656133243955031,False,False,False,False,False,False,False,False,False,False,False,False
4.2640233,-7.3540196,9.841622,-1.8525,-1.4314268135764274,-2.640808546397535,False,False,False,False,False,False,False,False,False,False,False,False
-7.6410365,0.6699302,-7.8646994,-1.9245118,-0.8456876994147606,3.768801046518009,False,False,False,False,False,False,False,False,False,False,False,False
6.365293,4.346696,0.8917259,0.12179751,0.3547933202743954,0.5189694101631209,False,False,False,False,False,False,False,False,False,False,False,False
-3.5027642,-4.1367917,-3.8393946,-1.361586,-3.166634547173744,-0.6655134603604318,False,False,False,False,False,False,False,False,False,False,False,False
8.553102,-3.1574411,0.5803134,-0.95585686,-0.7164235435656866,-2.742472541521166,False,False,False,False,False,False,False,False,False,False,False,False
2.3677237,3.6375558,-1.320034,-1.3187854,-0.0472694234558462,0.4745600949210582,False,False,False,False,False,False,False,False,False,False,False,False
6.7512364,-2.0281448,1.0902677,-1.0091013,-0.4592771809456294,-0.8412446749534978,False,False,False,False,False,False,False,False,False,False,False,False
-9.360915,1.5496992,-5.4186945,-2.3391826,-0.2729468298973202,2.1467640294144545,False,False,False,False,False,False,False,False,False,False,False,False
-5.68549,0.28929216,0.88738483,14.731033,-1.0738911635829067,-0.4552850326592083,True,False,False,False,False,False,False,False,False,False,False,False
6.8691373,-9.122172,3.8517091,-0.5991336,-1.0067925382565488,-1.5177919929618775,False,False,False,False,False,False,False,False,False,False,False,False
5.2066965,9.173321,-3.3417156,1.2209909,4.209659327729399,0.1202223802830193,False,False,False,False,True,False,False,True,False,False,False,False
-6.3162684,-2.7368112,-0.58034074,6.310495,-1.741967723756009,-1.4919614795232938,True,False,False,False,False,False,False,False,False,False,False,False
-1.1496252,4.5462666,-1.3865236,-3.6637697,0.6548493081019445,2.351855582019092,False,False,False,False,False,False,False,False,False,False,False,False
3.4034264,2.2264357,-2.028154,-0.41730124,-0.2396716333621379,-0.664232811917677,False,False,False,False,False,False,False,False,False,False,False,False
4.773381,-2.9196103,3.1036975,-1.7010283,-1.0606541970795111,-0.9883461000931846,False,False,False,False,False,False,False,False,False,False,False,False
1.003769,2.004233,-1.4024767,-3.5726557,-1.0643606739945024,1.321963644152314,False,False,False,False,False,False,False,False,False,False,False,False
6.3111625,-0.8279153,2.1549754,-1.7505192,-0.3025329641521759,-1.4167480198712177,False,False,False,False,False,False,False,False,False,False,False,False
-10.706299,2.8575203,-7.5457134,18.665281,-2.2192880781813544,0.1625491014803025,True,False,False,False,False,False,False,False,False,False,False,False
-4.2362137,8.373999,-1.0372617,2.1706154,-0.4404574363535036,0.8558047692545426,True,False,False,False,False,False,False,False,False,False,False,False
9.182129,6.0536566,0.39778808,-0.8679705,10.919139250705022,-0.4831563675546648,False,False,False,False,True,True,True,True,False,False,False,False
4.3065076,-8.339352,8.966511,-2.6653569,-1.331300804298111,-2.0881225640627266,True,False,False,False,False,False,False,False,False,False,False,True
4.221243,5.263486,-0.7958389,5.9431458,1.051224827535351,0.0763351133943248,False,False,False,False,False,False,False,False,False,False,False,False
3.9421687,-6.2824373,5.847249,-1.5228982,-1.7659640753360708,-3.5184606797450395,False,False,False,False,False,False,False,False,False,False,False,False
7.627092,-5.5400596,7.3595605,-0.85035574,-0.4569063913671718,-1.3300304955680855,False,False,False,False,False,False,False,False,False,False,False,False
3.1386356,5.8450994,-0.58026576,5.6187797,0.562844988444422,0.2816552113136342,False,False,False,False,False,False,False,False,False,False,False,False
1.4426091,-4.602986,-1.6207556,-2.3892336,-0.4582125356953022,-1.8343139520738667,False,False,False,False,False,False,False,False,False,False,False,False
10.614361,0.14360707,0.35607058,0.03607278,1.2727151678474635,-1.1165883198327853,False,False,False,False,False,False,False,False,False,False,False,False
-7.270117,-2.7053554,-2.1053746,-0.7391398,-0.680490250634636,2.942980004338778,False,False,False,False,False,False,False,False,False,False,False,False
0.36455178,8.682043,-3.059873,3.8273957,-0.4671280177583815,0.0165215674079773,True,False,False,False,False,False,False,False,False,False,False,False
2.8217194,7.4061937,-1.3906175,0.44211257,1.5991449149886048,0.3879262020915816,False,False,False,False,False,False,False,False,False,False,False,False
3.1251926,-5.8936934,11.17168,-2.261597,-0.810607321545396,-1.7953994200799244,False,False,False,False,False,False,False,False,False,False,False,True
10.694051,4.6460133,-0.42734164,-1.0513014,5.200551167783704,-0.6495233932476436,False,False,False,False,False,False,False,False,False,False,False,False
-4.054678,4.124589,-3.954084,-2.3048577,-0.3602167515468904,2.756552067818318,False,False,False,False,False,False,False,False,False,False,False,False
7.1103992,3.2936177,0.90927696,-0.7287393,0.324338835550563,-1.2297219721356714,False,False,False,False,False,False,False,False,False,False,False,False
-0.68985337,-5.0834365,11.090074,-4.2389607,-0.2049847857330561,-0.6643155418136821,False,False,False,False,False,False,False,False,False,False,False,False
-10.705803,-3.519389,-4.41124,-3.9808917,-0.6445724264868102,0.575675589042298,False,False,False,False,False,False,False,False,False,False,False,False
0.7395405,5.1213984,-3.497808,-1.143177,0.0042220372724445,2.0934395740034546,False,False,False,False,False,False,False,False,False,False,False,False
-10.990337,-0.50719935,-5.591239,-4.8793797,-1.0730807796511286,4.651861534495318,False,False,False,False,False,False,False,False,False,False,False,False
-11.189851,-2.2013142,0.6680038,7.7495904,-1.4193839494566118,2.4227120961987443,True,False,False,False,False,False,False,False,False,False,False,False
11.646784,6.9826207,-0.47778392,-0.78062326,9.722782523130894,-1.0789118496800394,False,False,False,False,True,True,False,False,False,False,False,False
-3.4460416,-4.7246194,4.6548896,-2.314316,-0.8856683087874456,2.522915705888304,False,False,False,False,False,False,False,False,False,False,False,False
12.311013,5.622267,-0.85504806,-0.28581414,6.701747707832429,-0.4766161848567816,False,False,False,False,False,True,False,True,False,False,False,False
-0.7075227,6.3901143,-2.0467093,2.3504899,0.4661375024376084,-0.4365103149204868,False,False,False,False,False,False,False,False,False,False,False,False
5.803543,-3.756362,0.26362914,-0.8540454,-1.3141198164339645,-2.964455174819004,False,False,False,False,False,False,False,False,False,False,True,True
-7.2562594,1.6931895,-7.265232,-3.138541,-0.9453932752780944,1.884813936106077,False,False,False,False,False,False,False,False,False,False,False,False
3.7153604,7.5516696,-2.6129675,-1.4384626,0.2429330332433902,2.161610432572314,False,False,False,False,False,False,False,False,False,False,False,False
11.03491,4.8085938,0.15807875,-1.0352691,7.222402944981097,-0.9707183828194964,False,False,False,False,True,True,False,False,False,False,False,False
8.813277,5.241416,0.5845964,0.17760478,4.4468585890508034,-0.0122238975796689,False,False,False,False,False,True,False,True,False,False,False,False
-5.3116665,7.6540985,-3.0639403,6.4836793,-0.1263254525384245,6.935929052863125,False,False,False,False,False,False,False,True,False,False,False,False
-6.9427056,3.6200688,1.8993117,8.1572895,-0.8564754242795429,1.935937811364505,True,False,False,False,False,False,False,False,False,False,False,False
-7.6337175,10.329274,-2.9371562,9.232392,-0.5315371915519037,2.4138939382023468,True,False,False,False,False,False,False,False,False,False,False,False
12.090592,-1.0468676,1.162734,-0.53988236,1.092350072742162,-1.5687379962685837,False,False,False,False,False,False,False,False,False,False,False,False
-7.2878942,3.758172,-6.660662,-1.2113129,-0.1966239569908234,0.4559541505467647,False,False,False,False,False,False,False,False,False,False,False,False
7.740733,-6.741048,5.1329436,-1.1804494,-3.371459165447248,-5.992679728141448,False,False,False,False,False,False,False,False,False,False,False,False
-10.050234,6.3560843,-2.856788,10.355518,-1.0949413445655405,2.536357595449185,True,False,False,False,False,False,False,False,False,False,False,False
5.7906446,-5.2892256,2.772416,-1.6085831,-0.1277562796287258,-0.5331963566845452,False,False,False,False,False,False,False,False,False,False,False,False
-2.9167533,4.209239,-3.9030383,-1.5705374,-0.8872047275356073,1.2355862108377085,False,False,False,False,False,False,False,False,False,False,False,False
9.551558,-0.37766787,0.95144725,0.89577174,1.2727151678474635,-1.1165883198327853,False,False,False,False,False,False,False,False,False,False,False,False
8.492676,-9.485779,5.4041767,-2.7514691,-0.5930963743964038,-2.209941459538251,False,False,False,False,False,False,False,False,False,False,False,False
-0.27615696,-3.3932672,-3.8346245,-1.9430326,-0.1302197279308893,0.3346984416729149,False,False,False,False,False,False,False,False,False,False,False,False
-1.4240897,-2.9528306,-0.77616936,-8.667007,-0.6264210820345044,-0.6966517173961477,False,False,False,False,False,False,False,False,False,False,False,False
-3.9304426,-3.763776,-3.5774114,-0.49406534,-0.8015214949655761,-1.0144640902116884,False,False,False,False,False,False,False,False,False,False,False,False
-9.942145,6.998046,-5.285018,5.795754,-0.6097330899943271,2.884155362213656,False,False,False,False,False,False,False,False,False,False,False,False
0.26707608,1.2987679,-5.506403,-2.167547,0.1230405904513435,0.7533861662875824,False,False,False,False,False,False,False,False,False,False,False,False
5.127644,-3.399573,5.5273805,-4.329928,0.0274004167646445,-0.4660422815584072,False,False,False,False,False,False,False,False,False,False,False,False
7.8147235,-0.2948931,0.07172383,-0.627711,0.7559285907368569,-3.526730287386893,False,False,False,False,False,False,False,False,True,False,True,False
-4.107744,2.8316824,4.3513813,2.02585,0.3547933202743954,0.5189694101631209,False,False,False,False,False,False,False,False,False,False,False,False
1.3810828,-10.766557,7.7011456,-2.6988008,-0.2724778775871896,-0.5951373713768239,False,False,False,False,False,False,False,False,False,False,False,False
1.3955787,0.5431661,-5.1020403,-4.600293,1.092350072742162,-1.5687379962685837,False,False,False,False,False,False,False,False,False,False,False,False
8.235841,1.8812029,1.2213124,-0.6870287,0.1610945979728623,-0.4099002352221838,False,False,False,False,False,False,False,False,False,False,False,False
6.069193,-9.275572,5.3764915,-1.52019,-1.3546449529097575,-3.119595761486265,False,False,False,False,False,False,False,False,False,False,False,False
-7.9597526,1.8461341,-9.505042,-2.9306674,-0.319517093577423,0.9507586291818344,False,False,False,False,False,False,False,False,False,False,False,False
3.4838767,2.107545,0.057872042,3.4482822,1.250280309249962,-0.5952784250966019,False,False,False,False,True,False,False,False,False,False,False,False
-1.1958872,-4.3539424,7.005153,5.014572,-0.6802993570887352,-0.3665326684869688,True,False,False,False,False,False,False,False,False,False,False,False
-6.060887,3.3267891,-0.72454804,4.100487,-3.029510199199726,1.372628107378319,True,False,False,False,False,False,False,False,False,False,False,False
6.6059146,-6.7377462,1.2977538,-0.862525,-0.4349933422669123,-1.101508267578837,False,False,False,False,False,False,False,False,False,False,False,False
2.6386847,3.6314762,-3.613674,-3.5049794,1.872326550613102,0.1304510876422832,False,False,False,False,False,True,False,False,False,False,False,False
7.6163054,-4.8236327,4.3361287,-0.8963652,-1.2009559707297397,-3.066972822621152,False,False,False,False,False,False,False,False,False,False,False,False
10.367127,6.1072206,0.7964751,-0.88416094,2.654573905753815,-0.1933518555895628,False,False,False,False,False,False,False,False,False,False,False,False
-7.360836,1.8537805,-3.4640667,-2.3737876,0.0034803320175365,1.037201267489637,False,False,False,False,False,False,False,False,False,False,False,False
3.4691954,6.6719484,-0.54420084,1.6761454,4.238016099715742,0.4664838245663885,False,False,False,False,True,False,True,True,False,False,False,False
-4.5768785,0.37793493,-5.8803396,-2.760571,0.0118703938155553,1.4151101769828136,False,False,False,False,False,False,False,False,False,False,False,False
8.280872,-2.9739234,0.6636061,-0.995088,-0.2028407139802833,-1.7540654749489253,False,False,False,False,False,False,False,False,False,False,False,False
-4.9764676,-3.0731583,1.8112053,0.016216146,-0.7350429944976417,0.6059616045887349,False,False,False,False,False,False,False,False,False,False,False,False
6.5385404,-10.357473,4.911421,-1.9213153,-0.5930963743964038,-2.209941459538251,False,False,False,False,False,False,False,False,False,False,False,False
7.263678,-4.8647633,3.3488061,-0.15420426,-1.3236263448165682,-3.244620925024432,False,False,False,False,False,False,False,False,False,False,False,False
5.545492,-6.395087,4.0833035,-1.5088525,-0.8285486199592216,-2.0205336871497948,False,False,False,False,False,False,False,False,False,False,False,False
7.055104,-6.81843,1.4415015,-0.35439363,-1.7992164497792715,-4.242514649663385,False,False,False,False,False,False,False,False,False,False,False,True
0.5046474,-7.1527147,2.5846522,-1.7832466,-0.2396716333621379,-0.664232811917677,False,False,False,False,False,False,False,False,False,False,False,False
5.652261,9.928848,-2.531074,-0.39767867,1.2367106168956616,-0.2045201534314077,False,False,False,False,False,False,False,False,False,False,False,False
-2.925244,3.8309765,0.08133993,5.4521303,-0.4569063913671718,-1.3300304955680855,False,False,False,False,False,False,False,False,False,False,False,False
-5.207911,7.814757,-0.7470006,3.1364791,-0.971722238565167,4.164080645928429,False,False,False,False,False,False,False,False,False,False,False,False
-1.0199277,-3.086038,-0.06325131,-0.086181946,-1.3606844974325452,-1.5676786561791722,False,False,False,False,False,False,False,False,False,False,False,False
7.3197656,2.1997705,1.8000088,-1.6223451,-0.3690899951933734,-0.0250632127603395,False,False,False,False,False,False,False,False,False,False,False,False
3.7124283,-7.108494,5.420399,-1.6114522,-0.7471714090294609,-0.5742494047763339,False,False,False,False,False,False,False,False,False,False,False,False
-4.4513974,-1.5366757,2.4990118,11.848942,-1.6120069305870353,0.4051343287508053,False,False,False,False,False,False,False,False,False,False,False,False
11.952701,5.3620243,-0.24533902,-0.60040253,5.816640759149845,-0.6426100786154111,False,False,False,False,False,False,False,False,False,False,False,False
-6.185923,-0.30792153,-6.589493,-3.5754302,-0.6490894587775904,3.713448672112543,False,False,False,False,False,False,False,False,False,False,False,False
9.678039,5.5178223,-1.5835336,-0.7971189,4.231328613381254,-0.238930465361574,False,False,False,False,False,False,False,False,False,False,False,False
0.11002498,-0.4972175,1.3845586,5.1044917,-1.8100910386688056,-2.08533764476593,False,False,False,False,False,False,False,False,False,False,False,False
-2.7172859,0.7622162,-5.652674,-1.4729867,0.4965539169511025,0.5593607170423409,False,False,False,False,False,False,False,False,False,False,False,False
-7.700828,2.2702641,4.6924896,7.782745,0.2525486705882523,1.691809135878312,False,False,False,False,False,False,False,False,False,False,False,False
6.531179,4.540464,-0.95730627,4.374399,0.3547933202743954,0.5189694101631209,False,False,False,False,False,False,False,False,False,False,False,False
13.822655,1.0904171,-0.45689473,-0.5185349,1.2504531048716525,-0.4603048043091697,False,False,False,False,False,False,False,False,False,False,False,False
-7.7130113,-6.6902304,2.3475676,0.45035654,-2.219980138886436,-0.7952789247311001,True,False,False,False,False,False,False,False,False,False,False,False
10.665973,2.6072686,2.6138241,-0.82828945,4.914171043892401,-1.5933155963273626,False,False,False,False,True,False,False,True,False,False,False,False
-10.734416,1.0511743,-6.121299,4.290944,-1.4143753563270314,-0.1821383520676855,True,False,False,False,False,False,False,False,False,False,False,False
-5.0738444,-3.4700172,-0.70019674,-0.14589761,-0.2941999685729993,1.263781521028592,False,False,False,False,False,False,False,False,False,False,False,False
5.699858,-2.1097114,-1.3645935,-3.2029161,0.5733504002633206,-2.059651425777784,False,False,False,False,False,False,False,False,True,False,True,False
-10.013045,0.60008496,-5.990169,-0.84802544,-0.498322222709234,3.2867781864810874,False,False,False,False,False,False,False,False,False,False,False,False
-7.6890087,-0.47813714,-3.106701,-2.409715,-0.6976395110398996,1.74402337058121,False,False,False,False,False,False,False,False,False,False,False,False
-9.12448,-3.9549453,-0.038379338,-0.45708296,-1.13961315560327,2.1808181118165058,False,False,False,False,False,False,False,False,False,False,False,False
11.218936,4.4324775,1.0802174,-0.91139084,5.280603784723295,-1.576975800295182,False,False,False,False,False,False,False,False,False,False,False,False
5.4406934,-2.172758,4.838905,-2.9707437,0.7091994931405639,0.1622345381289353,False,False,False,False,False,False,False,False,False,False,False,False
-4.6113696,-4.7210784,-5.141004,-3.2171986,-1.280018951785833,-0.824419693414358,True,False,False,False,False,False,False,False,False,False,False,False
-8.467624,7.0086846,-7.8925724,1.938231,-0.1946621422822498,2.2263337825245304,False,False,False,False,False,False,False,False,False,False,False,False
-4.9839206,10.384561,-2.811974,5.777804,0.5738788006350942,0.6071917906113836,False,False,False,False,False,False,False,False,False,False,False,False
2.078891,-6.7367945,3.0612922,-1.2075284,-0.4825384539679094,-0.6991522342028148,False,False,False,False,False,False,False,False,False,False,False,False
4.6327734,-9.189111,3.5900254,-3.4158258,-0.804258139799203,-1.6068021331420386,False,False,False,False,False,False,False,False,False,False,False,False
-3.4357107,10.436746,-2.667711,4.394576,0.0314537068564261,1.943513688790604,False,False,False,False,False,False,False,False,False,False,False,False
1.0985049,4.013536,-1.2085139,-0.93982214,0.3547933202743954,0.5189694101631209,False,False,False,False,False,False,False,False,False,False,False,False
-0.60596234,8.103132,-7.7155795,1.7946634,0.3547933202743954,0.5189694101631209,False,False,False,False,False,False,False,False,False,False,False,False
5.042383,7.6105704,-3.2908154,-1.4635875,0.3884778795213015,0.2894617172574905,False,False,False,False,False,False,False,False,False,False,False,False
4.7381563,9.123048,-0.74466056,1.0122827,4.577718019372597,0.3537151465586111,False,False,False,False,True,False,True,True,False,False,False,False
-6.7384057,9.476276,-1.7797489,4.019865,-1.848981842448932,5.418391139357956,True,False,False,False,False,False,False,False,False,False,False,False
4.014636,-3.8587344,5.6626215,0.12680739,-0.5116795694253269,-1.431688955010258,False,False,False,False,False,False,False,False,False,False,False,True
-7.890885,1.9905516,-2.481784,7.0507083,-1.564584495102984,0.3961901701001418,True,False,False,False,False,False,False,False,False,False,False,False
-6.5616865,-7.287234,2.0711637,0.79403156,-1.3232295691044875,0.3824166310427914,True,False,False,False,False,False,False,False,False,False,False,False
-1.7786456,5.6341066,-2.0314794,6.5234466,0.5167280398230173,-0.0709981397762133,False,False,False,False,False,False,False,False,False,False,False,False
8.849246,-0.09979682,-1.096628,0.5312363,0.8947907355458558,-0.9275806327253932,False,False,False,False,False,False,False,False,False,False,True,False
3.458604,-6.6617274,4.0743937,-1.0195365,-0.0593065382568358,-0.2120831354818782,False,False,False,False,False,False,False,False,False,False,False,False
-7.7130113,-6.6902304,2.3475676,0.45035654,-2.834833191209868,-1.2510875369805932,True,False,False,False,False,False,False,False,False,False,False,False
-7.0266175,1.0643684,-0.00014759785,7.430171,-0.549300427727035,1.972486791232058,False,False,False,False,False,False,False,False,False,False,False,False
6.0988994,-4.2881103,4.176084,-2.1481364,0.8517319013668995,-2.7699193525794623,False,False,False,False,False,False,False,False,True,False,True,False
5.0764923,7.1777368,-2.6111102,0.10888129,1.4414680864961855,-0.1997372464522358,False,False,False,False,False,False,False,False,False,False,False,False
8.123761,-2.3206086,0.780703,-1.4699554,-0.037044475281025,-0.8683666510054935,False,False,False,False,False,False,False,False,False,False,False,False
-1.6842151,4.221312,-2.7187564,0.7643941,0.3547933202743954,0.5189694101631209,False,False,False,False,False,False,False,False,False,False,False,False
-0.46560293,-5.9961104,3.9798117,-2.303775,-1.5445340164184564,0.8979308960812475,True,False,False,False,False,False,False,False,False,False,False,False
3.5707693,-7.370601,10.393253,-2.5342233,-2.092205651559904,-4.316306835741559,False,False,False,False,False,False,False,False,False,True,False,True
5.966503,-3.0952272,2.6377726,-1.0612983,-0.0968586495746502,-0.555952510169585,False,False,False,False,False,False,False,False,False,False,False,False
6.218745,-3.3927307,0.39508367,-0.96932197,-0.3660013219491067,-0.9794565486784544,False,False,False,False,False,False,False,False,False,False,False,True
-12.045374,-1.6051456,-5.1941185,-0.82755446,-0.3982709118222015,2.634796748152428,False,False,False,False,False,False,False,False,False,False,False,False
11.789799,0.73470825,1.9377757,-0.93895996,-0.0348113794684825,-1.7171763650803915,False,False,False,False,False,False,False,False,False,False,False,False
-9.410714,2.0267422,-4.2037907,-1.1492233,-0.7455606204790434,1.7235190613134426,True,False,False,False,False,False,False,False,False,False,False,False
4.456159,-7.5245547,2.1519997,-0.79427683,-1.1683909304718263,-2.358378339489332,False,False,False,False,False,False,False,False,False,False,False,False
4.3002157,-3.917825,0.16130821,-0.5506057,0.2534512891811823,-0.0187288553918256,False,False,False,False,False,False,False,False,False,False,False,False
-8.242857,1.1390085,-3.7858381,4.193752,-0.455090902957392,0.7031647978109132,True,False,False,False,False,False,False,False,False,False,False,False
-4.370387,4.895709,-1.6644778,5.3998585,-0.2506798776355868,1.6088294652750097,False,False,False,False,False,False,False,False,False,False,False,False
7.179635,-7.971301,4.284765,-0.49753436,-1.7115101821299916,-3.2446166471716604,False,False,False,False,False,False,False,False,False,False,False,False
-1.8596348,1.0219144,0.67787826,6.9126954,-0.8348391265691678,-1.44143823032682,True,False,False,False,False,False,False,False,False,False,False,False
-7.416988,-5.046421,-3.6152213,-3.2062626,-1.1422960494587815,0.9981964074686512,True,False,False,False,False,False,False,False,False,False,False,False
3.88885,-6.9621563,11.33743,-2.5102243,0.21836900857065,-3.451249360352697,False,False,False,False,False,False,False,False,False,True,False,False
6.5612283,-4.974988,1.478972,-0.021728886,-0.4349933422669123,-1.101508267578837,False,False,False,False,False,False,False,False,False,False,False,False
-9.667627,2.8968477,-6.6591787,-4.4118524,-0.5597610706671002,3.7142038249675338,False,False,False,False,False,False,False,False,False,False,False,False
8.669332,5.9230847,0.022540085,-0.97974205,3.884709279040487,-0.081471803999813,False,False,False,False,True,False,False,False,False,False,False,False
0.47027168,-7.256284,9.45691,-1.9130266,-0.4364194459989921,-1.0972041773202066,False,False,False,False,False,False,False,False,False,False,False,False
-8.155746,4.2492495,-3.9196544,-2.8645844,-0.9422098621378916,4.372144202856891,False,False,False,False,False,False,False,False,False,False,False,False
3.1218185,-4.0550704,5.917746,-2.2361853,-0.4455011565648785,-1.482664535954202,False,False,False,False,False,False,False,False,False,False,False,False
-0.51223135,-8.738254,0.70521104,-0.79743844,-1.4601609632387722,-2.181412218446322,False,False,False,False,False,False,False,False,False,False,False,False
10.109398,5.341521,0.11845459,0.2069558,3.4099649111862496,-0.4599229312737926,False,False,False,False,True,True,False,False,False,False,False,False
-6.6863084,-1.5290973,-5.208122,-4.11587,0.1527160553134613,0.4248138072975636,False,False,False,False,False,False,False,False,False,False,False,False
-0.4244373,-4.3636236,-0.45694345,-8.836594,-1.6259845769100378,-2.7165616517992914,False,False,False,False,False,False,False,False,False,False,False,False
8.324472,2.5034492,0.3165647,-0.73652744,-0.3047621930675385,-1.7075437413333223,False,False,False,False,False,False,False,False,False,False,False,False
9.595366,-0.24448986,1.5327702,-1.6823031,-0.0173747753381481,-0.2385055785180451,False,False,False,False,False,False,False,False,False,False,False,False
-4.619153,-5.0209374,1.6734415,0.63652974,-0.4512298031718834,-0.268983832418653,False,False,False,True,False,False,False,False,False,False,False,False
7.357731,-2.8254335,2.451874,-0.7571847,-0.2084314051547785,-1.029955096790755,False,False,False,False,False,False,False,False,False,False,False,False
-6.8027496,3.22209,-0.14553326,4.1662188,-1.2457866099983506,1.0999826371024353,True,False,False,False,False,False,False,False,False,False,False,False
-0.9689756,11.8237915,-0.65088254,3.1652455,2.239157354415953,3.3803714096927564,False,False,False,False,False,False,False,True,False,False,False,False
-7.599581,5.651839,-0.16043152,5.7917767,-1.3182325762836322,2.609009542034198,False,False,False,False,False,False,False,False,False,False,False,False
-5.976612,0.3417702,-0.958486,3.796428,-0.5407346836814478,-0.6454304091230971,False,False,False,False,False,False,False,False,False,False,False,False
-0.89671534,1.446775,-4.961923,-2.8113282,0.1479881939625507,1.215797963489723,False,False,False,False,False,False,False,False,False,False,False,False
11.161979,2.1867902,1.0688787,-0.24190797,4.364740225097978,-0.8085587197612958,False,False,False,False,False,False,False,False,False,False,False,False
-4.2539,-1.1539901,-6.1422544,-2.3873923,-0.5160643002631405,1.7494133130303628,False,False,False,False,False,False,False,False,False,False,False,False
4.038031,-7.2826257,10.46485,-2.0025518,-1.093551583602194,-2.552978998037007,False,False,False,False,False,False,False,False,False,True,False,False
3.1895356,-4.9860473,-0.52707475,-0.9677615,-0.4410586710032101,0.2288845350815701,False,False,False,False,False,False,False,False,False,False,False,False
-10.565004,6.3735723,-3.9764633,12.536837,-0.3536572419047647,2.450940623281268,False,False,False,False,False,False,False,False,False,False,False,False
7.1840405,-3.427221,1.5588704,-1.0336059,-0.5203928172988178,-3.2685013821192004,False,False,False,False,False,False,False,False,False,True,False,False
7.307007,10.205381,-2.5588992,-1.8219615,5.88737652220228,0.1362710637395542,False,False,False,False,True,False,True,True,False,False,False,False
6.021593,12.265478,-2.8427768,1.0087123,2.944785792121375,0.045453282685915,False,False,False,False,True,False,False,False,False,False,False,False
-3.5315576,10.228116,-1.9990945,2.7327688,0.7411399575990569,2.793497520423933,False,False,False,False,False,False,False,False,False,False,False,False
-6.9179707,-6.802175,0.96628445,-0.4324408,-0.8681697316803109,0.7004887284773175,False,False,False,False,False,False,False,False,False,False,False,False
7.626255,9.443099,-2.7319427,2.7830417,3.447443600588397,0.3000847632131951,False,False,False,False,False,False,False,False,False,False,False,False
2.4772973,-3.4448664,5.917746,-2.2361853,-0.7846562123332561,-1.5753283148054995,False,False,False,False,False,False,False,False,False,False,False,False
6.6484723,-4.3334928,4.6751914,-0.14488368,-0.4106103961955828,-1.9121392233811,False,False,False,False,False,False,False,False,False,False,True,False
3.1401703,2.597177,-2.7483523,-0.98547393,0.2378482711575065,-1.8048419631452528,False,False,False,False,False,False,False,True,False,False,False,False
3.3514178,12.078255,-1.2494941,-0.5118123,4.217239195953802,0.9823963817302964,False,False,False,False,False,False,False,False,False,False,False,False
7.6429076,-0.44516835,0.41866502,-1.2663276,0.7559285907368569,-3.526730287386893,False,False,False,False,False,False,False,False,True,False,True,False
-2.7930825,10.490729,-3.165315,2.0699992,-0.5239390584046386,2.15690040277524,False,False,False,False,False,False,False,False,False,False,False,False
-4.9206815,-0.46396473,2.0699174,12.039318,-1.1992591224057447,-0.8346943872663625,True,False,False,False,False,False,False,False,False,False,False,False
6.3143506,-7.1333394,5.8929453,-3.1167126,-1.000482079818168,-2.039169518386272,False,False,False,False,False,False,False,False,False,False,False,False
-4.7882304,-7.2289186,-3.3803594,-2.0349116,-1.3777722199173248,1.5422035360830495,False,False,False,False,False,False,False,False,False,False,False,False
4.9621177,-6.998415,2.9083729,-2.7175708,-0.7384538653731243,-1.4554738474745812,False,False,False,False,False,False,False,False,False,False,False,False
3.4805086,-6.756755,10.393253,-2.5342233,-0.2672947703974338,-1.1055610712763493,False,False,False,False,False,False,False,False,False,False,False,False
-6.921891,-0.007590119,-0.8870979,-0.27625188,-1.0705470411417033,1.1000442256404448,True,False,False,False,False,False,False,False,False,False,False,False
5.22167,-1.7084843,-0.14298075,-0.7931667,0.2827069584063132,-0.4680243464756473,False,False,False,False,False,False,False,False,False,False,True,False
8.179064,-1.5938056,-0.5791356,-0.8362406,-0.6875233441370405,-3.630393690029283,False,False,False,False,False,False,False,False,False,False,True,False
7.135683,4.612986,0.22659373,-0.5469032,1.9491852369031435,1.316170214554566,False,False,False,False,False,False,False,False,False,False,False,False
-3.5050979,5.1055903,-2.7665038,12.97945,-0.327148609843518,0.2576607531959578,False,False,False,False,False,False,False,False,False,False,False,False
10.615022,8.798251,-1.6068599,1.3662672,1.9160777994818377,0.099085890948962,False,False,False,False,False,False,False,False,False,False,False,False
1.6804887,-5.136312,6.9780493,-2.0921345,-1.105154766685026,-1.5502572231505491,False,False,False,False,False,False,False,False,False,True,False,False
-6.3625326,-3.0438313,-6.9363656,-3.5507805,-1.3201226695854438,1.7595829332774264,False,False,False,False,False,False,False,False,False,False,False,False
-9.054109,-1.680426,0.1125899,5.5890803,-0.7908892346488682,0.8701304035372897,False,False,False,False,False,False,False,False,False,False,False,False
-7.205748,7.525286,-0.48141727,5.053554,-0.0670795182624255,1.900580303513739,False,False,False,False,False,False,False,False,False,False,False,False
-3.395897,-7.817096,4.3734775,1.4827018,-2.241157599337518,-1.4785330940386074,True,False,False,False,False,False,False,False,False,False,False,False
-6.5066867,-0.85903776,-3.106465,-2.8131745,-1.5985890039379174,2.526984228993107,True,False,False,False,False,False,False,False,False,False,False,False
-4.6769505,4.000622,-2.829317,-1.7190505,-0.745345619579359,5.567657208095285,False,False,False,False,False,False,False,False,False,False,False,False
6.106414,-3.1967764,4.5583763,2.518533,-0.255878156015381,-0.905620603220392,False,False,False,False,False,False,False,False,False,False,False,False
11.470656,1.5790291,1.2689648,-1.0765283,0.304367892521141,-0.7514968324275975,False,False,False,False,False,False,False,False,False,False,False,False
-12.520474,-2.7062109,-4.1261396,-2.5533392,-2.021474981938711,1.9269328742068204,False,False,False,False,False,False,False,False,False,False,False,False
-6.815227,2.6691766,0.5905656,6.5144873,-1.487411547265551,1.8303992973054424,True,False,False,False,False,False,False,False,False,False,False,False
-2.268402,-1.5215734,-3.4161153,-2.5933266,-0.4666232779955043,0.712715642801745,False,False,False,False,False,False,False,False,False,False,False,False
-6.187611,-7.6362834,1.4911454,0.6082878,-3.124240002930772,0.1655124477559341,True,False,False,False,False,False,False,False,False,False,False,False
10.8036785,4.4201155,0.6156273,-0.21800499,0.3547933202743954,0.5189694101631209,False,False,False,False,False,False,False,False,False,False,False,False
-7.245785,-6.4156938,-2.3984735,-0.8371946,-1.136669387836352,0.4187795163835318,False,False,False,False,False,False,False,False,False,False,False,False
6.456712,-2.1204522,1.8094736,-0.33167356,-0.3706237707776574,-0.2719137906327761,False,False,False,False,False,False,False,False,False,False,False,False
-8.936742,0.71567893,-6.2959585,1.942434,-0.558267071161163,1.828517248553541,False,False,False,False,False,False,False,False,False,False,False,False
-0.7960947,-5.2879963,4.3110785,-2.1930788,-2.431728584315425,1.0027907797926674,False,False,False,False,False,False,False,False,False,False,False,False
4.5168643,5.9706507,-1.243677,3.7680895,1.561649379380056,0.4072214363348214,False,False,False,False,False,False,False,False,False,False,False,False
5.108347,-6.063206,3.6044607,-2.0643485,-0.0593065382568358,-0.2120831354818782,False,False,False,False,False,False,False,False,False,False,False,False
-0.9091935,5.7220526,-3.6710868,-0.6805591,1.2753987767984942,0.5367007698208638,False,False,False,False,False,False,False,False,False,False,False,False
14.608644,1.3293151,0.43261832,-0.26470444,1.4099632250548193,-0.9974430751532056,False,False,False,False,False,False,False,False,False,False,False,False
0.14916347,-0.8000005,-5.6920714,-2.014652,-1.5040259968458882,0.4128272362855475,False,False,False,False,False,False,False,False,False,False,False,False
6.7486386,-5.5700397,2.7685893,-0.8296644,-1.738901212649578,-2.533640825120296,False,False,False,False,False,False,False,False,False,False,False,False
-5.7829165,-2.7490203,-8.395229,-4.8270473,-1.2790367207987636,0.30223426274777,False,False,False,False,False,False,False,False,False,False,False,False
5.4694753,4.8229713,-1.9267229,2.3247774,0.3547933202743954,0.5189694101631209,False,False,False,False,False,False,False,False,False,False,False,False
-8.16942,2.9978514,-0.7634086,6.6147165,-0.9064334077831624,-0.2713658668207805,False,False,False,False,False,False,False,False,False,False,False,False
6.687334,0.8322094,0.45845115,-0.17704983,2.953762386224719,-2.0266131242047383,False,False,False,False,False,True,False,False,False,False,False,False
-6.1847878,7.679166,-1.9472712,4.506612,-0.744842163701313,1.189097843951043,True,False,False,False,False,False,False,False,False,False,False,False
-3.1250365,-7.108317,1.0052617,-3.660894,-0.9453579471711028,1.488101922846393,True,False,False,False,False,False,False,False,False,False,False,False
2.5740542,10.360415,-1.3134842,1.8457788,6.888232945620167,0.783276745598545,False,False,False,False,True,True,False,True,False,False,False,False
-7.2803254,-3.1976712,-7.2586374,-4.0172434,-1.5029696163390756,2.634244953881409,False,False,False,False,False,False,False,False,False,False,False,False
-8.550484,-0.13058843,1.4996214,6.528303,-0.678452178685216,1.326896723972172,False,False,False,False,False,False,False,False,False,False,False,False
-0.32169223,-8.0009165,2.6245215,-0.8219848,-1.3180786696992073,-0.267231243183697,True,False,False,False,False,False,False,False,False,False,False,False
-8.000435,-0.68819666,-4.859954,3.7958207,-1.0060547904358486,-0.6465489296018775,False,False,False,False,False,False,False,False,False,False,False,False
6.770263,-8.0043955,7.7903705,-0.6310663,-1.0217617782808663,-2.8839042108685424,False,False,False,False,False,False,False,False,False,False,False,False
6.9215794,1.8921196,-3.4016788,-3.0455024,3.4321268362140347,-0.0218758934376348,False,False,False,False,False,False,False,False,False,False,False,False
-7.7375317,-6.483004,-3.7024777,-1.2015676,-1.4141491388263228,0.5474626551666363,True,False,False,False,False,False,False,False,False,False,False,False
-7.4177485,1.6083984,-0.47102502,8.943433,-0.705969033870202,-0.074763438400163,False,False,False,False,False,False,False,False,False,False,False,False
0.6101588,-2.5088565,1.4435588,0.06338793,0.5990278638235618,-0.6802971268532436,False,False,False,False,False,False,False,False,False,False,False,False
-5.7829165,-2.7490203,-8.2631,-4.534666,-0.1005327852406668,1.5174548295486054,False,False,False,False,False,False,False,False,False,False,False,False
7.1348095,-1.0499126,1.6236646,-0.05945889,-1.411393549660977,-3.276164989496966,False,False,False,False,False,False,False,False,False,False,False,False
6.019559,-5.802123,7.3436594,-0.7357361,-1.3520826856043675,-2.0629127092233213,False,False,False,False,False,False,False,False,False,False,False,False
-6.266929,3.1809754,-0.34031475,2.919119,-0.3256576419778442,0.2421370521738118,False,False,False,False,False,False,False,False,False,False,False,False
-9.183148,-0.89767444,4.678231,7.161227,-0.4149906734868049,1.140251130000051,True,False,False,False,False,False,False,False,False,False,False,False
-7.5396647,9.651391,-1.4047426,0.9743146,-0.4683231511226062,3.2417726786432146,False,False,False,False,False,False,False,False,False,False,False,False
-9.434881,1.2976584,-9.40937,-5.996209,-0.4985506722536521,2.5351279638006368,False,False,False,False,False,False,False,False,False,False,False,False
3.7543292,-7.612818,6.627251,-3.1162133,-0.4528429726924917,-1.0472870478126228,False,False,False,False,False,False,False,False,False,False,False,False
-3.978366,-5.28455,2.1941617,0.5595403,-0.3170589929965692,-0.1939913410227915,False,False,False,False,False,False,False,False,False,False,False,False
-6.8096786,3.8514717,1.7847649,8.120032,-1.2098933798107063,0.9726833074667,True,False,False,False,False,False,False,False,False,False,False,False
-4.120026,-6.621172,-1.500961,-4.362309,-0.9546465911849265,-0.3664236064039954,True,False,False,True,False,False,False,False,False,False,False,False
2.1572163,-7.5396442,6.312394,-1.6100258,-2.6579020957888604,-3.891052693489259,True,False,False,False,False,False,False,False,False,False,False,False
2.0176737,-3.6711752,3.1395166,-2.3076832,-0.5067632145147147,0.3794552697069773,False,False,False,False,False,False,False,False,False,False,False,False
7.0009904,-6.7460504,5.1381183,-1.3495507,-0.9458637902242176,-1.335820633377936,False,False,False,False,False,False,False,False,False,False,False,False
9.834499,4.043586,0.7114048,-0.6940007,-0.3739453257380578,-0.4486483495492506,False,False,False,False,False,False,False,False,False,False,False,False
10.379427,-3.6509182,1.8197255,-0.9785553,-0.2301594603146463,-2.0375009512774094,False,False,False,False,False,False,False,False,False,False,False,False
7.790753,4.188226,2.440747,-1.2591834,4.257383965538071,-1.2389747252073855,False,False,False,False,False,False,False,False,False,False,False,False
-5.4976673,-2.7008421,0.41375956,3.8586614,-1.1290506036781085,0.2163823627261824,True,False,False,True,False,False,False,False,False,False,False,False
-10.812241,0.322467,-5.1748257,-1.0428892,-0.3859206008244227,2.789607886773548,False,False,False,False,False,False,False,False,False,False,False,False
-6.374458,-7.533693,2.1577344,0.22452633,-1.206475966501323,-0.0474835835146718,False,False,False,False,False,False,False,False,False,False,False,False
-10.29535,5.543745,-3.5267258,19.043913,-1.711546268756283,3.30487922977696,True,False,False,False,False,False,False,False,False,False,False,False
-0.576772,-7.9295354,6.741489,-1.8004004,-1.4023194192389985,-0.8151354171506027,False,False,False,False,False,False,False,False,False,False,False,False
-5.892017,-9.308585,1.1706663,-0.5235059,-1.979314655082176,-0.3093730885241872,True,False,False,False,False,False,False,False,False,False,False,False
1.1315594,8.478807,-2.28339,0.7430933,1.6611515585622632,1.1977009334210191,False,False,False,False,False,False,False,True,False,False,False,False
-2.1138308,-7.1578526,0.91060543,0.57484233,-1.2601115305969328,-0.048386548607755,True,False,True,False,False,False,False,False,False,False,False,False
6.2653236,0.6759626,0.057820905,-0.19001807,-1.8190417644962624,-2.603147381200811,False,False,False,False,False,False,False,False,False,False,False,True
-5.741594,3.0087106,-2.2492404,6.1918535,-0.6960405041986953,0.7498309383052175,False,False,False,False,False,False,False,False,False,False,False,False
1.8608161,-0.5090144,-0.74447465,-1.0767447,0.6211781736291515,1.0027876539056082,False,False,False,False,False,False,False,False,False,False,False,False
9.52077,5.985833,0.1913909,-0.53111553,1.566657551731394,0.0986890307579552,False,False,False,False,False,False,False,False,False,False,False,False
7.102697,0.22035694,-2.9921403,-3.8903658,2.690138752629853,-1.5997496407739935,False,False,False,False,False,False,False,False,False,False,False,False
-10.387669,-0.45749694,-6.121299,4.290944,-1.831295738772853,0.3697811090334039,True,False,False,False,False,False,False,False,False,False,False,False
7.324345,-3.7775574,1.8614608,-0.9911357,-0.5413599782784495,-2.43711723375445,False,False,False,False,False,False,False,False,False,True,False,False
4.796902,-3.8166583,1.9156593,0.51458967,-0.2396716333621379,-0.664232811917677,False,False,False,False,False,False,False,False,False,False,False,False
-7.722854,1.8302042,1.7304839,16.133093,-2.308859726903635,0.9541781879251552,True,False,False,False,False,False,False,False,False,False,False,False
9.032473,4.7840533,-1.4213729,-1.5752132,3.2397246263077446,-1.16066880027637,False,False,False,False,False,False,False,False,False,False,False,False
-6.197308,1.0382082,-1.1386781,-0.3122445,-0.2842761492873247,1.6781849445712058,False,False,False,False,False,False,False,False,False,False,False,False
-2.5948849,-7.8906007,0.83881503,-5.08712,-1.034610749397478,-0.4478403669401538,True,False,False,False,False,False,False,False,False,False,False,False
7.1362286,-7.0087442,0.8274942,-1.6395589,-0.3380041938908814,-0.4787892702950339,False,False,False,False,False,False,False,False,False,False,False,False
9.597551,3.8771157,0.1551292,-0.7640423,0.5888345881157777,-0.7942190522554194,False,False,False,False,False,False,False,False,False,False,False,False
-2.425407,-5.2049317,1.0290492,-6.4864554,-1.1198554379541967,-1.8070627478779373,False,False,False,True,False,False,False,False,False,False,False,False
5.384414,-6.4881015,2.520256,-2.497594,-0.3747338632426853,-2.251182646501545,False,False,False,False,False,False,False,False,False,False,False,False
-2.9735541,1.1243358,-4.515016,-3.0212963,-0.2791888363440995,0.7868682818535555,False,False,False,False,False,False,False,False,False,False,False,False
3.4048674,-0.53157365,-2.9977427,-4.174934,5.0683158743770855,-1.0540304731243528,False,False,False,False,False,False,False,False,False,False,False,False
4.129961,-0.18658891,-1.6588697,-1.485154,-0.5150799163243756,0.1729223450242043,False,False,False,False,False,False,False,False,False,False,False,False
-6.879903,7.750782,-0.49230015,5.5559688,-0.0670795182624255,1.900580303513739,False,False,False,False,False,False,False,False,False,False,False,False
-3.393976,-2.1052182,-0.047271278,-0.33876553,-0.0034033258139107,1.4875727895235151,False,False,False,False,False,False,False,False,False,False,False,False
-0.12498151,-6.5605826,6.384998,-4.1115646,-0.1837096917556337,-0.2207916609250625,False,False,False,False,False,False,False,False,False,False,False,False
2.637625,-6.0367002,8.332167,-0.8203291,-1.0600198090270203,-1.623149267257601,False,False,False,False,False,False,False,False,False,False,False,False
11.230524,0.9123966,1.2484484,-0.707374,0.544541380282746,-0.6133161085636177,False,False,False,False,False,False,False,False,False,False,False,False
-7.105674,7.890598,-6.5645146,4.987457,-1.1585196157468212,3.315342583736226,True,False,False,False,False,False,False,False,False,False,False,False
7.55623,0.4862341,-0.051016543,-0.54440236,-0.6304973349289096,-1.2535672537306042,False,False,False,False,False,False,False,False,False,False,False,False
-2.3488753,1.7494297,-3.1445363,-3.057963,-0.0157162087141064,1.981792521718714,False,False,False,False,False,False,False,False,False,False,False,False
-5.615839,-3.677576,-0.47352165,-1.9199289,-1.638369197519559,1.908723070820849,True,False,False,True,False,False,False,False,False,False,False,False
1.3775157,-9.715562,7.0606537,-1.4299593,-0.5720826028751216,-1.4646144382875168,False,False,False,False,False,False,False,False,False,False,False,False
5.4784007,-5.7069144,2.4654207,-0.6483459,-0.7855448891919765,-1.0296859970564476,False,False,False,False,False,False,False,False,False,False,False,False
5.7253995,-2.1517167,-0.16571285,0.2468191,-0.6421697276844514,-2.1884171599216846,False,False,False,False,False,False,False,False,False,False,False,True
-8.291518,3.3764,1.054785,9.701216,-1.7647848236587689,-0.7609343613335015,True,False,False,False,False,False,False,False,False,False,False,False
-8.560941,-2.7576735,-3.8146632,-1.6991181,-1.206081361027869,0.2451795922341929,False,False,False,True,False,False,False,False,False,False,False,False
1.9109279,-4.007801,4.8110447,-0.84020907,-0.0593065382568358,-0.2120831354818782,False,False,False,False,False,False,False,False,False,False,False,False
2.7877016,-7.5186157,6.466483,-1.3747181,0.0254632483369688,-0.0859779359212772,False,False,False,False,False,False,False,False,False,False,False,False
-7.485046,-7.381381,-0.15264376,0.44250545,-1.2759912111818563,0.9290934313671724,True,False,False,False,False,False,False,False,False,False,False,False
12.641172,3.7518568,0.31572136,-0.9646912,0.4500461399973615,-0.2992644260957934,False,False,False,False,False,False,False,False,False,False,False,False
8.334072,2.6029236,0.33989483,-1.1032438,0.4164080287860714,-0.1902275712587888,False,False,False,False,False,False,False,False,False,False,False,False
-9.391851,-2.004792,-3.3957958,-3.4582849,-0.5280800802775822,2.047911150802757,False,False,False,False,False,False,False,False,False,False,False,False
-9.779206,4.683804,1.6753494,12.737786,-0.7485406560613861,1.087779693720631,False,False,False,False,False,False,False,False,False,False,False,False
-9.616566,-3.0029035,-3.1257262,-2.8485167,-0.9905449153484308,0.9635736275673472,True,False,False,False,False,False,False,False,False,False,False,False
-7.8820944,2.2352178,-7.937362,-4.410791,-0.544427334371791,2.383788600405808,False,False,False,False,False,False,False,False,False,False,False,False
2.992211,-8.888708,1.468129,-1.1035304,-0.862281631419684,-1.1536402903790783,False,False,False,False,False,False,False,False,False,False,False,False
5.492347,-3.5087461,2.5943766,0.4427357,-1.5340503648310655,-1.5593656069238802,True,False,False,False,False,False,False,False,False,False,False,False
3.2737477,-7.4471874,9.191488,-1.6437747,-1.2378389812697783,-0.2380126744046802,False,False,False,False,False,False,False,False,False,False,False,False
-4.2193193,-0.30124742,-5.6128445,-3.0051994,-1.555795954275753,2.799491221863992,False,False,False,False,False,False,False,False,False,False,False,False
-6.693285,5.409816,-1.1978564,2.7723122,-1.2084994798345066,0.192654834018412,True,False,False,False,False,False,False,False,False,False,False,False
0.6237351,7.115816,-1.878973,4.62939,-0.1718488084219626,1.4314942333045626,False,False,False,False,False,False,False,False,False,False,False,False
-9.169528,-7.4164267,1.6467801,1.4813415,0.0034803320175365,1.037201267489637,False,False,False,False,False,False,False,False,False,False,False,False
4.0743694,5.7231193,-6.413704,5.50862,0.3547933202743954,0.5189694101631209,False,False,False,False,False,False,False,False,False,False,False,False
2.4059045,-7.6830096,8.332167,-0.8203291,0.5181944954549353,-1.1818996759551483,False,False,False,False,False,False,False,False,False,False,False,False
6.4152546,9.596572,-1.1562705,3.2785144,5.631670309705484,0.2188182073827178,False,False,False,False,False,False,False,False,False,False,False,False
8.740524,6.31032,-1.6970071,0.5267515,5.052562908463802,-0.6069281759184786,False,False,False,False,False,True,False,False,False,False,False,False
-4.449591,13.518772,-5.889606,3.1574192,0.1804516200083918,2.057639839976678,False,False,False,False,False,False,False,False,False,False,False,False
-0.25363028,-6.2790585,7.3382397,-4.9847994,-1.8525991763080591,-2.3167737350542144,False,False,False,False,False,False,False,False,False,False,False,False
9.1517725,3.2932112,0.3853111,-0.10041838,0.5330570268451902,-0.3460209063045605,False,False,False,False,False,False,False,False,False,False,False,False
-7.955763,-2.1334572,-6.0888705,-4.101185,-0.0633497842449703,1.4840562733812612,False,False,False,False,False,False,False,False,False,False,False,False
5.32418,-3.0303993,3.578239,-1.3200561,-1.4597171299320584,2.313751335351273,False,False,False,False,False,False,False,False,False,False,False,False
7.4466248,-3.5681224,3.6823988,-1.0630673,-0.8731934018166156,-1.8548819348984773,False,False,False,False,False,False,False,False,False,False,False,False
-6.7156067,-0.19472653,-4.887626,-5.6952186,-0.7712953498171329,0.1441709627437886,True,False,False,False,False,False,False,False,False,False,False,False
-10.570784,-3.43951,-6.283534,-3.3410463,-0.1479566991413973,1.8564169179874968,False,False,False,False,False,False,False,False,False,False,False,False
7.63227,2.919828,-1.0803151,-0.83024,0.0765328134976027,-0.1052389768505517,False,False,False,False,False,False,False,False,False,False,False,False
10.702993,5.7983737,-0.51156366,0.19795589,6.572521980673272,-1.1489559746332594,False,False,False,False,False,False,False,False,False,False,False,False
-0.4782366,-2.4392023,6.26819,-1.3351715,-0.4364194459989921,-1.0972041773202066,False,False,False,False,False,False,False,False,False,False,False,False
-3.8502252,-0.6666056,0.74630636,-9.2065735,-0.2847808890502022,0.9819908691774376,True,False,False,False,False,False,False,False,False,False,False,False
9.713274,-1.519859,-0.25847298,-0.30474204,1.4085545196019025,-1.0097441612014582,False,False,False,False,False,False,False,False,False,False,False,False
-3.7175992,-7.4813285,2.8661025,-0.10420436,-1.8725828319209152,0.2634484830526019,False,False,False,False,False,False,False,False,False,False,False,False
8.240916,-7.076649,4.010351,-2.1152022,-1.394558350661212,-3.2585326916423423,False,False,False,False,False,False,False,False,False,False,False,False
10.750125,4.031683,1.52896,-1.1258441,6.855900733825498,-1.362688668358322,False,False,False,False,True,False,False,False,False,False,False,False
8.894204,6.5043197,-0.300427,-0.5150636,4.23192139070521,-0.5360611352405961,False,False,False,False,True,False,False,True,False,False,False,False
-7.4872947,-1.1349993,-0.5562329,14.001837,-1.383086484921767,0.1554349286179505,False,False,False,False,False,False,False,False,False,False,False,False
2.258825,-5.484041,-0.6985764,-4.2406135,-0.8660799527991394,-1.5379504085118072,False,False,False,False,False,False,False,False,False,False,False,False
6.6056046,-3.156989,1.959078,-0.25779945,0.9950843305766875,-1.552924703563681,False,False,False,False,False,False,False,False,False,False,False,False
5.7011266,11.216292,-3.5861166,-1.3489364,1.6016891295248383,0.8049519196841393,False,False,False,False,False,False,False,False,False,False,False,False
-5.755335,-4.70738,3.7140572,0.8330873,-1.0132520805839818,1.7227870496064714,False,False,False,False,False,False,False,False,False,False,False,False
10.378793,4.4566827,1.2339061,-0.69550663,4.865688716295972,-0.8498966340365359,False,False,False,False,False,False,False,False,False,False,False,False
-6.837663,0.9749795,-3.7166398,-1.5400782,-0.3491336227881942,2.6496552090760064,False,False,False,False,False,False,False,False,False,False,False,False
-6.7546754,-6.6626706,1.457635,-0.17412217,-0.9880190126655852,0.114420477508905,False,False,False,False,False,False,False,False,False,False,False,False
-0.20286943,0.6497921,-5.506403,-2.167547,0.1195804898689173,1.0149479856138908,False,False,False,False,False,False,False,False,False,False,False,False
4.426002,4.9085584,-0.1231889,-0.21772017,0.341935643173011,-0.5214616633668356,False,False,False,False,False,False,False,False,False,False,False,False
4.487513,-8.184523,2.2658648,-0.6933668,-1.3506158324025914,-2.7440730202382406,False,False,False,False,False,False,False,False,False,False,False,False
2.5372796,11.760533,-3.5061212,2.6957521,4.289478390345123,0.8703145822009647,False,False,False,False,False,False,False,True,False,False,False,False
7.315335,-4.051359,4.2771363,-2.0165043,-0.5314223104162983,-1.8209164034067329,False,False,False,False,False,False,False,False,False,False,False,False
6.8910065,-0.34033546,0.9246162,-1.7252845,0.4367244994255541,-1.2853208143949737,False,False,False,False,False,False,False,False,True,False,True,False
2.2380009,-4.307699,-1.2903442,-2.1811059,-1.067807089911922,-2.579533190879583,False,False,False,False,False,False,False,False,False,False,False,False
-1.7137843,-1.882284,0.2421455,-0.34373492,-0.4671280177583815,0.0165215674079773,True,False,False,False,False,False,False,False,False,False,False,False
8.842086,5.1122546,-2.805478,-2.1861928,3.1820861937415894,-0.117770581185008,False,False,False,False,False,True,False,False,False,False,False,False
7.485486,2.791129,1.194901,-0.34552938,1.6063004464602273,-1.5105174112214974,False,False,False,False,False,False,False,False,True,False,False,False
6.873963,-3.228514,1.1276895,-2.0518715,0.6886165906371448,-0.5647952631002966,False,False,False,False,False,False,False,False,False,False,False,False
-10.066294,-3.9223602,-3.0387914,-1.9964118,-0.6192241183859413,0.0747730445698428,True,False,False,False,False,False,False,False,False,False,False,False
-4.7794495,-5.714086,0.71435696,-0.11266096,-1.9274355116145867,-0.388579036559469,False,False,False,False,False,False,False,False,False,False,False,False
-3.6476338,4.831724,-4.129144,-6.170094,-0.0015387945147726,1.7103203046710866,False,False,False,False,False,False,False,False,False,False,False,False
2.7227802,6.1002684,-1.897488,6.1763,0.3547933202743954,0.5189694101631209,False,False,False,False,False,False,False,False,False,False,False,False
10.584042,5.8838496,-0.0633532,-0.9814871,5.011847187074998,-1.249575415613426,False,False,False,False,True,False,False,False,False,False,False,False
-8.405342,-2.2871318,2.7114148,8.268072,-0.7224374551562475,1.456234934981733,False,False,False,False,False,False,False,False,False,False,False,False
12.360372,-0.45096317,1.2330555,-0.09679725,0.9810937076482004,-2.975733726537,False,False,False,False,False,False,False,False,False,False,True,False
-4.7542477,-4.422591,-4.927865,-2.1072814,-1.3548724238686822,0.3227557049908732,False,False,False,False,False,False,False,False,False,False,False,False
3.6919322,-4.4383535,2.804538,2.8238432,-0.3899969315266813,-1.2503159144332368,False,False,False,False,False,False,False,False,False,False,False,False
9.163479,7.8432693,-4.232196,-2.114569,4.209659327729399,0.1202223802830193,False,False,False,False,True,False,False,True,False,False,False,False
10.947305,0.51990163,0.7896144,-0.24122109,0.1002035819263306,-0.7492214063259136,False,False,False,False,False,False,False,False,False,False,False,False
-9.295412,2.974507,-9.682324,-4.0442324,-1.3014751373651745,3.7372881281438497,False,False,False,False,False,False,False,False,False,False,False,False
-0.0129657425,-0.03216113,-0.73781663,-0.5925771,-0.0753636066572294,1.1720887910978393,False,False,False,False,False,False,False,False,False,False,False,False
-0.82066077,-7.1764097,1.601845,-1.7327188,-0.7391606743256635,-0.973858872243026,False,False,False,False,False,False,False,False,False,False,False,False
5.102809,10.988405,-1.6886529,1.6062988,5.825087969739598,-0.0962372316599444,False,False,False,False,True,True,False,True,False,False,False,False
8.595839,-1.6571873,0.019277055,-0.8881163,0.1869036477762709,-1.224835281283078,False,False,False,False,False,False,False,False,False,False,True,False
-3.8311543,10.684906,-1.4050217,5.1163735,-0.0608099239809139,3.201847681312956,False,False,False,False,False,False,False,False,False,False,False,False
-6.1867104,-2.4672692,-6.662194,-2.3067164,-0.9505376352123612,2.060108642535932,False,False,False,False,False,False,False,False,False,False,False,False
-2.6065288,7.29908,-4.044709,3.4970405,0.3547933202743954,0.5189694101631209,False,False,False,False,False,False,False,False,False,False,False,False
1.6155953,2.73652,-5.0445886,-3.6123505,0.3383705088326062,-0.6595217711755784,False,False,False,False,False,False,False,False,False,False,False,False
-2.8047428,-5.505387,9.063872,-0.6421357,-2.0094948527848584,-2.827980364102305,True,False,False,False,False,False,False,False,False,False,False,False
-7.9597526,1.8461341,-9.505042,-2.9306674,-0.2665189889871444,1.2939627597446166,False,False,False,False,False,False,False,False,False,False,False,False
-4.5681434,9.728151,-2.3187406,3.6582673,1.4794125796517934,3.359087644614675,False,False,False,False,False,False,False,False,False,False,False,False
-6.1012783,-6.779186,-5.476132,0.8769339,-1.4274233514225492,0.6232852607578185,True,False,False,False,False,False,False,False,False,False,False,False
-7.138983,-2.8452964,-5.0967693,-3.4495444,-1.630101787626781,1.0948243550898324,True,False,False,False,False,False,False,False,False,False,False,False
0.1532658,-3.61242,3.6723714,-3.0384195,-1.2272585212469476,-0.1827821792035669,True,False,False,False,False,False,False,False,False,False,False,False
-1.6689628,-1.8786327,-2.740059,-8.920154,-0.3421584282570851,-0.4905250605147749,False,False,False,False,False,False,False,False,False,False,False,False
-4.111985,-2.3288906,3.5677927,9.107073,-1.2290891147954237,0.3767456015598643,False,False,False,False,False,False,False,False,False,False,False,False
-3.8993914,10.494823,-2.0430372,5.346192,1.4794125796517934,3.359087644614675,False,False,False,False,False,False,False,False,False,False,False,False
-4.479182,1.290781,-4.381959,-3.2196343,-0.705088146153954,2.712735956921432,False,False,False,False,False,False,False,False,False,False,False,False
2.7240481,8.347727,-1.9774878,1.3729621,2.1318934463261607,1.789443499928907,False,False,False,False,False,False,False,False,False,False,False,False
8.421807,-4.141802,0.21608959,-1.2123413,-0.517302470632914,-1.1005691956485744,False,False,False,False,False,False,False,False,False,False,False,False
-6.1928983,-3.6031506,-3.2611384,-1.4867945,-1.3673584221506698,1.7686689672489946,False,False,True,False,False,False,False,False,False,False,False,False
-9.496147,-5.5940285,0.48512888,0.19514936,-2.845994642532732,-0.5663251886647178,True,True,False,False,False,False,False,False,False,False,False,False
8.198376,-4.6646767,1.317639,-0.40785536,-1.0576411781820036,-3.436654154128811,False,False,False,False,False,False,False,False,True,False,False,False
10.071607,6.1118646,0.18128149,-0.94377834,7.456403097651295,-0.7938173920723899,False,False,False,False,False,False,False,False,False,False,False,False
-8.454724,3.555459,-6.8322496,1.565999,-0.805378840149047,2.886546344817405,False,False,False,False,False,False,False,False,False,False,False,False
-0.30385628,-0.639908,-5.6920714,-2.014652,-1.3105005301237442,-0.3364520491783537,False,False,False,False,False,False,False,False,False,False,False,False
5.540141,2.88522,1.3416291,-0.9768894,-0.0728504213084134,-2.369170900036646,False,False,False,False,False,False,False,False,False,False,False,False
5.585887,-3.5620637,-1.5067618,-2.9464595,-1.1124925856395869,-2.8815496324796133,False,False,False,False,False,False,False,False,False,False,False,False
8.2419615,1.6183957,-3.6035202,-0.46668687,0.3586250076935257,-1.1794313317356275,False,False,False,False,False,False,False,False,False,False,False,False
-10.027663,-0.22265211,2.9122434,8.909177,-0.6823372256856585,1.89332126717087,False,False,False,False,False,False,False,False,False,False,False,False
-2.568693,-3.3889365,-2.5880659,-5.3199525,-1.5028774978665302,-0.3923195343547674,False,False,False,True,False,False,False,False,False,False,False,False
7.1194854,-1.3695273,0.80603874,-1.0358229,-0.254569685084142,-2.6007079721615303,False,False,False,False,False,False,False,False,False,True,False,True
-12.048269,1.952447,-2.9639046,1.1250288,-0.3312886660039428,0.1233657260393034,True,False,False,False,False,False,False,False,False,False,False,False
-7.386206,2.6346395,-8.175189,-3.991949,-0.7114379439427703,2.258261415307325,False,False,False,False,False,False,False,False,False,False,False,False
2.896421,-8.619365,6.4670854,-4.6173253,-2.344790325704558,-1.846582370787968,False,False,False,False,False,False,False,False,False,False,False,False
11.865809,6.081395,-0.5759553,-0.7932938,5.35944296865032,-0.6964369345129899,False,False,False,False,False,False,False,False,False,False,False,False
-2.4805493,-8.374142,0.83881503,-5.08712,-1.0410849193578555,-0.524380473200061,True,False,False,False,False,False,False,False,False,False,False,False
-3.5237489,-5.9564385,1.8045361,-2.8871696,-1.0946487253944843,0.9167331462035,False,False,False,False,False,False,False,False,False,False,False,False
13.138079,6.532828,-0.30799192,0.35058254,9.633189253396791,-0.8384968125433203,False,False,False,False,False,True,False,True,False,False,False,False
-7.867114,-0.23909248,-3.4306695,-1.9134923,-0.5015587402188365,1.172508761426697,False,False,False,False,False,False,False,False,False,False,False,False
5.607869,-2.100778,0.5310423,-0.63496214,-0.166456958906725,-0.3292843107361331,False,False,False,False,False,False,False,False,False,False,False,False
-0.9702592,-2.4840891,1.3489316,-0.16315986,-0.5476175451583676,1.954072088932982,False,False,False,False,False,False,False,False,False,False,False,False
-5.0519114,4.7885513,-0.15774319,2.7856038,-0.4424096449082857,3.640612343910794,False,False,False,False,False,False,False,False,False,False,False,False
-0.37812617,-5.142847,11.312472,-5.499246,-0.2787040837217821,0.0416714594145341,False,False,False,False,False,False,False,False,False,False,False,False
3.5352304,8.288146,-1.8183169,0.39587152,1.4791288396335251,0.2693115556576759,False,False,False,False,False,False,False,False,False,False,False,False
-0.48922518,-4.3843904,4.3110785,-2.1930788,-0.659595514120984,-0.6073496292891563,False,False,False,False,False,False,False,False,False,False,False,False
-6.638244,4.5083447,-1.6129215,3.7464936,-1.8123816719272967,0.4173971464448446,True,False,False,False,False,False,False,False,False,False,False,False
-7.21309,4.28415,-0.9572236,3.0318222,-1.425056356090476,-0.3135386397874682,False,False,False,False,False,False,False,False,False,False,False,False
2.4361877,6.759713,-2.2131703,-1.4676819,0.3547933202743954,0.5189694101631209,False,False,False,False,False,False,False,False,False,False,False,False
7.47965,0.65651995,1.4942204,-1.1139125,-0.950351347381785,0.0900351037337479,False,False,False,False,False,False,False,False,False,False,False,False
7.800044,1.2172794,-2.5956335,-2.4438057,0.0380383825075781,-1.615069195970349,False,False,False,False,False,False,False,False,False,False,False,False
3.362122,-7.2701797,3.8342526,-2.5590355,0.4078457126959609,-0.2279571165138324,False,False,False,False,False,False,False,False,False,False,False,False
1.5225979,-6.039132,-1.7998308,-1.1706966,-1.1343456670816234,-2.4417866211889767,False,False,False,False,False,False,False,False,False,False,False,False
-1.728655,-2.7498593,-0.33891502,-4.521858,-1.5813506634444725,-2.1309066773864047,True,False,False,False,False,False,False,False,False,False,False,False
6.7937965,5.1327715,0.68879145,-1.3684074,5.512753907775825,-0.6173324691226659,False,False,False,False,True,True,False,False,False,False,False,False
4.785489,4.3769927,-2.0803835,1.3535429,0.1024918683342315,0.4617294493491282,False,False,False,False,False,False,False,False,False,False,True,False
0.16147596,-1.8682212,5.2813635,-2.9916835,-0.6678350721328197,-0.1012951006146796,False,False,False,False,False,False,False,False,False,False,False,False
6.596329,-7.712952,7.14383,-0.60352355,-2.66176636424432,-6.904053398355753,False,False,False,False,False,False,False,False,False,True,False,True
-0.05807674,-1.9609928,8.083908,-2.1839776,-0.5039125378531254,-1.0280260068833484,False,False,False,False,False,False,False,False,False,False,False,False
6.4473343,-6.453333,7.640881,-1.465178,-2.0530901807810578,-4.538001001118334,False,False,False,False,False,False,False,False,False,True,False,False
1.8463347,-2.716307,-2.3398912,-1.7728132,-0.8556480114475777,-2.17508048637582,False,False,False,False,False,False,False,False,False,False,False,False
-4.9828,4.473791,-3.954084,-2.3048577,0.030518243772465,1.3982242138852834,False,False,False,False,False,False,False,False,False,False,False,False
7.0614047,-5.100463,1.0727725,-0.3960834,-0.829887842446064,-0.9128560466743328,False,False,False,False,False,False,False,False,False,False,False,False
-4.990277,5.5276837,-0.06706417,7.09154,-0.7180519486093847,2.046416199923298,True,False,False,False,False,False,False,False,False,False,False,False
6.2110276,-5.719271,6.463438,-1.6417764,-0.3354749439921804,-1.4210437467251076,False,False,False,False,False,False,False,False,False,False,False,False
8.1641445,-6.4996176,4.8983283,-0.31290612,-0.6332634398563101,-0.7529851760899163,False,False,False,False,False,False,False,False,False,False,False,False
13.202493,0.77383447,2.782457,-0.81266683,0.7886578084675769,-2.553418754687297,False,False,False,False,False,False,False,False,False,False,False,False
10.89552,3.407658,0.522901,-0.50066257,-0.125393615183268,-0.2655734713696888,False,False,False,False,False,False,False,False,False,False,False,False
-7.151757,3.2101574,-6.5337014,-2.1775806,-1.0002626035877682,2.8582205976749995,False,False,False,False,False,False,False,False,False,False,False,False
12.410697,5.053322,0.24572673,-0.45039418,4.209659327729399,0.1202223802830193,False,False,False,False,True,False,False,True,False,False,False,False
5.7164087,7.3339605,-2.5406284,0.47286436,2.198135821215435,-0.6182285985905739,True,False,False,False,True,False,False,True,False,False,False,False
2.9250572,1.0306562,2.5689435,-0.3700425,-0.7592904015703265,-0.4548013497870293,False,False,False,False,False,False,False,False,False,False,False,False
5.9814553,-1.5347645,2.2509787,3.0115187,-0.517302470632914,-1.1005691956485744,False,False,False,False,False,False,False,False,False,False,False,False
2.0087998,-2.1502483,3.2634835,-0.51934314,-0.0941340759280044,-0.7107221576369782,False,False,False,False,False,False,False,False,False,False,False,True
-7.4047813,-0.8435124,-6.0978546,-4.5491114,-1.215481960781544,3.801072284597474,False,False,False,False,False,False,False,False,False,False,False,False
8.734219,-4.8727,2.641533,-1.114069,-1.15056589186187,-1.2562337701988722,False,False,False,False,False,False,False,False,False,False,False,False
9.300285,8.927819,-1.9188666,4.11677,4.5096947443175175,0.0705210018676276,False,False,False,False,False,False,False,True,False,False,False,False
-0.43254486,-6.7282324,0.83816284,-3.6306534,-1.1968754357893128,-1.7632858055613518,False,False,False,False,False,False,False,False,False,False,False,False
-7.7908816,-6.569987,-4.129595,-2.3994236,-1.8337782019560365,-0.2655797119531267,False,False,False,False,False,False,False,False,False,False,False,False
-10.005399,1.559008,-4.3514795,-2.5390258,-0.8058481241755842,3.180060782845944,False,False,False,False,False,False,False,False,False,False,False,False
-7.908865,-0.6929563,-2.3269954,-1.2003194,-0.3861820979069945,0.0206013847737731,False,False,False,False,False,False,False,False,False,False,False,False
4.999827,4.6917744,0.49707523,-1.053752,0.3142067882429226,-0.4061085847271199,False,False,False,False,False,False,False,False,False,False,False,False
-2.1667297,-5.651662,7.890006,0.7889241,-1.4355699217746658,-2.202835054318849,False,False,False,False,False,False,False,False,False,False,False,False
9.937637,5.38021,0.55775726,0.104692,0.3547933202743954,0.5189694101631209,False,False,False,False,False,False,False,False,False,False,False,False
-5.142757,0.96150213,-3.4002776,5.7136736,-0.5797232727097247,0.689470112637536,True,False,False,False,False,False,False,False,False,False,False,False
6.409364,8.409084,-4.2184157,-1.1905901,1.2753987767984942,0.5367007698208638,False,False,False,False,False,False,False,False,False,False,False,False
-1.3744466,-7.6357656,5.2203183,-3.7259765,-1.796334517504096,0.0962133473701664,True,False,False,False,False,False,False,False,False,False,False,False
-0.5278147,0.40373236,4.4383597,-2.0654194,0.3547933202743958,0.5189694101631188,False,False,False,False,False,False,False,False,False,False,False,False
-7.377829,0.8988509,2.2501862,8.042842,-0.8163783417828059,0.2891722954376469,True,False,False,False,False,False,False,False,False,False,False,False
-8.434373,3.8105655,-1.0038003,6.341041,-0.1509235708986409,0.5755154024751018,True,False,False,False,False,False,False,False,False,False,False,False
5.9729195,-6.260673,5.3258243,-2.6622243,-0.1709822719667124,-1.3082022342285502,False,False,False,False,False,False,False,False,False,False,False,False
-11.288041,1.5675802,-4.57921,0.5387133,0.082539744999534,1.061445692270727,False,False,False,False,False,False,False,False,False,False,False,False
-0.9751917,-6.541916,3.109646,-2.0790431,-0.3629988025314208,-1.196763893900592,False,False,False,False,False,False,False,False,False,False,False,False
10.621125,3.1609232,0.17581853,-0.55710435,3.400972259901556,-0.4384663994193605,False,False,False,False,False,False,False,False,False,False,False,False
11.028334,5.027384,0.78962386,-0.9074113,1.6350261489928877,0.2936749515132063,False,False,False,False,True,False,False,False,False,False,False,False
-1.8275108,-3.586696,-2.5816863,-4.9353,-2.346437759951547,-1.160521819651582,True,False,False,False,False,False,False,False,False,False,False,False
-7.800492,2.5764477,-3.4400818,7.3458867,-1.688497544644305,-0.9039834801597468,True,False,False,False,False,False,False,False,False,False,False,False
7.351467,1.923102,0.19337453,0.17924727,-0.1430727340858886,-0.2822508398863726,False,False,False,False,False,False,False,False,False,False,False,False
6.1774554,2.9970865,0.4180776,-0.64509565,0.6304112351026634,0.1528852503400054,False,False,False,False,False,False,False,False,False,False,False,False
-11.653757,-0.7887622,-1.8226823,-2.1751368,-0.5542464247232937,2.927422444773424,False,False,False,False,False,False,False,False,False,False,False,False
6.2395725,-3.9410682,5.488651,-2.0458102,0.3136307787580268,-2.4609777758112,False,False,False,False,False,False,False,False,False,False,False,False
7.744211,-0.35313216,0.10963378,-0.9159191,0.7559285907368569,-3.526730287386893,False,False,False,False,False,False,False,False,True,False,True,False
4.8399916,5.8166723,-1.9735261,0.28182158,1.106725273293543,-0.4360897082873621,False,False,False,False,False,False,False,False,False,False,False,False
-7.2040634,1.2853482,2.9942641,7.9435787,-0.719158005545556,1.267900525335862,True,False,False,False,False,False,False,False,False,False,False,False
-3.6377249,-4.431509,-4.4899263,-0.29144874,-0.3853498808383583,-1.116465218249481,False,False,False,False,False,False,False,False,False,False,False,False
5.2046847,-8.126799,8.238295,-2.3885431,-1.0222507723453598,-2.1909182198886192,False,False,False,False,False,False,False,False,False,True,False,True
1.2449422,-4.245076,6.9780493,-2.0921345,-0.5039125378531254,-1.0280260068833484,False,False,False,False,False,False,False,False,False,False,False,False
9.890624,5.7613215,1.1817228,-1.3172942,1.566657551731394,0.0986890307579552,False,False,False,False,False,False,False,False,False,False,False,False
11.050653,6.360362,0.13227461,-1.0394835,2.521947046270081,0.5409140040765797,False,False,False,False,True,False,False,False,False,False,False,False
-3.549299,-1.5026155,-7.316662,-3.9790778,-1.4584057266004151,-0.2310725719641017,False,False,False,False,False,False,False,False,False,False,False,False
5.4910784,0.4433317,1.1595396,-1.3765795,-0.0592021415514401,-0.0462395664489276,False,False,False,False,False,False,False,False,False,False,False,False
3.1251926,-5.8936934,11.436849,-2.4388068,-0.548439928110038,-2.4561193359957443,False,False,False,False,False,False,False,False,False,True,False,True
-2.7709007,12.401234,-2.9054198,3.253121,1.2046899360195724,1.6368416065114093,False,False,False,False,False,False,False,False,False,False,False,False
-6.852105,3.6771145,-5.783132,-2.701785,0.0034803320175365,1.037201267489637,False,False,False,False,False,False,False,False,False,False,False,False
7.9585233,-0.9775818,-0.24125455,0.8186621,1.2727151678474635,-1.1165883198327853,False,False,False,False,False,False,False,False,False,False,False,False
-2.425407,-5.2049317,1.0290492,-6.4864554,-1.4650319638720235,-2.9038100847426582,False,False,False,False,False,False,False,False,False,False,False,False
1.5370903,-6.1396475,5.636544,-5.406661,-0.726774486180298,-0.9557428993516212,False,False,False,False,False,False,False,False,False,False,False,False
5.0002327,-6.5395164,2.2576044,-1.3994304,-0.011466588477668,-0.8882886521985237,False,False,False,False,False,False,False,False,False,False,False,False
-7.2308893,-2.4167888,-3.1539752,-0.52165025,-0.4794280640605034,0.9246649167326266,True,False,False,False,False,False,False,False,False,False,False,False
3.7792885,10.839307,-2.652033,-0.3065589,3.71953838510012,0.8833566206637273,False,False,False,False,False,False,False,True,False,False,False,False
5.6214843,-2.7633228,0.9061412,-0.6786134,-0.2174095703863272,-1.3205163274412923,False,False,False,False,False,False,False,False,False,False,False,False
7.2286205,-6.386365,4.2398076,-1.9133621,-0.5211018346609123,-2.305197085860005,False,False,False,False,False,False,False,False,False,False,False,False
-5.775339,-1.5104313,-5.6529765,-3.9622645,-1.61653471048663,4.43963801918094,False,False,False,False,False,False,False,False,False,False,False,False
0.09261347,-3.1909897,14.388513,-4.440475,-0.2787040837217821,0.0416714594145341,False,False,False,False,False,False,False,False,False,False,False,False
3.668334,4.5890164,-0.8641166,2.8155499,5.771939133544597,0.1626958019607857,False,False,False,False,True,False,False,False,False,False,False,False
2.9997032,-5.9698753,1.0219024,-1.9883674,0.5068891441012354,-0.4163863874766909,False,False,False,False,False,False,False,False,False,False,False,False
8.280949,-5.0449944,2.094924,-0.6466548,-0.3354749439921804,-1.4210437467251076,False,False,False,False,False,False,False,False,False,False,False,False
11.343,5.1191683,0.6066903,-0.4813386,6.62652205973183,-1.2412855779793026,False,False,False,False,False,False,False,False,False,False,False,False
-5.020741,0.5125758,-0.05962557,2.8489268,-1.3417781335809411,1.0559931276103451,True,False,False,False,False,False,False,False,False,False,False,False
8.088234,8.643433,-1.7786293,2.5541787,10.74171630865206,-0.1420372188884234,False,False,False,False,False,True,False,True,False,False,False,False
5.4197984,3.3084612,-3.5341406,-2.7556183,0.4238091080202419,-0.8248783804744286,False,False,False,False,False,False,False,False,False,False,False,False
4.738994,3.1936798,-2.5805612,-1.3955466,6.541374607220571,-0.9231160876448846,False,False,False,False,True,False,False,False,False,False,False,False
-5.497592,0.6170232,-2.6176686,-2.2244635,0.1234964073726152,1.1558159139235424,False,False,False,False,False,False,False,False,False,False,False,False
6.2396917,3.6007051,0.36840045,-1.1700597,-0.0828040110539511,0.4596793775930243,False,False,False,False,False,False,False,False,False,False,False,False
-6.3324966,-8.958744,0.027361477,-0.19034378,-0.7126201897392864,1.1977846270530033,False,False,False,False,False,False,False,False,False,False,False,False
-8.841374,1.1704684,-2.3993318,-1.8270684,-0.6791751566830794,3.1750929288574654,False,False,False,False,False,False,False,False,False,False,False,False
-0.7597028,-4.803037,-0.036997218,-4.271914,0.5738788006350942,0.6071917906113836,False,False,False,False,False,False,False,False,False,False,False,False
1.4590394,-9.692173,2.772089,-1.670616,-1.4684014630534163,-3.369169113938827,False,False,False,False,False,False,False,False,False,False,False,False
-4.7489586,-1.0935346,2.4990118,11.848942,-1.6665875141661697,0.7800943660932933,True,False,False,False,False,False,False,False,False,False,False,False
-6.9285316,7.660146,-2.9509432,2.935308,-0.0304027557806849,1.3903241243027753,False,False,False,False,False,False,False,False,False,False,False,False
7.559184,4.228579,0.6022384,-1.2485343,2.2335114717879136,0.1725885281065199,False,False,False,False,True,False,False,False,False,False,False,False
4.6171217,-7.0814996,8.763575,-1.7917846,-1.4437184484313028,-2.8784803195404183,False,False,False,False,False,False,False,False,False,False,False,False
5.4787188,-3.802727,0.7572613,0.095806606,-0.6983227418518849,-1.979162622416992,False,False,False,False,False,False,False,False,False,False,False,False
8.676783,3.5119562,0.17161056,-0.9552736,0.562844988444422,0.2816552113136342,False,False,False,False,False,False,False,False,False,False,False,False
-0.6359861,7.223332,0.037647482,2.691241,0.5024959686941988,-0.0518798186882588,False,False,False,False,False,False,False,False,False,False,False,False
6.4351335,-4.6207685,1.251233,-0.01559244,0.546184157721583,-1.6058083568608337,False,False,False,False,False,False,False,False,False,False,False,False
7.0915504,-3.3095329,2.2804368,-1.5607979,0.1429940696596881,-1.7485040151516442,False,False,False,False,False,False,False,False,True,False,True,False
-9.762371,-0.10049853,-4.9620185,-2.8753703,-0.3252817345020118,1.2900503951605828,True,False,False,False,False,False,False,False,False,False,False,False
-7.1252484,-0.42696193,-6.4588923,-2.4048615,-1.0650404829557876,2.725798754499308,False,False,False,False,False,False,False,False,False,False,False,False
1.3724519,-7.2732058,7.1614504,-2.4619923,-1.186772724465493,-1.5259908696513529,True,False,False,False,False,False,False,False,False,True,False,False
3.6406243,3.6879473,-2.431419,-0.27996996,0.0722734326615609,-0.2695321178096346,False,False,False,False,False,False,False,False,False,False,False,False
-5.81137,0.6376623,-3.4640667,-2.3737876,-0.435407909243548,4.158349511877988,False,False,False,False,False,False,False,False,False,False,False,False
5.3415985,-8.374016,6.6662683,-2.2643023,-1.3870682080533556,-3.623871249427105,False,False,False,False,False,False,False,False,False,True,False,True
-5.705356,-7.8678083,0.3800961,-0.6331602,-1.092245097067304,1.2991870752630708,True,False,False,False,False,False,False,False,False,False,False,False
-7.245785,-6.4156938,-2.3984735,-0.8371946,-0.6995084068995369,0.6208423219167691,False,False,False,False,False,False,False,False,False,False,False,False
-5.300784,-2.8975928,-4.521353,-6.5532513,-1.1692197705568566,1.1153821569710725,True,False,False,False,False,False,False,False,False,False,False,False
0.84551966,-1.6326408,-1.9314029,-4.0633864,-1.0300451889595137,-0.721812941358897,False,False,False,False,False,False,False,False,False,False,False,False
0.06575988,4.245392,-9.02089,5.288807,0.3547933202743954,0.5189694101631209,False,False,False,False,False,False,False,False,False,False,False,False
1.0004228,-6.072074,2.877053,-0.83197504,-1.4636946058098388,-1.3321910012383251,False,False,False,False,False,False,False,False,False,False,False,False
3.9925325,2.3534036,-3.9196963,-1.2640312,0.7306727282472028,-1.919281795248605,False,False,False,False,False,False,False,False,False,False,False,False
13.139558,1.3646196,-0.01823263,-0.4134155,1.2282950873844949,-1.9791160480395305,False,False,False,False,False,False,False,False,False,False,False,False
3.9496615,8.840547,-1.3289021,0.53726393,2.191779214640267,0.2185279659536784,False,False,False,False,False,False,False,False,False,False,False,False
-6.996248,0.4426942,-9.712384,-3.218104,-0.0495177725727417,0.6939971369268546,False,False,False,False,False,False,False,False,False,False,False,False
3.459116,-5.309755,6.28073,-5.05517,-0.2561011971516052,0.0017338777682437,False,False,False,False,False,False,False,False,False,False,False,False
-0.45545757,2.8762553,-2.5653448,2.00618,-0.2466939277101795,0.1798975875709845,True,False,False,False,False,False,False,False,False,False,False,False
0.1808979,-9.570932,2.8401728,-1.0786397,-0.9154840355798922,0.3261131915991497,False,False,False,False,False,False,False,False,False,False,False,False
-4.4831076,2.0522041,-4.48637,-3.0076249,-0.0753636066572294,1.1720887910978393,False,False,False,False,False,False,False,False,False,False,False,False
-8.053094,-2.677328,2.9639337,4.3753066,-0.455090902957392,0.7031647978109132,True,False,False,False,False,False,False,False,False,False,False,False
-8.053094,-2.677328,2.9639337,4.3753066,-1.7705005971317154,-0.2553415074449979,True,False,False,True,False,False,False,False,False,False,False,False
6.4888167,8.639566,-3.726959,0.5022674,5.737559257641731,0.0743852932397756,False,False,False,False,True,True,False,True,False,False,False,False
-9.987202,0.616961,-1.1060412,2.7455995,0.0841681213185383,-0.2832764797904499,True,False,False,False,False,False,False,False,False,False,False,False
8.188755,-3.5488906,2.9770212,-0.030632129,-0.8333859484717667,-2.8313640018994346,False,False,False,False,False,False,False,False,False,False,False,False
-3.7541525,5.5809846,-0.16443066,4.821451,-1.419323181214922,2.6596357987228703,True,False,False,False,False,False,False,False,False,False,False,False
-9.8146715,-0.95165884,0.050895594,5.838221,-0.1381100109252025,0.9634458888370502,True,False,False,False,False,False,False,False,False,False,False,False
5.7889547,-2.5612605,2.3998024,-0.56644034,-0.91878854457333,-1.895672757419528,False,False,False,False,False,False,False,False,False,False,False,False
-4.5032005,-6.598617,-0.67051226,-4.157741,-1.8171840564503368,-1.6346070296548856,True,False,False,True,False,False,False,False,False,False,False,False
-1.0595121,9.595424,-1.545549,1.0447776,0.2064725333746536,0.5453318106859453,False,False,False,False,False,False,False,False,False,False,False,False
2.846425,9.894406,-1.8769295,2.0686946,3.1140096860949567,-0.3006017873732519,False,False,False,False,False,False,False,True,False,False,False,False
4.703141,-7.473805,5.607718,-4.3404336,-1.567091039911562,-3.116868210411576,False,False,False,False,False,False,False,False,False,False,False,False
6.0768204,-1.9971113,4.6680136,-4.0530376,0.7091994931405639,0.1622345381289353,False,False,False,False,False,False,False,False,False,False,False,False
-8.252832,-6.2482853,-5.057357,-2.9312482,-0.524553015531916,1.0923885135929383,False,False,False,False,False,False,False,False,False,False,False,False
-7.366707,2.6695273,3.850242,7.886756,-0.2671766253812025,0.9953110133895904,False,False,False,False,False,False,False,False,False,False,False,False
-8.839802,-5.8304453,0.77730453,-0.19097947,-1.9961249216765984,0.6855263131846907,True,False,False,False,False,False,False,False,False,False,False,False
3.3981583,6.7417893,-2.5349858,0.6963584,2.8998996846009115,0.3684440491103105,False,False,False,False,True,False,False,True,False,False,False,False
-2.403789,-5.946544,7.5997424,-0.39415506,-1.0729256704545385,0.4402486653893334,False,False,False,False,False,False,False,False,False,False,False,False
5.8670444,-8.451281,4.0063705,-3.5102575,-0.7250126889038837,-1.1400932718756256,False,False,False,False,False,False,False,False,False,False,False,False
-11.681698,-1.9098166,-5.7662506,-4.021097,-0.8045361558376272,1.3525851915725249,True,False,False,False,False,False,False,False,False,False,False,False
4.015168,-8.589512,2.4352777,-2.5836377,-1.143777468683287,-1.5663572956073104,True,False,False,False,False,False,False,False,False,False,False,False
-0.9965531,4.8614492,-1.6639323,0.9694177,-0.1459462747019337,0.0230459713292577,False,False,False,False,False,False,False,False,False,False,False,False
-4.476575,-2.6561737,-0.7018828,-0.79917073,-0.9369191246517852,1.5741073712363205,True,False,False,False,False,False,False,False,False,False,False,False
-6.41116,-1.4941251,3.819185,6.888333,-0.5811260955847334,0.3707443865021576,False,False,False,False,False,False,False,False,False,False,False,False
11.39958,-0.0022181259,0.27889392,-0.90796417,-0.037044475281025,-0.8683666510054935,False,False,False,False,False,False,False,False,False,False,False,False
-9.440043,-0.726896,1.7480352,8.165928,-2.1151430722727222,0.6210824736667561,False,False,False,False,False,False,False,False,False,False,False,False
-8.271739,7.827397,-2.944462,5.241891,-0.2789084189521373,2.514761384684167,False,False,False,False,False,False,False,False,False,False,False,False
-8.666917,-7.9557014,-0.5455104,-0.5076693,-0.4316353819147244,0.7965809672993722,False,False,True,False,False,False,False,False,False,False,False,False
2.9117815,-1.9043244,-0.7810701,-0.8902742,-0.0275137802793948,-1.8813369736753367,False,False,False,False,False,False,False,False,False,False,False,False
10.245096,-0.5483349,1.9827985,-0.9676291,-0.7992077397158542,-1.6292033158363783,False,False,False,False,False,False,False,False,False,False,False,False
-4.4759507,-1.2734847,-4.662252,-1.8490441,0.4538627252800153,0.488577144177478,False,False,False,False,False,False,False,False,False,False,False,False
-3.199232,6.4022145,-0.8273895,4.1918874,-0.2580881008034817,0.5246798375312571,True,False,False,False,False,False,False,False,False,False,False,False
3.1579392,1.5851314,-1.2324694,2.70035,-0.7342672457161141,-0.8600279253872848,False,False,False,False,False,False,False,False,False,False,False,False
5.9913054,-7.3284082,2.5183256,-1.2603462,-0.3634738703155868,-0.0844337401460669,False,False,False,False,False,False,False,False,False,False,False,False
0.95363533,-9.340507,3.3906765,-1.7457308,-0.6744387372366457,-1.1347874356186696,False,False,False,False,False,False,False,False,False,False,False,False
0.30400804,-2.9540396,-0.77616936,-8.667007,-1.6850854094290524,-1.7421787927800867,False,False,False,False,False,False,False,False,False,False,False,False
8.015725,-0.52029216,1.1195234,-0.3576594,-0.2813393995914017,-1.217810526884871,False,False,False,False,False,False,False,False,False,False,False,False
11.794292,6.135257,-1.0689309,0.09448327,1.8959993194874245,-0.1836919224685189,False,False,False,False,False,False,False,False,False,False,False,False
-5.7636676,4.3182526,-1.0740489,4.001756,-0.4600228954539987,2.718706681450557,False,False,False,False,False,False,False,False,False,False,False,False
-5.6988454,-8.026479,-0.9457297,-1.8476459,-0.8046204306171958,0.3424612300998153,True,False,False,False,False,False,False,False,False,False,False,False
-0.93201613,-4.22918,7.3670664,-6.051026,0.1112196611266844,-0.105321706746557,False,False,False,False,False,False,False,False,False,False,False,False
-7.1730766,3.9774446,-8.306772,-1.7057265,0.0034803320175365,1.037201267489637,False,False,False,False,False,False,False,False,False,False,False,False
-6.851807,7.547146,-4.617446,2.205529,-0.222919012503336,3.4097619109331343,False,False,False,False,False,False,False,False,False,False,False,False
0.24546188,-5.253372,6.681614,-1.8066175,0.4010559510839888,-1.9258929291678808,False,False,False,False,False,False,False,False,False,False,False,False
-7.2932906,-0.22835672,-7.019743,-3.2550855,-0.405560847121441,0.947155358868965,False,False,False,False,False,False,False,False,False,False,False,False
7.2339377,9.068477,-3.4729898,3.0325565,4.560113293832762,-0.1402287432488131,False,False,False,False,True,True,False,False,False,False,False,False
6.1057224,-0.3527612,0.88279724,0.32455415,0.3706771734706382,-0.5647835058348667,False,False,False,False,False,False,False,False,False,False,False,False
11.37278,6.6171823,-1.0215526,-0.802444,7.88071607192509,-0.7848955529422471,False,False,False,False,False,False,False,True,False,False,False,False
-9.134396,4.3983364,-5.2124424,2.2718246,-0.1163489722403301,0.9896734765811804,False,False,False,True,False,False,False,False,False,False,False,False
4.2465777,-2.4471936,0.5078147,0.4897658,-0.0851302710404937,-3.0275004471885048,False,False,False,False,False,False,False,False,False,False,False,False
-7.451596,-2.0102162,-4.9421115,-6.6835938,-1.505287568690942,0.6646113598365896,False,False,False,False,False,False,False,False,False,False,False,False
-5.2307734,-3.091688,-4.8247643,-1.1966585,-0.1343702552263851,1.9232657267505848,False,False,False,False,False,False,False,False,False,False,False,False
1.6543504,0.31107512,-2.4034505,-4.2511196,-0.2914621236429443,-0.0672355591036432,False,False,False,False,False,False,False,False,False,False,False,False
1.0352504,-8.19753,4.6223884,-2.6151016,-0.0593065382568358,-0.2120831354818782,False,False,False,False,False,False,False,False,False,False,False,False
11.774286,2.7366605,0.69518995,-0.9450117,5.123178951924379,-0.7756112029614892,False,False,False,False,True,False,False,False,False,False,False,False
-4.810547,-2.2721229,-4.2133403,-2.678275,-0.8486827094515638,0.614412433638674,True,False,False,False,False,False,False,False,False,False,False,False
7.2026024,0.6138642,0.558906,-1.1964854,-0.3588675343329837,-1.6912218685602698,False,False,False,False,False,False,False,False,False,False,True,False
-7.2200656,10.4344425,-2.16537,3.9610445,-0.1802630723339112,0.1448478940520099,False,False,False,False,False,False,False,False,False,False,False,False
-10.524748,-2.1245215,-6.099162,-1.3277471,-0.4716500062477011,1.520739732198311,False,False,False,False,False,False,False,False,False,False,False,False
3.6319346,-5.560616,2.0439386,-2.6357477,0.5429383431609243,-1.0170276694321012,False,False,False,False,False,False,False,False,False,False,False,False
1.5565516,8.806964,-0.70466614,1.1661124,1.4463192662998934,0.1632547088999346,False,False,False,False,False,False,False,False,False,False,False,False
-0.11777261,-8.716037,8.1302395,-2.8891752,-1.244474517705227,-2.6102038444783373,False,False,False,False,False,False,False,False,False,False,False,False
-9.859126,0.74205637,-1.8123719,2.1915596,-1.1648871563113037,0.0554185985715488,True,False,False,False,False,False,False,False,False,False,False,False
6.503268,-2.7739217,2.7335336,-2.8668969,-0.5475985761731202,-2.873566172148691,False,False,False,False,False,False,False,False,False,False,False,False
-1.2355977,9.58092,-1.0452309,1.9716834,-0.1076184432060696,0.1410250649191652,False,False,False,False,False,False,False,False,False,False,False,False
-6.421256,1.0533496,-2.0945756,-2.8660693,-0.9088822135627892,-0.0383912142931077,False,False,False,False,False,False,False,False,False,False,False,False
10.456747,5.9076786,0.48588195,-1.0248059,6.281784017771996,-0.2171004285020694,False,False,False,False,True,False,True,False,False,False,False,False
0.568618,1.1523261,-2.8335779,-8.244974,-0.9508610921651792,-0.3065124096620924,False,False,False,False,False,False,False,False,False,False,False,False
0.022947622,-1.4146632,-4.942496,-2.7079415,-0.1302197279308893,0.3346984416729149,False,False,False,False,False,False,False,False,False,False,False,False
1.1085987,7.257961,-1.9839303,1.8395467,3.472030412116356,0.8238395930911836,False,False,False,False,True,False,False,True,False,False,False,False
4.7443786,-2.8377802,2.1828425,-1.9981172,-0.9167580329270092,-0.0378921694975495,False,False,False,False,False,False,False,False,False,False,False,False
4.74285,10.296123,-3.0541286,0.7708492,3.223037601993138,0.4842491910294384,False,False,False,False,False,False,False,True,False,False,False,False
7.0290456,-2.9754024,0.85112405,-0.041154537,-0.9220532210644852,-2.321031357211213,False,False,False,False,False,False,False,False,False,False,False,True
13.7547035,1.655443,-0.024834532,0.09989316,1.092350072742162,-1.5687379962685837,False,False,False,False,False,False,False,False,False,False,False,False
9.008691,-0.21976809,0.66090876,0.2981687,1.010152725578341,-0.5062531461637529,False,False,False,False,False,False,False,False,False,False,False,False
7.0666137,6.8512964,-1.4828424,3.0307784,5.306391262361981,1.2617785488866753,False,False,False,False,True,False,False,True,False,False,False,False
3.3889022,-5.797124,2.6812952,-1.4414402,-0.3899059399747671,-1.9329878124643096,True,False,False,False,False,False,False,False,False,False,False,False
-7.1292753,-1.0855992,-4.49855,-4.8609605,-0.312724114842204,0.4782074324225114,False,False,False,False,False,False,False,False,False,False,False,False
2.5528212,-9.173895,9.283677,-1.9328301,-0.2049847857330561,-0.6643155418136821,False,False,False,False,False,False,False,False,False,False,False,False
9.557453,4.485894,1.837915,-1.5150923,3.408733808469583,-0.3268974870584221,False,False,False,False,False,False,False,False,False,False,False,False
3.4389765,7.65092,-2.915914,1.5874506,-0.2882409896326285,1.2435526885037451,True,False,False,False,False,False,False,False,False,False,False,False
-1.8662343,-1.8748308,7.41836,-6.0374517,-0.1202149991392514,-0.5382103422530814,False,False,False,False,False,False,False,False,False,False,False,False
-5.5217443,-7.16009,0.021380309,-0.74722636,-1.667027049418411,-1.3698569894327934,False,False,False,False,False,False,False,False,False,False,False,False
-6.881382,3.2506783,0.31294376,9.038691,-0.4149906734868049,1.140251130000051,True,False,False,False,False,False,False,False,False,False,False,False
-5.783957,-6.5033846,2.166685,0.7379402,-0.2396716333621379,-0.664232811917677,False,False,False,False,False,False,False,False,False,False,False,False
4.470503,6.114201,-2.7225971,-0.7096799,-0.4103748493670865,-0.650932375150637,False,False,False,False,False,False,False,False,False,False,False,False
7.0186567,5.78837,0.94933,-0.25885767,1.0620425918655354,0.299740578836233,False,False,False,False,False,False,False,False,False,False,False,False
-3.775424,11.430295,-4.773839,2.1473274,-0.0899863337165326,2.317737818788447,False,False,False,False,False,False,False,False,False,False,False,False
-5.431528,0.83855784,-3.7942824,-0.7920289,-0.0071691939852594,0.911646427110196,False,False,False,False,False,False,False,False,False,False,False,False
-4.497828,-0.45850796,1.1686383,8.481061,-1.1069656160543635,-0.5976877130386807,False,False,False,False,False,False,False,False,False,False,False,False
-2.6217413,6.7511296,-0.37157834,4.0328913,-0.0472694234558462,0.4745600949210582,False,False,False,False,False,False,False,False,False,False,False,False
6.722188,-7.1525235,2.5917883,-1.7828727,-0.6826950418895217,-1.548853154916113,False,False,False,False,False,False,False,False,False,False,False,False
5.008122,2.4592917,0.058763947,-0.28703448,0.7948116565266808,-0.0216613292635143,False,False,False,False,False,False,False,False,False,False,False,False
-10.407127,2.8824198,-4.2839656,0.9826444,-0.9638120329748986,1.0238405594579003,True,False,False,False,False,False,False,False,False,False,False,False
0.6901261,-8.008346,5.2025223,-4.315147,-2.424434804293975,-1.332568793997892,True,False,False,False,False,False,False,False,False,False,False,False
-4.140341,10.671245,-1.2797016,5.993201,-1.96224598418289,8.369505518242173,False,False,False,False,False,False,False,False,False,False,False,False
-9.337185,-2.9430633,1.2170324,2.9653265,-0.5877242586621776,-0.799623924297467,True,False,False,False,False,False,False,False,False,False,False,False
-2.428239,-0.25661623,0.5174071,5.7520213,-1.1499042974665628,-1.1038898423487014,False,False,False,False,False,False,False,False,False,False,False,False
-7.72047,2.1295598,0.03546578,14.933904,-0.9758581173426066,1.0171734218902884,True,False,False,False,False,False,False,False,False,False,False,False
-5.09544,-7.2460318,0.71800554,0.9912928,-2.53903570236387,-1.355749279071888,False,False,True,False,False,False,False,False,False,False,False,False
-2.3731353,7.714982,-2.447325,6.4458456,0.3553710664067279,2.4408081861015805,False,False,False,False,False,False,False,False,True,False,False,False
-4.628981,-5.2568507,-0.6080599,-0.41576073,-0.688992349448523,0.5021533594097485,True,False,False,False,False,False,False,False,False,False,False,False
-5.4909863,8.607155,-2.1724193,5.7125974,-0.8635972916432748,5.97256852565865,False,False,False,False,False,False,False,False,False,False,False,False
11.655311,0.9462964,0.7383987,-0.6389353,1.1499178439191229,-1.7030525334349784,False,False,False,False,False,False,False,False,False,False,False,False
8.859007,5.631767,-1.7699549,-1.4434501,1.3201222171877365,-0.649151154962075,False,False,False,False,False,False,False,False,False,False,False,False
8.385693,0.23242672,0.20653228,-0.031112192,1.124586985712852,-0.4508000010607202,False,False,False,False,False,False,False,False,False,False,False,False
2.3406792,6.3089232,-2.3312287,-1.3151532,0.3547933202743954,0.5189694101631209,False,False,False,False,False,False,False,False,False,False,False,False
-2.6637816,-0.8791319,-6.7582264,-2.7106106,0.4396133677776914,0.069828277506295,False,False,False,False,False,False,False,False,False,False,False,False
7.8180246,-3.1203358,2.2914233,-0.32307404,-1.5711626217448869,-5.072906632436959,False,False,False,False,False,False,False,False,False,False,True,False
3.7075818,-7.667158,4.4272885,0.4304497,0.0399341043018699,-0.9915248628304122,False,False,False,False,False,False,False,False,False,False,False,False
10.379427,-3.6509182,1.8197255,-0.9785553,-0.3657222194324827,0.1350033018597295,False,False,False,False,False,False,False,False,False,False,False,False
-2.0572398,-8.433616,0.40972048,-4.8967466,-1.2662847274682725,0.5292710125163117,False,False,False,False,False,False,False,False,False,False,False,False
9.925484,6.1149926,-1.4101193,-0.87592375,7.918990855135318,-0.3844504880882752,False,False,False,False,True,False,True,True,False,False,False,False
-9.199838,2.031387,-10.263745,-6.327233,-1.1035043173619037,2.708370721932359,False,False,False,False,False,False,False,False,False,False,False,False
-8.030178,1.1045977,-4.958489,-3.0551713,-0.9025070274140364,1.5451997175859251,False,False,False,False,False,False,False,False,False,False,False,False
-2.6201158,-1.3009949,-7.5427637,-2.7503474,-0.5049293469478122,-0.131907371391666,False,False,False,False,False,False,False,False,False,False,False,False
-3.6377804,5.553034,-1.3865236,-3.6637697,-0.5580151623170435,1.9969949307426849,False,False,False,False,False,False,False,False,False,False,False,False
3.7074938,5.1862497,-0.6247978,0.3215957,0.3547933202743954,0.5189694101631209,False,False,False,False,False,False,False,False,False,False,False,False
5.9087515,-1.2911994,0.90946674,-0.08643054,-1.0195731157887715,-1.1139400291783796,False,False,False,False,False,False,False,False,False,False,False,False
8.004967,3.7123594,-2.785055,-2.0670683,-0.3354749439921804,-1.4210437467251076,False,False,False,False,False,False,False,False,False,False,False,False
0.5622546,4.8906784,-3.3111258,-3.7552214,0.3131496218136868,0.6008573423585833,False,False,False,False,False,False,False,False,False,False,False,False
-8.547293,-1.9809936,1.1554488,6.0670633,-0.1509235708986409,0.5755154024751018,True,False,False,False,False,False,False,False,False,False,False,False
3.6493473,-4.545104,0.24264729,-2.5856998,-0.5065321894603103,-0.5173238914445113,False,False,False,False,False,False,False,False,False,False,False,False
-5.5324955,-3.515796,2.8313115,6.2189856,-0.9424100942817466,1.9539586924759684,True,False,False,False,False,False,False,False,False,False,False,False
9.512285,-3.1952813,2.1259713,-1.9750751,0.8306952568709676,-1.1917093478520626,False,False,False,False,False,False,False,False,False,False,False,False
8.142765,1.0032973,1.400339,-1.2900885,0.2817002507941021,-0.1720247121541218,False,False,False,False,False,False,False,False,False,False,False,False
4.7279935,-7.493017,6.1851926,-2.9391136,-0.0691454339786176,-0.5574713831823558,False,False,False,False,False,False,False,False,False,False,False,False
4.8020387,10.623502,-1.4538902,1.0680429,1.6016891295248383,0.8049519196841393,False,False,False,False,False,False,False,False,False,False,False,False
-6.3220253,-6.526778,-1.7360585,-1.3187816,-0.7115455217005269,-0.0658009084861675,False,False,False,False,False,False,False,False,False,False,False,False
-8.959149,3.4540904,-5.2665997,0.23670772,-0.1405706952155488,1.7205516414484907,False,False,False,False,False,False,False,False,False,False,False,False
1.2073121,-8.0387745,4.199887,-2.4548018,-0.9561275964366824,-0.0685118321069112,False,False,False,False,False,False,False,False,False,False,False,False
6.8830557,-4.6819334,1.0523317,-1.4312096,0.372980999282303,-0.5319721446852137,False,False,False,False,False,False,False,False,False,False,False,False
-7.4821754,6.1402626,-0.19744867,6.0676994,-0.5438389654208892,-0.5365834165818657,False,False,False,False,False,False,False,False,False,False,False,False
-0.5249339,-4.214783,-2.0514956,-6.9724393,-1.639660646761767,-3.709787710658524,False,False,False,False,False,False,False,False,False,False,False,False
-8.39776,3.162478,-5.8718657,-1.8423868,0.3395314550452374,2.332449933243833,False,False,False,False,False,False,False,False,False,False,False,False
2.8119016,0.37403113,-3.214022,-3.6713386,2.7447510205622225,0.4807125694780665,False,False,False,False,False,False,False,False,False,False,False,False
-5.160263,-5.690597,-3.8210034,-2.790084,-1.741482603062358,-0.616460040661792,True,False,False,False,False,False,False,False,False,False,False,False
0.76937926,1.1435827,-4.591495,-3.119644,-0.4500415335761916,1.1462447184511544,False,False,False,False,False,False,False,False,False,False,False,False
-7.162908,-5.038945,-3.4982917,-2.675235,-1.4691859290195024,-1.5239219106298625,False,False,False,False,False,False,False,False,False,False,False,False
-1.5323263,-5.922644,4.8254147,-2.5350492,-0.6474931128636836,-0.4356281090278212,True,False,False,False,False,False,False,False,False,False,False,False
11.671694,3.1111555,0.7813231,-0.14467995,3.658086233072962,-1.9300815355582217,False,False,False,False,False,False,False,False,False,False,False,False
1.5562454,-8.761814,4.626676,-0.86882156,-0.6998237742235027,-0.278017132982798,False,False,False,False,False,False,False,False,False,False,False,False
1.4232379,4.9241605,-2.0859349,0.87299246,0.0765328134976027,-0.1052389768505517,False,False,False,False,False,False,False,False,False,False,False,False
3.9564364,-7.6222243,6.9780493,-2.0921345,-1.3105672186569046,-3.4303875150864136,False,False,False,False,False,False,False,False,False,False,False,True
8.254085,1.1049832,0.93126225,-0.45256072,0.709144360882219,-2.321580987739668,False,False,False,False,False,False,False,False,True,False,False,False
9.9678,1.370457,0.4331992,-0.25535247,0.2192371554655648,-0.1221381025246648,False,False,False,False,False,False,False,False,False,False,False,False
3.8245752,-4.444931,5.917746,-2.2361853,-0.5153167604164108,-2.1170064574114003,False,False,False,False,False,False,False,False,False,False,False,False
-3.1331468,-3.092069,0.51341647,7.0829196,-1.809595342039679,-0.953418013948502,True,False,False,True,False,False,False,False,False,False,False,False
11.568364,0.96164554,2.6553414,-0.9797775,5.179029987618701,-2.6989916791540267,False,False,False,False,False,False,False,False,False,False,False,False
6.986036,4.653166,0.8917259,0.12179751,0.3547933202743954,0.5189694101631209,False,False,False,False,False,False,False,False,False,False,False,False
6.445647,1.5103832,1.0272193,-0.84192944,0.2958942876649885,-1.529108959556036,False,False,False,False,False,False,False,False,False,False,False,False
6.4831996,-2.7927632,3.0069842,-0.01006696,-1.1002331694851228,-3.3457791841473368,False,False,False,False,False,False,False,False,False,False,False,False
2.6720164,-6.5781345,5.468301,-2.0562077,-0.2758979754071098,-0.1175339646588893,False,False,False,False,False,False,False,False,False,False,False,False
-4.416294,7.7570105,-1.2218903,5.2146153,0.3547933202743954,0.5189694101631209,False,False,False,False,False,False,False,False,False,False,False,False
-7.485046,-7.381381,-0.15264376,0.44250545,-1.556168843147983,1.4827310596741752,True,False,True,False,False,False,False,False,False,False,False,False
-9.03724,4.1255183,2.447519,13.886568,-0.1444866127192471,1.5796837131388386,False,False,False,False,False,False,False,False,False,False,False,False
-3.256035,-4.9932227,-5.9531326,-2.0961285,-0.3634738703155868,-0.0844337401460669,False,False,False,False,False,False,False,False,False,False,False,False
6.364112,-4.6412807,3.4147453,-2.0935996,-0.7364736850646795,-2.443626231483379,False,False,False,False,False,False,False,False,False,True,False,False
9.008691,-0.21976809,0.66090876,0.2981687,1.7428816303347698,0.730963955453072,False,False,False,False,False,False,False,False,False,False,False,False
-8.219078,-5.8878527,3.9981258,0.98531204,-1.6438244517724825,0.2581736228138577,True,False,False,False,False,False,False,False,False,False,False,False
-2.6480637,2.1553743,-2.1356313,3.1621327,-0.6421715259496322,-0.3511398749592225,False,False,False,False,False,False,False,False,False,False,False,False
10.810493,0.31330043,1.8646094,-0.50316477,1.2727151678474635,-1.1165883198327853,False,False,False,False,False,False,False,False,False,False,False,False
9.991705,3.7413697,-0.9603023,4.64511,6.283728204770406,-2.8922947875597584,False,False,False,False,False,False,False,False,False,False,True,False
-4.6593056,0.32245186,-3.5387542,0.011481485,-1.3497949014111,0.8367046277119592,False,False,False,False,False,False,False,False,False,False,False,False
-8.412601,1.5653154,-0.50420976,3.474875,-0.5523463674029486,0.4981879360932992,False,False,False,False,False,False,False,False,False,False,False,False
4.693842,-1.8771294,1.0503782,3.8997233,-1.1485421367728832,-2.292307642107634,False,False,False,False,False,False,False,False,False,False,False,False
0.6201791,8.995245,-2.3450336,3.7272468,0.3547933202743954,0.5189694101631209,False,False,False,False,False,False,False,False,False,False,False,False
-6.5505333,-1.0928315,-8.460983,-3.9020855,-0.8330998408923244,4.216358827144283,False,False,False,False,False,False,False,False,False,False,False,False
-0.7838699,3.0411673,-1.0458183,-1.3622367,0.0631478119839061,0.1777546261028022,True,False,False,False,False,False,False,False,False,False,False,False
-2.7538152,-3.871361,-5.784478,-0.73323756,-1.2922703045024868,0.5384341715337919,True,False,False,False,False,False,False,False,False,False,False,False
-3.2654376,-4.989493,4.535529,-0.30542782,-0.7712953498171329,0.1441709627437886,True,False,False,False,False,False,False,False,False,False,False,False
-4.434003,-3.9594026,-4.660057,-3.9727817,-1.0261523511263282,1.1581241357878729,True,False,False,False,False,False,False,False,False,False,False,False
2.266869,-6.8089056,7.0563464,-3.3065877,-0.3971346278952299,-1.723344220550617,False,False,False,False,False,False,False,False,False,False,False,False
6.051577,8.965268,-2.616684,1.4008865,8.08405706260796,0.1352884474756361,False,False,False,False,True,False,True,True,False,False,False,False
4.315082,-10.443003,6.3997188,-2.244811,-1.7124534820253248,-3.0636989794242524,False,False,False,False,False,False,False,False,False,False,False,False
-4.223271,-6.780086,-5.598382,-2.464048,-1.456690751270539,1.8105289288110564,True,False,False,False,False,False,False,False,False,False,False,False
-3.9300833,-4.325202,-1.1136856,-2.737013,-0.8186908809807861,-1.5913239322091044,False,False,False,False,False,False,False,False,False,False,False,False
-9.169528,-7.4164267,1.6467801,1.4813415,-1.465093981783055,0.5740703761106094,False,False,False,False,False,False,False,False,False,False,False,False
3.2322357,8.64333,-3.7311456,-0.6012114,0.1195804898689173,1.0149479856138908,False,False,False,False,False,False,False,False,False,False,False,False
2.9203026,-2.3053234,1.4889634,0.13795164,-0.7025205456998559,-0.6846749049611156,False,False,False,False,False,False,False,False,False,False,False,False
4.2941194,4.3056993,-3.1243951,-0.6104557,0.3547933202743954,0.5189694101631209,False,False,False,False,False,False,False,False,False,False,False,False
4.018394,-7.888509,5.610183,-0.5377362,-0.8778060289347356,-3.6938917301061776,False,False,False,False,False,False,False,False,False,False,False,False
-10.6095705,7.4462047,-1.5000618,4.738129,-0.7911054446237107,1.570191171336469,True,False,False,False,False,False,False,False,False,False,False,False
3.6418467,-8.555769,3.371847,-1.030936,-0.8121062500090687,-1.9866293094171643,False,False,False,False,False,False,False,False,False,False,False,False
-8.965513,6.150554,-3.8945074,4.1732144,-0.3712468503211765,2.02822969884955,False,False,False,False,False,False,False,False,False,False,False,False
7.8910737,-3.4125996,5.199118,-1.0396142,-0.0235145328602032,0.2068295426498927,False,False,False,False,False,False,False,False,False,False,False,False
3.2108562,6.493711,-2.301879,0.7332909,0.5230277068084157,1.2262333943276096,False,False,False,False,False,False,False,False,False,False,False,False
12.188575,2.6523416,0.8612076,0.26892385,1.8605418035562296,-0.4764279146588524,False,False,False,False,False,True,False,False,False,False,False,False
-8.387585,-1.9688202,-6.2668858,-4.465723,-1.0790448298650746,-1.5960111203011107,True,False,False,False,False,False,False,False,False,False,False,False
6.1194324,-2.1864018,-3.463091,-1.8343272,0.0987948764734134,-0.7615224923741669,False,False,False,False,False,False,False,False,False,False,False,False
-6.5411367,-7.3212237,-5.611863,-1.1491593,-1.7961965213951705,1.14427014511416,True,False,True,False,False,False,False,False,False,False,False,False
1.8279449,-9.086317,5.953902,-0.22853075,-1.0385899019590423,-1.4545907511930607,True,False,False,False,False,False,False,False,False,False,False,False
-7.0266175,1.0643684,-0.00014759785,7.430171,-1.3840311180719274,-0.7222819902996366,False,False,False,False,False,False,False,False,False,False,False,False
6.603827,0.8119786,0.5336307,-1.3715576,-0.0304590188704108,-1.7866494071524677,False,False,False,False,False,False,False,False,False,False,False,False
-6.713687,8.251251,-4.629645,4.287872,-0.0529735871126024,0.8893143306709423,False,False,False,False,False,False,False,False,False,False,False,False
6.8690476,2.0953972,0.26025006,-0.008655157,0.8190609599081436,-0.3148006553636266,True,False,False,False,False,False,False,True,False,False,False,False
-5.0113883,-1.1881987,0.72791857,5.0066333,-1.8763506367482168,-0.6063579087938623,True,False,False,False,False,False,False,False,False,False,False,False
-1.3079731,3.2394893,-0.99374205,3.2039504,-0.6446989775831522,-1.24616268349161,False,False,False,False,False,False,False,False,False,False,False,True
-5.987913,-2.382138,-3.8079333,0.057975985,-1.5082772222341063,1.179863493541699,True,False,False,False,False,False,False,False,False,False,False,False
-4.1616764,-6.240448,0.98532176,-0.5569523,-0.2761095320445128,-0.3614163639475601,False,False,False,False,False,False,False,False,False,False,False,False
0.6901261,-8.008346,5.2025223,-4.315147,-1.1264519763332173,-0.4612776212125847,False,False,False,False,False,False,False,False,False,False,False,False
9.814876,-1.917514,4.5631785,0.21354996,1.2727151678474635,-1.1165883198327853,False,False,False,False,False,False,False,False,False,False,False,False
-7.3191032,4.7088428,-3.3761892,1.5090588,-0.2108320093428898,1.9631419209459515,False,False,False,False,False,False,False,False,False,False,False,False
9.81331,4.9169436,0.7257828,-1.7788917,5.126922985790343,-1.007578464437294,False,False,False,False,False,False,False,False,False,False,False,False
-5.7940006,5.1437364,-0.40094006,7.006759,-0.0207329286678712,-0.0894256841456501,False,False,False,False,False,False,False,False,False,False,False,False
5.774629,-8.458737,8.934361,-0.78600836,-0.2396716333621379,-0.664232811917677,False,False,False,False,False,False,False,False,False,False,False,False
4.731269,0.6569049,0.4483988,2.4971452,0.5775795810739035,-1.190574833470993,False,False,False,False,False,False,False,False,False,False,False,False
-6.5859666,4.6833224,1.0454006,16.53009,-0.6010044781157761,-0.0836837916878261,False,False,False,False,False,False,False,False,False,False,False,False
-6.954331,-3.478177,-1.5392345,-1.1023549,-1.4274841749190528,0.3654404208214259,True,True,False,False,False,False,False,False,False,False,False,False
-9.563614,-0.67513263,-5.0717034,-0.8513457,-1.1629592551920596,1.839879390879292,True,False,False,False,False,False,False,False,False,False,False,False
0.93165946,-3.5110514,7.806483,-4.2810235,0.1112196611266844,-0.105321706746557,False,False,False,False,False,False,False,False,False,False,False,False
-5.13897,10.417692,-3.5404568,2.5960586,0.5456318222991681,1.5314091200084403,False,False,False,False,False,False,False,False,False,False,False,False
8.601119,-0.98738563,1.251648,-0.4068505,0.0681177570565191,0.2530544663087728,False,False,False,False,False,False,False,False,False,False,False,False
6.1695023,-0.43789074,3.3985178,0.5290106,-0.6796291234416658,-2.055849341649377,False,False,False,False,False,False,False,False,False,False,False,False
-2.087963,0.78968525,-2.2427225,1.4397985,-0.5779835171792519,0.3900697345197386,False,False,False,False,False,False,False,False,False,False,False,False
2.208218,12.338323,-2.3062613,1.5464481,2.8207324038543296,1.7231276018203463,False,False,False,False,False,False,False,True,False,False,False,False
-5.719043,-5.808901,-4.117962,-2.063326,-0.5973754850545738,0.4760695866145983,False,False,False,False,False,False,False,False,False,False,False,False
-7.904489,6.077065,-2.458858,2.674716,-0.3416550584811959,1.3540464301139348,False,False,False,False,False,False,False,False,False,False,False,False
12.579585,-0.8963554,1.20142,0.31823805,0.1427063817930517,-1.551118173137056,False,False,False,False,False,False,False,False,False,False,False,False
4.635526,7.430317,-1.8259726,-0.46884432,-0.2504835143991407,1.2189581370381033,True,False,False,False,False,False,False,False,False,False,False,False
-9.089518,-0.5860163,-0.23159479,4.3560348,-1.2241517313104808,0.4031064090158943,True,True,False,False,False,False,False,False,False,False,False,False
-6.0430393,-0.28907162,-4.706363,-2.3201168,-0.2882677501564827,1.571755756298561,False,False,False,False,False,False,False,False,False,False,False,False
-0.17989637,-8.39109,2.8374078,-2.2500577,-0.9541878965559542,-1.2030015222243975,True,False,False,False,False,False,False,False,False,False,False,True
-5.7340684,8.796721,-1.3837533,2.3402724,-0.5904964158524743,2.8476323636731102,False,False,False,False,False,False,False,False,False,False,False,False
-4.1213565,-8.216459,6.389951,-1.8003794,-1.8950161874305511,0.5945076590454119,True,False,False,False,False,False,False,False,False,False,False,False
-2.5201247,1.0326333,-4.308914,-3.7854345,-0.9486397796608796,2.312045399347038,False,False,False,False,False,False,False,False,False,False,False,False
-9.774292,3.733802,-9.038485,-1.1349477,-0.9453036775050198,3.911199084277553,False,False,False,False,False,False,False,False,False,False,False,False
-7.2961173,5.3265667,-2.2879462,6.1021395,-1.1023964259863448,-1.0281837965312162,False,False,False,False,False,False,False,False,False,False,False,False
-4.7776985,1.7964092,-3.2252712,-2.2172105,-0.5091462783478997,1.4102296825664309,False,False,False,False,False,False,False,False,False,False,False,False
8.521562,6.253658,0.55775726,0.104692,0.3547933202743954,0.5189694101631209,False,False,False,False,False,False,False,False,False,False,False,False
-5.5838766,1.4319693,-2.6179478,-1.8515408,-0.2236307518456573,3.1903739730746707,False,False,False,False,False,False,False,False,False,False,False,False
3.5684886,-6.4324284,11.33743,-2.5102243,-0.923479324796565,-2.316727266952582,False,False,False,False,False,False,False,False,False,False,False,True
-6.231945,-1.9267669,-3.768668,-3.281676,-0.5387753669571541,0.4553124926680922,True,False,False,False,False,False,False,False,False,False,False,False
1.2527531,-6.1161184,7.6424384,-1.5929432,-0.3660013219491067,-0.9794565486784544,False,False,False,False,False,False,False,False,False,False,False,True
-3.028129,-4.469876,-1.1107316,-5.7156644,-1.039416377778731,-0.492528805964596,True,False,False,True,False,False,False,False,False,False,False,False
-7.8727503,-0.80244565,-6.0978546,-4.5491114,-0.961197339899312,2.720534505841308,False,False,False,False,False,False,False,False,False,False,False,False
-9.78215,-4.2716713,0.8698221,-0.025793556,-1.2492096435211382,0.5762431398181012,True,True,False,False,False,False,False,False,False,False,False,False
-10.519566,-0.07647988,3.2622468,8.907171,-0.4844735534732214,0.5230439661956819,False,False,False,False,False,False,False,False,False,False,False,False
3.7232955,10.3250265,-1.9785315,3.086825,0.3547933202743954,0.5189694101631209,False,False,False,False,False,False,False,False,False,False,False,False
-7.375992,3.8058934,-0.34990332,4.469635,-1.7238534629063784,1.190780088923262,True,False,False,False,False,False,False,False,False,False,False,False
-3.436205,3.4468243,-3.4182363,-4.9255238,0.3547933202743954,0.5189694101631209,False,False,False,False,False,False,False,False,False,False,False,False
5.4197464,-3.1539173,-0.018893374,0.27425432,-0.5487016553810501,-1.057646434461549,False,False,False,False,False,False,False,False,False,False,False,False
-2.8705578,2.926536,-5.6991835,-2.575747,-0.0472694234558462,0.4745600949210582,False,False,False,False,False,False,False,False,False,False,False,False
-4.029618,1.239675,0.4430779,6.9837775,-1.5568104212263498,-0.0014820983652262,True,False,False,True,False,False,False,False,False,False,False,False
-6.9427056,3.6200688,1.8993117,8.1572895,-1.043135432410884,2.821570129264355,True,False,False,False,False,False,False,False,False,False,False,False
10.293356,2.871233,-0.4530453,-0.87024975,4.2822024197865485,-2.106850685063084,False,False,False,False,False,False,False,False,False,False,False,False
8.376236,8.591227,-1.8867075,-2.2214167,3.29420603987182,0.045850142876922,False,False,False,False,True,False,False,False,False,False,False,False
4.137308,6.252929,-1.2901169,3.9983702,1.1639258672245247,0.4724857495022108,False,False,False,False,False,False,False,False,False,False,False,False
-0.98785067,7.994285,-7.9685955,8.246694,0.3547933202743954,0.5189694101631209,False,False,False,False,False,False,False,False,False,False,False,False
-9.006744,-4.6797686,2.4183133,0.3539611,-0.6474931128636836,-0.4356281090278212,True,False,False,False,False,False,False,False,False,False,False,False
5.480434,-5.482962,4.0432644,-1.9778342,-0.2991539905124738,-0.9946641089475112,False,False,False,False,False,False,False,False,False,False,False,False
-5.075139,-4.971975,-1.9727749,-1.2896401,-0.312724114842204,0.4782074324225114,False,False,False,False,False,False,False,False,False,False,False,False
-8.009509,3.043279,-0.7719474,6.5826225,-0.6410364198618994,1.359678262905701,False,False,False,False,False,False,False,False,False,False,False,False
-11.699406,7.5696034,-3.5824914,14.96903,-0.4748202892237085,2.5868444024453154,False,False,False,False,False,False,False,False,False,False,False,False
-0.61479205,1.931897,-5.463726,-2.6651955,0.4538627252800153,0.488577144177478,False,False,False,False,False,False,False,False,False,False,False,False
-6.2914953,8.972908,-2.1263666,4.7099314,-0.634951258299817,0.9472091967688828,False,False,False,False,False,False,False,False,False,False,False,False
-2.959355,-1.9081397,4.121344,3.7671235,-0.7120438617718282,1.3395407921886844,True,False,False,False,False,False,False,False,False,False,False,False
5.2930627,-3.9033132,1.438539,-0.0786724,-1.117731783691139,-2.271803146928098,False,False,False,False,False,False,False,False,False,False,False,False
-6.5106945,7.0085793,-2.9593365,10.150565,-0.4285544081694168,0.1391790187442052,True,False,False,False,False,False,False,False,False,False,False,False
-6.8096786,3.8514717,1.7847649,8.120032,-1.8623767489245031,1.3741395680258857,False,False,False,False,False,False,False,False,False,False,False,False
8.951963,4.9872866,-0.02355587,-0.9723818,1.566657551731394,0.0986890307579552,False,False,False,False,False,False,False,False,False,False,False,False
-7.6951394,-6.5738964,1.0450107,0.19753379,-0.3312886660039428,0.1233657260393034,True,False,False,False,False,False,False,False,False,False,False,False
3.038764,3.4642491,-3.639178,-7.2746077,0.3547933202743954,0.5189694101631209,False,False,False,False,False,False,False,False,False,False,False,False
-2.7667048,9.28619,-1.0159883,3.5894327,0.3010623840837207,3.528394839741975,False,False,False,False,False,False,False,False,False,False,False,False
10.561162,0.7198142,1.1624427,-0.4766924,1.2727151678474635,-1.1165883198327853,False,False,False,False,False,False,False,False,False,False,False,False
6.9351945,-1.4368955,4.3444376,-2.9281073,0.7091994931405639,0.1622345381289353,False,False,False,False,False,False,False,False,False,False,False,False
-1.2786157,11.283898,-2.7333894,0.7915125,0.2409597504775399,0.962864439950484,True,False,False,False,False,False,False,False,False,False,False,False
7.760485,-5.1726184,2.6512678,0.40613624,-1.5011683609182531,-3.5011606515686324,False,False,False,False,False,False,False,False,False,False,False,False
0.4007468,-6.6327677,-0.46739423,-0.5248819,-0.7939681136328776,1.6116858622747132,False,False,False,False,False,False,False,False,False,False,False,False
-7.756195,1.0025059,-7.396476,-4.027438,-0.1479566991413973,1.8564169179874968,False,False,False,False,False,False,False,False,False,False,False,False
-3.3635464,-6.199839,-5.304463,-1.9040295,-0.8640845500139577,-0.3410789382048327,True,False,False,False,False,False,False,False,False,False,False,False
-9.742734,-4.394125,2.3562717,0.46885332,-0.8575072654504143,-0.9987041509314196,True,False,False,False,False,False,False,False,False,False,False,True
12.086782,3.1157625,0.04525797,-0.51266557,1.72616767191456,-0.4384492400860803,False,False,False,False,False,False,False,False,False,False,False,False
-9.862244,-4.844102,0.79231703,1.1363868,-1.1563621355629303,1.3163843966104856,True,False,False,False,False,False,False,False,False,False,False,False
3.5434785,-9.688505,5.029597,-4.234878,-0.8494891686775257,-2.1939074782287964,False,False,False,False,False,False,False,False,False,False,False,False
-4.9129953,-5.4905043,2.8218327,0.2627176,-0.8033371874692125,1.4597376676057727,True,False,False,False,False,False,False,False,False,False,False,False
-3.6597023,-0.96531147,0.79719895,-0.8953567,-0.3663509444093882,2.065315505140609,False,False,False,False,False,False,False,False,False,False,False,False
-10.257376,3.611785,-9.905866,-4.7943535,-0.5037697860577128,2.879762902725519,False,False,False,False,False,False,False,False,False,False,False,False
3.442723,-2.7047756,1.4707621,-1.1086553,-0.4928922321468226,0.5547358590112704,False,False,False,False,False,False,False,False,False,False,False,False
-8.030163,-0.20975591,-4.219722,-1.9418112,-0.7271829236000108,3.37582143838196,False,False,False,False,False,False,False,False,False,False,False,False
2.4105403,-6.2343106,8.083908,-2.1839776,-2.495299725431696,-1.3996101458716903,True,False,False,False,False,False,False,False,False,False,False,False
-10.257376,3.611785,-9.905866,-4.7943535,-0.2773901212272748,1.8284493884254795,False,False,False,False,False,False,False,False,False,False,False,False
12.322255,0.21134636,0.9242015,0.31811988,0.5978853481828673,-0.902249666343849,False,False,False,False,False,False,False,False,False,False,False,False
5.6548123,-3.6670182,2.297493,1.343636,-0.2396716333621379,-0.664232811917677,False,False,False,False,False,False,False,False,False,False,False,False
-6.7320986,-1.6334057,2.211091,4.791469,-1.4386178350588137,0.1705749035386079,True,False,False,False,False,False,False,False,False,False,False,False
-1.5257839,-3.9751177,0.05826997,-1.2085943,-0.898537587888914,-0.1284284711509241,False,False,False,False,False,False,False,False,False,False,False,False
8.734219,-4.8727,2.641533,-1.114069,-2.0203314139483526,-4.174605099062626,False,False,False,False,False,False,False,False,False,False,False,False
8.068806,10.9618,-1.6094172,-1.159265,3.0805039252984683,0.1049774346120563,False,False,False,False,False,False,False,False,False,False,False,False
-3.6108716,-4.665618,-0.6638594,0.81662524,-0.9124371624683316,0.6383782846352164,False,False,False,False,False,False,False,False,False,False,False,False
8.375279,-0.27887654,0.594731,-1.090989,-0.281231535355302,-0.8533513491178534,False,False,False,False,False,False,False,False,False,False,False,True
6.4241195,9.593032,-1.0284786,0.61235625,4.398904359017645,0.1561268154239392,False,False,False,False,True,False,False,True,False,False,False,False
-6.5210066,10.80652,-3.0925689,1.678403,0.8255497768562916,4.75851760948429,False,False,False,False,False,False,False,False,False,False,False,False
-2.7337377,-1.884879,7.442459,7.6343403,-0.9452234867430408,0.6961895969717267,False,False,False,False,False,False,False,False,False,False,False,False
6.8162713,3.0763595,0.89265084,-0.8359064,0.3547933202743954,0.5189694101631209,False,False,False,False,False,False,False,False,False,False,False,False
-7.205748,7.525286,-0.48141727,5.053554,-0.5830757510108883,2.642410780019977,False,False,False,False,False,False,False,False,False,False,False,False
7.1743608,3.6417997,0.61212933,-0.43185696,0.3364786568252073,-0.4938154439046724,False,False,False,False,False,False,False,False,False,False,False,False
-9.503894,4.0014114,-10.966121,-3.4638689,-0.9206584713658263,2.127411812953244,False,False,False,False,False,False,False,False,False,False,False,False
-0.33646452,4.5365148,-3.0640707,-1.6213937,0.0843105474625505,0.4171111125933019,False,False,False,False,False,False,False,False,False,False,False,False
-7.252139,-4.104246,-5.1877775,-2.7621863,-0.312724114842204,0.4782074324225114,False,False,False,False,False,False,False,False,False,False,False,False
-10.08857,1.63727,-10.64705,-7.335493,0.0808905486384386,1.0627369753933569,False,False,False,False,False,False,False,False,False,False,False,False
2.2401915,-7.1507206,5.705252,-3.6345644,0.8087204693206239,-2.2917892969326235,False,False,False,False,False,True,False,False,False,False,False,False
-1.7269357,3.7216003,-4.544978,-3.1964824,0.3769139839579833,0.4655253460191526,False,False,False,False,False,False,False,False,False,False,False,False
-0.2777951,-3.165403,-6.754882,-2.9918902,-0.4973311884671482,0.322041726556269,False,False,False,False,False,False,False,False,False,False,False,False
-8.670124,1.6373074,-5.8741426,6.3466573,-1.7182453352808933,0.1546878334458853,True,False,False,False,False,False,False,False,False,False,False,False
4.839089,1.578292,-1.9313323,0.15992935,-0.2396716333621379,-0.664232811917677,False,False,False,False,False,False,False,False,False,False,False,False
-5.757512,9.77872,-2.1186316,2.0894337,-0.8611008933948369,3.1081332344155563,False,False,False,False,False,False,False,False,False,False,False,False
-9.644292,-4.4292674,-5.49246,-2.2792816,-2.5374844712950706,1.9715942903173649,True,False,True,False,False,False,False,False,False,False,False,False
-3.1351175,-4.7255244,-0.7915058,-5.8852525,-1.3965764991569711,-2.080605180312713,False,False,False,True,False,False,False,False,False,False,False,False
8.094805,-6.7453904,4.956964,0.112041175,-1.0855621545596237,-3.435065584490612,False,False,False,False,False,False,False,False,False,False,False,False
-11.606569,-3.0378041,-4.325773,-2.787514,-0.7222105390325567,2.538204227558256,False,False,False,False,False,False,False,False,False,False,False,False
4.061244,-3.3400416,-2.0760708,-1.1442466,-1.332369827667261,-1.5133072508567889,True,False,False,False,False,False,False,False,False,False,False,False
-6.041337,-7.627599,0.6893271,0.23465036,-1.08950418130053,-0.5506047082056846,False,False,False,False,False,False,False,False,False,False,False,False
1.311963,-8.587374,6.909146,-4.7944245,-1.7647250444236458,-0.6241264655715726,True,False,False,False,False,False,False,False,False,False,False,False
-1.9240062,1.1016128,-5.4366612,-3.3859081,0.1230405904513435,0.7533861662875824,False,False,False,False,False,False,False,False,False,False,False,False
2.7377546,-1.5987744,3.5170736,-2.1907063,-0.1267996301109692,-0.14290496504502,False,False,False,False,False,False,False,False,False,False,False,False
2.2740817,-6.4802547,-2.5032582,-1.5994725,-1.159815343506329,-2.0474310910400084,False,False,False,False,False,False,False,False,False,False,False,False
-3.2747014,-5.952219,2.5874958,-1.8105218,-1.0719958837544232,0.3546275557978167,False,False,False,False,False,False,False,False,False,False,False,False
-9.16343,5.287366,0.46826452,4.901535,-0.3236830710867305,1.1962404312777928,False,False,False,False,False,False,False,False,False,False,False,False
6.917042,-7.8810706,4.143699,-1.4101082,-1.9297196115299209,-2.9882057883296715,False,False,False,False,False,False,False,False,False,False,False,False
3.7086477,6.776203,-2.283591,-1.7380501,0.3547933202743954,0.5189694101631209,False,False,False,False,False,False,False,False,False,False,False,False
6.646922,6.739814,-1.1006063,0.13605267,4.239311510665336,-0.0321988412362254,False,False,False,False,False,False,False,False,False,False,False,False
2.856554,-1.2932111,3.5518029,4.3772078,-0.5127796332860522,-1.7241911817312945,False,False,False,False,False,False,False,False,False,False,True,True
5.3215303,-4.158359,7.040349,-2.0809305,-0.0593065382568358,-0.2120831354818782,False,False,False,False,False,False,False,False,False,False,False,False
-6.05141,0.70587254,-0.958486,3.796428,-1.2381843897317757,0.4280788099700474,True,False,False,False,False,False,False,False,False,False,False,False
-8.433496,1.2310872,-8.686718,-2.3095574,-0.2228993328129032,2.0885147817896725,False,False,False,False,False,False,False,False,False,False,False,False
6.119919,-0.9414107,2.4099708,-1.0896105,1.2365734994452593,-1.3980639343099763,False,False,False,False,True,False,False,False,False,False,False,False
-10.122141,-0.4067698,0.31318697,8.709632,-1.4229399982409057,1.7628029090594337,True,False,False,False,False,False,False,False,False,False,False,False
7.253994,9.753488,-2.5237284,1.8437808,5.882469490149751,0.4140258833081854,False,False,False,False,True,False,True,True,False,False,False,False
7.2791767,-4.2536488,1.8563393,-1.5061344,-0.6574121309109423,-2.852342081731208,False,False,False,False,False,False,False,False,False,False,False,False
6.672531,9.571359,-2.0927172,0.9610087,2.580150247575645,0.5970115065704384,False,False,False,False,False,False,False,False,False,False,False,False
0.11002498,-0.4972175,1.3845586,5.1044917,-0.3692113181311776,0.5261545635548195,False,False,False,False,False,False,False,False,False,False,False,False
-5.115459,-4.4427557,-0.3503748,-2.611075,-1.5169273332045272,-0.0464532855485755,False,False,False,False,False,False,False,False,False,False,False,False
-4.7466097,-3.0856237,-5.2983704,-6.0625253,-1.4784988008391875,0.4494163262733924,True,False,False,False,False,False,False,False,False,False,False,False
10.214716,3.9067817,0.93098474,-0.90253186,4.494021340337503,-0.5981325693361172,False,False,False,False,False,False,False,False,False,False,False,False
-5.9921484,4.153736,-1.4689723,2.6935709,-1.1364108614345574,2.089905723435479,False,False,False,False,False,False,False,False,False,False,False,False
10.5136595,1.4464947,4.5226183,-2.04584,1.588517439678636,-0.0782863073360136,False,False,False,False,False,False,False,False,False,False,False,False
-6.1302323,7.312514,-0.32743198,3.4712083,-0.5920462812643097,2.838205618203196,False,False,False,False,False,False,False,False,False,False,False,False
-2.2744746,-4.8267817,-1.1058385,-4.8782854,-1.6381829750721246,0.3897113492918649,False,False,False,True,False,False,False,False,False,False,False,False
5.1251383,-4.9731584,4.8936596,-0.8923624,-1.3772349588020605,-3.9507713334524817,False,False,False,False,False,False,False,False,False,False,False,False
-1.9763596,-4.3727317,9.492625,5.7902513,-0.6624016224356563,-0.4481442052157328,False,False,False,False,False,False,False,False,False,False,False,False
5.466115,10.158152,-2.5613885,-0.4545676,6.450753537845944,1.5995175307487866,False,False,False,False,True,False,True,True,False,False,False,False
9.235173,8.096812,-1.8910005,-1.1855304,3.657436167128117,-0.0053303070180821,False,False,False,False,True,False,False,False,False,False,False,False
-0.4573579,-4.1245155,2.3433867,0.11087498,-0.4671280177583815,0.0165215674079773,True,False,False,False,False,False,False,False,False,False,False,False
-0.44711468,-4.6822734,11.080667,-4.166086,-0.1202149991392514,-0.5382103422530814,False,False,False,False,False,False,False,False,False,False,False,False
-10.110897,2.122249,-6.4225626,-1.1643003,-1.020045863018131,4.483336039203491,False,False,False,False,False,False,False,False,False,False,False,False
11.064706,2.2152913,0.70283294,-0.23909995,2.967047855097188,-0.6108302328377002,False,False,False,False,True,False,False,False,False,False,False,False
-4.6410856,2.3940535,-4.587409,-1.6725966,-1.0558660523163823,1.3152326173982576,False,False,False,False,False,False,False,False,False,False,False,False
0.42906022,-3.3214917,-3.257214,-0.23730402,-0.2058091031305862,1.4165010935336024,False,False,False,False,False,False,False,False,False,False,False,False
-4.1140823,10.972006,-3.060804,4.7880983,0.2833510947187245,1.3918375807925012,False,False,False,False,False,False,False,False,False,False,False,False
-1.5075551,-2.470175,5.467075,-2.521368,0.0994349140698128,-0.7122007090476931,False,False,False,False,False,False,False,False,False,False,False,False
7.1898417,-2.5960102,2.183675,-0.103260174,-0.4658560112966456,-1.469794166512735,False,False,False,False,False,False,False,False,False,False,False,True
-5.4071317,0.70255375,-2.7159758,5.278246,-1.2079584982889708,0.9508054192920176,False,False,False,False,False,False,False,False,False,False,False,False
6.630986,-5.1151867,2.3174925,-1.5739752,0.7190286477395413,-1.6074190194459783,False,False,False,False,False,False,False,False,True,False,True,False
-8.240805,-3.4300215,-3.684784,-2.3345895,-0.4887314748066704,1.1940337082306214,False,False,False,False,False,False,False,False,False,False,False,False
-8.03202,-3.9285433,-3.0893664,-1.6397891,-2.2881486326839,2.188426828212152,True,False,False,False,False,False,False,False,False,False,False,False
6.8252597,-1.0506332,1.5506736,-0.68568766,-1.3839349565152512,-2.645051078152816,False,False,False,False,False,False,False,False,False,False,False,False
-8.632584,2.353101,-2.3731575,-2.159485,-0.6802869732587733,3.997031436735307,False,False,False,False,False,False,False,False,False,False,False,False
-7.5601,0.24972002,-4.79608,-2.7488713,-0.8591069406731114,2.434380999501351,False,False,False,False,False,False,False,False,False,False,False,False
8.103838,-1.600946,1.5619245,-0.591223,-0.8613068658519241,-3.367381135680185,False,False,False,False,False,False,False,False,True,False,False,True
-7.949341,-6.224578,2.0904348,1.0038974,-3.1583866641756098,0.4252542857111736,True,True,False,False,False,False,False,False,False,False,False,False
-8.980947,-2.7771301,3.307811,8.092157,-0.1803062214144705,0.3953945708598704,False,False,False,False,False,False,False,False,False,False,False,False
-5.204407,-5.054236,3.7060735,1.443738,-0.5085126597679859,1.1358442302130405,True,False,False,False,False,False,False,False,False,False,False,False
-1.6380086,-2.3923056,7.41836,-6.0374517,0.1112196611266844,-0.105321706746557,False,False,False,False,False,False,False,False,False,False,False,False
2.2658398,-5.951152,1.2297418,-1.969193,-0.2396716333621379,-0.664232811917677,False,False,False,False,False,False,False,False,False,False,False,False
3.3175344,6.6779423,-1.4657253,1.2922791,1.9679771621252085,1.32712736705721,False,False,False,False,False,False,False,True,False,False,False,False
-7.9292374,-2.493532,-5.67763,-1.4015759,-0.455090902957392,0.7031647978109132,True,False,False,False,False,False,False,False,False,False,False,False
-3.280244,-8.605391,0.0633867,-0.3113732,-1.848335716737716,0.0929334098299865,True,False,False,False,False,False,False,False,False,False,False,False
-7.41367,5.2052,-0.746062,5.9372473,-2.265286483833472,2.894404781745816,True,False,False,False,False,False,False,False,False,False,False,False
-3.371377,-5.5067434,-5.123372,-2.654543,-1.821492553919593,-0.3707960582346256,True,False,False,False,False,False,False,False,False,False,False,False
-3.2566895,-0.02300748,0.7086172,3.4445527,-0.6957024845028874,1.361316694824321,False,False,True,False,False,False,False,False,False,False,False,False
8.522193,7.5492187,0.68384403,-0.61079717,6.754036373792928,-0.5445378150552724,False,False,False,False,False,False,False,False,False,False,False,False
-11.373331,2.3806832,-9.451843,-3.9682372,-0.1479566991413973,1.8564169179874968,False,False,False,False,False,False,False,False,False,False,False,False
-0.3692145,-3.5130463,9.043638,-6.039256,-0.5039125378531254,-1.0280260068833484,False,False,False,False,False,False,False,False,False,False,False,False
-8.267219,1.3581874,-2.8609574,3.790878,-0.5193799266423804,0.5947218927997416,False,False,False,False,False,False,False,False,False,False,False,False
1.1644788,-4.419298,8.083908,-2.1839776,-1.3721974125451888,0.1131335159141654,False,False,False,False,False,False,False,False,False,False,False,False
-9.604718,3.2879386,-7.514591,-0.5126392,-0.4776710761372662,0.630644953849749,False,False,False,False,False,False,False,False,False,False,False,False
-6.1771674,0.20788385,-4.8343735,-2.1170986,-0.1469587305533371,1.0101476585425628,False,False,False,False,False,False,False,False,False,False,False,False
-2.6828046,-9.389847,5.8690324,-1.3028656,-2.069879710466754,1.349774696420265,False,False,False,False,False,False,False,False,False,False,False,False
11.270736,4.7643394,0.8560381,-0.6740392,8.368214577489963,-0.8824883241321897,False,False,False,False,False,True,False,False,False,False,False,False
-7.3191032,4.7088428,-3.3761892,1.5090588,0.1383143100808097,0.680923553746882,False,False,False,False,False,False,False,False,False,False,False,False
-10.450986,2.2154768,-3.9518516,0.84038645,-1.3870000653512544,3.3617010315677853,False,False,False,False,False,False,False,False,False,False,False,False
-9.125611,0.65698296,-4.961527,-1.2124232,-0.1338370867164509,1.70523855351828,False,False,False,False,False,False,False,False,False,False,False,False
7.1976123,-7.368003,5.033578,-2.8398237,-1.1631236903952762,-2.8256440561358187,False,False,False,False,False,False,False,False,False,False,False,False
-0.16691925,-8.796153,3.818516,-0.6366918,-0.5407209346074787,-1.812314876529615,False,False,False,False,False,False,False,False,False,False,False,False
2.1031022,-5.037732,4.0486374,-1.8222517,-1.1702328899384775,-0.7936961363041692,False,False,False,False,False,False,False,False,False,False,False,False
5.538582,-6.6320634,4.451914,-0.30458018,-0.3991068724144521,-3.347650477974899,False,False,False,False,False,False,False,False,False,False,False,False
-8.441012,0.31112626,1.0825055,7.489815,-0.6746374151092456,1.186444910276336,True,False,False,False,False,False,False,False,False,False,False,False
-2.9654393,1.0581081,1.1492422,5.060807,-1.5763385821580636,0.1509323808119202,True,False,False,False,False,False,False,False,False,False,False,False
-10.270796,2.6716964,-9.794143,-3.9075332,-1.5148537033090892,4.3025234957258425,False,False,False,False,False,False,False,False,False,False,False,False
6.5966206,1.1766376,0.30275968,0.020439092,-0.6967975307271927,-2.5338340758525444,False,False,False,False,False,False,False,False,False,False,True,False
3.02454,-6.8927956,8.083908,-2.1839776,-1.469581815500926,-3.390982978655677,False,False,False,False,False,False,False,False,False,True,False,False
-12.520474,-2.7062109,-4.1261396,-2.5533392,-2.222292048916451,1.4502538156596865,True,False,False,False,False,False,False,False,False,False,False,False
0.24071465,-5.5125475,3.4903862,-1.3979026,-0.8902191632602416,0.9324124633184928,False,False,False,False,False,False,False,False,False,False,False,False
8.7013855,-4.8787093,3.664176,-3.207334,-0.2049847857330561,-0.6643155418136821,False,False,False,False,False,False,False,False,False,False,False,False
5.563932,-8.454349,5.091359,-2.6710162,-1.498490559192846,-2.0651743509131784,False,False,False,False,False,False,False,False,False,False,False,False
9.001494,6.647045,-2.4449608,-0.15941845,6.242888535419283,0.5403231307457104,False,False,False,False,True,False,True,True,False,False,False,False
7.9109645,3.7871234,3.3182564,-2.7091694,4.209659327729399,0.1202223802830193,False,False,False,False,True,False,False,True,False,False,False,False
-4.739842,1.1836705,-6.176877,-3.9855776,-0.6186160909113866,1.494982218551648,False,False,False,False,False,False,False,False,False,False,False,False
0.01518664,6.702222,-0.7563439,3.9572413,0.1066569054918613,0.8891989146343094,True,False,False,False,False,False,False,False,False,False,False,False
-3.0448253,2.0751743,-3.2137601,-1.2434653,-0.0260977576073029,0.5627155792820859,False,False,False,False,False,False,False,False,False,False,False,False
-10.903228,-1.8482821,-3.6494825,-2.8045979,-0.2239127482188312,1.9202617554669463,False,False,False,False,False,False,False,False,False,False,False,False
9.083927,-5.0309463,2.5997095,-1.8549651,-0.5679697028840545,-0.8419342837028814,False,False,False,False,False,False,False,False,False,False,False,False
7.2517576,3.784347,-0.1061718,-1.1836585,0.5184249079814525,-0.5808725168931105,False,False,False,False,False,False,False,False,False,False,False,False
4.3801656,-5.686465,3.1098359,-2.0115144,-2.4073202542745125,-3.1020935839067265,True,False,False,False,False,False,False,False,False,True,False,False
-8.511544,-2.4616554,2.2462163,4.792058,-1.6646525960027954,-0.0888568774445305,True,False,False,True,False,False,False,False,False,False,False,False
3.952926,-4.217538,3.3807998,-0.8818846,-0.2084314051547785,-1.029955096790755,False,False,False,False,False,False,False,False,False,False,False,False
4.1336613,5.6132145,-0.8782663,2.934952,-0.3634738703155868,-0.0844337401460669,False,False,False,False,False,False,False,False,False,False,False,False
-5.723268,8.32803,-3.9295368,3.7291512,-0.1479566991413973,1.8564169179874968,False,False,False,False,False,False,False,False,False,False,False,False
4.6101265,4.0701847,-0.17540179,-0.6734649,0.3547933202743954,0.5189694101631209,False,False,False,False,False,False,False,False,False,False,False,False
5.4480686,-5.136976,1.317216,-1.8884172,0.0919245044990543,-1.7292429742223698,False,False,False,False,False,False,False,False,True,False,True,False
4.5807137,-6.686166,5.468301,-2.0562077,-1.3334076192835291,-2.593475628996281,False,False,False,False,False,False,False,False,False,False,False,False
4.601051,2.7721117,-0.36842516,2.4768674,0.8524342192923118,0.3462206255472693,False,False,False,False,False,False,False,False,False,False,False,True
-0.5775169,-7.3911843,6.741489,-1.8004004,-2.4262877334432984,-0.4623234371281599,False,False,False,False,False,False,False,False,False,False,False,False
3.4874837,-6.7650337,1.757564,-1.2479787,-1.5447819344431002,-3.4508805646793337,False,False,False,False,False,False,False,False,False,False,False,False
-4.350411,-3.892112,-3.1508715,-2.1889675,-1.3477336579162202,0.2410181048175326,False,False,False,True,False,False,False,False,False,False,False,False
-4.44839,-1.3432006,5.744845,7.077863,-2.088016645546801,-1.270975647810166,True,False,False,False,False,False,False,False,False,False,False,False
7.2471914,-1.747997,2.4018347,-0.6436207,-0.3354749439921804,-1.4210437467251076,False,False,False,False,False,False,False,False,False,False,False,False
1.7233422,-9.785897,6.545077,-3.0002666,-3.032045930254085,-1.9199552952210293,True,False,False,False,False,False,False,False,False,False,False,False
4.3878217,-0.9109602,0.10883567,-1.1084725,-1.5654414278675743,-1.5508802432651625,False,False,False,False,False,False,False,False,False,True,False,False
-6.0101748,2.291625,-6.373398,-2.526018,-1.049843198173953,0.8592272648382577,False,False,False,False,False,False,False,False,False,False,False,False
6.104915,6.286423,-3.055474,-1.6249304,0.6603451255424033,0.5581961082989667,False,False,False,False,False,False,False,False,False,False,False,False
12.602094,4.267154,0.46098918,-0.85086405,2.7005268724503715,-0.5647495031197801,False,False,False,False,False,False,False,False,False,False,False,False
5.4702783,-8.490263,8.194412,-1.825385,-0.7593624857420954,-1.437653737035213,False,False,False,False,False,False,False,False,False,False,False,False
9.801223,7.3919353,-0.8962062,-0.9382524,1.7779543755746732,-0.1426437553392308,False,False,False,False,False,False,False,False,False,False,False,False
5.2654433,3.9436722,-0.41261798,-0.6481814,-0.0593065382568358,-0.2120831354818782,False,False,False,False,False,False,False,False,False,False,False,False
-8.275654,5.2685146,-4.432646,2.8462086,-0.0970070489694764,1.5365867573683007,False,False,False,False,False,False,False,False,False,False,False,False
12.113291,4.1112623,0.86069924,-0.60886836,2.7005268724503715,-0.5647495031197801,False,False,False,False,False,False,False,False,False,False,False,False
-8.550957,9.199166,-2.7854753,3.9067547,-1.25315134509632,0.6712285403058911,True,False,False,False,False,False,False,False,False,False,False,False
-10.036798,1.806465,-5.527901,6.2538767,-1.0715531753300098,0.3809658602109491,False,False,False,False,False,False,False,False,False,False,False,True
2.5603273,-7.589216,3.7593071,-2.2299073,-0.1943891145032767,-0.8847143649217686,False,False,False,False,False,False,False,False,False,False,False,False
8.8787155,5.9446964,-2.1546135,0.43186527,7.426677240376643,-0.6020313324756768,False,False,False,False,True,False,False,True,False,False,False,False
-8.686125,-5.3879347,-1.1683767,-1.197725,-1.69806238821339,0.8238207778031722,True,False,False,False,False,False,False,False,False,False,False,False
7.229956,-4.634241,4.8729873,-0.6238567,-1.105404950898763,-2.3510400969465004,False,False,False,False,False,False,False,False,False,False,False,False
-6.170594,-3.820262,-6.399811,-1.0660605,-1.2778042803422764,2.204569945639053,True,False,False,False,False,False,False,False,False,False,False,False
1.1168176,-4.2237043,8.923067,-2.3482115,-0.2724778775871896,-0.5951373713768239,False,False,False,False,False,False,False,False,False,False,False,False
-4.164757,-5.873807,-3.6274817,-0.90914917,-1.4683427903979671,-1.422421106631771,True,False,False,False,False,False,False,False,False,False,False,False
-3.6819372,-2.38677,-2.2855139,-4.2816095,-0.5428468358136888,0.5186147055383272,True,False,False,True,False,False,False,False,False,False,False,False
-6.6161575,-0.6451929,-2.9683216,-1.10701,-0.4320221270698641,1.2356247316634672,True,False,False,False,False,False,False,False,False,False,False,False
-5.5148773,2.0748482,0.31984538,10.258513,-0.7865365316332789,0.5417197121308284,True,False,False,True,False,False,False,False,False,False,False,False
2.7361422,-10.20288,5.8328943,-3.3320324,-1.307411559218374,-1.6066497309497056,False,False,False,False,False,False,False,False,False,False,False,False
2.3078654,-9.38935,3.8836186,-1.9515312,-1.6886332415330152,-2.95177779429428,False,False,False,False,False,False,False,False,False,False,False,False
5.1691523,10.119754,-1.4609873,1.8099612,2.8164512480915587,0.7992203238820879,False,False,False,False,False,False,False,True,False,False,False,False
9.888424,5.860201,0.64693725,-0.35787714,2.944785792121375,0.045453282685915,False,False,False,False,True,False,False,False,False,False,False,False
8.83857,0.97339135,-0.27397358,-0.36055222,0.6485056345514969,-0.399578358435611,False,False,False,False,False,False,False,False,False,False,False,False
-3.890168,-2.8119464,-3.9816084,-1.8118521,-0.4356425915186644,0.1400215131388438,False,False,False,False,False,False,False,False,False,False,False,False
7.6563787,6.405786,-1.7871484,1.4049978,6.390692473990105,-1.0196011465589885,False,False,False,False,False,False,False,True,False,False,False,False
3.1185098,6.9237723,-2.420105,-0.74040705,2.138665496782907,1.3926981879348923,False,False,False,False,False,False,False,False,False,False,False,False
-3.4425716,11.234898,-2.2133756,1.6139243,0.15540296821402,0.5645928516152201,False,False,False,False,False,False,False,False,False,False,False,False
4.180949,-7.423601,10.306766,-1.9396292,-1.0813096322329303,-1.8034570393972087,False,False,False,False,False,False,False,False,False,False,False,False
-6.2531986,-6.3298335,-4.3209486,-1.7332777,-0.4448659547825708,-0.639761948115638,True,False,False,False,False,False,False,False,False,False,False,False
5.5375543,5.927828,0.55407417,-0.7623382,0.3547933202743954,0.5189694101631209,False,False,False,False,False,False,False,False,False,False,False,False
0.15966763,7.2408957,-0.918566,6.629589,0.8938036168222321,1.530687549653701,False,False,False,False,False,False,False,False,False,False,False,False
6.0800476,-8.743637,3.9665582,-1.4346372,0.1445457369560699,-2.7468834037526983,False,False,False,False,False,False,False,False,False,False,False,False
-0.23780143,-5.622876,7.3382397,-4.9847994,-2.6989066550773098,-1.5530542122718904,True,False,False,False,False,False,False,False,False,False,False,False
-0.46320653,-6.5341744,6.503948,-4.769136,-0.8598171947799214,-0.3659762444146689,False,False,False,False,False,False,False,False,False,False,False,False
1.2195483,-2.1783419,8.923912,-4.2911677,-0.1202149991392514,-0.5382103422530814,False,False,False,False,False,False,False,False,False,False,False,False
-1.1378506,1.3027267,-4.5695643,-2.0671585,-0.2824872619624342,0.5422960829014586,False,False,False,False,False,False,False,False,False,False,False,False
3.2683086,-7.353438,1.3987794,-2.3079252,-0.0568900695542736,-0.1798496142645157,False,False,False,False,False,False,False,False,False,False,False,False
-2.46601,2.6085887,1.2081113,10.177245,-0.2630847380110707,0.0263718493016413,False,False,False,False,False,False,False,False,False,False,False,False
6.311385,5.431171,-1.9164735,-0.4834664,-0.2396716333621379,-0.664232811917677,False,False,False,False,False,False,False,False,False,False,False,False
-1.9200243,-3.856123,9.851235,5.1082807,-0.8917609628087388,-2.1706936662211835,False,False,False,False,False,False,False,False,False,False,False,False
8.271908,-1.4306722,2.8542173,-1.1570704,-0.9909803394862,0.3342764269475363,False,False,False,False,False,False,False,False,False,False,False,False
-7.680797,-1.5728395,-5.990409,-3.5878289,-0.1987241760460918,2.2579189458102915,False,False,False,False,False,False,False,False,False,False,False,False
-8.787052,-3.7538342,0.7826233,5.3259745,-1.5445340164184564,0.8979308960812475,True,False,False,False,False,False,False,False,False,False,False,False
5.618596,8.905138,-2.9634354,-1.6462343,6.795835677601527,-0.2303256862634702,False,False,False,False,True,False,False,True,False,False,False,False
-5.689537,3.5075781,-7.1318927,-4.1564226,-0.9345070787657496,2.0729986227681283,False,False,False,False,False,False,False,False,False,False,False,False
4.9691463,6.8041053,-2.1188805,-2.383659,0.0843105474625505,0.4171111125933019,False,False,False,False,False,False,False,False,False,False,False,False
2.7202992,-5.851104,6.466483,-1.3747181,-0.8364622957917045,-2.462159964429093,False,False,False,False,False,False,False,False,False,False,False,False
4.6695695,7.4893126,-2.2263029,-1.24636,0.0843105474625505,0.4171111125933019,False,False,False,False,False,False,False,False,False,False,False,False
3.45117,-3.0555363,5.3269897,-4.457154,-0.3170589929965692,-0.1939913410227915,False,False,False,False,False,False,False,False,False,False,False,False
8.926265,-0.8998921,0.6243283,-0.53712523,-0.1586942752566246,-3.5213884369884223,False,False,False,False,False,False,False,False,True,True,True,False
5.7461095,1.0005081,-1.7439847,-1.545318,0.2076170068435622,-1.5909053035870049,False,False,False,False,False,False,False,False,False,False,False,False
8.30747,3.3570611,0.48325378,-0.07938551,0.562844988444422,0.2816552113136342,False,False,False,False,False,False,False,False,False,False,False,False
-6.1979113,9.3382015,-0.90562564,3.336302,-1.1825246289784015,3.475841034167586,False,False,False,False,False,False,False,False,False,False,False,False
-5.0721674,-4.171867,2.5604231,-0.26845565,-1.5157056415303896,2.1369552463414,True,False,False,False,False,False,False,False,False,False,False,False
7.924256,2.0119073,0.9622039,-0.086405955,-0.1430727340858886,-0.2822508398863726,False,False,False,False,False,False,False,False,False,False,False,False
3.0396366,11.255014,-2.7354417,0.7793114,0.5738788006350942,0.6071917906113836,False,False,False,False,False,False,False,False,False,False,False,False
6.934884,4.2002273,0.33637276,0.21527086,0.3547933202743954,0.5189694101631209,False,False,False,False,False,False,False,False,False,False,False,False
0.36757588,-7.4792852,4.2267156,-2.1284165,-0.508472174824344,0.6389668133791805,False,False,False,False,False,False,False,False,False,False,False,False
-4.747421,10.008088,-5.3714037,0.43940905,0.1754097840125284,2.5213461946244884,False,False,False,False,False,False,False,False,False,False,False,False
9.992727,5.7983527,0.42793623,-1.105203,4.583056867027532,-0.7866714801113404,False,False,False,False,False,True,False,True,False,False,False,False
-3.0105531,-5.8015795,0.39990866,-0.4751491,-0.5375359803036693,-0.0959120676262051,True,False,False,False,False,False,False,False,False,False,False,False
-4.8784738,8.605165,-2.6365533,4.3924494,-1.3364058494836557,1.1959559929669767,True,False,False,False,False,False,False,False,False,False,False,False
7.49293,-6.4620814,2.6817505,-0.2566683,-0.2396716333621379,-0.664232811917677,False,False,False,False,False,False,False,False,False,False,False,False
-8.547737,1.3184365,-0.3379902,4.1154027,-1.0483442782891077,0.8055283457484246,False,False,False,False,False,False,False,False,False,False,False,False
5.0009146,5.81018,-0.4826197,-0.6786873,-0.0472694234558462,0.4745600949210582,False,False,False,False,False,False,False,False,False,False,False,False
-10.359089,0.320599,-6.0807786,-1.9197204,-0.5473894422319554,2.085210880680461,False,False,False,False,False,False,False,False,False,False,False,False
-5.7115245,-1.7624621,-5.030119,-2.3231146,-0.5970618478236047,0.9576673773944192,False,False,False,False,False,False,False,False,False,False,False,False
1.730236,-9.172813,3.4213223,-1.2585683,-0.0424867741836013,-1.982135419224275,False,False,False,False,False,False,False,False,False,False,False,False
4.242715,7.304067,-3.2732067,2.2208707,3.9058688044390246,-0.8735554173815505,False,False,False,False,False,False,False,False,False,False,False,False
0.57595605,0.30783924,5.917746,-2.2361853,0.3547933202743954,0.5189694101631209,False,False,False,False,False,False,False,False,False,False,False,False
-4.216816,-4.275064,-4.8375044,-2.787805,-1.9524719969559867,0.57987528035644,True,False,False,False,False,False,False,False,False,False,False,False
-0.15058094,5.2199287,-2.7187564,0.7643941,0.3547933202743954,0.5189694101631209,False,False,False,False,False,False,False,False,False,False,False,False
-0.60978115,-5.074357,4.601148,-2.650415,-0.659595514120984,-0.6073496292891563,False,False,False,False,False,False,False,False,False,False,False,False
-6.4581017,-5.679419,-2.591038,-1.8067294,-0.3105848230361915,-0.1174512347628839,False,False,False,False,False,False,False,False,False,False,False,False
3.884432,-3.283557,6.7064905,-1.3363011,0.4396133677776914,0.069828277506295,False,False,False,False,False,False,False,False,False,False,False,False
-7.2037654,5.161474,1.0508575,7.455632,-1.13774060839797,0.7649204429406333,False,False,False,False,False,False,False,False,False,False,False,False
-2.5522642,-4.302366,9.06353,5.9806266,-0.7176601420246937,-0.8322079919063061,True,False,False,False,False,False,False,False,False,False,False,False
-0.91662747,8.181326,-2.281846,4.3463883,0.3547933202743954,0.5189694101631209,False,False,False,False,False,False,False,False,False,False,False,False
0.895489,-5.9470277,-0.3197544,-2.9862893,-1.4355320635154034,-2.721691243525695,False,False,False,False,False,False,False,False,False,False,False,False
-9.486892,9.282628,-1.7778349,3.648201,-1.1345449601104785,2.5804861129923853,True,False,False,False,False,False,False,False,False,False,False,False
-1.0489417,-4.841215,9.792571,-3.730653,-0.4364194459989921,-1.0972041773202066,False,False,False,False,False,False,False,False,False,False,False,False
11.824915,4.987379,0.13115185,-0.3476155,6.752887075778577,-0.6968062981974614,False,False,False,False,False,False,False,False,False,False,False,False
-3.7711713,6.814619,-2.5381691,7.2432375,0.0189340069198791,1.2801016683712978,False,False,False,False,False,False,False,False,False,False,False,False
7.442542,11.368256,-4.010661,-3.09371,5.15375259745245,0.4948001422642755,False,False,False,False,True,False,True,True,False,False,False,False
9.362336,10.406095,-1.8118025,-0.2849732,2.866562665132861,0.8797210172812433,False,False,False,False,False,False,False,True,False,False,False,False
-5.548441,1.9680159,0.86348766,2.739173,0.3547933202743954,0.5189694101631209,False,False,False,False,False,False,False,False,False,False,False,False
6.009581,0.30416733,2.2611835,0.55300313,0.3142067882429226,-0.4061085847271199,False,False,False,False,False,False,False,False,False,False,False,False
6.6671643,-1.4526131,0.402866,-0.64438903,0.2328530670647151,-1.661092493117147,False,False,False,False,False,False,False,False,False,False,True,False
7.6950116,-0.9824479,0.2585932,-0.2777945,-0.1549018467683331,-0.5381276123570758,False,False,False,False,False,False,False,False,False,False,False,False
4.072311,-7.3092995,10.908336,-2.31985,-1.4234318791963545,-2.7624121497898626,False,False,False,False,False,False,False,False,False,False,False,False
3.1960065,-6.8263474,7.2133455,-1.4025688,-1.6710912262773905,-2.266456728581747,False,False,False,False,False,False,False,False,False,False,False,True
11.809631,5.976845,0.11363072,-0.8414522,5.169540750825597,-1.0338890710493345,False,False,False,False,False,False,False,False,False,False,False,False
-4.435954,-3.2971826,7.25739,7.0647063,-2.364855950601906,-0.0081515519834477,True,False,False,False,False,False,False,False,False,False,False,False
-1.7123436,-4.684824,-5.2617106,-1.2659621,-0.543363897636723,-1.6489135703363909,False,False,False,False,False,False,False,False,False,False,False,False
-9.402536,-1.1411707,-1.1535317,4.2067685,-0.9579083973821044,0.3450821872824042,True,False,False,False,False,False,False,False,False,False,False,False
2.4794781,-9.073931,3.9378796,-0.30440697,-0.8674353032197235,-1.1555836919299984,False,False,False,False,False,False,False,False,False,False,False,True
-5.670684,-2.7652388,-8.338766,-4.3130236,0.082539744999534,1.061445692270727,False,False,False,False,False,False,False,False,False,False,False,False
3.7232213,-4.49598,2.772416,-1.6085831,-0.5104801711982684,-0.8605062249070611,False,False,False,False,False,False,False,False,False,False,False,False
6.4784393,-1.581075,0.47980568,-0.9706343,-0.1910559669234115,-1.1471864726477892,False,False,False,False,False,False,False,False,False,False,False,False
-7.741942,7.7990756,-2.7324517,7.1097007,-0.2690659976853632,2.5366178515223434,False,False,False,False,False,False,False,False,False,False,False,False
-7.9094896,1.5019181,-4.998555,2.8459105,-1.5623970494163613,0.5264634224675085,False,False,False,False,False,False,False,False,False,False,False,False
13.684561,7.221274,-0.6739638,0.0045904913,9.633189253396791,-0.8384968125433203,False,False,False,False,False,True,False,True,False,False,False,False
2.4866893,-4.8269253,5.2439966,-1.6425875,0.2451131615460332,-0.2599683027158887,False,False,False,False,False,False,False,False,False,False,False,False
6.6546082,-5.1605663,6.2507496,-0.2894258,-1.8892912445053545,-4.050991761727955,False,False,False,False,False,False,False,False,False,False,False,False
-7.7130113,-6.6902304,2.3475676,0.45035654,0.1963710230681051,-0.2907220884840328,False,False,False,False,False,False,False,False,False,False,False,False
-4.178675,4.579371,-5.096523,-2.886314,-0.468955413151402,1.0833364269255996,False,False,False,False,False,False,False,False,False,False,False,False
-2.7830248,-6.6824274,5.045212,1.9620906,-1.788640063224825,-0.356110868297105,True,False,False,False,False,False,False,False,False,False,False,False
1.2282737,-3.245138,0.38676915,0.11859449,0.3547933202743954,0.5189694101631209,False,False,False,False,False,False,False,False,False,False,False,False
0.63815117,6.713399,-1.3708473,-1.9799663,0.2975501149615799,-0.4814192926549535,False,False,False,False,False,False,False,False,True,False,False,False
2.2048075,-4.882473,3.7240107,-2.3668513,-1.0788862485472857,-0.6728094119997047,False,False,False,False,False,False,False,False,False,False,False,False
9.805271,4.0030885,2.9894958,-0.9438421,2.720194121868736,-0.5577625107942787,False,False,False,False,True,False,False,False,False,False,False,False
-0.034763683,-6.6535463,2.569193,-1.0085084,-0.9116137147331352,-1.8233204387337003,False,False,False,False,False,False,False,False,False,False,False,False
-3.491682,-4.9281974,-0.6985764,-4.2406135,-0.0112853949364699,-1.6136047627976893,False,False,False,False,False,False,False,False,False,False,False,False
6.3288193,-0.2660748,1.8086573,-2.1426048,0.1629660502493039,-2.500847072633153,False,False,False,False,False,False,False,False,False,False,False,False
-4.8081493,4.2948213,-0.91811246,5.5867815,-0.7493358864110994,1.8234377437088,True,False,False,False,False,False,False,False,False,False,False,False
-0.12806916,-6.9403872,0.32419702,-3.482299,-0.3634738703155868,-0.0844337401460669,False,False,False,False,False,False,False,False,False,False,False,False
3.5684886,-6.4324284,10.735861,-2.1300025,-0.740111710273577,-2.08188493573892,False,False,False,False,False,False,False,False,False,False,False,False
-0.19343643,-4.8165793,6.937972,-5.8606505,0.1112196611266844,-0.105321706746557,False,False,False,False,False,False,False,False,False,False,False,False
-2.2491481,-3.6569629,-3.5916185,-6.832311,-2.1661054058982807,-2.0551695728651733,True,False,False,True,False,False,False,False,False,False,False,False
-4.047821,-2.9650161,-3.9612591,-6.3851967,-0.8152956440095286,1.0245594525685795,False,False,False,False,False,False,False,False,False,False,False,False
-8.100819,-5.4880195,2.6644933,-0.21294756,-1.409779712148299,2.006674964514876,True,False,False,False,False,False,False,False,False,False,False,False
2.7482903,9.230155,-1.397104,3.4923844,3.2670827813405885,0.191139506578582,False,False,False,False,True,False,False,False,False,False,False,False
-9.791758,4.3491864,2.6109693,12.403307,-0.9328421803750307,0.8616647219270009,False,False,False,False,False,False,False,False,False,False,False,False
1.311963,-8.587374,6.909146,-4.7944245,-0.7096388585240055,-0.7972001769100611,False,False,False,False,False,False,False,False,False,False,False,False
-1.7141829,0.69509786,-5.2395635,-3.4737473,-1.0784604769185453,2.8400840875143225,False,False,False,False,False,False,False,False,False,False,False,False
-10.214873,3.1337233,-9.733416,-5.09744,-0.2228993328129032,2.0885147817896725,False,False,False,False,False,False,False,False,False,False,False,False
-6.776441,8.24951,-3.1224902,4.9441533,-1.0722547037617551,3.348555666231562,True,False,False,False,False,False,False,False,False,False,False,False
3.0439842,2.1844456,-0.1662788,-0.98996335,0.5269627936043116,-0.845348229356703,False,False,False,False,False,False,False,False,False,False,False,False
7.2503543,1.4558407,0.57549417,-1.1082983,0.9192239755320868,0.8210512936699631,False,False,False,False,False,False,False,False,False,False,False,False
8.215417,-5.8196573,2.8357916,-1.5175444,-0.3853498808383583,-1.116465218249481,False,False,False,False,False,False,False,False,False,False,False,False
-11.044772,1.9174483,-5.4070516,-0.86439407,-1.1061296121064446,2.5704529106319423,False,False,False,False,False,False,False,False,False,False,False,False
1.2153335,-7.7986155,5.449534,-5.111,-1.0418870379071572,-1.2198338002440925,False,False,False,False,False,False,False,False,False,False,False,False
6.482604,-7.1041546,4.624042,-0.49828598,-0.7386856065414974,-2.086189025997552,False,False,False,False,False,False,False,False,False,False,False,False
-3.1159353,-3.8436663,-2.6454115,-2.3245502,-0.4973311884671482,0.322041726556269,False,False,False,False,False,False,False,False,False,False,False,False
-4.262956,10.392315,-5.31707,1.4488606,-0.8294201045863677,4.05366889585332,False,False,False,False,False,False,False,False,False,False,False,False
-2.4681993,4.6666856,-5.096523,-2.886314,0.1304539923376503,1.0810973228211789,False,False,False,False,False,False,False,False,False,False,False,False
8.008529,1.69797,0.5528357,-0.58942753,-0.0759673416113935,-0.0656539509193182,False,False,False,False,False,False,False,False,True,False,False,False
-0.3992335,-5.225471,6.267763,-2.934633,0.3547933202743954,0.5189694101631209,False,False,False,False,False,False,False,False,False,False,False,False
-9.385367,1.8945625,-0.12186334,4.2859473,-0.5105915550312358,-0.408588857286979,False,False,False,False,False,False,False,False,False,False,False,False
3.613436,-0.36833885,0.6587828,0.12765887,-0.6884385694765317,-1.5897869328724834,False,False,False,False,False,False,False,False,False,False,False,False
6.718882,-4.816584,2.8159115,-0.7704599,-0.3634738703155868,-0.0844337401460669,False,False,False,False,False,False,False,False,False,False,False,False
-1.4847685,-7.0367513,3.6856678,0.30420473,-0.9750361639363332,0.6785851238140375,False,False,False,False,False,False,False,False,False,False,False,False
4.484319,-0.3781353,3.8731184,-0.89585125,1.2727151678474635,-1.1165883198327853,False,False,False,False,False,False,False,False,False,False,False,False
7.0943832,-5.54039,6.1266627,-1.0788516,-2.279080702023521,-5.211254554320983,False,False,False,False,False,False,False,False,False,False,False,False
-7.7307334,9.655014,-5.949387,3.7266498,-1.4453768443984047,3.3007805605724303,True,False,False,False,False,False,False,False,False,False,False,False
-6.1658235,2.751564,-5.3930917,-3.837311,-0.5440106376299354,1.182957113696631,False,False,False,False,False,False,False,False,False,False,False,False
-3.5760393,7.9228587,0.091571145,3.9251378,-1.3818696223325788,3.583055329709661,True,False,False,False,False,False,False,False,False,False,False,False
1.906622,-8.910509,5.356755,-4.23082,-1.369876231823769,-2.385706637612353,False,False,False,False,False,False,False,False,False,False,False,False
-4.1879444,8.955938,-3.9789917,1.3690094,-1.2787714305870743,4.798094990002775,False,False,False,False,False,False,False,False,False,False,False,False
-1.2525997,-6.51628,4.8254147,-2.5350492,-1.2216192854546644,0.0978957512639517,True,False,False,False,False,False,False,False,False,False,False,False
-8.482317,-4.4771214,-0.12714949,-0.28619358,-1.3080324519938304,1.4013263170961945,False,True,False,False,False,False,False,False,False,False,False,False
-4.6089706,4.9992547,-0.8325348,2.470891,-0.2049847857330561,-0.6643155418136821,False,False,False,False,False,False,False,False,False,False,False,False
-9.324473,6.766515,-6.9111667,-0.6128863,0.0034803320175365,1.037201267489637,False,False,False,False,False,False,False,False,False,False,False,False
-7.4546585,-7.860542,0.68793994,0.030184252,-0.9799437010809584,1.904288952860668,False,False,False,False,False,False,False,False,False,False,False,False
-0.28935915,-5.6738358,5.2813635,-2.9916835,-2.4673336185659096,-1.1781771791247528,True,False,False,False,False,False,False,False,False,False,False,False
-10.006558,0.9689343,-8.902589,-3.4803834,-1.1328119447662708,3.0758962869256177,False,False,False,False,False,False,False,False,False,False,False,False
0.71032053,-5.511215,6.4959106,-5.683552,0.5785625710984015,-1.0784768578292938,False,False,False,False,False,False,False,False,False,False,False,False
-2.8428035,7.666424,-2.2559435,4.3550086,-0.0071691939852594,0.911646427110196,False,False,False,False,False,False,False,False,False,False,False,False
-0.512481,-5.762594,0.93919504,-7.221501,-1.3685619129004452,-2.983958753353688,False,False,False,False,False,False,False,False,False,False,False,False
1.2030772,-8.617882,5.1720133,-1.0177152,-1.9552618930414287,-1.836559151893385,True,False,False,False,False,False,False,False,False,False,False,False
3.3152275,-0.77461654,-3.1878948,-2.4183888,-0.591026609612205,-1.7763480121194088,False,False,False,False,False,False,False,False,False,False,False,False
-8.214515,10.984631,-5.4980555,5.013297,-0.184586842189834,1.1425973809497012,False,False,False,False,False,False,False,False,False,False,False,False
6.934726,3.8455894,-0.1655383,-0.936865,0.3547933202743954,0.5189694101631209,False,False,False,False,False,False,False,False,False,False,False,False
-3.8584025,12.533642,-2.4219346,2.1747973,0.2827350664089337,3.24687787349092,False,False,False,False,False,False,False,False,False,False,False,False
1.8608161,-0.5090144,-0.74447465,-1.0767447,-0.0234459115468188,0.4836209849279244,False,False,True,False,False,False,False,False,False,False,False,False
1.5770744,-2.2719822,2.3474343,1.7847304,-0.4394907775965949,0.4210347282616271,False,False,False,False,False,False,False,False,False,False,False,False
3.2060735,-5.486537,3.185647,-2.6612844,-0.485701047244684,-0.3576527459991275,False,False,False,False,False,False,False,False,False,False,False,False
5.1573277,-8.087677,7.0947146,-0.610166,-0.6664280025328482,-1.5343969030853613,False,False,False,False,False,False,False,False,False,False,False,False
8.844259,-2.8886151,1.3673142,-1.8252919,-0.7225925805259746,-1.4332560046374403,False,False,False,False,False,False,False,False,False,False,False,False
-7.7109647,-1.3104206,3.5576253,4.632698,-0.4409518656759298,1.1497873185787866,False,False,False,False,False,False,False,False,False,False,False,False
-4.9794326,-1.2595314,-2.078814,-2.1601136,-0.1793135060114958,0.5080993847665429,False,False,False,False,False,False,False,False,False,False,False,False
-1.0913874,-3.1957026,7.3382397,-4.9847994,0.1112196611266844,-0.105321706746557,False,False,False,False,False,False,False,False,False,False,False,False
2.2229738,11.346151,-1.9810808,0.64309335,1.816576110405117,0.7502839672740703,False,False,False,False,False,False,False,True,False,False,False,False
-3.177817,-2.5313835,-0.35862055,9.636987,-0.7836534717120863,-2.270336112697575,False,False,False,False,False,False,False,False,False,False,False,False
-1.9358258,0.018780323,-3.970746,-2.6018598,-0.1469587305533371,1.0101476585425628,False,False,False,False,False,False,False,False,False,False,False,False
-7.551241,3.5493357,2.761534,10.971312,-2.453139328066944,-0.8337385395653238,True,False,False,False,False,False,False,False,False,False,False,True
8.367402,4.511883,0.23694454,-0.35486805,0.6304112351026634,0.1528852503400054,False,False,False,False,False,False,False,False,False,False,False,False
-3.2446434,10.796784,-3.7388036,2.6809385,-0.0872631100967337,2.156920800105701,False,False,False,False,False,False,False,False,False,False,False,False
-1.8293931,-4.655122,6.576057,5.2049475,-1.5290801427146583,-1.797326937779242,True,False,False,False,False,False,False,False,False,False,False,False
-7.536013,-3.9543629,2.1092038,0.40598565,-1.7788100661133526,-0.0962496060732391,True,False,False,False,False,False,False,False,False,False,False,False
7.9130483,-5.3635936,4.751437,-1.3123164,-0.401134623452927,-0.5534825422559788,False,False,False,False,False,False,False,False,False,False,False,False
7.9171486,0.48627412,0.7555834,-0.30572566,0.0671870091371116,-0.5431668368896772,False,False,False,False,False,False,False,False,False,False,False,False
6.733236,2.9166317,0.5242802,-0.2959853,1.3880082102334,0.4224913726802052,False,False,False,False,True,False,False,False,False,False,False,False
6.5559006,-6.183482,3.8577433,-0.24933913,-1.3179183756358197,-3.155864282999421,False,False,False,False,False,False,False,False,False,False,False,False
-7.6744986,2.4479325,-8.380334,-3.7088382,-0.2228993328129032,2.0885147817896725,False,False,False,False,False,False,False,False,False,False,False,False
5.653312,2.0038009,2.644776,-0.32927853,2.930989196272233,-0.4621996651616822,False,False,False,False,False,False,False,False,False,False,False,False
8.047862,-0.9988911,0.42242464,-0.8180513,0.0471907590296459,-2.505314949959074,False,False,False,False,False,False,False,False,True,False,True,False
4.2640233,-7.3540196,10.014369,-1.794408,-1.857665132180918,-2.414783361465301,False,False,False,False,False,False,False,False,False,False,False,True
-5.241706,0.86492187,0.23513788,6.5769644,-1.434144558890815,0.2762139393285476,True,False,False,True,False,False,False,False,False,False,False,False
7.1274734,1.171961,2.9326427,-0.52733433,-0.0593065382568358,-0.2120831354818782,False,False,False,False,False,False,False,False,False,False,False,False
-5.2007375,-6.7025433,5.48912,-0.9359638,-0.6332634398563101,-0.7529851760899163,False,False,False,False,False,False,False,False,False,False,False,False
10.411962,8.228867,0.090972245,-0.57907355,2.944684651822567,0.0762308686941502,False,False,False,False,True,False,False,False,False,False,False,False
0.4423649,-10.043705,5.392101,-3.1120827,-1.1175696495196548,-0.3478844499555825,False,False,False,False,False,False,False,False,False,False,False,False
3.1238074,-7.321456,1.1236767,-1.5075972,-1.0423203291791596,-0.5089014756487735,True,False,False,False,False,False,False,False,False,False,False,False
-2.0793986,-1.3013269,-3.970746,-2.6018598,-0.3587876312430491,1.6243287397129895,False,False,False,False,False,False,False,False,False,False,False,False
-5.960304,5.6755147,-1.135974,3.3626444,-0.9024577665594168,0.4405553300170243,True,False,False,False,False,False,False,False,False,False,False,True
6.766152,-2.2494788,1.1563672,0.279928,-1.9955206828268528,-3.441579114650854,False,False,False,False,False,False,False,False,False,False,False,True
-3.3683846,8.062225,-1.9981359,4.7215433,0.2394638427713862,2.199332402469086,False,False,False,False,False,False,False,False,False,False,False,False
5.415392,9.370466,-1.7790558,1.2662796,2.871409022508544,0.1589997675075301,False,False,False,False,False,False,False,False,False,False,False,False
5.378243,-3.6250687,0.55902946,-1.2821177,-1.1452380606447925,-1.6422130812100857,False,False,False,False,False,False,False,False,False,False,False,False
-9.646072,-0.546964,-8.899198,-4.392713,-0.1768847630877655,0.5850515910538382,False,False,False,False,False,False,False,False,False,False,False,False
-0.6795842,-9.565856,5.0679154,-0.9585249,-0.3634738703155868,-0.0844337401460669,False,False,False,False,False,False,False,False,False,False,False,False
5.242064,-2.4253843,2.2068498,0.27225575,0.7788292348334518,-0.4744427416820598,False,False,False,False,False,False,False,False,False,False,False,False
7.772287,-4.5087857,1.6128858,0.2731856,-1.185694594923088,-3.211608657118345,False,False,False,False,False,False,False,False,False,False,False,False
7.777522,4.7619886,0.61722684,-0.5514068,0.3547933202743954,0.5189694101631209,False,False,False,False,False,False,False,False,False,False,False,False
0.2600156,-2.7037125,8.083908,-2.1839776,-1.0736075335588855,-0.6634573027629138,False,False,False,False,False,False,False,False,False,False,False,False
2.172048,-9.586059,2.8560276,-0.84461975,-1.1237588778687355,0.7765787891078324,False,False,False,False,False,False,False,False,False,False,False,False
-7.276087,-4.9869995,-3.1744816,-2.6617167,-0.6065825061878038,0.8067722141770691,True,True,False,False,False,False,False,False,False,False,False,False
4.8803954,-10.478356,5.3503966,-2.8812284,-1.7516173904212622,-4.398756210106417,False,False,False,False,False,False,False,False,False,False,False,False
5.053981,-3.4671595,4.6161947,-1.5482769,0.1112196611266844,-0.105321706746557,False,False,False,False,False,False,False,False,False,False,False,False
-5.0585217,5.791714,4.7878633,2.0801587,-0.3942197728179176,1.745856652173703,True,False,False,False,False,False,False,False,False,False,False,False
-9.845342,-5.503913,-3.5041866,-0.44693288,-0.678452178685216,1.326896723972172,False,False,False,False,False,False,False,False,False,False,False,False
10.849704,2.6572795,0.5630831,-1.4166715,0.6304112351026634,0.1528852503400054,False,False,False,False,False,False,False,False,False,False,False,False
-6.0460362,1.6880002,0.1353203,11.160374,-0.9372175727966356,-0.4906721294767976,True,False,False,False,False,False,False,False,False,False,False,False
-8.564579,-1.003268,1.4778552,-0.68478715,-1.1290218887051409,1.65759615467626,True,False,False,False,False,False,False,False,False,False,False,False
0.2858466,6.30708,-1.6839349,2.5516112,1.0580624414383522,0.5521066282400674,False,False,False,False,False,False,False,False,False,False,False,False
10.435658,4.2169986,0.5556099,-0.72003144,6.175347219125654,-1.0673407168555926,False,False,False,False,False,False,False,False,False,False,False,False
11.58304,-1.2501804,1.5284818,-0.47607175,-0.2294593740095441,-1.1898460687644727,False,False,False,False,False,False,False,False,False,False,False,False
-0.25959402,-6.3832684,5.2813625,-2.9916828,-2.5034230044231407,-0.8187777848668133,True,False,False,False,False,False,False,False,False,False,False,False
10.367884,3.1482804,0.9721776,-1.1872092,2.362923520812717,-0.6411773900124853,False,False,False,False,False,False,False,False,False,False,False,False
4.4856143,-3.1601965,2.279522,-0.819502,-0.4588676855391808,-1.3431346636781774,False,False,False,False,False,False,False,False,False,False,False,False
8.425876,-0.28182718,0.85907364,-0.91192496,-0.3375484550478096,-2.4455568576065985,False,False,False,False,False,False,False,False,False,True,False,False
-0.29967695,-3.2925313,0.5604058,-0.12514691,-0.0593065382568358,-0.2120831354818782,False,False,False,False,False,False,False,False,False,False,False,False
4.3578033,-4.399046,3.9311752,-2.2575464,-1.9244707743899288,-3.771045962158195,False,False,False,False,False,False,False,False,False,False,False,False
4.110764,-10.616288,7.558233,-3.5569634,-0.8772205944892305,-2.188835466406525,False,False,False,False,False,False,False,False,False,False,False,False
-8.159213,-0.92704576,-4.781299,-2.6747503,-0.0472694234558462,0.4745600949210582,False,False,False,False,False,False,False,False,False,False,False,False
7.7409377,-1.9301018,2.3785498,-0.7296812,-0.2998392908448164,-1.732828648391803,False,False,False,False,False,False,False,False,False,False,False,False
-0.65355915,-6.655021,5.9288845,-3.8005836,-1.275764232378828,-1.469957556442843,False,False,False,False,False,False,False,False,False,False,False,False
3.6096842,7.1262517,-3.098144,-1.3323445,1.2425960743048188,0.479883523475854,False,False,False,False,False,False,False,False,False,False,False,False
6.926223,-1.2922394,2.087571,-1.9810797,-0.5021189799512714,-0.2219228053007173,False,False,False,False,False,False,False,False,True,False,False,False
4.895196,3.8459394,0.81232655,-1.0684144,-0.1861559996565457,1.4958624651168235,False,False,False,False,False,False,False,False,False,False,False,False
-6.164259,-5.058854,-1.1176518,-2.9962351,0.1616841754390234,-0.2906393585880275,False,False,False,False,False,False,False,False,False,False,False,False
-3.6777532,-3.5538917,1.0192208,6.148018,-0.4127312792911014,-1.7577917831024523,False,False,False,False,False,False,False,False,False,False,False,False
3.3872967,3.4379423,-0.9664077,-0.8622541,0.843167240464052,-0.2863543942895774,False,False,False,False,False,False,False,False,False,False,False,False
6.0810785,-4.649772,3.3807414,-1.4914305,0.4998419231628312,-1.2148767705455985,False,False,False,False,False,False,False,False,False,False,False,False
4.5284457,9.016258,-1.7700418,-0.07574459,1.6475951449714843,0.5952485262991137,False,False,False,False,False,False,False,False,False,False,False,False
-6.6151605,-8.25799,2.9357011,0.8186727,-1.9371882687373456,0.4087214309922188,True,False,False,False,False,False,False,False,False,False,False,False
-2.9094982,-4.6049776,9.84725,-0.31620342,-1.0424243095091243,0.2633937457749288,True,False,False,False,False,False,False,False,False,False,False,False
1.5153357,-8.768738,4.936069,-2.2152073,-0.6671661345901722,-1.0691144985647807,False,False,False,False,False,False,False,False,False,False,False,False
-8.069457,10.105285,-0.8307777,3.381804,-1.158697312846866,3.919335527216185,True,False,False,False,False,False,False,False,False,False,False,False
3.4026465,-11.131139,7.260262,-1.7850397,-0.4949290707030582,-1.5763512954515893,False,False,False,False,False,False,False,False,False,False,False,False
4.4358506,-7.817196,7.095364,-2.4546764,-0.1124400930739001,-0.8663871657695571,False,False,False,False,False,False,False,False,False,False,False,False
-4.036948,5.068452,-0.34404415,3.9859293,-0.643135377722848,0.7323478432160874,True,False,False,False,False,False,False,False,False,False,False,False
2.851339,-7.2004395,4.101335,-2.1531806,-2.2609162125148097,-0.3350118278740893,False,False,False,True,False,False,False,False,False,False,False,False
-3.8722034,-1.0178487,-2.5676093,-3.1649308,-0.2536089548342381,0.6240228568101073,False,False,False,True,False,False,False,False,False,False,False,False
3.0240164,-1.3127693,-0.14144155,6.069515,1.377024903438712,-0.2092213810600597,False,False,False,False,False,False,False,False,False,False,False,False
7.6949744,-10.901754,4.921921,-2.4095776,-1.7048637991816018,-4.825986301181134,False,False,False,False,False,False,False,False,False,False,False,False
3.740277,9.325147,-2.6275039,-0.91554177,5.692919758432483,0.6328201758727615,False,False,False,False,True,False,False,True,False,False,False,False
-8.166907,-6.400891,-1.6062298,-1.0777202,-1.2708394756712054,0.8096642416690271,True,False,False,False,False,False,False,False,False,False,False,False
4.0117235,-7.197775,8.083908,-2.1839776,-2.0522664481657222,-5.038403451280995,False,False,False,False,False,False,False,False,False,True,False,True
5.445598,-2.8245335,5.6406655,0.4510332,-0.7354842637244344,-1.5243672379316724,False,False,False,False,False,False,False,False,False,False,False,False
-5.5959635,3.7231328,-1.0161014,3.8190455,-0.6614576295692732,-0.0111617427800172,False,False,False,False,False,False,False,False,False,False,False,False
6.2449985,-5.487269,3.5287836,-1.2174529,-3.0431536722926955,-5.2221719171317975,False,False,False,False,False,False,False,False,False,False,False,False
-8.691712,2.8225975,-6.0711966,-2.664188,-0.8115478266402499,2.024426046070238,False,False,False,False,False,False,False,False,False,False,False,False
-1.3788517,-0.3285817,-5.3169913,-1.6703838,-0.6334731913202677,0.1723277521089133,False,False,False,False,False,False,False,False,False,False,False,False
3.2907372,-6.047081,7.095364,-2.4546764,-1.420088306376585,-2.417443817797552,True,False,False,False,False,False,False,False,False,False,False,False
-6.0592775,-1.3618889,-1.9009696,-1.023463,-1.163023448176555,1.9761568302747208,False,False,False,False,False,False,False,False,False,False,False,False
7.4366364,-5.713053,2.0146084,-0.6881296,-0.2396716333621379,-0.664232811917677,False,False,False,False,False,False,False,False,False,False,False,False
7.999721,-3.0616705,2.2224634,-0.2622977,1.883320878007457,-0.8012631614225606,False,False,False,False,False,False,False,False,False,False,False,False
9.589051,5.011096,0.32191363,-0.19372252,0.3547933202743954,0.5189694101631209,False,False,False,False,False,False,False,False,False,False,False,False
-9.412199,9.051433,-1.4700933,4.010215,-1.1901716595981768,3.9498260637849696,True,False,False,False,False,False,False,False,False,False,False,False
4.292571,-3.721321,6.865161,-0.35645756,-0.4658560112966456,-1.469794166512735,False,False,False,False,False,False,False,False,False,False,False,True
-6.327754,-4.5911717,-2.3420594,-1.2942675,-0.7507487650525164,1.012332294460659,False,False,False,False,False,False,False,False,False,False,False,False
-0.68985337,-5.0834365,11.090074,-4.2389607,-0.1202149991392514,-0.5382103422530814,False,False,False,False,False,False,False,False,False,False,False,False
-7.305116,-4.213232,-4.021019,-2.8832002,-2.5750014078279952,2.5517511925153338,True,False,True,False,False,False,False,False,False,False,False,False
-7.5309544,3.5139682,-9.051413,-4.822989,-0.1983307082452771,1.852693813206572,False,False,False,False,False,False,False,False,False,False,False,False
-6.2897778,-0.18321037,0.2792088,5.1971984,-1.260435803995579,1.1923938840247936,True,False,False,True,False,False,False,False,False,False,False,False
8.521562,6.253658,0.55775726,0.104692,0.3547933202743954,0.5189694101631209,False,False,False,False,False,False,False,False,False,False,False,False
-1.0278174,5.554827,-2.2446902,8.383799,-0.0593065382568358,-0.2120831354818782,False,False,False,False,False,False,False,False,False,False,False,False
4.5658064,5.689212,-0.9616685,2.9002857,-0.2922418561538076,-0.898197402028535,False,False,False,False,False,False,False,False,False,False,True,False
-0.5828522,-1.8280334,2.7636395,-1.545832,0.0469557052867893,1.2585143720856518,False,False,False,False,False,False,False,False,False,False,False,False
-2.7646313,0.17005095,1.82643,8.826591,-1.2369112153507908,-1.5996824160613283,False,False,False,False,False,False,False,False,False,False,False,False
6.140094,8.902074,-3.095347,-0.83755094,2.2361049803477666,0.739119262753779,False,False,False,False,False,False,False,True,False,False,False,False
9.512285,-3.1952813,2.1259713,-1.9750751,1.6666858703736378,-1.8595661334637728,False,False,False,False,False,False,False,False,False,False,False,False
5.5797524,-10.374716,6.125098,-3.2451108,-0.2049847857330561,-0.6643155418136821,False,False,False,False,False,False,False,False,False,False,False,False
3.88885,-6.9621563,11.007753,-2.2484322,-0.8586425597996781,-2.083545118422772,False,False,False,False,False,False,False,False,False,False,False,False
7.067291,3.174755,0.81544477,-0.5668029,0.5184249079814525,-0.5808725168931105,False,False,False,False,False,False,False,False,False,False,False,False
7.4418764,-2.8488414,1.6847273,-0.99097335,-0.8285851487610846,-1.190260631751077,False,False,False,False,False,False,False,False,False,False,False,False
-7.8729086,8.017512,-3.7596412,7.582973,-1.4133935883046418,4.518474874638024,False,False,False,False,False,False,False,False,False,False,False,False
-5.6981187,-5.0673127,-4.5101347,-2.306472,-1.1138896857755851,0.7989357631828553,False,False,False,False,False,False,False,False,False,False,False,False
3.4296224,-4.547655,0.94446266,-0.2191408,-2.032202141228088,-4.135165073472032,False,False,False,False,False,False,False,False,False,False,False,False
-7.477136,2.2790933,2.8956423,9.617552,-1.5742925288088243,-0.8596939492213226,False,False,False,True,False,False,False,False,False,False,False,False
-0.25788727,-2.8987598,4.3110785,-2.1930788,3.1671662362883546,-0.1732863573702975,False,False,False,False,True,False,True,False,False,False,False,False
-8.539962,3.2041705,-6.0711966,-2.664188,-0.1768847630877655,0.5850515910538382,False,False,False,False,False,False,False,False,False,False,False,False
5.6133866,-8.850058,4.9735274,-3.0551434,-0.3894019317959843,-1.98888887670072,False,False,False,False,False,False,False,False,False,False,False,False
-5.9903398,9.286888,-5.301399,3.417542,0.1195804898689173,1.0149479856138908,False,False,False,False,False,False,False,False,False,False,False,False
5.141073,8.838486,-1.490199,3.1347964,4.342163415061029,0.2923028243541715,False,False,False,False,True,False,False,False,False,False,False,False
-7.74619,2.2128146,-2.3010857,3.3317099,0.218460896508271,1.3158396949514892,False,False,False,False,False,False,False,False,False,False,False,False
-1.3157053,-1.7008158,6.26819,-1.3351715,0.3547933202743954,0.5189694101631209,False,False,False,False,False,False,False,False,False,False,False,False
-4.7542477,-4.422591,-4.927865,-2.1072814,-1.3936170628461453,0.759256473343524,False,False,False,False,False,False,False,False,False,False,False,False
-5.588711,2.8583903,-0.6895201,5.0457315,-0.643135377722848,0.7323478432160874,True,False,False,False,False,False,False,False,False,False,False,False
10.171769,5.9233823,0.44916597,-0.8666874,6.424182051791259,-0.4509827056727779,False,False,False,False,True,False,False,False,False,False,False,False
-4.3675947,1.3140152,-6.082413,-3.3784168,-0.4644111601691643,2.097962189912041,False,False,False,False,False,False,False,False,False,False,False,False
5.8061004,1.6989061,0.19179867,-0.49331355,0.1338416931376207,-0.8582582611629187,False,False,False,False,False,False,False,False,False,False,False,False
7.965374,0.7831477,0.85070664,-1.2985805,0.2161566493833492,-1.0270384987878036,False,False,False,False,False,False,False,False,True,False,True,False
9.650863,5.6800036,-0.9522019,0.103016354,4.141189590169098,-0.0439859544639971,False,False,False,False,False,False,False,True,False,False,False,False
-3.2324758,-1.1025611,-4.8636694,-6.7268786,-1.1929813395126865,0.7529472947483294,True,False,False,False,False,False,False,False,False,False,False,False
-4.4069495,3.6531584,-0.6459846,4.3219047,-0.0935485842159898,0.5220266801132905,False,False,False,False,False,False,False,False,False,False,False,False
-1.3890387,10.296675,-2.1887083,0.85946363,0.3087559797751946,1.7345698442001831,False,False,False,False,False,False,False,False,False,False,False,False
3.5227914,-7.778051,6.9780493,-2.0921345,-1.3568207434790776,-2.6520463746562704,True,False,False,False,False,False,False,False,False,True,False,True
6.233485,-1.5746927,1.0298027,-1.2170261,0.1744938994962967,-1.686588253403117,False,False,False,False,False,False,False,False,True,False,False,False
1.9696628,-7.4141965,3.7574503,-1.9682503,-1.7228670214584252,-1.6410941485471713,False,False,False,False,False,False,False,False,False,False,False,True
4.1524234,-7.293519,9.804098,-2.6398146,-0.7224837959318713,-2.406875765694285,False,False,False,False,False,False,False,False,False,False,True,True
11.992796,6.95632,0.20306121,-0.17721206,2.0085394754926464,0.0996495022679646,False,False,False,False,True,False,False,False,False,False,False,False
-2.042941,1.5420612,-5.8145957,-1.8665509,-1.3111825673834596,2.192692287463894,False,False,False,False,False,False,False,False,False,False,False,False
4.7279935,-7.493017,6.1851926,-2.9391136,-0.0691454339786176,-0.5574713831823558,False,False,False,False,False,False,False,False,False,False,False,False
-8.582976,3.7674227,-9.85567,-5.1737356,-0.1338370867164509,1.70523855351828,False,False,False,False,False,False,False,False,False,False,False,False
-5.9788804,-1.828101,-3.747872,-1.0372938,-0.8765561974023691,0.3094729724549796,False,False,False,False,False,False,False,False,False,False,False,False
-3.1689532,6.763468,-3.4147305,4.558523,-0.2073833960200674,1.4166135159765287,False,False,False,False,False,False,False,False,False,False,False,False
2.7870376,-0.59865665,0.2752388,-0.6014047,0.3547933202743954,0.5189694101631209,False,False,False,False,False,False,False,False,False,False,False,False
-4.9211946,-2.341633,-5.2088513,-0.2501806,-1.0297846366498569,-1.0481122799827574,True,False,False,False,False,False,False,False,False,False,False,False
4.4170337,-6.3017607,1.8447039,-1.2154831,-0.4686060847379305,0.7914030120679465,True,False,False,False,False,False,False,False,False,False,False,False
8.652039,-1.2848268,0.7438295,-0.42195117,0.0471907590296459,-2.505314949959074,False,False,False,False,False,False,False,False,True,False,True,False
5.4921966,11.176066,-1.2176834,0.72069037,4.785693905809253,0.2613073759886842,False,False,False,False,True,False,False,True,False,False,False,False
-5.7765884,-7.636191,1.6145592,-0.3895524,-2.361389085629762,0.2291941956862036,True,False,False,False,False,False,False,False,False,False,False,False
5.2393155,-6.80414,8.646786,-2.172627,-2.7328577228068207,-6.380134448107819,False,False,False,False,False,False,False,False,False,False,False,True
6.2520285,-1.9143095,3.087979,-2.0003326,0.7091994931405639,0.1622345381289353,False,False,False,False,False,False,False,False,False,False,False,False
7.811355,10.696663,-2.4442167,0.025712268,3.2857644497563365,0.6864606833404862,False,False,False,False,True,False,False,False,False,False,False,False
2.2564769,-3.1443546,4.65609,-0.73281175,-0.5974359822150426,-1.4123451841849788,False,False,False,False,False,False,False,False,False,False,False,True
7.995751,2.4752302,1.2695311,0.083159104,0.0466497943252103,-0.0519376895166099,False,False,False,False,False,False,False,False,False,False,False,False
-10.017718,0.3611597,-2.09047,2.7633173,-1.1805394077872764,0.2658701735690307,True,True,False,False,False,False,False,False,False,False,False,False
7.8823695,-1.8978491,1.7652408,-0.97459465,0.0346126795242208,-0.7385809199195464,False,False,False,False,False,False,False,False,False,False,False,False
2.0737774,-10.371571,6.9538145,-2.6385365,-0.624128922095779,-2.5782869573358123,False,False,False,False,False,False,False,False,False,False,False,False
-9.4301405,-5.3611135,0.30132228,-0.21132845,-2.38717691284182,1.0886717059860087,True,False,False,False,False,False,False,False,False,False,False,False
-0.58929294,10.741806,-1.9551203,2.8361824,0.7039689440042987,0.9274607934547804,False,False,False,False,False,False,False,False,False,False,False,False
4.9546857,2.2570257,-2.3564901,-2.1510568,0.1450833864674329,-1.3829607303373297,False,False,False,False,False,False,False,False,False,False,False,False
2.6645803,-6.7180715,2.564458,-1.0355151,-1.0452716525147394,-0.3166153666174257,True,False,False,False,False,False,False,False,False,False,False,False
-6.8570256,0.92045015,-7.891581,-4.249501,-0.9892828316460792,2.2123178692608803,False,False,False,False,False,False,False,False,False,False,False,False
-7.683422,-1.2867091,-4.0750594,-3.1241257,-0.9905449153484308,0.9635736275673472,True,False,False,False,False,False,False,False,False,False,False,False
1.4564569,-7.14355,7.6424384,-1.5929432,-1.8746805188161773,-3.3410980320855903,False,False,False,False,False,False,False,False,False,True,False,False
6.4831996,-2.7927632,3.0069842,-0.01006696,-1.4635076077809133,-3.0321118494587216,False,False,False,False,False,False,False,False,False,False,False,False
5.6346135,1.3722928,0.85968375,-1.208459,1.8280329922761904,0.5455635737155968,False,False,False,False,False,False,False,False,False,False,False,False
7.7326555,4.809961,-2.1875124,-0.36675707,2.408025543749851,0.5764263918111024,False,False,False,False,True,False,False,False,False,False,False,False
6.7995315,-3.1559596,3.717962,-0.42338172,-1.0533878908334493,-3.798245252319676,False,False,False,False,False,False,False,False,False,False,False,True
-0.2508332,-3.6278727,6.723456,-4.968674,0.1112196611266844,-0.105321706746557,False,False,False,False,False,False,False,False,False,False,False,False
3.1960604,4.104091,-0.7185811,3.7993314,-0.2276345185611483,0.0224104184852596,False,False,False,False,False,False,False,False,False,False,False,False
1.311963,-8.587374,6.909146,-4.7944245,-0.5349230934834251,-1.3116860384963622,False,False,False,False,False,False,False,False,False,False,False,False
0.046329916,-5.5403566,3.6723714,-3.0384195,-1.4643231144195905,-1.1957141597788488,False,False,False,False,False,False,False,False,False,False,False,False
6.594575,10.350145,-1.7831364,-1.1169868,4.852351219468161,0.5185693030793377,False,False,False,False,False,False,False,False,False,False,False,False
7.5340977,8.736765,-3.357336,-0.85655797,0.3884778795213015,0.2894617172574905,False,False,False,False,False,False,False,False,False,False,False,False
4.665575,-6.237317,2.1684263,-0.8235409,-0.8410041961684674,-1.8877891598611285,False,False,False,False,False,False,False,False,False,False,False,False
8.332009,-0.21739233,0.5890636,-0.5498862,-0.6537529019075503,-3.004550692673724,False,False,False,False,False,False,False,False,False,True,False,False
4.450024,-7.3372064,1.7601782,-0.44749376,-1.86335116507766,-3.823494622064575,False,False,False,False,False,False,False,False,False,False,False,False
2.6790638,-4.466668,1.9090251,-0.02654049,-0.1549018467683331,-0.5381276123570758,False,False,False,False,False,False,False,False,False,False,False,False
-0.20317961,-6.57245,4.564207,-3.433562,-0.959559785519088,-0.9109637213757186,False,False,False,False,False,False,False,False,False,False,False,False
7.2129207,2.117027,1.1466798,-0.99440306,0.6949104473460702,-1.7749897608813727,False,False,False,False,False,False,False,False,False,False,False,False
-6.811983,-5.276634,-6.509358,-2.890528,-0.5938226710134271,1.1383167616108765,False,False,False,False,False,False,False,False,False,False,False,False
-6.6776667,0.5221554,-5.9862266,-3.2124794,-1.1386811219800208,2.4378408760877903,False,False,False,False,False,False,False,False,False,False,False,False
3.703447,-8.358738,3.4690156,-1.4597402,-1.3969319663118769,1.7322823272960093,True,False,False,False,False,False,False,False,False,False,False,False
-3.8098247,-3.9588263,-4.340603,-5.350712,-0.2705512160428284,0.6646338021153432,False,False,False,False,False,False,False,False,False,False,False,False
-9.515762,2.2527313,-10.213661,-5.4540415,-0.5881277009160162,0.6239992737497255,True,False,False,False,False,False,False,False,False,False,False,False
-1.4713196,-0.19111228,-5.676746,-1.0928628,1.1538699862084805,1.5210364714867426,False,False,False,False,False,False,False,False,False,False,False,False
3.6935816,-8.863109,3.547732,-1.5860215,-0.3236621948560151,-0.0184597556575184,False,False,False,False,False,False,False,False,False,False,False,False
-8.405342,-2.2871318,2.7114148,8.268072,-0.8260916025990408,1.5571902425357764,True,False,False,False,False,False,False,False,False,False,False,False
6.0665975,-4.268516,4.7667713,1.204061,-0.8372834344706804,-2.194926157650611,False,False,False,False,False,False,False,False,False,False,False,True
4.4615803,-0.35518417,1.0137752,-0.3224812,0.7502269993859254,0.5053973879763807,False,False,False,False,False,False,False,False,False,False,False,False
-2.8461623,0.56820756,1.0504452,6.98011,-1.847940386501008,-0.4215662254650202,True,False,False,True,False,False,False,False,False,False,False,False
3.6861079,-1.0324352,-1.6726506,-3.0611544,-0.5770036432315003,-1.6706023636978915,False,False,False,False,False,False,False,False,False,False,False,True
3.7619116,-7.5355306,3.622387,-1.6094443,-0.524104354078598,-2.0878897406378694,False,False,False,False,False,False,False,False,False,False,False,True
10.334674,9.299652,-4.2218027,-3.5471206,4.209659327729399,0.1202223802830193,False,False,False,False,True,False,False,True,False,False,False,False
2.1662025,5.0134754,-2.5809133,-1.5374327,0.3547933202743954,0.5189694101631209,False,False,False,False,False,False,False,False,False,False,False,False
6.380606,-4.9429083,0.7933133,0.62730575,-1.2504688405501363,-2.047944399211944,False,False,False,False,False,False,False,False,False,False,False,False
-5.434319,8.700735,-3.5326035,3.8767815,0.0643514621570111,2.079893121852426,False,False,False,False,False,False,False,False,False,False,False,False
-7.6940494,-4.2821107,-4.863676,-0.6291102,-1.3374311556889058,1.2896953198043046,True,False,False,False,False,False,False,False,False,False,False,False
-7.6944637,1.1586528,-4.6528296,0.5264947,-0.7174415143171469,1.92196982340912,False,False,False,False,False,False,False,False,False,False,False,False
3.8325415,-6.902884,10.46485,-2.0025518,-1.026002018999136,-2.603093328979817,False,False,False,False,False,False,False,False,False,True,False,False
6.5174937,-6.481604,5.5194397,-0.6502458,-0.6011071091002013,-1.81033199207156,False,False,False,False,False,False,False,False,False,False,False,False
3.3466425,0.060801778,0.094695196,-0.06806305,1.2405697926767774,0.0948178777912155,False,False,False,False,False,False,False,False,False,False,False,False
0.007051535,-5.9049253,8.866785,-4.136973,-0.1202149991392514,-0.5382103422530814,False,False,False,False,False,False,False,False,False,False,False,False
6.17924,-5.327197,3.8967538,-0.28905565,-2.082654082003286,-5.02182060751473,False,False,False,False,False,False,False,False,False,False,False,False
-5.542226,-6.410027,0.6597505,0.5209035,-0.7752266042116144,1.545851678775123,True,False,False,False,False,False,False,False,False,False,False,False
-11.007416,-3.940143,-5.194762,-3.4773314,-0.9849012509429288,0.9004355151367265,True,False,False,False,False,False,False,False,False,False,False,False
-4.983659,2.9784615,-6.8401155,-4.8114367,-0.002947508892639,1.890002537159474,False,False,False,False,False,False,False,False,False,False,False,False
-1.9255133,3.4733832,-4.9260015,-2.8044596,0.6886165906371448,-0.5647952631002966,False,False,False,False,False,False,False,False,False,False,False,False
-8.073572,-1.6769059,-0.3658342,4.3332863,-1.3285222678949684,1.107490541480327,False,False,False,True,False,False,False,False,False,False,False,False
-0.74725187,9.947395,-0.37839925,2.829605,0.7228496941628655,1.2202211299791592,False,False,False,False,False,False,False,False,False,False,False,False
-11.66796,0.0021502187,-4.465363,1.1585776,-1.0688445484158362,1.0283928162538996,True,True,False,False,False,False,False,False,False,False,False,False
9.0391,7.9004064,-1.4433694,0.52877736,4.136282558116568,0.2337688651046348,False,False,False,False,False,False,False,True,False,False,False,False
-3.9607046,-7.466135,-0.010255275,0.39640087,-2.0763981691351567,0.3637171434745933,True,False,False,False,False,False,False,False,False,False,False,False
-7.9740148,7.0667014,-3.5640802,5.231257,0.1323185236367885,1.303844837968751,False,False,False,False,False,False,False,False,False,False,False,False
7.0569572,0.48994046,-0.14728604,-1.1392577,-1.003631523744998,-1.7354462797106036,True,False,False,False,False,False,False,False,False,False,False,False
-0.24836393,-6.3787827,4.601148,-2.650415,-0.8607198242525533,-0.0722307967642624,True,False,False,False,False,False,False,False,False,False,False,False
-7.0376678,-0.4213076,-6.7970967,-1.9038823,-0.7666282864327629,3.7930454712991,False,False,False,False,False,False,False,False,False,False,False,False
10.380293,1.4899698,2.7213635,-0.63996744,2.731190898625719,-1.1297446923856254,False,False,False,False,False,False,False,False,False,False,False,False
-9.174031,-6.405502,-3.1921692,-1.8305368,-1.1087034878963784,1.4802345869083366,True,False,False,False,False,False,False,False,False,False,False,False
7.8621044,-0.22404848,2.7391815,-0.40324676,-0.2010687941712185,-0.7563536209719821,False,False,False,False,False,False,False,False,False,False,False,True
-9.130275,-4.696649,1.6685078,0.4685953,-2.336509826386312,-0.0189609213928239,True,True,False,False,False,False,False,False,False,False,False,False
-2.2768745,-4.5541778,-3.0670002,-4.384011,0.1776943195446706,-0.7203834670657514,False,False,False,False,False,False,False,False,False,False,False,False
10.14908,6.312147,-0.7930472,-0.6442378,1.7779543755746732,-0.1426437553392308,False,False,False,False,False,False,False,False,False,False,False,False
-6.3591657,-5.582479,-4.8196964,-0.59144574,-0.6645077577610684,1.816237130513148,False,False,False,False,False,False,False,False,False,False,False,False
-1.031109,-6.024364,4.3110785,-2.1930788,-3.0067432901353883,-0.909693401733916,False,False,False,False,False,False,False,False,False,False,False,False
4.429543,9.84993,-3.502744,-0.9416565,2.4317205878629387,0.6646480573445118,False,False,False,False,False,False,False,True,False,False,False,False
2.6735613,10.683776,-1.6991103,1.3321867,2.110162991947706,0.2864863451397798,False,False,False,False,False,False,False,True,False,False,False,False
-6.0346103,8.9172735,-2.900323,4.0159955,1.1651238729269506,3.0066863581562764,False,False,False,False,False,False,False,False,False,False,False,False
4.943669,10.535099,-1.8039759,1.4210429,2.2309714367383435,0.2038508982039995,False,False,False,False,False,False,False,True,False,False,False,False
-8.185495,4.243631,-0.6621903,12.013344,-0.5670024517462747,1.9490234323561937,False,False,False,False,False,False,False,False,False,False,False,False
6.7741537,11.781128,-4.6493874,-2.3904707,4.209558187430589,0.1509999662912543,False,False,False,False,True,False,False,True,False,False,False,False
-3.1750588,-7.313687,2.0382335,2.1799548,-1.5360283603826046,-0.6028772691450383,False,False,False,False,False,False,False,False,False,False,False,False
5.6053634,-5.6469083,1.6725794,-0.42883426,-0.351463876748675,-1.4741328869572576,False,False,False,False,False,False,False,False,False,False,False,False
-10.243876,-1.5332502,-5.566011,-5.111587,-1.431010213067161,2.150589718432333,True,False,False,False,False,False,False,False,False,False,False,False
-8.578655,-1.3492278,-6.381519,-2.8643038,-0.9350483917240128,2.0602897752025706,False,False,False,False,False,False,False,False,False,False,False,False
-4.407744,-5.556064,2.3960588,-1.2873048,-1.333563344209725,-0.7887216241543374,False,False,False,False,False,False,False,False,False,False,False,False
2.4128187,-1.2004398,3.5170736,-2.1907063,-0.1267996301109692,-0.14290496504502,False,False,False,False,False,False,False,False,False,False,False,False
8.523029,-4.720641,2.2668223,-2.6431897,-0.2517652560243137,-0.2829404486357558,False,False,False,False,False,False,False,False,False,False,False,False
7.020204,-0.69804764,0.36233115,-0.674132,-0.6582056028750858,-0.4713240364585312,False,False,True,False,False,False,False,False,False,False,False,False
0.53538954,2.2168126,-4.505764,-2.8093932,-0.3987490947779067,1.0706833830556093,False,False,False,False,False,False,False,False,False,False,False,False
-8.986943,4.6846585,1.2124953,12.444892,-0.719158005545556,1.267900525335862,True,False,False,False,False,False,False,False,False,False,False,False
-10.417417,6.6232014,-4.1860323,2.436761,-0.1338370867164509,1.70523855351828,False,False,False,False,False,False,False,False,False,False,False,False
4.666191,-5.294252,3.3324747,-1.8509136,-2.4866320413451666,-1.9507605770441017,True,False,True,False,False,False,False,False,False,False,False,False
-10.690659,-0.776338,-4.0361056,-1.8393757,-0.4135057513245972,1.4361748828335998,False,False,False,False,False,False,False,False,False,False,False,False
8.26592,7.286419,0.18634157,-0.8234948,3.83170668939857,0.2926923352492882,False,False,False,False,True,False,False,False,False,False,False,False
5.248649,-8.957987,10.550125,-2.9544945,-0.7467853565764218,-2.2625643984033625,False,False,False,False,False,False,False,False,False,False,False,False
-4.4071455,-1.232999,-6.1422544,-2.3873923,-0.1302197279308893,0.3346984416729149,False,False,False,False,False,False,False,False,False,False,False,False
1.3924516,9.083235,-1.5193967,1.7985274,2.167113208436948,0.3421968725768498,False,False,False,False,False,False,False,False,False,False,False,False
-7.285315,-8.501062,3.9394634,0.8049929,-0.5436127479201811,0.1930175906524563,False,False,False,False,False,False,False,False,False,False,False,False
7.962201,3.9554958,-0.7646309,-0.4835001,0.562844988444422,0.2816552113136342,False,False,False,False,False,False,False,False,False,False,False,False
2.065125,-4.0295067,9.395606,-2.855731,-0.2724778775871896,-0.5951373713768239,False,False,False,False,False,False,False,False,False,False,False,False
9.4267645,7.5870876,-2.2180066,-0.40543312,3.786757934179952,-0.5056475911541245,False,False,False,False,True,False,False,False,False,False,False,False
-6.274303,7.6938186,-1.0257425,1.8383983,-1.1647518362591258,6.044304243821939,True,False,False,False,False,False,False,False,False,False,False,False
-3.9301093,-2.137645,-7.71315,-3.1968424,-0.6547311318958429,0.8121895548396733,False,False,False,False,False,False,False,False,False,False,False,False
-5.0415387,-6.1253185,-5.4410734,-0.14114048,-1.5604680765992236,1.1489990635537093,True,False,False,False,False,False,False,False,False,False,False,False
-11.145489,-3.3483098,-6.5839114,-3.7737854,-1.3874011435304237,1.2135284520951812,True,False,False,False,False,False,False,False,False,False,False,False
-8.482077,-4.665834,-4.1973295,-1.0082109,-0.7769114746949185,0.2035414901295158,True,False,False,False,False,False,False,False,False,False,False,False
6.285604,-1.3959925,1.1657568,-0.8488321,0.1002035819263306,-0.7492214063259136,False,False,False,False,False,False,False,False,False,False,False,False
7.68688,6.2415843,-2.2716784,2.7421572,-0.2882409896326285,1.2435526885037451,True,False,False,False,False,False,False,False,False,False,False,False
3.613539,-4.982435,2.266416,0.021987543,-0.8184929742671863,-0.3701184842743352,False,False,False,False,False,False,False,False,False,False,False,False
-2.135814,-6.31217,6.986248,-3.9040468,-0.8465869977175139,0.2248584383434916,False,False,False,True,False,False,False,False,False,False,False,False
-3.4412856,-7.2577233,3.429818,0.98840624,-1.51894709654383,-1.559071833660083,False,False,False,False,False,False,False,False,False,False,False,False
-5.101617,12.495783,-1.8390491,2.1457999,2.7876959451580543,2.632552854515644,False,False,False,False,False,False,False,True,False,False,False,False
8.418018,-3.5344896,1.7792323,-0.86707133,-1.5288925392870445,-1.6017749260836236,False,False,False,False,False,False,False,False,False,False,False,False
5.5572863,-3.6996968,3.679726,-0.3996209,-1.4266922919505332,-4.195459986517377,False,False,False,False,False,False,False,False,False,False,False,False
6.999819,2.1265168,0.017934667,-1.5737352,0.5184249079814525,-0.5808725168931105,False,False,False,False,False,False,False,False,False,False,False,False
-6.186419,-1.645459,3.2995741,8.492996,-2.2993371102204936,-0.7219746576959697,True,False,False,False,False,False,False,False,False,False,False,False
12.479275,-0.90723723,0.6014515,-0.12939736,1.960394939879116,-2.32005768785537,False,False,False,False,False,False,False,False,False,False,False,False
-9.601398,-1.6796899,-1.8294241,-1.4622113,-0.939475717356817,1.5952059562470848,True,False,False,False,False,False,False,False,False,False,False,False
-6.2778063,7.739901,0.80821663,2.578063,-0.6428793397061877,2.2821661269358886,True,False,False,False,False,False,False,False,False,False,False,False
-6.7153473,-9.509999,1.3282511,0.48538354,-0.6905841544531539,0.4674326524297772,False,False,False,False,False,False,False,False,False,False,False,False
-4.657979,-0.38068885,-5.483203,-2.7212622,-2.8650254599612923,1.0496304950978703,True,False,False,False,False,False,False,False,False,False,False,False
2.5276713,7.33899,-1.8072776,1.6274338,2.6495407796801,-0.230326523363622,False,False,False,False,False,False,False,True,False,False,False,False
-6.3219485,-7.5841546,2.7272773,0.7013959,-1.0311906515775575,-0.9254437736580886,True,False,False,False,False,False,False,False,False,False,False,False
-0.058128502,-4.822816,5.2813635,-2.9916835,-2.7828581224581863,-0.5615380543348267,True,False,False,False,False,False,False,False,False,False,False,False
5.4964943,-2.5565393,3.5170736,-2.1907063,0.7091994931405639,0.1622345381289353,False,False,False,False,False,False,False,False,False,False,False,False
4.072311,-7.3092995,11.17168,-2.261597,-1.1192961535200383,-2.9043973591664503,True,False,False,False,False,False,False,False,False,True,False,True
3.302841,-1.9330356,3.0139513,-0.43375632,-0.5250417817060815,-1.4631461810782955,False,False,False,False,False,False,False,False,False,False,False,False
8.601119,-0.98738563,1.251648,-0.4068505,0.5738788006350942,0.6071917906113836,False,False,False,False,False,False,False,False,False,False,False,False
-9.49552,-1.6530974,-4.787465,4.5815654,-0.0071691939852594,0.911646427110196,False,False,False,False,False,False,False,False,False,False,False,False
-6.456481,5.9017925,-0.17542663,5.916431,-0.3113365260440106,1.0392958224460076,False,False,False,False,False,False,False,False,False,False,False,False
-2.2705295,-0.70607126,-0.74784416,-1.4601558,0.1304539923376503,1.0810973228211789,False,False,False,False,False,False,False,False,False,False,False,False
2.4347327,-8.486866,6.466483,-1.3747181,-1.3152606204818436,-2.796807865491816,False,False,False,False,False,False,False,False,False,False,False,False
11.219435,-0.9272293,1.5173109,0.039346296,0.7864747358641077,-0.749892575481103,False,False,False,False,False,False,False,False,False,False,False,False
5.7369146,8.373052,-0.6278835,0.8866491,6.587787442734266,1.3613946967841517,False,False,False,False,True,False,False,True,False,False,False,False
4.796902,-3.8166583,1.9156593,0.51458967,-0.7416881259591832,-1.8688816807754127,False,False,False,False,False,False,False,False,False,False,False,True
2.3076558,-9.33874,6.1664133,-1.1524564,-1.114111331844265,-2.031719838139875,False,False,False,False,False,False,False,False,False,False,False,False
-0.64128333,-1.8819073,1.2049218,-0.13065301,-0.594050537279565,-1.4607708673548023,False,False,False,False,False,False,False,False,False,False,False,False
7.44521,0.49940628,0.28507555,-0.8058134,0.3375138868524782,-3.7708903161581935,False,False,False,False,False,False,False,False,False,False,False,False
3.2019534,-7.8588486,10.0970545,-3.6025536,-1.5712780420565635,-1.6527729394321893,True,False,False,False,False,False,False,False,False,False,False,True
8.554433,-0.06796609,0.029128188,-0.7637723,0.2410973550533222,0.3505377198416671,False,False,False,False,False,False,False,False,True,False,False,False
3.6404002,-7.9932795,2.7672672,-3.2934456,-0.2372551646595758,-0.6319992907003146,False,False,False,False,False,False,False,False,False,False,False,False
7.892346,-0.8315584,1.9748881,0.6099726,-0.079385018251249,-0.4948609488993593,False,False,False,False,False,False,False,False,False,False,False,False
-9.283129,-5.474329,-4.1021914,-1.8134911,-1.4706060038171465,0.1430663984775173,False,False,False,False,False,False,False,False,False,False,False,False
-0.24955477,-0.63158214,-3.050314,-7.238243,0.0329227215803091,-0.7572779408702078,False,False,False,False,False,False,False,False,False,False,False,False
-5.216597,3.7942188,0.65237266,7.525847,-0.6990604448550767,-0.5367725400538882,False,False,False,False,False,False,False,False,False,False,False,False
-6.90465,-0.053977564,3.0538414,3.9800324,-1.051510000440907,-0.1112364426826753,True,False,False,True,False,False,False,False,False,False,False,False
-3.692085,5.4682994,-2.2505498,1.7308543,-0.6811901925741481,1.1231763950767435,False,False,False,False,False,False,False,False,False,False,False,False
5.992222,2.947127,-3.3535936,-1.0652304,1.217604112152177,0.5493291925181627,False,False,False,False,False,False,False,True,False,False,False,False
4.7279935,-7.493017,6.1851926,-2.9391136,-1.01226682687504,-2.646048520687408,False,False,False,False,False,False,False,False,False,False,False,False
-1.2852486,-2.8014934,-5.574469,-3.855345,0.3372128067557638,-2.062665497071084,False,False,False,False,False,False,False,False,False,False,False,False
-3.185447,-6.8310294,0.09586304,-0.995926,-1.539304416054306,1.3531868728176872,True,False,False,False,False,False,False,False,False,False,False,False
-10.515332,-0.99352676,-4.9620185,-2.8753703,-0.9464723812257856,2.3266463345013544,True,False,False,False,False,False,False,False,False,False,False,False
0.14465412,-0.44491464,-4.4370947,-1.8956469,-0.57824430689034,-1.3695234081261718,False,False,False,False,False,False,False,False,False,False,False,False
8.523029,-4.720641,2.2668223,-2.6431897,-0.4023565635517626,-1.2295474272057076,False,False,False,False,False,False,False,False,False,False,False,False
-8.766426,-0.7144995,0.5527851,8.220407,-0.7250902239620729,0.9599262900658934,True,False,False,False,False,False,False,False,False,False,False,False
-4.645898,-7.8590755,3.1760197,0.0074442094,-1.830039895312478,0.6874413701232759,True,False,False,False,False,False,False,False,False,False,False,False
-5.0076456,7.6505113,-7.644951,3.38054,-0.3114928383897161,2.396317408889648,False,False,False,False,False,False,False,False,False,False,False,False
5.782804,-6.81777,5.0160127,-0.4824949,-1.3774970001819509,-3.48979767503338,False,False,False,False,False,False,False,False,False,False,False,False
-6.588649,11.280842,-2.1989908,3.1658244,-0.0239725446419063,1.13815882052109,False,False,False,False,False,False,False,False,False,False,False,False
9.46153,0.4153326,-0.16613401,-0.5380857,0.5546434478386691,-1.1048501843677576,False,False,False,False,False,False,False,False,False,False,True,False
8.236679,-5.3085113,4.108194,-0.106642164,-0.6003918876840209,-2.937580307687873,False,False,False,False,False,False,False,False,False,False,False,False
5.9703484,-9.064819,3.936518,-1.2539972,-0.6153584373722145,-1.553657944014636,False,False,False,False,False,False,False,False,False,False,False,False
3.5103846,-8.337896,1.9847449,-2.0977314,-0.7045594948205306,-0.9653331412013256,False,False,False,False,False,False,False,False,False,False,False,False
-2.078377,-3.7133858,-1.6917434,-9.465242,-0.3421584282570851,-0.4905250605147749,False,False,False,False,False,False,False,False,False,False,False,False
-9.377767,-1.4023772,-3.0893664,-1.6397891,-1.1418183804237751,0.5878785324241022,True,False,False,False,False,False,False,False,False,False,False,False
7.5961375,3.291698,0.49259993,-0.36999512,-0.1250393154653059,-1.7532483610917453,False,False,False,False,False,False,False,False,False,False,False,True
0.48595926,-6.0174074,4.919353,-2.2369065,-0.0593065382568358,-0.2120831354818782,False,False,False,False,False,False,False,False,False,False,False,False
5.009482,8.388369,-1.269116,-0.12574378,1.6475951449714843,0.5952485262991137,False,False,False,False,False,False,False,False,False,False,False,False
3.0454788,5.5592084,-0.67239845,5.4967823,2.766545922402764,-0.7326674296121855,False,False,False,False,False,False,False,False,False,False,False,False
6.827104,0.9112383,1.7954745,-0.63452405,-1.747961059539453,-3.533250342526965,False,False,False,False,False,False,False,False,False,False,False,True
-4.816217,2.30937,-4.748756,-1.730906,-0.0988237412387975,1.2390179582893537,False,False,False,False,False,False,False,False,False,False,False,False
-6.7707477,4.859388,-1.6129215,3.7464936,-0.6901685258998135,0.4700311467281743,True,False,False,False,False,False,False,False,False,False,False,False
-8.557874,-3.827236,-4.135969,-1.7385299,-0.7191517302778618,-0.8594039988259461,False,False,False,False,False,False,False,False,False,False,False,False
-3.8650665,-3.1118436,7.567588,6.147912,-0.5438389654208892,-0.5365834165818657,False,False,False,False,False,False,False,False,False,False,False,False
6.6708765,-2.0207896,0.6078263,-0.76149833,-0.7162277443359804,-1.1784898544922726,False,False,False,False,False,False,False,False,False,False,False,False
9.0784235,1.6148124,0.6177197,-0.56741476,1.588517439678636,-0.0782863073360136,False,False,False,False,False,False,False,False,False,False,False,False
7.524634,1.099789,1.8468674,-1.2211716,-0.0593065382568358,-0.2120831354818782,False,False,False,False,False,False,False,False,False,False,False,False
2.5933616,-4.552505,5.268001,-3.1611176,-0.0472694234558462,0.4745600949210582,False,False,False,False,False,False,False,False,False,False,False,False
3.7068381,8.584565,-2.6264365,-2.0018175,1.093796397925736,0.714774771333799,False,False,False,False,False,False,False,False,False,False,False,False
-10.258675,-1.1182178,-7.857225,-5.318275,-0.2567638479667549,2.575685488555585,False,False,False,False,False,False,False,False,False,False,False,False
2.1500072,-0.81595993,3.5170736,-2.1907063,-0.1267996301109692,-0.14290496504502,False,False,False,False,False,False,False,False,False,False,False,False
-7.485883,7.6918373,-0.11778517,5.322873,-1.0434326672315524,1.096693499641637,True,False,False,False,False,False,False,False,False,False,False,False
-5.892017,-9.308585,1.1706663,-0.5235059,-1.6048849161580434,0.5348480221188877,False,False,False,False,False,False,False,False,False,False,False,False
-8.033341,2.0239327,-0.8828616,4.9827456,-0.5881277009160162,0.6239992737497255,True,False,False,False,False,False,False,False,False,False,False,False
-7.452946,-0.25084865,1.4778552,-0.68478715,-0.9872790335071528,0.6312007566274773,True,False,False,True,False,False,False,False,False,False,False,False
1.886444,-7.831885,2.0465393,-2.3348656,-0.9541878965559542,-1.2030015222243975,True,False,False,False,False,False,False,False,False,False,False,True
-7.1108685,5.7582974,1.3698549,4.698353,0.1195804898689173,1.0149479856138908,False,False,False,False,False,False,False,False,False,False,False,False
-7.6594367,-3.0691128,-0.0422736,-1.4314032,-0.6176054220074753,-0.1087410306287041,False,False,False,False,False,False,False,False,False,False,False,False
-3.286483,7.7629576,-0.3538875,2.3421893,0.192750612957687,1.4826714641522791,False,False,False,False,False,False,False,False,False,False,False,False
-4.8798804,6.7386394,-1.3455698,2.7386947,-0.8199996906712292,0.4094446742250046,False,False,False,False,False,False,False,False,False,False,False,False
-13.060846,-2.8710074,-6.1112933,-3.5963356,-1.2506431058566394,1.2837862897660908,True,False,False,False,False,False,False,False,False,False,False,False
1.5695881,-8.543113,3.6723714,-3.0384195,-1.6877933643752252,-1.0039978175212654,False,False,False,False,False,False,False,False,False,False,False,False
7.990373,-2.4922738,0.71112734,-1.7570114,0.0471907590296459,-2.505314949959074,False,False,False,False,False,False,False,False,True,False,True,False
10.416512,2.2074237,-0.10575539,-0.62874824,2.447837699346509,-2.801243563323581,False,False,False,False,False,False,False,False,False,False,False,False
-5.2771616,-1.9902427,-6.5894794,-0.95407516,-0.1142742581728862,-0.9017552626064136,False,False,False,False,False,False,False,False,False,False,False,False
-5.0184727,2.166073,-4.4397063,-3.251845,-0.7219597861212416,1.045917059937184,False,False,False,False,False,False,False,False,False,False,False,False
2.551826,6.443134,-2.420105,-0.74040705,0.0843105474625505,0.4171111125933019,False,False,False,False,False,False,False,False,False,False,False,False
-4.476575,-2.6561737,-0.7018828,-0.79917073,-0.7636046683358901,0.4021876096196618,False,False,False,False,False,False,False,False,False,False,False,False
6.358329,-6.6492147,3.7657955,-0.22254881,-1.7422073582263329,-2.464409974419475,False,False,False,False,False,False,False,False,False,False,False,False
3.8430805,-10.257675,7.8739204,-1.3855499,-0.8968899303525142,-2.1160013596934344,False,False,False,False,False,False,False,False,False,False,False,False
2.1076584,-8.342197,8.782228,-2.7487187,-1.225795880010944,-3.4101365571055102,False,False,False,False,False,False,False,False,False,False,False,True
3.8387256,11.128622,-6.4681253,-0.09422806,4.4094944657002015,0.98892922863487,False,False,False,False,False,False,False,True,False,False,False,False
9.029784,5.2237744,-1.6053334,-1.3570918,3.228604708588227,0.1226204565856274,False,False,False,False,False,False,False,True,False,False,False,False
4.6587586,4.887217,2.1221712,-0.3917143,0.3547933202743954,0.5189694101631209,False,False,False,False,False,False,False,False,False,False,False,False
0.73304117,-8.366036,5.1812034,-2.3426635,-0.7391821935250326,-1.2438785287492828,False,False,False,False,False,False,False,False,False,False,False,False
4.6863723,10.464919,-0.65994865,1.3197806,1.6016891295248383,0.8049519196841393,False,False,False,False,False,False,False,False,False,False,False,False
-4.223778,9.101998,-2.9521976,5.0921936,-0.1718488084219626,1.4314942333045626,False,False,False,False,False,False,False,False,False,False,False,False
12.415379,2.5333922,1.6282345,-1.241107,1.3689073413746418,-0.1395524961985197,False,False,False,False,False,False,False,False,False,False,False,False
-7.0640664,-2.0131547,-5.7313437,-4.0519156,-0.5691558599053278,2.887550909559019,False,False,False,False,False,False,False,False,False,False,False,False
7.9653826,3.7154613,0.8789544,-0.7047124,0.3390323793270898,-0.7864660871535571,False,False,False,False,False,False,False,False,False,False,False,False
-9.658753,1.6677501,-0.2124328,12.96003,-1.2739732586831227,1.027575397652584,False,False,False,False,False,False,False,False,False,False,False,False
1.7581003,-4.2856407,6.1128483,-3.6404161,0.4171667409682014,-0.1705771950181699,False,False,False,False,False,False,False,False,False,False,False,False
-7.2141557,-2.3801415,-5.037439,-1.6414382,-0.3101970912903189,1.3427398655703342,False,False,False,False,False,False,False,False,False,False,False,False
7.654722,6.6117086,-1.6622599,-0.80741906,6.554633984568654,-1.3592270865524585,False,False,False,False,False,False,False,False,False,False,False,False
7.3467703,0.53146595,1.2642485,-0.1597805,0.6212249409288896,-2.384949527552985,False,False,False,False,False,False,False,False,False,False,True,False
-5.80475,2.807618,-6.538043,-4.229868,0.5738788006350942,0.6071917906113836,False,False,False,False,False,False,False,False,False,False,False,False
4.766828,-1.2468445,0.88579124,-0.21642292,-0.3401922721456983,-1.7943915947393492,False,False,False,False,False,False,False,False,False,False,True,True
-3.3253233,-5.081735,-5.2680407,-2.7584002,-0.1931638564083969,0.1943923312204577,False,False,False,False,False,False,False,False,False,False,False,False
-5.4146132,-5.187436,-1.152339,-0.4712692,-1.77888587464249,0.1695111294968977,True,False,False,False,False,False,False,False,False,False,False,False
6.1242704,6.132653,-1.3046153,-0.8491986,2.0374570025405583,0.2292297628861229,False,False,False,False,False,False,False,True,False,False,False,False
-6.752839,-2.0393617,-2.7051845,-4.051732,-0.8056515717031393,1.7524978427813032,False,False,False,False,False,False,False,False,False,False,False,False
6.8830557,-4.6819334,1.0523317,-1.4312096,-0.1943838703137621,-0.3141144398380349,False,False,False,False,False,False,False,False,False,False,False,False
-7.0558124,-2.4481735,-2.9218893,-2.0412962,-1.4784988008391875,0.4494163262733924,True,False,False,False,False,False,False,False,False,False,False,False
8.289189,-0.108676136,0.594731,-1.090989,-0.6964310631567325,-2.447261965434208,False,False,False,False,False,False,False,False,True,False,True,False
-7.967292,-0.9112078,-4.3860993,-3.7613723,-0.7639052840523939,3.875490230480701,False,False,False,False,False,False,False,False,False,False,False,False
-6.5505333,-1.0928315,-8.460983,-3.9020855,0.082539744999534,1.061445692270727,False,False,False,False,False,False,False,False,False,False,False,False
-8.018477,4.52252,-6.690138,-2.0231643,-0.1338370867164509,1.70523855351828,False,False,False,False,False,False,False,False,False,False,False,False
-7.517172,-0.19978586,-4.7818084,-0.14594474,-0.6843629840894286,2.2964744345422394,False,False,False,False,False,False,False,False,False,False,False,False
-6.238275,3.2752664,-7.6580334,-5.1471114,-0.4117100612140044,-0.0218307562091643,False,False,False,False,False,False,False,False,False,False,False,False
-0.09317349,-9.999402,4.2650194,-1.9407332,-1.4942896328180804,-0.5900830670002043,True,False,False,False,False,False,False,False,False,False,False,False
7.7486606,10.9384985,-3.6910179,3.2766693,4.204651155378058,0.4287547858598861,False,False,False,False,True,False,False,True,False,False,False,False
-1.0199277,-3.086038,-0.06325131,-0.086181946,-1.49243392609912,-2.5027819933450823,False,False,False,False,False,False,False,False,False,False,False,False
0.44126529,5.2392397,-0.78070295,5.002288,0.2369077566170411,2.507125526037906,False,False,False,False,False,False,False,False,False,False,False,False
8.929949,1.0684892,0.5170078,-0.7661526,0.0986438823453566,-1.2649533884589632,False,False,False,False,False,False,False,False,False,False,False,False
5.8432584,3.7209024,1.1178861,-1.5587816,3.276098691319734,-0.0772648569773657,False,False,False,False,True,False,False,False,False,False,False,False
-7.4859266,0.64081955,1.8667924,8.330423,-0.8163783417828059,0.2891722954376469,True,False,False,False,False,False,False,False,False,False,False,False
-4.8293643,7.0454054,-1.9893945,3.705098,-1.159941837371412,1.6658408286522413,True,False,False,False,False,False,False,False,False,False,False,False
-7.8270802,2.4793835,2.2470708,6.811183,0.5688653840945935,1.0527314228158606,False,False,False,False,False,False,False,False,False,False,False,False
-6.601633,0.40044233,2.2526267,7.6241446,-0.6275409729037512,0.4803019873788823,False,False,False,False,False,False,False,False,False,False,False,False
-6.9979467,2.6627269,-0.56870997,4.9581347,-0.447158334315349,-0.332286045288888,False,False,False,False,False,False,False,False,False,False,False,False
-9.791758,4.3491864,2.6109693,12.403307,-0.6275409729037512,0.4803019873788823,False,False,False,False,False,False,False,False,False,False,False,False
5.5401354,3.3062172,1.1178861,-1.5587816,4.242135471784756,-1.3543871863163055,False,False,False,False,True,True,False,False,False,False,False,False
-6.895734,-5.11323,-3.89269,-1.5363114,-0.1509235708986409,0.5755154024751018,True,False,False,False,False,False,False,False,False,False,False,False
-3.825659,-1.2188358,1.8229395,1.2403789,-0.1239533015033278,1.1261929458339843,False,False,False,False,False,False,False,False,False,False,False,False
-5.598497,-1.9379731,1.1720927,-0.19638893,-0.3312886660039428,0.1233657260393034,True,False,False,False,False,False,False,False,False,False,False,False
-5.841577,3.8482804,3.4175808,4.8362355,-0.5438389654208892,-0.5365834165818657,False,False,False,False,False,False,False,False,False,False,False,False
5.759667,4.6181574,0.85968375,-1.208459,2.288359997421905,0.2747274841578239,False,False,False,False,False,False,False,False,False,False,False,False
4.072311,-7.3092995,10.735861,-2.1300025,-0.7752736256868249,-0.96947205208839,False,False,False,False,False,False,False,False,False,False,False,False
-4.733464,1.71136,-4.8505063,-4.0130877,0.3200054071284544,0.8950526108798136,False,False,False,False,False,False,False,False,False,False,False,False
8.024957,-1.5986266,1.5754658,-0.73978907,0.3430700893094466,-3.5238650712759454,False,False,False,False,False,False,False,False,True,False,True,False
-0.84590334,8.155566,-1.893317,0.33222678,0.5517589856030015,2.6746932994926538,False,False,False,False,False,False,False,False,False,False,False,False
5.371947,10.39718,-1.8077261,2.526377,3.4218400599511813,1.1695688477930628,False,False,False,False,False,False,False,True,False,False,False,False
-4.635075,-2.409045,6.8282967,7.2550817,-0.3536851046314931,0.8216465322626658,False,False,False,False,False,False,False,False,False,False,False,False
10.348461,0.03811525,0.8693708,-0.32127428,0.3028473278913481,-0.0893465122488229,False,False,False,False,False,False,False,False,False,False,False,False
-5.0752683,-2.2598166,0.28439787,3.1823094,-0.850254646596536,-0.1894969792402575,False,False,False,False,False,False,False,False,False,False,False,False
2.3677573,1.864934,1.3499812,4.793293,1.0827483634383372,0.4950613775611456,False,False,False,False,False,False,False,False,False,False,False,False
-7.2971644,6.8835196,-4.958988,4.139733,0.8015115308789021,1.4258259922226777,False,False,False,False,False,False,False,False,False,False,False,False
2.9346485,-5.1070294,-1.8572509,-1.0866654,-0.7712953498171329,0.1441709627437886,True,False,False,False,False,False,False,False,False,False,False,False
-2.7191224,-0.16152242,-4.2038302,-3.4887393,-0.9743332087381792,1.1595361858389146,False,False,False,False,False,False,False,False,False,False,False,False
4.4976006,-3.626096,-0.9122042,-2.177968,-1.127824630341055,-4.507244267848567,False,False,False,False,False,False,False,False,False,False,True,True
7.059598,-0.7326059,0.85656404,-1.0375042,0.8517319013668995,-2.7699193525794623,False,False,False,False,False,False,False,False,True,False,True,False
-5.9816427,6.62494,-0.21770799,4.646845,-0.049696713691211,1.4028500860168869,False,False,False,False,False,False,False,False,False,False,False,False
-4.2947335,9.748266,-1.8559139,2.2327504,-0.0972625259345388,3.230216116519747,False,False,False,False,False,False,False,False,False,False,False,False
5.6533318,-7.2779436,4.76335,-2.082533,-0.7005759109007172,0.3580045226155017,False,False,False,False,False,False,False,False,False,False,False,False
0.09928842,7.5344877,-2.4758794,-4.973357,-0.8275265107055899,1.450596555082469,False,False,False,False,False,False,False,False,False,False,False,False
-5.292857,-0.03630048,4.5615106,7.806208,-0.9783713189302028,-0.6177513372000848,True,False,False,False,False,False,False,False,False,False,False,False
7.8026495,-6.915913,1.9044163,-0.63828295,-1.297808155349328,-0.212592089220318,False,False,False,False,False,False,False,False,False,False,False,False
-5.6113663,-1.8916515,-4.3920784,-1.7169192,-0.080425304550164,1.9701158330177115,False,False,False,False,False,False,False,False,False,False,False,False
9.866424,3.7775247,0.18329476,-0.65391964,3.166770327003321,-0.1706369655725778,False,False,False,False,True,True,False,False,False,False,False,False
-3.8839302,-3.4341352,-0.172074,-0.23238695,-0.6300053151652754,0.440088202399145,False,False,False,False,False,False,False,False,False,False,False,False
8.9670515,4.722168,-0.119335815,-0.73707765,4.209558187430589,0.1509999662912543,False,False,False,False,True,False,False,True,False,False,False,False
-5.5938015,7.3130136,0.27690718,4.176163,-0.3964681219348131,1.9652936941794992,True,False,False,False,False,False,False,False,False,False,False,False
7.315335,-4.051359,4.2771363,-2.0165043,-0.4531638957658024,-1.9394264122359373,False,False,False,False,False,False,False,False,False,False,False,False
-6.9341726,-6.0963354,1.24096,0.35586002,-0.4062983592014933,0.4997879781616078,False,False,False,False,False,False,False,False,False,False,False,False
-5.7853518,-1.8541179,1.5620819,4.1338344,-0.2882409896326285,1.2435526885037451,True,False,False,False,False,False,False,False,False,False,False,False
-3.8991253,6.8797545,-1.1299622,1.6407766,0.2230968655925982,1.6783199945117804,False,False,False,False,False,False,False,False,False,False,False,False
-2.184266,4.8114786,0.04393456,5.3285728,-1.2499904335519003,0.7758448430439845,True,False,False,False,False,False,False,False,False,False,False,False
7.4466248,-3.5681224,3.6823988,-1.0630673,-0.8636847558770901,-1.3823187504483143,False,False,False,False,False,False,False,False,False,False,False,False
-7.925781,4.2184105,-2.5007305,8.3972845,-0.7773351558415615,3.072976583760623,False,False,False,False,False,False,False,False,False,False,False,False
-6.0259724,11.176702,-3.298632,1.9056011,0.2495408545816302,3.4821010240772985,False,False,False,False,False,False,False,False,False,False,False,False
-4.8720727,-7.2793436,5.3300333,0.097357765,-1.3310451064790034,-0.8673953707472121,False,False,False,False,False,False,False,False,False,False,False,False
4.7451925,0.122653544,-4.956953,-1.1752971,0.0764676630609086,0.9619670020512132,False,False,False,False,False,False,False,False,False,False,False,False
12.865659,3.6026866,-0.002406095,-1.4641244,0.3262439030439125,0.2805346456758167,False,False,False,False,False,False,False,False,False,False,False,False
-11.510161,-0.7718567,-2.4691222,3.9440057,-1.1871425147261463,0.2562339639438943,True,False,False,False,False,False,False,False,False,False,False,False
3.5684886,-6.4324284,11.436849,-2.4388068,-1.1266984342058406,-0.7927658631194563,False,False,False,False,False,False,False,False,False,False,False,False
8.036191,-0.5587937,0.31530327,-1.3162456,0.7559285907368569,-3.526730287386893,False,False,False,False,False,False,False,False,True,False,True,False
0.5297933,-1.3758276,7.095364,-2.4546764,0.3547933202743954,0.5189694101631209,False,False,False,False,False,False,False,False,False,False,False,False
-9.527906,-0.8764956,0.025320236,9.970236,-2.046357812227091,0.9497291645214114,True,False,False,False,False,False,False,False,False,False,False,False
10.620818,5.336655,-0.25770718,-0.22301213,4.37984933902627,-0.6231560056928469,False,False,False,False,True,True,False,False,False,False,False,False
-7.7867284,-1.6476016,3.9716146,9.09159,-0.1803062214144705,0.3953945708598704,False,False,False,False,False,False,False,False,False,False,False,False
-1.5250907,-8.153107,2.4644437,0.8567116,-1.3018161767868033,1.2834738848448994,False,False,False,False,False,False,False,False,False,False,False,False
12.108395,4.7154984,-0.37415355,0.15469761,2.0708083136781443,-1.565292578916712,False,False,False,False,False,False,False,False,False,False,False,False
-6.601633,0.40044233,2.2526267,7.6241446,-0.8561390375618798,-0.7962387699610007,False,False,False,False,False,False,False,False,False,False,False,False
-0.4631121,-5.6620126,9.972642,-4.2288175,-0.1202149991392514,-0.5382103422530814,False,False,False,False,False,False,False,False,False,False,False,False
8.522193,7.5492187,0.68384403,-0.61079717,1.4791288396335251,0.2693115556576759,False,False,False,False,False,False,False,False,False,False,False,False
-3.2654376,-4.989493,4.535529,-0.30542782,-1.7340893789825882,-1.6527087394851003,True,False,False,False,False,False,False,False,False,False,False,True
0.78891736,2.0487647,2.0546064,-0.71295327,0.189357331883488,1.7720824815957097,False,False,False,False,False,False,False,False,False,False,False,False
-6.9048944,-7.210335,0.4619457,0.044411454,-2.196642271401659,-0.7965590711921774,False,False,True,False,False,False,False,False,False,False,False,False
-0.56454563,-9.489422,2.6475482,-1.5042692,-1.0214213334089386,0.0204372755060533,False,False,False,False,False,False,False,False,False,False,False,False
5.5780907,-1.9892768,2.9199324,-0.6503969,1.2414343424987138,0.2049225873409672,False,False,False,False,True,False,False,False,False,False,False,False
-5.024919,12.630496,-2.650553,2.4501557,0.4256417690498368,2.5714607013584705,False,False,False,False,False,False,False,False,False,False,False,False
7.167196,-4.778959,2.7862084,-0.21560363,-1.143365247212096,-1.81486527118721,False,False,False,False,False,False,False,False,False,False,False,False
7.4614186,6.086511,-1.9670125,4.4427876,5.074327017661717,-1.671439129222609,False,False,False,False,False,False,False,False,False,False,False,False
6.031737,-6.5889163,2.5332665,-1.1360933,-0.7386856065414974,-2.086189025997552,False,False,False,False,False,False,False,False,False,False,False,False
-1.4718297,1.9695793,0.17093518,-0.5434135,-1.1742996751171375,2.661577040959331,False,False,False,False,False,False,False,False,False,False,False,False
-12.086704,-1.7847177,-4.0022817,-2.8932753,-1.094806048480153,3.233951247259758,True,False,False,False,False,False,False,False,False,False,False,False
10.123569,3.7847352,0.8652814,-0.2729579,2.7644206970160745,-0.4066963937498835,False,False,False,False,True,False,False,False,False,False,False,False
-6.664082,0.88124126,-3.9562697,-2.9131472,-0.4724156712603399,2.2161180761850123,False,False,False,False,False,False,False,False,False,False,False,False
-5.3168106,-3.2563353,-3.8757885,-4.0732927,-0.2784249370654038,0.5085671473018327,False,False,False,False,False,False,False,False,False,False,False,False
-3.3262482,0.37329254,0.8815634,5.748539,0.372980999282303,-0.5319721446852137,False,False,False,False,False,False,False,False,False,False,False,False
-1.4698915,10.207319,-1.8030074,2.1750762,0.4307557354547633,2.7088255885103663,False,False,False,False,False,False,False,False,False,False,False,False
-5.5546136,2.315966,-6.538043,-4.229868,-0.0166778225361882,0.376772981846913,False,False,False,False,False,False,False,False,False,False,False,False
-2.7830248,-6.6824274,5.045212,1.9620906,-0.4018888304576265,-0.8457799681735595,False,False,False,False,False,False,False,False,False,False,False,False
-6.651087,10.777229,-2.683028,2.2826536,0.1886697244421555,2.4394091697145086,False,False,False,False,False,False,False,False,False,False,False,False
-5.310455,0.5310274,2.0682335,5.2556577,-0.8476621059126209,-0.9301021266937162,False,False,False,False,False,False,False,False,False,False,False,False
5.8855515,-5.862847,5.73325,0.509176,-2.5080419424414897,-5.893649205662865,False,False,False,False,False,False,False,False,False,False,False,False
0.840543,-9.224939,5.115538,-2.5213466,-1.132496978182514,-2.3974451626403623,False,False,False,False,False,False,False,False,False,False,False,False
3.5073955,-8.339186,8.798195,-1.9323668,-0.8128443820663924,-1.5213469048965844,False,False,False,False,False,False,False,False,False,False,False,False
-1.9079707,-4.932151,-0.36248708,-0.51678807,-2.394278882615656,0.763171791226381,False,False,False,False,False,False,False,False,False,False,False,False
6.5416045,4.544297,-0.2375586,-0.42838115,3.29420603987182,0.045850142876922,False,False,False,False,True,False,False,False,False,False,False,False
10.132977,8.230714,-0.060828842,-0.5030988,4.844033350598422,-0.0938391553573358,False,False,False,False,False,True,False,True,False,False,False,False
-6.006372,11.787406,-1.8295722,2.047072,0.6549225959411422,4.069787014728717,False,False,False,False,False,False,False,False,False,False,False,False
5.774629,-8.458737,8.934361,-0.78600836,-3.117589015747882,-3.5318707465802968,False,False,False,False,False,False,False,False,False,True,False,False
-5.563925,-2.0222242,-3.6046555,-6.822973,-2.2043521225934937,1.1858420536137455,True,False,False,False,False,False,False,False,False,False,False,False
7.6638575,5.277887,0.49874142,0.34132233,0.3547933202743954,0.5189694101631209,False,False,False,False,False,False,False,False,False,False,False,False
-4.1930876,10.342682,-3.8589442,2.8795564,-0.3113365260440106,1.0392958224460076,False,False,False,False,False,False,False,False,False,False,False,False
3.0634186,-5.3453026,0.74353147,0.7632925,-0.4874088913910078,-1.0637548351863118,False,False,False,False,False,False,False,False,False,False,False,False
-8.468086,9.039078,-3.296601,3.513629,-0.0152394088115159,1.2994332364830952,False,False,False,False,False,False,False,False,False,False,False,False
-9.694074,1.9123784,-0.45973757,3.6091123,-1.279560701504872,2.6558707473405017,False,True,False,False,False,False,False,False,False,False,False,False
4.3856635,-7.5438824,1.8114289,-0.06486955,-1.2880363679481142,-2.917019437503029,False,False,False,False,False,False,False,False,False,False,False,False
6.5942945,-2.8857152,2.901833,-1.7343264,-0.1194145529265157,-0.5051116335321791,False,False,False,False,False,False,False,False,False,False,False,False
-5.2504334,-5.027557,2.1818035,0.26237142,-0.7585415293820772,1.4218930747855925,False,False,False,False,False,False,False,False,False,False,False,False
-8.361411,-1.6939973,-3.8223119,-1.6826305,-0.6334731913202677,0.1723277521089133,False,False,False,False,False,False,False,False,False,False,False,False
-9.534897,-6.248516,-3.1921692,-1.8305368,-1.101572772631003,1.1920086110254815,True,False,True,False,False,False,False,False,False,False,False,False
9.153672,-0.5129276,0.39483714,-0.72853243,0.7650445795195786,-2.7593938444671045,False,False,False,False,False,False,False,False,True,True,False,False
-6.534834,-5.0896792,-1.7421165,-4.439236,-0.5428468358136888,0.5186147055383272,True,False,False,True,False,False,False,False,False,False,False,False
8.457218,8.104772,-2.4016712,0.23373528,4.92756986911157,0.202946684328621,False,False,False,False,True,False,False,True,False,False,False,False
-9.209263,-5.531782,3.5701158,0.87036145,-2.199485089693581,0.3444248643237536,False,True,False,False,False,False,False,False,False,False,False,False
4.2642,-8.854889,7.441737,-1.8005323,-1.1635370076937337,-2.436016240513222,False,False,False,False,False,False,False,False,False,False,False,False
-7.9597526,1.8461341,-9.505042,-2.9306674,0.1128468813698193,1.0302610735441011,False,False,False,False,False,False,False,False,False,False,False,False
9.083927,-5.0309463,2.5997095,-1.8549651,-0.3494777322386847,-1.3902429341248657,False,False,False,False,False,False,False,False,False,False,False,False
6.041264,6.138681,-2.23261,2.3337018,0.0722734326615609,-0.2695321178096346,False,False,False,False,False,False,False,False,False,False,False,False
-8.971501,0.5637709,-4.91254,-2.563796,-0.6881857191573872,0.3913437774619726,False,False,False,False,False,False,False,False,False,False,False,False
2.7022774,-8.287683,5.6246467,-4.522861,0.1112196611266844,-0.105321706746557,False,False,False,False,False,False,False,False,False,False,False,False
-3.636096,-8.12378,6.389951,-1.8003794,-0.5640037601283443,-0.0944210937703963,False,False,False,False,False,False,False,False,False,False,False,False
-0.18896753,-4.169483,6.741489,-1.8004004,-0.4309669621697203,-0.0152555697092087,False,False,False,False,False,False,False,False,False,False,False,False
10.159554,5.8832426,0.022105781,-0.99023217,6.729851050672966,-0.4192206487884504,False,False,False,False,True,True,False,False,False,False,False,False
1.0347756,-7.45955,5.467075,-2.521368,-1.0763450915124688,-0.7124766420816203,True,False,False,False,False,False,False,False,False,False,False,False
-7.6289325,7.8746266,-2.8493102,3.0737891,-0.0575122816746331,2.990830808762732,False,False,False,False,False,False,False,False,False,False,False,False
7.96136,-2.56689,2.8949304,-1.0621209,0.4275804520795099,-3.1660096771772714,False,False,False,False,False,False,False,False,True,True,False,False
6.328046,-7.4686937,2.5434573,-0.8116836,-0.2396716333621379,-0.664232811917677,False,False,False,False,False,False,False,False,False,False,False,False
4.763437,10.328924,-2.725283,0.10919923,2.4240928589312105,1.5242014401612316,False,False,False,False,False,False,False,True,False,False,False,False
-10.680634,2.6322649,-5.1355133,4.259567,-2.006090676105311,2.905138236927012,True,False,False,False,False,False,False,False,False,False,False,False
-3.0795882,7.0130086,-2.3847778,6.766253,0.2638984945551854,1.2463958556409946,False,False,False,False,False,False,False,False,False,False,False,False
-7.9951277,-5.97304,-5.024822,-4.315795,-1.352621824866933,0.8710845798290832,True,False,False,False,False,False,False,False,False,False,False,False
-5.2600465,-4.6851726,1.0979971,0.16600116,-1.1426250933354938,-0.6008649169520661,True,False,False,False,False,False,False,False,False,False,False,False
5.7309527,9.11911,-1.4474481,0.1438842,2.448570276657249,0.6544604888981949,False,False,False,False,False,False,False,False,False,False,False,False
-10.10566,1.3954312,0.7806748,13.900707,-0.719158005545556,1.267900525335862,True,False,False,False,False,False,False,False,False,False,False,False
8.866211,5.500462,1.435112,0.16996177,0.3547933202743954,0.5189694101631209,False,False,False,False,False,False,False,False,False,False,False,False
-5.257251,9.00468,-4.085873,1.2931281,-1.457798167453649,3.17739948312478,True,False,False,False,False,False,False,False,False,False,False,False
2.6304705,-8.192599,7.903072,-0.6299539,-1.1325583451889785,-0.5931554652175844,False,False,False,False,False,False,False,False,False,False,False,True
-9.437205,8.494483,-3.0356827,10.033605,-0.7073237038600825,4.437861947180388,False,False,False,False,False,False,False,False,False,False,False,False
4.16731,11.2921715,-2.4914322,-0.5467608,5.194999646206457,1.6371425368747443,False,False,False,False,False,False,False,True,False,False,False,False
1.8942527,6.616019,1.1708064,3.7960682,0.3547933202743954,0.5189694101631209,False,False,False,False,False,False,False,False,False,False,False,False
-5.926598,5.806734,-1.0602169,5.0410004,0.0466497943252103,-0.0519376895166099,False,False,False,False,False,False,False,False,False,False,False,False
4.2969017,-5.6147532,1.7067966,-0.8382206,-0.2174095703863272,-1.3205163274412923,False,False,False,False,False,False,False,False,False,False,False,False
-9.301268,3.9428432,-7.530003,-2.0006566,-0.7329491707809027,4.516345416546073,False,False,False,False,False,False,False,False,False,False,False,False
12.54206,4.357158,-0.101114936,-0.46472695,0.6304112351026634,0.1528852503400054,False,False,False,False,False,False,False,False,False,False,False,False
1.1224254,-9.470973,5.850916,-1.5442517,-1.429552996731808,-2.231047950069868,False,False,False,False,False,False,False,False,False,False,False,True
-7.709412,-4.3999233,-5.0667696,-0.4399384,-0.5007912890495747,0.5836035458825761,False,False,False,False,False,False,False,False,False,False,False,False
1.906622,-8.910509,5.356755,-4.23082,-1.0418870379071572,-1.2198338002440925,False,False,False,False,False,False,False,False,False,False,False,False
6.006418,3.0159278,0.032800086,2.3275292,0.3547933202743954,0.5189694101631209,False,False,False,False,False,False,False,False,False,False,False,False
-3.2680051,-4.7409196,-2.2330036,0.6183661,-1.175151988973374,0.807407921701104,True,False,False,False,False,False,False,False,False,False,False,False
5.8295903,-9.283414,5.0905333,-1.9643755,-0.6153584373722145,-1.553657944014636,False,False,False,False,False,False,False,False,False,False,False,False
-1.0541095,-3.113137,3.2573738,6.302187,-1.4457851070248997,-0.8332482924623045,True,False,False,False,False,False,False,False,False,False,False,False
8.0870905,0.62116873,-0.33604157,-0.5393373,-0.638102042752236,-0.8741855537329133,False,False,False,False,False,False,False,False,True,False,False,False
-4.0079765,-4.071518,-4.225447,-2.5984201,-2.875369367447777,-0.2294548184869022,True,False,False,False,False,False,False,False,False,False,False,False
-9.397549,-1.4891683,-6.9053144,-3.4539423,-0.7205455943437498,0.706812135312367,True,False,False,False,False,False,False,False,False,False,False,False
-3.2206366,10.2802925,-3.0280592,4.882085,-0.5369117869487268,2.3542610973555576,True,False,False,False,False,False,False,False,False,False,False,False
6.214083,11.129547,-5.0743113,-0.50657743,2.866562665132861,0.8797210172812433,False,False,False,False,False,False,False,True,False,False,False,False
1.7412971,6.6693377,-3.7609744,-3.8743253,-0.4509410681955522,0.1548700279200463,False,False,False,False,False,False,False,False,False,False,False,False
7.8295307,-6.556487,2.3630753,-2.4757204,-0.5272360324280615,-0.2765069306423239,True,False,False,False,False,False,False,False,False,False,False,False
-7.0282536,-0.37237325,-7.128022,-3.0415835,-0.3585018659405879,1.7552631977773072,False,False,False,False,False,False,False,False,False,False,False,False
-5.1457615,1.7323905,-4.398842,-3.239768,-0.3796571439868123,1.4870532477029923,False,False,False,False,False,False,False,False,False,False,False,False
4.92195,7.1554995,-3.043699,0.37879995,1.389062018239701,0.4774218493428766,False,False,False,False,False,False,False,False,False,False,False,False
-2.207226,-5.3818717,1.2528795,-1.5200979,-0.1465276085714255,-0.1418924996860134,False,False,True,False,False,False,False,False,False,False,False,False
-7.442099,4.595634,1.467404,10.280106,-1.30082165812155,-0.4202407553131278,False,False,False,False,False,False,False,False,False,False,False,True
-10.493106,-0.40000486,-6.1571736,1.5948331,-2.6101307591050453,0.7939041209625814,True,True,False,False,False,False,False,False,False,False,False,False
6.9364986,-7.758848,2.0067034,-0.19779907,-1.3448343383712398,-3.5572186147025824,False,False,False,False,False,False,False,False,False,False,False,False
-2.8804502,-5.3851795,-5.6037,-1.7025456,-0.7091600891568602,0.936222807726696,False,False,False,False,False,False,False,False,False,False,False,False
-7.057596,-1.5765848,0.1280469,4.5709233,-1.4837654347807483,0.3600839966917133,False,False,False,False,False,False,False,False,False,False,False,False
-7.775079,7.8964095,-4.065618,2.0239785,-0.8041858342933316,4.00317271132882,True,False,False,False,False,False,False,False,False,False,False,False
-6.734155,-9.1256,3.7438824,0.7687046,-2.7534072575866952,0.1255799610156352,True,False,False,False,False,False,False,False,False,False,False,False
5.179215,-1.7384756,-0.14676683,-0.82837516,-0.632101421862233,-2.0596321063996395,True,False,False,False,False,False,False,False,True,False,True,False
3.8793414,11.44288,-4.3392177,2.0953157,3.7313962229212287,1.7129640945656408,False,False,False,False,False,False,False,True,False,False,False,False
-3.523903,5.130634,-1.3236251,8.469529,-1.1318764915629511,-0.432027074235252,True,False,False,False,False,False,False,False,False,False,False,False
7.8816,-4.041595,3.227996,-0.11073051,-0.5688838368176906,-2.2128373809299364,False,False,False,False,False,False,False,False,False,True,False,False
-7.4574513,-5.546351,3.1510425,0.8321271,-3.7703075360092666,-0.1404192258258985,True,True,False,False,False,False,False,False,False,False,False,False
-7.1131477,2.1539574,-6.539262,-3.3524845,-0.4179560201460782,2.113178410242477,False,False,False,False,False,False,False,False,False,False,False,False
-1.049587,4.224141,0.7579841,5.3449783,-1.2086998457598546,1.0010364794817406,False,False,False,False,False,False,False,False,False,False,False,False
-2.862641,1.3526372,-3.7787347,-0.73401535,-0.0894687966414931,1.268655244670808,False,False,False,False,False,False,False,False,False,False,False,False
-0.44969535,-8.341286,6.741489,-1.8004004,-3.510643071862205,-2.562199923352731,False,False,False,False,False,False,False,False,False,False,False,False
3.8387015,-7.7431507,7.437927,-0.54282546,-1.5701643854078184,-2.5536186203605613,False,False,False,False,False,False,False,False,False,False,False,False
0.6593176,-3.50698,8.083908,-2.1839776,-1.1144955510875232,-0.5532901742059291,False,False,False,False,False,False,False,False,False,False,False,False
-2.9698296,1.1672143,1.8692957,3.2062745,-0.4181863981527062,0.1345822852069925,False,False,False,False,False,False,False,False,False,False,False,False
4.8482065,-4.8585606,1.097837,-0.09116756,-0.6603263025428034,-1.7378050307146602,False,False,False,False,False,False,False,False,False,False,False,False
2.877569,-8.283405,6.037388,-1.1843433,-2.2876262670527847,-1.349117143027749,True,False,False,False,False,False,False,False,False,False,False,False
-6.424649,7.662132,-1.839483,16.263714,-1.0654470235581994,1.7397818692225648,True,False,False,False,False,False,False,False,False,False,False,False
3.3182745,-9.9543705,3.6346169,-1.2208216,-0.349250823226838,-1.1241188891197855,False,False,False,False,False,False,False,False,False,False,False,False
-14.405457,-2.6324687,-7.711294,-3.7473388,-1.8089246825217653,2.586882016827989,True,False,False,False,False,False,False,False,False,False,False,False
-6.5204387,-2.02295,4.1422977,8.05752,-1.1734961737046743,-1.1430056704008118,False,False,False,False,False,False,False,False,False,False,False,False
-4.580484,-0.85833913,1.1940519,7.9833817,-0.4861569550054916,0.7868734131756814,False,False,False,False,False,False,False,False,False,False,False,False
7.2846756,-5.96483,3.5846837,-1.2990856,-1.433941719598212,-4.629956509356628,False,False,False,False,False,False,False,False,False,False,False,True
2.4384842,2.049081,0.32349434,4.65057,0.1557257769306471,0.8284963474962995,True,False,False,False,False,False,False,False,False,False,False,False
-7.2689466,-1.1868277,-0.062582605,4.7247787,-0.8035560495304807,0.4662877673130975,True,False,False,False,False,False,False,False,False,False,False,False
-11.417587,2.0478294,-8.898729,-4.399847,-1.3775555026206323,4.735448516949616,False,False,False,False,False,False,False,False,False,False,False,False
7.0863857,10.059151,-3.1603432,2.217188,4.2737948177995335,0.0973169035989206,False,False,False,False,False,False,False,False,False,False,False,False
5.4511213,-2.8634703,0.44854003,-0.66188914,0.1488496402547526,-0.0615488797733115,False,False,False,False,False,False,False,False,False,False,True,False
10.895754,4.912681,0.62961173,-0.9154299,8.017659471087793,-0.5912596145921226,False,False,False,False,False,False,False,True,False,False,False,False
8.734219,-4.8727,2.641533,-1.114069,-1.1559716742482256,-1.7954169209102953,False,False,False,False,False,False,False,False,False,False,False,False
-1.1072189,-6.5903473,3.8819838,-2.002705,-0.9771342517503152,-0.8857088244260471,False,False,False,False,False,False,False,False,False,False,False,False
-8.179599,-5.2076154,-5.796985,-2.9932466,-1.1992813668095856,-0.6455300654735466,False,False,False,False,False,False,False,False,False,False,False,False
-12.086737,0.9992338,-7.0811386,-1.4872141,-1.6843130476799617,4.576783247370698,False,False,False,False,False,False,False,False,False,False,False,False
-0.4275401,-6.7863307,3.4673815,-1.5109136,-2.960537970544096,0.0858689366511625,True,True,False,False,False,False,False,False,False,False,False,False
10.288763,5.2155876,0.52461845,-0.2279392,7.484267860618531,-0.3440620402962297,False,False,False,False,True,True,False,True,False,False,False,False
6.0851912,1.7972386,-1.1751096,-0.7765082,0.562844988444422,0.2816552113136342,False,False,False,False,False,False,False,False,False,False,False,False
-2.7220192,-6.9142,6.416409,0.33419237,-2.7794993328285527,-2.9443146091420127,True,False,False,False,False,False,False,False,False,False,False,False
-4.588281,1.194938,-4.4007916,-5.4863706,0.1230405904513435,0.7533861662875824,False,False,False,False,False,False,False,False,False,False,False,False
-4.713576,7.3646874,-4.9999285,-0.8910313,-1.1355384734419192,2.2951645302191257,False,False,False,False,False,False,False,False,False,False,False,False
9.063129,3.1410637,-0.28410763,-0.33941454,3.661551595165964,-1.850547740855336,False,False,False,False,False,False,False,False,False,False,False,False
-0.7494113,3.8646321,-1.9180038,-7.446738,-0.317261269329207,1.319815103404291,False,False,False,False,False,False,False,False,False,False,False,False
6.4756503,0.07713275,-2.9977427,-4.174934,0.7886578084675769,-2.553418754687297,False,False,False,False,False,False,False,False,False,False,False,False
-10.601325,3.2589397,-1.8324491,4.8491063,-0.6296614381758513,0.0575812115415903,False,False,False,False,False,False,False,False,False,False,False,False
8.286432,-0.583081,0.119015455,-0.65596473,0.7559285907368569,-3.526730287386893,False,False,False,False,False,False,False,False,True,False,True,False
1.8892965,-8.022367,5.146794,-3.0725956,-0.1837096917556337,-0.2207916609250625,False,False,False,False,False,False,False,False,False,False,False,False
-8.514579,-5.9440174,-1.0758682,-0.6898858,-0.6354559980626944,0.2510151213751149,True,False,False,False,False,False,False,False,False,False,False,False
2.8876655,7.1101475,-2.1863606,1.7380933,0.4572741462268809,1.7459255564503386,False,False,False,False,False,False,False,False,False,False,False,False
5.834394,3.3121083,-1.6786331,-1.5440515,-0.4298384532234487,-0.8204216503919904,False,False,False,False,False,False,False,False,False,False,False,False
-0.83599156,-0.65027773,-6.1459236,-1.7606243,-0.8263377988379986,-0.8639582319731101,False,False,False,False,False,False,False,False,False,False,False,False
3.9426804,-8.014037,4.2895284,-1.1779838,-0.3437392589732957,-1.6357400642020692,False,False,False,False,False,False,False,False,False,False,False,True
-1.405535,2.261725,-4.2309046,-4.0537767,0.3884778795213015,0.2894617172574905,False,False,False,False,False,False,False,False,False,False,False,False
10.432857,5.275102,0.34082603,0.76706547,2.7413050154462733,-0.4736360589783163,False,False,False,False,False,False,False,False,False,False,False,False
-3.1081731,-8.64505,2.1189976,-0.22289616,-1.1784023380918427,0.1436568128285817,True,False,False,False,False,False,False,False,False,False,False,False
12.141733,-0.76176614,1.1013343,-0.3817529,0.4737169084260894,-0.9432468555711552,False,False,False,False,False,False,False,False,False,False,False,False
7.1340437,-6.8450665,2.888861,-3.034451,-0.6897091479396755,-3.352266468303573,False,False,False,False,False,False,False,False,False,False,False,False
7.983649,8.084081,-1.0503919,3.152132,2.871409022508544,0.1589997675075301,False,False,False,False,False,False,False,False,False,False,False,False
7.530765,0.43846652,1.3034799,-0.21079923,-0.4165435266775592,-1.2230040919875265,False,False,False,False,False,False,False,False,False,False,False,False
5.384414,-6.4881015,2.520256,-2.497594,0.0769623553749894,-1.8773641455298589,False,False,False,False,False,False,False,False,False,False,False,False
-6.707398,1.0323509,-3.7166398,-1.5400782,-0.6888355424450493,2.762423887083784,False,False,False,False,False,False,False,False,False,False,False,False
3.8540056,0.8383123,0.43413457,3.6244788,-0.4542778795487683,-2.333576160376387,False,False,False,False,False,False,False,False,False,False,False,False
-2.72057,-7.329158,0.9101609,-0.8615765,-2.329242816318767,1.845768427711013,True,True,True,False,False,False,False,False,False,False,False,False
-5.71214,11.516539,-1.1041704,2.7583752,0.3442222248581996,2.434529435155292,False,False,False,False,False,False,False,False,False,False,False,False
3.0068111,-7.1624074,3.0957353,-2.0286558,-1.3293429417996607,-1.8922296608946136,False,False,False,False,False,False,False,False,False,False,False,False
5.8969655,-2.0543804,1.066859,0.3363997,-0.7816324009977337,-3.045285197862068,False,False,False,False,False,False,False,False,True,False,False,False
9.560993,5.012932,1.3473521,-1.1060457,5.826196614030931,-0.2799706698779406,False,False,False,False,True,False,False,False,False,False,False,False
6.9082146,9.168169,-7.3622074,-2.7276924,2.8998996846009115,0.3684440491103105,False,False,False,False,True,False,False,True,False,False,False,False
0.6106139,-9.27485,8.131416,-2.1525161,-1.193425041348971,-2.747829301473649,False,False,False,False,False,False,False,False,False,False,False,False
-0.38996455,-0.85171324,-2.351932,-1.9873531,-0.1663264704364827,-0.603028007466124,False,False,False,False,False,False,False,False,False,False,False,False
4.4729133,-5.0007606,5.967616,-0.87879676,-0.3637623910987389,-1.4924922799084863,False,False,False,False,False,False,False,False,False,False,False,False
6.417458,-10.2128935,6.043643,-1.1605452,-1.1178382291689315,-3.005975031205307,False,False,False,False,False,False,False,False,False,False,False,False
9.271514,-6.206871,2.55101,-1.2085481,-0.6351539191328833,-1.7609274788490792,False,False,False,False,False,False,False,False,False,False,False,False
-5.7992015,-1.9125774,0.74560463,3.4714484,-2.1358938754774703,-1.2730523806155944,True,False,False,True,False,False,False,False,False,False,False,False
-4.2539,-1.1539901,-6.1422544,-2.3873923,-1.2651398474206283,0.1715326673032497,False,False,False,False,False,False,False,False,False,False,False,False
-8.571705,-0.9687266,2.2502666,5.067656,-0.868512539080532,1.2492945809615683,True,False,False,False,False,False,False,False,False,False,False,False
8.13944,-2.9322374,4.7604346,-1.7689971,0.313232581176572,-1.444356744401735,False,False,False,False,False,False,False,False,False,False,False,False
-4.3278213,1.5297737,-4.515016,-3.0212963,-0.8309875554627106,2.5622742450186955,False,False,False,False,False,False,False,False,False,False,False,False
3.0734625,-1.7041168,1.712194,2.7267275,-1.88702006062998,-2.9424795264961494,True,False,False,False,False,False,False,False,False,False,False,True
-4.0317645,7.4044886,-5.2039223,4.8843865,0.1323185236367885,1.303844837968751,False,False,False,False,False,False,False,False,False,False,False,False
8.572577,-0.7141254,0.4561485,-1.2361559,0.7559285907368569,-3.526730287386893,False,False,False,False,False,False,False,False,True,False,True,False
-3.4552326,-0.9551631,-2.7776496,-2.063407,-0.938880582930301,0.6808262670656847,True,False,False,False,False,False,False,False,False,False,False,False
5.572217,10.288113,-5.1902137,-0.75356007,4.350002172328489,0.8467485555565107,False,False,False,False,False,False,False,True,False,False,False,False
7.026847,5.9795394,-1.7624477,0.49296406,3.2279151190907056,-0.5489528227807027,False,False,False,False,False,False,False,False,False,False,False,False
-5.2912555,-1.458021,-4.850673,-3.4397593,-0.3105848230361915,-0.1174512347628839,False,False,False,False,False,False,False,False,False,False,False,False
5.6105576,-3.6034238,4.080523,-1.5652546,-0.8120106488633566,-2.246465363595987,True,False,False,False,False,False,False,False,True,True,False,False
-1.414057,-4.2041717,2.5894868,0.29296967,-1.6856916949211445,-1.8409537096280264,False,False,False,False,False,False,False,False,False,False,False,True
-8.452524,1.4497148,-5.96841,-2.641732,-0.53290245217679,3.639025825493888,False,False,False,False,False,False,False,False,False,False,False,False
9.271514,-6.206871,2.55101,-1.2085481,-0.6351539191328833,-1.7609274788490792,False,False,False,False,False,False,False,False,False,False,False,False
7.05093,-10.286571,6.052124,-2.740698,-1.7234029095413383,-4.101726585860599,False,False,False,False,False,False,False,False,False,False,False,False
4.455591,-2.3968368,1.6570123,0.08007398,-1.3541585392447475,-1.8321630616960167,True,False,False,False,False,False,False,False,False,False,False,True
0.16582122,-2.877189,4.440208,-1.348432,-0.9262691879784246,-0.5786667186304323,False,False,False,False,False,False,False,False,False,False,False,False
7.1145167,-5.4847403,6.8409486,-0.8272409,-1.6622948472841377,-5.595542610291707,False,False,False,False,False,False,False,False,False,True,False,True
-5.8953333,-4.7565746,-2.8286147,-0.7298454,-1.3196420681882544,1.4633261631025778,True,False,False,False,False,False,False,False,False,False,False,False
7.0981336,-5.6323996,0.47897074,0.20790051,-1.8736592143425788,-2.1889590329185857,False,False,False,False,False,False,False,False,False,False,False,False
-8.425228,-3.0780299,1.2831372,0.6397116,-0.4149906734868049,1.140251130000051,True,False,False,False,False,False,False,False,False,False,False,False
6.614664,-0.9087233,1.5257926,-0.90012026,0.182207779701966,-1.0977205804206729,False,False,False,False,False,False,False,False,False,False,False,False
-3.2618341,0.28021187,2.2474732,4.672471,-0.6474931128636836,-0.4356281090278212,True,False,False,False,False,False,False,False,False,False,False,False
12.705139,3.7358158,0.33642134,-0.71081495,0.4500461399973615,-0.2992644260957934,False,False,False,False,False,False,False,False,False,False,False,False
11.756671,6.7648325,-1.4021997,-0.29940262,5.046053811401276,-0.3977469576007375,False,False,False,False,False,False,False,False,False,False,False,False
-6.632795,2.6719882,-8.137289,-3.3790166,-0.2665189889871444,1.2939627597446166,False,False,False,False,False,False,False,False,False,False,False,False
2.752295,-5.4108834,2.2576044,-1.3994304,0.1069146629533026,0.7222868382741326,False,False,False,False,False,False,False,False,False,False,False,False
-4.0448675,6.726404,-0.3199821,3.7214758,-0.4071953960387572,0.3978635103403361,True,False,False,False,False,False,False,False,False,False,False,False
11.406463,6.2631598,-0.10409519,-0.82919556,3.408733808469583,-0.3268974870584221,False,False,False,False,False,False,False,False,False,False,False,False
3.7998157,-5.4066257,4.1415014,-1.6380383,0.2343456078041822,-0.8038500772550707,False,False,False,False,False,False,False,False,False,False,False,False
-2.6821034,9.551874,-1.2223604,2.722196,-0.1558555633952482,2.5910572861147445,False,False,False,False,False,False,False,False,False,False,False,False
6.4257627,4.1926265,0.5921609,-0.67584354,0.3738541861860461,0.4035951458937543,False,False,False,False,False,False,False,False,False,False,False,False
3.7314675,12.555795,-3.116377,1.4754634,2.984726919567976,0.810003845451389,False,False,False,False,False,False,False,True,False,False,False,False
-0.9266589,-2.117531,2.7405095,6.6126842,-2.225318349912889,-1.4894541401236454,True,False,False,True,False,False,False,False,False,False,False,False
3.3916454,6.596422,-0.6752502,6.6483283,2.831429947040609,0.2042357143632941,False,False,False,False,False,False,False,True,False,False,False,False
0.22552928,-7.8748775,7.3382397,-4.9847994,-2.2734285664822385,-0.9051376864372668,False,False,False,False,False,False,False,False,False,False,False,False
-0.06416789,-7.033384,4.601148,-2.650415,-2.873759918458143,-3.849369336502813,False,False,False,False,False,False,False,False,False,False,False,False
-4.120026,-6.621172,-1.500961,-4.362309,-0.5428468358136888,0.5186147055383272,True,False,False,True,False,False,False,False,False,False,False,False
2.8235111,0.6118224,-0.7352885,3.0720177,-0.2064242229724845,-0.5362382526227903,False,False,False,False,False,False,False,False,False,False,False,False
-4.820224,-7.8777676,5.041711,0.6168353,-1.4683947815949332,-0.8769599023834648,True,False,False,False,False,False,False,False,False,False,False,False
-0.7494113,3.8646321,-1.9180038,-7.446738,-0.1376292740344094,-0.2078582953370777,False,False,False,False,False,False,False,False,False,False,False,False
0.56394494,9.717359,-2.2196314,4.153268,0.881773809819379,3.289878137108442,False,False,False,False,False,False,False,False,False,False,False,False
0.81744856,-8.374624,6.741489,-1.8004004,-3.083486235234292,-2.07383811132364,True,False,False,False,False,False,False,False,False,False,False,False
-1.414057,-4.2041717,2.5894868,0.29296967,-1.0542352429137605,-0.890933002723953,True,False,False,False,False,False,False,False,False,False,False,True
-4.3542457,3.2533267,-0.4212748,2.9105642,-0.7615065841330387,1.0502512351525215,True,False,False,False,False,False,False,False,False,False,False,False
2.8519742,7.453005,-1.8899666,-1.1606553,0.1637866419948295,-0.3938269824888241,False,False,False,False,False,False,False,False,False,False,False,False
2.3988461,7.5733223,-3.0886495,-0.2091176,0.3202124499695037,1.914917695713109,False,False,False,False,False,False,False,False,False,False,False,False
-7.0542235,-6.3744564,1.8969034,-2.255307,-0.5564754170040934,0.7699119965075621,False,False,False,False,False,False,False,False,False,False,False,False
4.110764,-10.616288,7.558233,-3.5569634,-1.4091822696108145,-3.441696075295728,False,False,False,False,False,False,False,False,False,False,False,False
5.859975,9.822077,-2.5588992,-1.8219615,4.550785589208317,0.5481211849876465,False,False,False,False,True,False,False,False,False,False,False,False
1.7488016,-1.4354165,1.5664119,-1.5557672,-0.7603321931927975,-0.3430707949980011,False,False,False,False,False,False,False,False,False,False,False,False
-4.739842,1.1836705,-6.176877,-3.9855776,0.0401053987949891,2.624446186523161,False,False,False,False,False,False,False,False,False,False,False,False
6.6681533,-4.984956,3.805864,-1.6424919,-0.1586942752566246,-3.5213884369884223,False,False,False,False,False,False,False,False,True,True,True,False
-0.682436,-2.9174829,2.7594154,-2.0279348,-0.1668992419717738,0.4128855527836028,False,False,False,False,False,False,False,False,False,False,False,False
-7.991947,0.21801442,2.194413,7.1566443,-1.349551113586531,3.1686565666059634,True,False,False,False,False,False,False,False,False,False,False,False
-3.4824626,-8.137682,2.4170456,1.1873585,-0.6415089727829681,0.5598012893179927,False,False,False,False,False,False,False,False,False,False,False,False
-5.92189,-7.373322,2.5438776,0.5403236,-0.6140888931051409,0.6335354623284616,False,False,False,False,False,False,False,False,False,False,False,False
-1.7716824,0.46345624,-4.381898,-3.6368613,-0.1469587305533371,1.0101476585425628,False,False,False,False,False,False,False,False,False,False,False,False
-1.6920327,-4.4865437,-0.027849037,-9.026968,-1.4381059463917911,0.6927806796277197,True,False,False,False,False,False,False,False,False,False,False,False
4.7443786,-2.8377802,2.1828425,-1.9981172,0.0631299466551311,-1.3982950794608489,False,False,False,False,False,False,False,False,False,False,False,False
6.9337163,-2.3497965,3.0360677,-0.89337474,0.1890100014397255,-2.900478840172769,False,False,False,False,False,False,False,False,True,True,False,False
-0.6529339,-3.1172354,3.5720596,0.123429105,-2.202923444728554,0.2099990421701049,True,False,False,False,False,False,False,False,False,False,False,True
-8.751051,-5.320487,2.7133636,1.2718831,-1.311744657946805,-1.3131262469782334,False,False,False,False,False,False,False,False,False,False,False,False
-9.207997,5.3892193,-4.306992,7.0184584,-1.4151723540063748,4.35118515018148,False,False,False,False,False,False,False,False,False,False,False,False
-5.5433183,2.3130264,1.0825834,7.970716,-0.0922484108207947,1.6291290667843172,False,False,False,False,False,False,False,False,False,False,False,False
3.7117283,6.9955125,-4.352297,-2.0865753,2.822977672964263,0.1595459755059244,False,False,False,False,False,True,False,True,False,False,False,False
-6.1520104,7.045523,-1.42716,4.420169,-2.157901337935335,1.2387844377163293,True,False,False,False,False,False,False,False,False,False,False,False
9.126939,6.2086215,0.2718509,0.55990297,0.3547933202743954,0.5189694101631209,False,False,False,False,False,False,False,False,False,False,False,False
1.3527856,-4.5044174,4.567707,-3.0490167,-0.253635912431299,-0.7738174801825045,False,False,False,False,False,False,False,False,False,False,False,False
1.4648001,-9.501095,1.7874054,-1.9859095,-1.5173506843629063,0.6878264249355922,False,False,False,False,False,False,False,False,False,False,False,False
7.297436,-2.424376,3.5698185,-1.6848367,0.8417080589459429,-0.088447535757181,False,False,False,False,False,False,False,False,False,False,False,False
-2.0025434,-7.090221,4.0401044,-2.4895618,-1.355540188001304,1.0771463139942006,False,False,False,False,False,False,False,False,False,False,False,False
-5.0497327,13.073485,-1.7768687,3.4893942,-0.1481342402362087,1.114228945742911,False,False,False,False,False,False,False,False,False,False,False,False
-3.6271262,-4.352666,-1.6119668,-0.541716,-1.5055873694238404,0.0509926695587544,False,True,False,True,False,False,False,False,False,False,False,False
3.4587123,11.627675,-3.2741616,-0.44037384,1.6016891295248383,0.8049519196841393,False,False,False,False,False,False,False,False,False,False,False,False
-9.209351,-2.7369113,-4.932253,-3.3204727,-1.1440393412311225,2.5072259437861213,True,False,False,False,False,False,False,False,False,False,False,False
-8.34922,-1.3936867,5.0169544,5.495194,-1.703567903040143,1.454046375754525,True,False,False,False,False,False,False,False,False,False,False,False
2.6085904,-7.3347573,4.075655,-1.5547414,-0.5751739192392316,-2.0686286997085936,False,False,False,False,False,False,False,False,False,False,False,True
-1.986885,-6.4151473,1.3325995,-1.1224287,-0.9890991899353792,-0.1006376008752999,False,False,False,False,False,False,False,False,False,False,False,False
-7.513522,2.3686206,-3.7136216,3.470366,-1.0290478045568658,0.1622627572028754,True,False,False,False,False,False,False,False,False,False,False,False
0.50232697,-8.983079,0.94179493,0.08256421,-1.1495096054607288,-1.6402769778855577,True,False,False,False,False,False,False,False,False,False,False,True
-4.07776,2.7973146,0.25443482,6.3929486,-1.2552370752723172,2.235714597974158,False,False,False,False,False,False,False,False,False,False,False,False
-3.828942,6.4555864,-1.7629328,1.5763191,-0.1076184432060696,0.1410250649191652,False,False,False,False,False,False,False,False,False,False,False,False
5.625302,9.829816,-3.341861,-1.3950311,4.44868837936937,0.9162227571470128,False,False,False,False,True,False,False,True,False,False,False,False
5.9553843,-2.9618628,1.1528307,-0.24724981,-1.4534984441665249,-2.58518741405582,False,False,False,False,False,False,False,False,False,False,False,False
-6.7417717,-1.3001658,-0.34924755,4.366715,-0.1568142339615119,-0.1431317658040188,False,False,False,False,False,False,False,False,False,False,False,False
-0.020731637,-5.402443,9.984217,-4.1471167,-0.1202149991392514,-0.5382103422530814,False,False,False,False,False,False,False,False,False,False,False,False
-5.184822,-6.198942,-0.18907274,-2.9665291,-1.6182377186837775,-0.1984144783212552,True,False,False,True,False,False,False,False,False,False,False,False
1.3159565,-7.7873583,4.312713,-2.1419048,-0.5322227566290347,-1.854015112127637,False,False,False,False,False,False,False,False,False,False,False,False
8.603869,6.0434566,-1.6199379,-1.5288388,4.2737948177995335,0.0973169035989206,False,False,False,False,False,False,False,False,False,False,False,False
9.4013605,4.758373,0.55820405,-0.19055218,0.3547933202743954,0.5189694101631209,False,False,False,False,False,False,False,False,False,False,False,False
-1.0239909,-3.5080674,11.13499,-4.11423,-0.2787040837217821,0.0416714594145341,False,False,False,False,False,False,False,False,False,False,False,False
-7.700828,2.2702641,4.6924896,7.782745,-0.2214762392890198,1.1148722653179282,True,False,False,False,False,False,False,False,False,False,False,False
7.1944604,2.2745183,-0.08394566,-0.40994456,0.4216972420621181,-1.991845367089542,False,False,False,False,False,False,False,False,True,False,False,False
-4.5729294,2.077479,-1.7403224,-0.047190398,-0.4943968225588772,1.876187344886963,False,False,False,False,False,False,False,False,False,False,False,False
7.093926,8.9361515,-3.0113273,-1.622682,4.785592765510443,0.2920849619969192,False,False,False,False,True,False,False,True,False,False,False,False
4.8988376,0.39488846,1.6963248,-2.3972344,0.0765328134976027,-0.1052389768505517,False,False,False,False,False,False,False,False,False,False,False,False
-4.2485285,7.081916,-1.6798322,4.2680335,-0.2827130410401294,3.144458400540461,False,False,False,False,False,False,False,False,False,False,False,False
4.6042047,9.318095,-3.2883306,0.3210991,2.8998996846009115,0.3684440491103105,False,False,False,False,True,False,False,True,False,False,False,False
-6.474927,5.714677,0.41924554,6.200292,-0.5438389654208892,-0.5365834165818657,False,False,False,False,False,False,False,False,False,False,False,False
7.0596066,0.9909482,0.48251617,-0.5434608,-0.7713208394834503,0.3817592734239797,False,False,False,False,False,False,False,False,False,False,False,False
9.136104,-3.1289937,1.6036116,-1.1135052,-0.178302240885777,0.6203436985113544,False,False,False,False,False,False,False,False,False,False,False,False
-6.0206184,3.0845168,-3.4360313,-3.8771446,-0.8717436204529296,3.185133093126612,True,False,False,False,False,False,False,False,False,False,False,False
8.441684,7.2151327,-0.20069714,-0.74611074,5.741799415024867,-0.3467389286004849,False,False,False,False,True,False,True,True,False,False,False,False
0.32051992,7.377252,-4.7180533,2.4637432,1.308231802794687,1.097512004239211,False,False,False,False,False,False,False,False,False,False,False,False
-7.2037654,5.161474,1.0508575,7.455632,-0.8215361615382286,1.3239142780077582,False,False,False,False,False,False,False,False,False,False,False,False
8.877521,-7.0607214,5.305759,-0.33832008,-0.3986410439281138,-2.575623498259425,False,False,False,False,False,False,False,False,False,False,False,True
-8.679362,-4.421902,-2.1409059,-0.07993118,-0.4671280177583815,0.0165215674079773,True,False,False,False,False,False,False,False,False,False,False,False
1.8266748,5.829121,-1.9282626,0.8019981,2.348343321737897,0.3353838197438315,False,False,False,False,False,False,False,True,False,False,False,False
-0.3109772,-6.3212757,2.7335844,-2.9663982,-0.7391606743256635,-0.973858872243026,False,False,False,False,False,False,False,False,False,False,False,False
-4.257696,10.251702,-3.5146418,2.1883876,-0.1543439566622734,1.0448423027779776,True,False,False,False,False,False,False,False,False,False,False,False
10.737133,5.596977,-0.8953496,-0.88257414,2.944785792121375,0.045453282685915,False,False,False,False,True,False,False,False,False,False,False,False
5.3026824,11.032832,-4.020312,0.118247986,2.8998996846009115,0.3684440491103105,False,False,False,False,True,False,False,True,False,False,False,False
4.2111564,-7.7945104,7.2568603,-2.891751,-1.093551583602194,-2.552978998037007,False,False,False,False,False,False,False,False,False,True,False,False
-2.7381868,8.261821,-1.0051891,3.5840468,-0.6241324875594538,0.1659037087374406,False,False,False,False,False,False,False,False,False,False,False,False
6.5820017,-0.846628,4.396846,-2.793644,0.7091994931405639,0.1622345381289353,False,False,False,False,False,False,False,False,False,False,False,False
9.228491,8.544829,-3.642976,-2.3300102,8.812564807340964,-0.3284102170307008,False,False,False,False,True,True,True,True,False,False,False,False
6.983563,1.7450563,0.12613943,-0.26193744,-0.1908748802299267,-0.8143985392592835,False,False,False,False,False,False,False,False,False,False,False,False
2.2401915,-7.1507206,5.705252,-3.6345644,-1.032943874408404,-1.9441764008493088,False,False,False,True,False,False,False,False,False,False,False,False
-9.809501,-0.82447845,2.1745179,6.3385696,-0.6275409729037512,0.4803019873788823,False,False,False,False,False,False,False,False,False,False,False,False
10.3869705,-0.453938,0.8865642,-0.39330938,0.0653912592423678,-0.0347205095207554,False,False,False,False,False,False,False,False,False,False,False,False
6.0800476,-8.743637,3.9665582,-1.4346372,-1.220929227259789,-2.5331452857156185,False,False,False,False,False,False,False,False,False,False,False,False
-6.1453843,-6.694588,1.7164439,0.19007769,-0.4209228919033218,0.8322768947300823,True,False,False,False,False,False,False,False,False,False,False,False
-9.44865,-1.1023821,-0.16194527,9.209949,-1.0737215337113226,1.0126667997970091,True,False,False,False,False,False,False,False,False,False,False,False
0.43789685,7.5158,-3.0171375,-4.8563995,-0.7278886721637965,0.1728044461756097,False,False,False,False,False,False,False,False,False,False,False,False
-8.498526,4.0304995,1.6344256,12.487702,-0.4486539447779982,1.7073331084746504,False,False,False,False,False,False,False,False,False,False,False,False
9.569481,8.026441,0.5695866,-1.0582279,3.225837442610325,-0.1491357778783289,False,False,False,False,False,False,False,False,False,False,False,False
-5.2498403,4.562766,0.7630577,6.4018764,-0.8552009863848328,1.0770855282718632,True,False,False,False,False,False,False,False,False,False,False,False
1.8430918,10.987734,-2.7882724,-0.5874955,2.097806022290781,0.5627647928880157,False,False,False,False,False,False,False,True,False,False,False,False
1.5086129,-7.3013186,7.6424384,-1.5929432,-1.246858076481325,-1.6811207687336744,False,False,False,False,False,False,False,False,False,False,False,True
4.8599143,2.964052,2.3047626,-0.7834312,0.247205518378457,0.3339610329794054,True,False,False,False,False,False,False,False,False,False,False,False
-8.579702,-5.5565324,0.43512923,0.7640683,-0.6354559980626944,0.2510151213751149,True,False,False,False,False,False,False,False,False,False,False,False
10.706174,4.1652837,-0.2426994,-0.7631688,6.752887075778577,-0.6968062981974614,False,False,False,False,False,False,False,False,False,False,False,False
7.179022,3.3795278,-0.6707315,-0.525248,4.37984933902627,-0.6231560056928469,False,False,False,False,True,True,False,False,False,False,False,False
-5.80475,2.807618,-6.538043,-4.229868,-0.2700774219690605,0.3230512422583253,False,False,False,False,False,False,False,False,False,False,False,False
4.9563975,-0.86377716,0.6753389,0.21655427,-0.0192704971324397,-0.8620499116579823,False,False,False,False,False,False,False,False,False,False,False,False
-6.9532366,-6.100249,1.4035386,-0.1692712,-1.4927148740303071,0.8993429461322885,False,False,False,False,False,False,False,False,False,False,False,False
5.6720557,6.5890713,-1.4416845,-0.38430133,2.097806022290781,0.5627647928880157,False,False,False,False,False,False,False,True,False,False,False,False
2.0194168,1.5604314,1.3211044,-1.0782896,0.0867777873752411,0.9581307392688804,False,False,False,False,False,False,False,False,False,False,False,False
8.240916,-7.076649,4.010351,-2.1152022,-0.1202149991392514,-0.5382103422530814,False,False,False,False,False,False,False,False,False,False,False,False
5.8464665,-4.64085,1.8494333,-0.052648284,-1.2556186541363703,-2.804242025847437,False,False,False,False,False,False,False,False,False,False,False,False
-7.628836,-1.3095964,-6.272821,-4.5935817,-1.3987840668853349,1.0775134426198263,False,False,False,False,False,False,False,False,False,False,False,False
-5.1665893,-0.3495905,2.8892348,7.319914,-1.30430279046455,-0.5641561007890186,True,False,False,False,False,False,False,False,False,False,False,False
-5.6783667,-4.9283643,6.280639,-1.1318474,-1.434410659327235,0.6241948746167357,False,False,False,False,False,False,False,False,False,False,False,False
-8.169939,2.6882849,3.0561879,11.483823,-1.120935697737794,1.5226833286665342,False,False,False,False,False,False,False,False,False,False,False,False
5.3440847,4.3674884,-3.0659497,1.5400809,-0.4555695900820686,-0.5933217905741289,False,False,False,False,False,False,False,False,False,False,False,False
-2.6610243,2.0681672,1.4960977,-0.57938856,-0.3582342903769051,-0.5757936005515442,False,False,False,False,False,False,False,False,False,False,False,False
6.352633,-0.13713615,4.0728745,-0.6812384,-0.1887370186101594,-1.7946451978156763,False,False,False,False,False,False,False,False,False,False,True,False
8.132605,7.1211376,-1.8742127,2.8668537,8.891654577556599,-0.0555361115519156,True,False,False,False,True,True,False,True,False,False,False,False
8.494658,7.9275727,0.4613498,-1.1572026,6.286864633057271,0.2170545803558651,False,False,False,False,True,False,False,False,False,False,False,False
2.6205528,-5.1892004,11.436849,-2.4388068,-1.005257461716588,-1.183740481295123,True,False,False,False,False,False,False,False,False,False,False,True
8.964514,5.088279,0.7239426,-0.29667142,1.1780445685410217,0.0377946131762978,False,False,False,False,False,False,False,False,False,False,False,False
6.296526,-4.4360294,2.0635135,-0.5095038,-1.962832492159586,-5.464086212059002,False,False,False,False,False,False,False,False,False,False,False,False
6.414902,-5.9933343,6.717073,-0.714939,-1.3230993969644076,-2.899187832275293,False,False,False,False,False,False,False,False,False,False,False,False
6.570005,5.405884,-0.6691953,-0.42341295,2.1211803095580857,-1.2576904941564582,False,False,False,False,False,False,False,True,False,False,False,False
-9.145332,-2.143036,-3.8880112,-1.1976348,-1.319734064789064,2.405082500205329,True,False,False,False,False,False,False,False,False,False,False,False
-0.6529339,-3.1172354,3.5720596,0.123429105,-1.4977593526862794,0.060772462098654,True,False,False,False,False,False,False,False,False,False,False,False
1.9276487,3.0798006,-0.78638273,4.948176,-0.3832831438555688,-0.31614799952557,False,False,False,False,False,False,False,False,False,False,False,True
6.2134247,-8.535222,4.2676544,-1.484633,-2.009455840961214,-2.5616206036481275,False,False,False,False,False,False,False,False,False,False,False,False
-5.8905535,-2.3567991,-6.2521305,-4.568991,-0.7923658402914415,2.27044624838487,False,False,False,False,False,False,False,False,False,False,False,False
-3.7784076,-2.675253,11.347521,-1.6817687,-0.5346211096125149,0.085699737844835,True,False,False,False,False,False,False,False,False,False,False,False
-0.2600054,-7.0480556,7.3382397,-4.9847994,-1.3339495718374288,-0.6217463831082664,False,False,False,False,False,False,False,False,False,False,False,False
-7.951194,0.41218278,-6.217156,-4.0558057,-0.8285226148832754,3.956870265880762,False,False,False,False,False,False,False,False,False,False,False,False
-5.7627506,-7.5852675,0.23102875,0.30971625,-1.4169022731836507,-1.0603245378950898,True,False,False,False,False,False,False,False,False,False,False,False
0.9606918,-0.0844178,-1.8244847,-8.121914,-1.0325957747338526,-1.2675819010589868,False,False,False,False,False,False,False,False,False,False,False,False
-3.5136688,-4.7638683,-1.5009604,-4.362308,-1.1596475763726222,-0.4359412618339252,True,False,False,False,False,False,False,False,False,False,False,False
-6.9392796,-6.209583,1.6931914,0.8917599,-0.8616677264995115,0.814185651473357,True,False,False,False,False,False,False,False,False,False,False,False
-8.160574,-7.5877614,0.13137192,0.51069343,-1.5487319817179146,0.2830320894580304,False,False,True,False,False,False,False,False,False,False,False,False
6.129673,-1.2433575,1.3551848,-0.42536867,-1.327094196670584,-2.4006507256159484,False,False,False,False,False,False,False,False,False,False,False,False
3.9947593,-7.758843,9.395606,-2.855731,-1.6976090168720404,-4.665814836977354,False,False,False,False,False,False,False,False,False,True,True,False
-9.418334,1.1197475,-6.2959585,1.942434,-0.558267071161163,1.828517248553541,False,False,False,False,False,False,False,False,False,False,False,False
-8.81442,1.45636,-6.863732,-4.101947,-1.3430900941028,0.4657191465955129,True,False,False,False,False,False,False,False,False,False,False,False
-9.905193,0.26404583,-7.4721594,-1.2509298,-1.2514548195719082,1.2860970571687704,True,False,False,False,False,False,False,False,False,False,False,False
-5.87653,1.9770716,-5.0429525,-3.5737216,-0.5677885612199297,1.2712530513470215,False,False,False,False,False,False,False,False,False,False,False,False
-5.222107,1.3772929,2.9864101,6.193063,-0.8519608954638439,-0.5990880000210254,False,False,False,False,False,False,False,False,False,False,False,False
7.828272,-4.7321696,1.1625948,0.36488935,-1.4708764164876087,-3.1443622102581386,False,False,False,False,False,False,False,False,False,False,False,False
2.551826,6.443134,-2.420105,-0.74040705,-0.0377387284542159,-0.5384102277487854,False,False,False,False,False,False,False,False,False,False,False,False
-2.792201,-6.2468786,3.4344215,1.2027553,-0.4349933422669123,-1.101508267578837,False,False,False,False,False,False,False,False,False,False,False,False
3.2849839,-6.009028,10.393253,-2.5342233,-1.153189613746187,-2.4290962527716053,False,False,False,False,False,False,False,False,False,False,False,True
12.152972,6.677597,-0.65351796,0.052969147,6.729225640730715,-0.8092164896650359,False,False,False,False,False,False,False,False,False,False,False,False
11.561048,5.3228426,0.22544189,-0.6307686,1.5224859929876646,0.0103335267767226,False,False,False,False,False,False,False,False,False,False,False,False
1.4964685,-1.2782464,-1.915732,-2.9051082,0.055484280893837,-0.7608118840386737,False,False,False,False,False,False,False,False,False,False,False,False
-3.4507687,11.365493,-2.3631568,4.2930183,-0.0915560684535869,5.750925171965727,False,False,False,False,False,False,False,False,False,False,False,False
6.2589064,-7.069964,2.0502653,0.18610695,-0.7386856065414974,-2.086189025997552,False,False,False,False,False,False,False,False,False,False,False,False
6.0810785,-4.649772,3.3807414,-1.4914305,-0.6603492848364295,-0.2061106890982261,False,False,False,False,False,False,False,False,False,False,False,False
5.371144,1.3642014,-0.5833184,-0.3932694,-0.2324972085213094,-0.4986525993944233,False,False,False,False,False,False,False,False,False,False,False,False
6.975395,4.882766,0.38747817,0.47604537,-0.0472694234558462,0.4745600949210582,False,False,False,False,False,False,False,False,False,False,False,False
-7.082658,1.8622897,-1.5820404,3.0802875,-0.4671280177583815,0.0165215674079773,True,False,False,False,False,False,False,False,False,False,False,False
5.473549,-2.983884,4.394488,-0.24457839,-0.23189389939719,-0.1418827224738232,False,False,False,False,False,False,False,False,False,False,False,False
2.6330383,-4.941877,2.10134,-2.049161,-0.6852944420531144,-0.5840570478274648,False,False,False,False,False,False,False,False,False,False,False,False
6.741481,8.145421,-0.8087667,0.3134851,5.052859317197889,-0.2496454444836893,False,False,False,False,True,False,True,False,False,False,False,False
-7.895451,2.9405725,2.6750693,11.442365,-1.4627778167385763,1.6634708339520932,True,False,False,False,False,False,False,False,False,False,False,False
7.2064867,-3.1862502,1.7315176,0.64973074,-1.5137612015576207,-3.729108004164262,False,False,False,False,False,False,False,False,False,False,False,False
-11.558257,-3.2952754,-6.0042005,-2.870548,-1.1087034878963784,1.4802345869083366,True,False,False,False,False,False,False,False,False,False,False,False
-3.3462694,-3.7723463,8.335314,6.257439,-2.3147079225867864,-1.5175915785126877,True,False,False,False,False,False,False,False,False,False,False,True
2.4073248,-4.7170157,-1.0587138,-2.5880961,-1.844266224595965,-1.818687291944124,True,False,False,False,False,False,False,False,False,False,False,False
4.7536936,5.944174,-3.1287541,-1.5563291,1.4864548422491726,-0.3316863075890188,False,False,False,False,False,False,False,False,False,False,False,False
-0.4056545,10.368498,-2.2606988,0.6574569,-0.132228604845437,3.0935814680376965,True,False,False,False,False,False,False,False,False,False,False,False
-2.4681993,4.6666856,-5.096523,-2.886314,-0.5953993294166553,1.8175230501615312,False,False,False,False,False,False,False,False,False,False,False,False
-10.22145,0.68346196,-6.619245,-3.4000766,-0.6133136810607897,3.672668374750861,False,False,False,False,False,False,False,False,False,False,False,False
7.610286,-2.5505795,2.5727117,-0.588,-0.6857231947681762,-0.6075501556274571,False,False,False,False,False,False,False,False,False,False,False,False
8.342667,-4.9351125,2.0554833,-1.2079101,-0.401134623452927,-0.5534825422559788,False,False,False,False,False,False,False,False,False,False,False,False
6.272946,-2.0235,2.463566,-0.23446956,1.053699197730133,-1.1743393062344492,False,False,False,False,False,False,False,False,False,False,False,False
2.1826222,-7.33968,1.3096434,-1.8051401,-1.904439136268668,0.2177954114944409,True,False,False,False,False,False,False,False,False,False,False,False
4.728094,-6.8319306,7.654812,-1.993604,-2.7971199506310858,-6.566493923334544,False,False,False,False,False,False,False,False,False,False,True,True
-6.1973186,-1.1496611,-7.0920506,-2.971912,0.0034803320175365,1.037201267489637,False,False,False,False,False,False,False,False,False,False,False,False
5.018575,-2.019181,1.783416,-1.5348922,-0.5817768737305169,-1.1983006462148171,False,False,False,False,False,False,False,False,False,False,False,False
-9.686032,3.9287615,-9.038485,-1.1349477,-0.9453036775050198,3.911199084277553,False,False,False,False,False,False,False,False,False,False,False,False
7.3062835,-2.2350116,1.6128858,0.2731856,-0.0710912853137073,-0.8189621377830139,False,False,False,False,False,False,False,False,False,False,False,False
-4.827533,-5.5267587,-0.901318,-0.60351473,-1.4662327602460894,-0.5529857550175908,False,False,False,False,False,False,False,False,False,False,False,False
0.88365626,-2.401012,10.46485,-2.0025518,-0.4364194459989921,-1.0972041773202066,False,False,False,False,False,False,False,False,False,False,False,False
5.1603246,10.2823515,-3.6045773,-2.2964432,2.132707915249425,0.1406466914952724,False,False,False,False,True,False,False,False,False,False,False,False
3.8655734,-6.9081793,3.3447053,-1.7381164,0.0927265884302629,-0.9086980571631778,False,False,False,False,False,False,False,False,False,False,False,False
5.699097,-6.158304,2.5936673,-1.6131709,-0.9603404696006854,-0.1387276764809769,False,False,False,False,False,False,False,False,False,False,False,False
-11.429252,-0.67806834,-5.5336375,-4.0443287,-0.9892828316460792,2.2123178692608803,False,False,False,False,False,False,False,False,False,False,False,False
-9.013818,-3.1134713,0.78282356,8.325183,-1.1987107141504132,1.0987351064271444,True,False,False,False,False,False,False,False,False,False,False,False
-6.093121,-8.005122,1.8781489,-0.10533248,-2.1952068551665085,2.936285063925254,True,False,False,False,False,False,False,False,False,False,False,False
-7.3172245,2.6726303,-5.649177,3.2685897,-0.0207329286678712,-0.0894256841456501,False,False,False,False,False,False,False,False,False,False,False,False
3.2817917,-4.090547,4.1933527,-1.5072793,-0.2724778775871896,-0.5951373713768239,False,False,False,False,False,False,False,False,False,False,False,False
-8.301555,6.8684645,-1.3042439,4.900198,-0.5387753669571541,0.4553124926680922,True,False,False,False,False,False,False,False,False,False,False,False
1.5220503,-3.67461,10.46485,-2.0025518,-0.2724778775871896,-0.5951373713768239,False,False,False,False,False,False,False,False,False,False,False,False
3.5684886,-6.4324284,11.436849,-2.4388068,-2.2284849190719003,-0.4805496371225862,True,False,False,False,False,False,False,False,False,False,False,True
-6.980875,1.9695944,-0.1787747,4.754077,-0.1019819512929656,0.6935761202741172,False,False,False,False,False,False,False,False,False,False,False,False
12.1194315,2.5537157,1.479061,0.00034842282,3.895105288249865,-1.6728969187583564,False,False,False,False,False,False,False,False,False,False,False,False
-7.8362584,-0.66481435,2.8709815,4.596874,-0.8571294159890935,2.438178185498942,True,False,False,True,False,False,False,False,False,False,False,False
4.015168,-8.589512,2.4352777,-2.5836377,0.3748286124799662,-1.09155557695006,False,False,False,False,False,False,False,False,False,False,False,False
5.78713,10.5118065,-2.4040964,0.922162,4.136282558116568,0.2337688651046348,False,False,False,False,False,False,False,True,False,False,False,False
-0.4836906,-1.6834673,4.3110785,-2.1930788,0.1112196611266844,-0.105321706746557,False,False,False,False,False,False,False,False,False,False,False,False
-4.059719,-5.290038,-2.307607,-3.1622725,-0.9179858576478134,-0.7515304922407139,False,False,False,False,False,False,False,False,False,False,False,False
3.1251926,-5.8936934,11.436849,-2.4388068,-0.9656642392030323,-0.3099646795769732,True,False,False,False,False,False,False,False,False,False,False,False
9.110159,1.908226,3.235797,-2.3055472,5.054958241340231,-2.685458963220143,False,False,False,False,False,False,False,True,False,False,False,False
-7.8689404,9.798289,-2.871282,4.0044518,0.2495408545816302,3.4821010240772985,False,False,False,False,False,False,False,False,False,False,False,False
-5.4750986,8.804089,-2.61476,5.772408,0.0314537068564261,1.943513688790604,False,False,False,False,False,False,False,False,False,False,False,False
7.8623757,0.057377424,3.3583803,-2.4619515,2.7019644316572093,-0.7291944664889097,False,False,False,False,True,False,False,False,False,False,False,False
7.5175157,1.8034021,0.949383,0.15953575,0.0129998582274483,-2.220143694866716,False,False,False,False,False,False,False,False,False,False,False,False
3.19021,-4.990466,1.9322041,-1.1533684,0.9658884092193116,-1.3621375619414404,True,False,False,False,True,False,False,False,False,False,False,False
11.340604,5.0374455,-0.033538006,-0.09223432,5.901792121091268,-0.8280104603528876,False,False,False,False,False,False,False,False,False,False,False,False
-0.64501226,-3.8185894,0.50032866,0.49077293,-0.0495177725727417,0.6939971369268546,False,False,False,False,False,False,False,False,False,False,False,False
-9.2414255,6.29211,-1.6456543,3.3918228,-1.1756635420992363,1.4497845267225105,False,False,False,False,False,False,False,False,False,False,False,False
10.032116,8.187727,-0.09663356,-0.7484448,6.424182051791259,-0.4509827056727779,False,False,False,False,True,False,False,False,False,False,False,False
-10.132557,-1.6524363,-1.4460355,2.3689177,-1.662602663510429,0.4345622887976423,True,True,False,False,False,False,False,False,False,False,False,False
-9.26262,8.536562,-2.943765,2.545387,-0.4225561485501834,2.22423201476672,False,False,False,False,False,False,False,False,False,False,False,False
-7.7783628,0.72297806,-4.2603564,-0.70365137,-0.9920229823279796,1.7384550722273162,True,False,False,False,False,False,False,False,False,False,False,False
1.5329543,9.158155,-1.6046137,3.8524518,0.1865325269150013,-0.5703671218037919,False,False,False,False,False,False,False,False,False,False,False,False
7.5854015,0.38809434,0.16007659,-0.45173728,0.1282918954791861,-0.4667174815671931,False,False,False,False,False,False,False,False,False,False,False,False
7.7896323,-4.3649797,2.1856503,-1.2699385,-0.6153584373722145,-1.553657944014636,False,False,False,False,False,False,False,False,False,False,False,False
9.576111,4.5979786,-0.6503702,-1.9931543,4.696532423352025,-0.3673662317835093,False,False,False,False,False,False,False,False,False,False,False,False
-3.2363775,11.560287,-1.8663844,2.846363,0.0188176034444307,3.076643170461362,False,False,False,False,False,False,False,False,False,False,False,False
-9.265673,-4.1639714,-5.054351,-0.7201934,-0.6121263222671384,0.7399221209332242,True,False,False,False,False,False,False,False,False,False,False,False
2.3040223,9.942555,-1.9253979,0.5101142,4.355681819810294,0.9775138529083331,False,False,False,False,True,False,False,True,False,False,False,False
-4.7334695,-6.4827685,-3.6115098,-0.4347254,-1.812703649165624,0.4770378127578196,False,False,False,False,False,False,False,False,False,False,False,False
-1.4793006,-5.9261513,-0.9005531,-5.7839513,-1.491892254392048,-0.2051973893085625,True,False,False,False,False,False,False,False,False,False,False,False
-8.645686,-1.8473516,-2.90461,-2.2333431,-1.6560050599284075,1.7967362385937218,True,False,False,False,False,False,False,False,False,False,False,False
-7.8003016,1.9058448,1.9556421,11.779182,-1.1586104846798255,1.5358214386162825,True,False,False,False,False,False,False,False,False,False,False,False
1.4176831,3.1060495,-3.2407026,-2.308536,-0.3297534869531419,-0.2343613247533037,False,False,False,False,False,False,False,False,False,False,False,False
3.3579047,5.4623847,-3.3812973,-2.041552,-0.3890645167618248,0.2619109646720477,False,False,False,False,False,False,False,False,False,False,False,False
-10.903228,-1.8482821,-3.6494825,-2.8045979,-0.2239127482188312,1.9202617554669463,False,False,False,False,False,False,False,False,False,False,False,False
-1.6689628,-1.8786327,-2.740059,-8.920154,-0.889395163129938,-1.6394117812794635,False,False,False,False,False,False,False,False,False,False,False,False
7.4632187,-0.346283,0.898707,-1.2243965,0.7650445795195786,-2.7593938444671045,False,False,False,False,False,False,False,False,True,True,False,False
-4.216816,-4.275064,-4.8375044,-2.787805,-2.231169652590032,0.3131691455432849,True,False,False,False,False,False,False,False,False,False,False,False
6.0851912,1.7972386,-1.1751096,-0.7765082,0.2189776825347543,-0.1113568006034001,False,False,False,False,False,False,False,False,False,False,False,False
-0.01889646,-6.48171,3.6723714,-3.0384195,-1.000588985614829,0.1160411631280559,False,False,False,False,False,False,False,False,False,False,False,False
-6.26931,7.544083,-2.7238321,1.1675425,0.1569071784534702,2.126024204028433,False,False,False,False,False,False,False,False,False,False,False,False
-4.3208175,-2.020115,6.103458,6.395892,-1.3963555618241623,0.925504908197074,True,False,False,False,False,False,False,False,False,False,False,False
0.19855474,-6.4939265,2.1093028,-2.2937877,-1.5911991601483928,-1.5095048325030616,True,False,False,False,False,False,False,False,False,False,False,False
-11.324474,-0.63647485,-5.911737,-4.9594693,-1.253349934234243,2.7770535967858287,False,False,False,False,False,False,False,False,False,False,False,False
-1.4420855,-0.9891342,-3.485811,-3.6522934,-1.059522095432649,1.168375280782818,False,False,False,False,False,False,False,False,False,False,False,False
11.5735,5.950282,0.6117236,-0.97956336,5.118377465255681,-0.9308445980753846,False,False,False,False,True,False,False,False,False,False,False,False
-6.879903,7.750782,-0.49230015,5.5559688,-0.0670795182624255,1.900580303513739,False,False,False,False,False,False,False,False,False,False,False,False
-6.502337,-3.1675444,0.74641514,5.5221434,-2.0274304156006573,-1.2598637557399897,True,False,False,False,False,False,False,False,False,False,False,False
5.8480473,4.8745503,1.6108569,-0.23164779,0.3547933202743954,0.5189694101631209,False,False,False,False,False,False,False,False,False,False,False,False
1.593059,-6.080346,7.0563464,-3.3065877,-0.2724778775871896,-0.5951373713768239,False,False,False,False,False,False,False,False,False,False,False,False
-10.464601,3.1787202,-1.5975524,3.6520305,-0.1183834118141085,1.9481389543999408,False,False,False,False,False,False,False,False,False,False,False,False
-6.632752,4.071868,-1.1299372,6.452825,-0.8264088535104267,-0.0562927632403481,True,False,False,False,False,False,False,False,False,False,False,False
-5.3705077,5.347905,-1.3834769,3.9046953,-0.7874957569327703,0.8944998753404148,True,False,False,False,False,False,False,False,False,False,False,False
7.3171353,-1.8638458,1.0463637,-1.5529726,0.3915312530198206,-2.565368395221861,False,False,False,False,False,False,False,False,True,True,False,False
-9.368089,0.87175417,0.17485468,5.0507627,-0.678452178685216,1.326896723972172,False,False,False,False,False,False,False,False,False,False,False,False
8.833178,0.15087168,0.25770456,-0.29675627,-0.4270892949475993,-1.1157705457150129,False,False,False,False,False,False,False,False,False,False,True,False
-4.9989896,7.218427,-2.2484448,3.651277,0.1843675375120899,2.198507768286332,False,False,False,False,False,False,False,False,False,False,False,False
-1.7595116,-8.750649,6.2456627,0.30511457,-0.9043321477757568,0.0650054386826009,True,False,False,False,False,False,False,False,False,False,False,False
3.2416108,-5.349992,-0.07325465,-3.339214,-0.3733127660373687,-0.4298219878465447,False,False,False,False,False,False,False,False,False,False,False,False
2.1411576,-10.185452,8.311463,-2.7197843,-0.9691475343611629,-2.6677934826056235,False,False,False,False,False,False,False,False,False,False,False,False
4.38744,-8.759244,11.278341,-3.2313094,-1.2966268478491882,-3.393039665122619,False,False,False,False,False,False,False,False,False,False,False,True
7.399077,-2.7673411,1.8911031,-1.2852765,-0.2994732107916695,-1.8606585505743385,False,False,False,False,False,False,False,False,False,False,True,True
-7.78827,-5.9171414,-2.2520273,-2.1504169,-0.3312886660039428,0.1233657260393034,True,False,False,False,False,False,False,False,False,False,False,False
3.0995865,-10.949312,6.782854,-3.462092,-1.7067448818934687,-3.5909876411019392,False,False,False,False,False,False,False,False,False,False,False,False
3.5226266,9.780601,-2.6832817,-0.19733402,5.1944514917866496,0.7056231018179105,False,False,False,False,True,False,False,True,False,False,False,False
3.5244205,-1.8203712,0.056315444,0.013788359,-0.1551098488868784,-0.9688940702893092,False,False,False,False,False,False,False,False,False,False,False,False
-8.465198,3.1316607,-8.033942,-2.8564053,-0.2773901212272748,1.8284493884254795,False,False,False,False,False,False,False,False,False,False,False,False
-9.063752,2.950433,-1.0770376,3.575285,-1.4964400055288494,-0.9498921072197816,True,False,False,False,False,False,False,False,False,False,False,False
-0.5249339,-4.214783,-2.0514956,-6.9724393,0.4181588258032617,-0.8661741486573283,False,False,False,False,False,False,False,False,False,False,False,False
9.846375,5.585826,-1.7330946,-2.0085971,5.913043297624639,0.1778225440431449,False,False,False,False,False,True,False,False,False,False,False,False
-8.77294,1.5589428,0.25625792,5.2161584,0.3547933202743954,0.5189694101631209,False,False,False,False,False,False,False,False,False,False,False,False
-1.7139927,-2.6550674,-4.2041574,-4.3985457,-0.3856225741758747,0.1235350180665798,False,False,False,False,False,False,False,False,False,False,False,False
0.41761503,-1.9646952,6.9780493,-2.0921345,-0.3582342903769051,-0.5757936005515442,False,False,False,False,False,False,False,False,False,False,False,False
-6.4305162,10.237062,-3.1716237,3.6514144,-0.4100310439363118,2.739200370155058,False,False,False,False,False,False,False,False,False,False,False,False
-9.742734,-4.394125,2.3562717,0.46885332,-0.8454701506494251,-0.3120609205284837,True,False,False,False,False,False,False,False,False,False,False,True
-3.4561684,4.2912064,-5.829434,-2.8827276,-0.7825383615118952,-1.9469697225157323,False,False,False,False,False,False,False,False,False,False,False,False
-8.390095,-3.5650647,-0.0422736,-1.4314032,-0.4186458202128963,2.8035428901676207,False,False,False,False,False,False,False,False,False,False,False,False
-0.49938515,5.4921956,-3.430148,-1.3354008,0.0902378879576675,0.6965689199425728,False,False,False,False,False,False,False,False,False,False,False,False
2.4987695,-8.254966,3.4690156,-1.4597402,-0.27023347656651,-1.4637318172239857,False,False,False,False,False,False,False,False,False,False,False,False
3.776459,4.354509,-1.7470393,-2.0253496,0.3696191069510591,-1.5019177033620297,False,False,False,False,False,False,False,False,False,False,True,False
-5.2007375,-6.7025433,5.48912,-0.9359638,-1.4743993407837823,-0.8163436413336832,False,False,False,False,False,False,False,False,False,False,False,False
-9.415568,-2.6301558,-5.204337,-2.4028761,-0.839044947198641,0.9975574553301552,False,False,False,False,False,False,False,False,False,False,False,False
0.099296756,1.7504604,-4.1301274,-3.5457954,-0.0347114002985546,0.3437587988576399,False,False,False,False,False,False,False,False,True,False,False,False
-0.57515264,-3.5978606,0.36710253,-3.2893014,-0.6388264810840621,-0.444532467520818,False,False,False,False,False,False,False,False,False,False,False,False
11.901142,1.2974097,4.0935235,-1.8554657,2.898175942508316,-0.2957303901550701,False,False,False,False,False,False,False,False,False,False,False,False
-1.9740242,-3.722649,-1.2412485,-2.808411,0.58397583485126,-1.1420709401936775,False,False,False,False,False,False,False,False,False,False,False,False
-5.095625,0.55673754,-5.8803396,-2.760571,-0.7252790886278108,0.617976764311692,False,False,False,False,False,False,False,False,False,False,False,False
-5.816426,3.4503434,-6.2012043,-3.3396225,-0.3929629052523987,2.028149382980549,False,False,False,False,False,False,False,False,False,False,False,False
13.061337,4.5705495,0.27555022,-0.77930576,3.410766836997749,-0.7287158048416503,False,False,False,False,False,False,False,False,False,False,False,False
-5.4075155,1.4661994,-3.3511074,-2.1984012,-0.1469587305533371,1.0101476585425628,False,False,False,False,False,False,False,False,False,False,False,False
-1.5762738,-8.222903,3.3676598,-2.4112475,-1.999808021189556,-1.4929563915364596,True,False,False,True,False,False,False,False,False,False,False,True
4.1845016,1.9925622,1.3055807,0.5121658,0.3547933202743954,0.5189694101631209,False,False,False,False,False,False,False,False,False,False,False,False
6.052613,10.126768,-1.3008927,1.5245291,3.9184005527965,0.5582341193459273,False,False,False,False,True,False,False,True,False,False,False,False
6.898498,-7.9614987,7.959657,-2.1340706,-1.8825027332565512,-5.835228642732486,False,False,False,False,False,False,False,False,False,False,False,False
-7.737609,0.1620532,6.540318,6.874707,-0.0071691939852594,0.911646427110196,False,False,False,False,False,False,False,False,False,False,False,False
-4.111985,-2.3288906,3.5677927,9.107073,-2.2544798194196463,0.2016844992885443,True,False,False,False,False,False,False,False,False,False,False,False
6.503268,-2.7739217,2.7335336,-2.8668969,-1.3278021823174442,-2.1182398404536382,False,False,False,False,False,False,False,False,False,False,False,False
3.4711602,-4.170161,6.5942545,-0.17950274,-1.2637778300909208,-3.522054015835186,False,False,False,False,False,False,False,False,False,False,False,False
5.559381,-5.8599877,5.5098977,-3.224916,-0.0691454339786176,-0.5574713831823558,False,False,False,False,False,False,False,False,False,False,False,False
9.411989,2.1925797,-0.020096995,-0.17534056,0.7223551086275887,-0.2554830595304016,False,False,False,False,False,False,False,False,False,False,False,False
2.7361422,-10.20288,5.8328943,-3.3320324,-0.2769433957358761,-1.5764730824651896,False,False,False,False,False,False,False,False,False,False,False,False
-6.694464,6.8067307,-3.0706868,2.509628,-1.040807956589059,1.6002355810306323,True,False,False,False,False,False,False,False,False,False,False,False
-3.0495238,-2.8982773,1.506983,7.211194,-1.4888596195693948,-0.9859518625986496,False,False,False,False,False,False,False,False,False,False,False,False
7.6994653,3.6301935,-0.1470409,-0.067110814,2.8487849779638883,-0.1742929815916893,False,False,False,False,False,False,False,True,False,False,False,False
-7.3129115,7.913011,-1.605839,4.5660458,-0.7187816684384932,1.6175943452187729,False,False,False,False,False,False,False,False,False,False,False,False
1.0400229,8.698361,-2.215736,0.77493626,2.408692341488121,0.6689188497457242,False,False,False,False,False,False,False,True,False,False,False,False
-5.2912555,-1.458021,-4.850673,-3.4397593,0.0034803320175365,1.037201267489637,False,False,False,False,False,False,False,False,False,False,False,False
4.6121993,-7.1078258,9.307542,-1.5353624,-1.0813051248010137,-1.6967691084412828,False,False,False,False,False,False,False,False,False,False,False,False
8.703017,-0.8765996,1.3198177,-0.65506667,-0.5500075904449413,-2.448863828904868,False,False,False,False,False,False,False,False,False,False,False,False
5.8622737,-5.104331,5.1093626,-2.6672413,-0.7364736850646795,-2.443626231483379,False,False,False,False,False,False,False,False,False,True,False,False
-8.405342,-2.2871318,2.7114148,8.268072,-1.1563621355629303,1.3163843966104856,True,False,False,False,False,False,False,False,False,False,False,False
-7.365195,-1.2286229,2.2530494,7.3477006,-0.7648583916377389,1.1483392734075255,False,False,False,False,False,False,False,False,False,False,False,False
-8.7636,-3.8998106,1.943702,0.29002577,-0.8706320652928681,0.1067702325984495,True,True,False,False,False,False,False,False,False,False,False,False
5.496153,-7.3705316,8.369098,-1.7419919,-2.457681209792769,-5.849966525576782,False,False,False,False,False,False,False,False,False,False,False,True
0.5794523,-8.471859,6.216122,-4.50771,0.1112196611266844,-0.105321706746557,False,False,False,False,False,False,False,False,False,False,False,False
9.639021,3.5850708,-0.31560627,-0.22847362,0.562844988444422,0.2816552113136342,False,False,False,False,False,False,False,False,False,False,False,False
5.868651,2.4268703,-0.8587615,-0.8954467,-0.0170336048849016,0.4384548480462484,False,False,False,False,False,False,False,False,False,False,False,False
-10.265734,-1.3644422,-0.068953335,3.4694424,-0.8415452775013844,1.314289841654115,True,False,False,False,False,False,False,False,False,False,False,False
-4.889279,10.7195425,-1.2801322,4.1576414,0.7177962568577663,2.2465138254618107,False,False,False,False,False,False,False,False,False,False,False,False
2.8772755,-8.242265,4.6864424,-2.3309722,-1.4905125858474604,-4.009451021034387,False,False,False,False,False,False,False,False,False,False,False,False
-5.5261083,-4.3342385,-0.12642944,-2.4184752,-1.3885626972024303,0.7896895612344739,True,False,False,True,False,False,False,False,False,False,False,False
-4.4680367,12.357603,-2.341248,5.023176,-0.1309120242960255,7.575993610387495,False,False,False,False,False,False,False,False,False,False,False,False
-2.6742678,0.5092804,-2.8890836,-2.1473103,-1.3527406308937733,1.171158315755371,True,False,False,False,False,False,False,False,False,False,False,False
1.2039361,-7.9160414,6.066252,-1.2952183,-1.194159024996708,-2.6055999028603427,False,False,False,False,False,False,False,False,False,False,False,False
-4.4217386,-0.2372467,-3.900181,-2.9848557,-1.3140291372497286,1.238695983399844,False,False,False,False,False,False,False,False,False,False,False,False
4.0704803,6.087067,-1.999024,0.68605167,0.372412143777404,-1.1237890981674223,False,False,False,False,False,False,False,False,False,False,False,False
-5.728487,-9.592428,2.1865501,0.5740698,-1.1495660601805722,1.7677363845491103,False,False,False,False,False,False,False,False,False,False,False,False
-4.7774615,5.1077847,-0.35963878,3.6159008,-0.1718488084219626,1.4314942333045626,False,False,False,False,False,False,False,False,False,False,False,False
-9.103335,3.6242805,-10.740998,-5.8110566,-0.8644984217492495,1.7831918848849466,False,False,False,False,False,False,False,False,False,False,False,False
-7.5398703,-5.911953,3.1610682,1.6167154,-0.7684927960213184,0.1718495973139271,True,False,False,False,False,False,False,False,False,False,False,False
-4.510896,0.7790372,-5.1867285,-0.27619797,-0.3081554734179298,-0.3146197240723986,False,False,False,False,False,False,False,False,False,False,False,False
9.065098,3.0590985,-0.19055218,1.2165459,6.152695915248115,-1.609864058506506,False,False,False,False,True,False,False,False,False,False,False,False
7.627227,1.0654848,0.28987184,-0.51840806,0.4890859665793743,-1.0438118746665876,False,False,False,False,False,False,False,False,False,False,False,False
-7.5092936,5.863551,-0.50945115,9.667949,-0.6605352245229746,2.530029421704449,True,False,False,False,False,False,False,False,False,False,False,False
2.896421,-8.619365,6.4670854,-4.6173253,-1.3639145740761711,-1.240539585419378,False,False,False,False,False,False,False,False,False,False,False,False
8.730638,3.6055863,0.5876484,-0.9377474,4.37984933902627,-0.6231560056928469,False,False,False,False,True,True,False,False,False,False,False,False
-11.060382,0.7910583,-8.793195,-4.188738,0.1195804898689173,1.0149479856138908,False,False,False,False,False,False,False,False,False,False,False,False
0.7995594,-5.8506203,5.6046777,-5.137078,-1.2495732747160744,-2.6025990797132343,False,False,False,False,False,False,False,False,False,False,False,False
5.934098,5.1279063,0.2723439,-0.47548506,0.3547933202743954,0.5189694101631209,False,False,False,False,False,False,False,False,False,False,False,False
-12.363215,-2.460818,-6.4959054,-2.927384,-1.7297719348358749,1.5340459109987197,True,False,False,False,False,False,False,False,False,False,False,False
-10.239804,3.256925,-1.5198095,5.4515414,-1.0353624524052956,0.7089066902687371,True,False,False,False,False,False,False,False,False,False,False,False
8.84852,7.0482864,-1.9719893,2.943491,8.079805524142238,-1.5612105224533064,False,False,False,False,False,False,False,False,False,False,False,False
-2.527901,-5.4386344,8.689937,0.1509842,-0.3568086051849107,-0.4405580845542431,True,False,False,False,False,False,False,False,False,True,False,False
1.2472998,-0.39881238,1.2424772,5.095923,0.7548856668859593,0.5451234121373862,False,False,False,False,False,False,False,False,False,False,False,False
-4.8850374,9.409856,-2.8844264,2.794886,-0.7219196991541023,4.343678105862703,False,False,False,False,False,False,False,False,False,False,False,False
4.062834,-9.121953,6.8842864,-2.680452,-2.0800951588476058,-5.515340172694001,False,False,False,False,False,False,False,False,False,True,False,False
7.607591,0.003073555,2.8405163,-0.5816709,4.154323579017476,-1.7824976168273747,False,False,False,False,True,False,False,False,False,False,False,False
-0.9505815,-5.5033164,-2.5146368,-1.4552572,-0.1616360609100434,0.539819475044392,False,False,True,False,False,False,False,False,False,False,False,False
11.58686,1.5300646,2.5309656,-1.7541616,0.4500461399973615,-0.2992644260957934,False,False,False,False,False,False,False,False,False,False,False,False
-7.7267523,2.7328713,-4.749912,6.013271,-1.597553466734636,0.0075076592006649,False,False,False,False,False,False,False,False,False,False,False,False
9.589051,5.011096,0.32191363,-0.19372252,0.3547933202743954,0.5189694101631209,False,False,False,False,False,False,False,False,False,False,False,False
-1.8449839,-2.8992107,-3.0972993,-0.9593237,-0.6686969585730314,-0.2035603822288985,False,False,False,False,False,False,False,False,False,False,False,False
-3.8992262,-0.44070277,-4.5270777,-2.2137868,-0.1420807564585526,0.9118806511956256,False,False,False,False,False,False,False,False,False,False,False,False
2.2272537,-6.545651,5.0379806,-2.3309917,-1.7827275132514775,-0.7591352741916334,False,False,False,False,False,False,False,False,False,False,False,False
-7.4520245,-6.515751,-0.26186278,-0.8467548,-1.093100213393708,0.532089957744529,False,False,False,False,False,False,False,False,False,False,False,False
1.3277076,-6.133308,1.4684945,-0.99211246,-0.1202149991392514,-0.5382103422530814,False,False,False,False,False,False,False,False,False,False,False,False
1.8698772,-8.88796,3.8274584,-0.32250154,-0.8121062500090687,-1.9866293094171643,False,False,False,False,False,False,False,False,False,False,False,False
6.388933,-0.65356636,2.617226,-1.0017337,-0.4696966194421069,-1.3758288266804748,False,False,False,False,False,False,False,False,False,False,False,False
6.5947504,-3.4737742,0.4053999,-0.18640047,-0.9738394389620448,-2.048083495417972,False,False,False,False,False,False,False,False,False,False,False,False
4.4963293,-3.6649556,5.942338,-1.4928948,-0.2759147425435088,-1.228128305438748,False,False,False,False,False,False,False,False,False,False,False,False
-4.6548796,1.1329459,1.5147283,7.658859,-0.3135848751609063,1.2587328644518034,False,False,False,False,False,False,False,False,False,False,False,False
-10.474213,0.039166976,-6.5402465,-4.8521266,-1.253349934234243,2.7770535967858287,False,False,False,False,False,False,False,False,False,False,False,False
10.219311,8.191622,-2.578227,-0.40403986,5.825087969739598,-0.0962372316599444,False,False,False,False,True,True,False,True,False,False,False,False
-5.852976,-3.704269,-3.1483274,-1.8939099,-1.2538030157763598,-0.0236601031882187,False,False,False,False,False,False,False,False,False,False,False,False
-7.149939,1.5785295,-3.3160255,3.450377,-0.6512792744620538,0.2627856091776944,True,False,False,False,False,False,False,False,False,False,False,False
-0.2787112,10.607235,-1.4131571,1.2541867,1.6417875195660074,0.5402944436162564,False,False,False,False,False,False,False,True,False,False,False,False
1.3888346,-8.826383,4.312713,-2.1419048,-1.2137087912070383,-1.6757722061227132,False,False,False,False,False,False,False,False,False,False,False,False
4.3058233,3.9728854,-1.4626154,-0.99781203,6.566330619540572,-0.3012305854283754,False,False,False,False,True,True,False,True,False,False,False,False
1.4780864,6.5232377,-0.9491664,2.013386,-0.0593065382568358,-0.2120831354818782,False,False,False,False,False,False,False,False,False,False,False,False
9.2168665,1.1772072,2.0126936,-0.5179197,0.4847329876264432,-0.2993471559917987,False,False,False,False,False,False,False,False,False,False,False,False
0.78416884,-6.618514,3.4903862,-1.3979026,-0.906424561956457,-1.991185413492702,False,False,False,False,False,False,False,False,False,True,False,False
2.7024105,-5.6946588,3.0886123,-0.46756527,-0.0446367042306176,-0.400501841159073,False,False,False,False,False,False,False,False,False,False,False,False
-6.121455,0.9512684,-4.8343735,-2.1170986,-0.3492951201450363,1.2636329395588413,False,False,False,False,False,False,False,False,False,False,False,False
-0.3057965,5.1344614,-3.0043638,-2.67781,0.1292438576055556,2.151541553197513,False,False,False,False,False,False,False,False,False,False,False,False
-9.336866,2.2167695,-4.541072,-0.9009397,-0.0138210113613723,1.8238531999521848,False,False,False,False,False,False,False,False,False,False,False,False
-7.208815,3.1817944,2.45034,7.860722,-0.1265963399576253,1.431438414709432,False,False,False,False,False,False,False,False,False,False,False,False
-4.45551,3.538863,-1.0515537,4.854158,-1.1819168696468263,-0.2006634153017951,False,False,False,False,False,False,False,False,False,False,False,False
-7.7501626,1.4634508,1.9300334,11.034839,-0.1496171650144517,0.3843513520154435,False,False,False,False,False,False,False,False,False,False,False,False
11.742785,6.1976604,0.46548,0.04000019,6.355712314230956,-0.6151910404197941,False,False,False,False,False,False,False,False,False,False,False,False
3.874268,1.8741986,1.3055807,0.5121658,0.3547933202743954,0.5189694101631209,False,False,False,False,False,False,False,False,False,False,False,False
-0.45746607,-5.7164927,4.601148,-2.650415,-0.4711062936280739,-1.0971214474242017,False,False,False,False,False,False,False,False,False,False,False,False
9.3874,-2.3296878,1.6236467,-1.8788228,-0.1649487446086603,-1.3142823179897871,False,False,False,False,False,False,False,False,False,False,False,False
5.368342,10.592225,-2.4327989,1.8922445,1.9068933950139897,0.5624093425546826,False,False,False,False,True,False,False,False,False,False,False,False
-5.832994,0.67855716,0.038705878,2.8434727,-0.0071691939852594,0.911646427110196,False,False,False,False,False,False,False,False,False,False,False,False
0.5046474,-7.1527147,2.5846522,-1.7832466,-1.5695580760753185,-1.7601739918125392,False,False,False,False,False,False,False,False,False,False,False,False
-8.179599,-5.2076154,-5.796985,-2.9932466,-1.7369665961990743,1.254564336269874,True,False,False,False,False,False,False,False,False,False,False,False
-0.85570747,3.8554573,-4.7097287,-2.298864,0.5738788006350942,0.6071917906113836,False,False,False,False,False,False,False,False,False,False,False,False
-1.0764499,4.3135295,0.788081,2.671467,0.1965488888526814,0.0133756695833538,False,False,False,False,False,False,False,False,False,False,False,False
-0.041637532,9.568078,-2.6437564,0.4121938,-0.5948386737822831,2.760461569304225,False,False,False,False,False,False,False,False,False,False,False,False
-11.81381,-2.6863134,-5.9339128,-4.032666,-1.4390371644008406,2.487395276214812,True,False,False,False,False,False,False,False,False,False,False,False
-6.419941,4.3440967,4.862867,1.2717828,-1.3173951135521602,1.036436777591758,True,False,False,True,False,False,False,False,False,False,False,False
10.595689,4.1630297,0.66423,-0.4473669,7.579458953305547,-0.7831022756359812,False,False,False,False,False,False,False,False,False,False,False,False
7.568206,-3.8936727,2.5813422,-0.36488295,0.1244958887771295,-1.2961861212020438,False,False,False,False,False,False,False,False,False,False,False,False
-7.385926,-1.6108875,-6.6363645,-2.2864528,-1.1714321441301423,3.5438993611798466,False,False,False,False,False,False,False,False,False,False,False,False
12.401503,-0.26387575,0.09312595,-0.1497929,0.0473114623103968,-2.190788765714034,False,False,False,False,False,False,False,False,False,False,False,False
1.0938349,2.4433293,0.7312296,-2.0440285,-0.924023204760648,0.0965344471616397,False,False,False,False,False,False,False,False,False,False,False,False
5.015758,-1.3446689,1.0134777,-1.0169787,0.3953255466884163,-0.8379973391230325,False,False,False,False,False,False,False,False,False,False,False,False
-8.02867,-5.3192835,-3.4298146,-2.1671932,-2.146522612836109,0.9608625111762792,False,False,False,False,False,False,False,False,False,False,False,False
-5.8368363,-4.1134334,-4.0260444,-1.860356,-1.9767864952794945,0.9737165634665124,True,False,False,False,False,False,False,False,False,False,False,False
-5.095625,0.55673754,-5.8803396,-2.760571,-0.1407207445478977,2.1556100755521594,False,False,False,False,False,False,False,False,False,False,False,False
-9.09314,5.5655527,-4.0015616,8.751306,-1.4964299016713265,2.404853907467169,False,False,False,False,False,False,False,False,False,False,False,False
-0.61732626,-3.6810386,-1.6917434,-9.465242,-1.263798015808577,-2.138216932868972,False,False,False,False,False,False,False,False,False,False,False,False
9.124055,-9.108571,4.225393,-1.7758993,-1.3126425081409705,-2.627091066605588,False,False,False,False,False,False,False,False,False,False,False,False
9.187085,7.9849687,0.41825938,-0.95408714,6.424182051791259,-0.4509827056727779,False,False,False,False,True,False,False,False,False,False,False,False
-7.329154,-1.2906127,1.9609042,11.51159,-1.1782636612635629,0.1565495871436021,True,False,False,False,False,False,False,False,False,False,False,False
4.3306675,9.502097,-1.5584542,-1.1147122,1.400521951522025,-0.5106683297029377,False,False,False,False,False,False,False,True,False,False,False,False
-6.521371,10.965351,-1.7466542,4.4108152,-0.5575889763846148,2.734788768669404,False,False,False,False,False,False,False,False,False,False,False,False
2.0815256,5.154334,-3.7657328,-3.389218,-0.6009853359099427,0.4229970341103131,True,False,False,False,False,False,False,False,False,False,False,False
11.434839,5.1092377,-0.5747392,0.17882468,5.417199522401565,-0.1937328081073926,False,False,False,False,False,True,False,False,False,False,False,False
10.243475,3.7278597,0.8596811,-0.76393974,7.432069401160039,-0.8590696905583745,False,False,False,False,False,True,False,False,False,False,False,False
-9.46597,-2.226038,-0.8547348,5.3975534,-3.14879159642026,1.0302185908943555,True,False,False,False,False,False,False,False,False,False,False,False
7.9671493,9.822351,-2.217802,3.5294302,8.505210220461214,-0.4924886985249512,False,False,False,False,True,False,False,True,False,False,False,False
-8.065455,1.9467844,-4.709711,-2.2151954,-0.5183207787933483,2.265230161487713,False,False,False,False,False,False,False,False,False,False,False,False
-6.2009244,-4.4889874,-2.82912,-0.17177953,-1.416115826292108,-1.023100496323325,False,False,False,False,False,False,False,False,False,False,False,False
-7.691988,1.0343149,-0.066236906,4.1905723,-1.2572393348604989,3.5894188935545333,True,False,False,False,False,False,False,False,False,False,False,False
7.7740197,2.7149377,0.7851815,-1.200553,6.084978649193646,-1.3072380261632015,False,False,False,False,True,True,False,False,False,False,False,False
-12.876613,-2.1952145,-6.1394067,-1.8576488,-1.4109024717789125,3.558057051383956,True,False,False,False,False,False,False,False,False,False,False,False
9.952832,1.813292,1.7662625,-0.13868861,2.77692127414365,-1.2115138213416925,False,False,False,False,False,False,False,False,False,False,False,False
10.683393,6.2714705,0.8352618,-1.1959624,6.083719466554949,-0.6845952989921301,False,False,False,False,True,False,False,False,False,False,False,False
8.877521,-7.0607214,5.305759,-0.33832008,-0.4363017970654538,-3.044672300369337,False,False,False,False,False,False,False,False,False,False,False,True
8.430624,-2.029582,1.1301682,-0.6612977,-0.5522860817507966,-3.610140801160662,False,False,False,False,False,False,False,False,True,True,True,False
3.3445597,-1.2672455,1.6102784,-0.06397365,-1.1735854420209009,-0.9492469273279854,True,False,False,False,False,False,False,False,False,False,False,True
-9.055177,-0.52674806,-7.8406177,-2.8558776,-0.1338370867164509,1.70523855351828,False,False,False,False,False,False,False,False,False,False,False,False
8.629534,6.6508155,-2.2984273,-1.5672395,8.201676748934707,-0.3801247569669471,False,False,False,False,True,False,False,False,False,False,False,False
7.5337725,-0.5103321,1.1823044,0.27424315,-0.8553964390733213,-1.8250198476581247,False,False,False,False,False,False,False,False,False,False,False,True
12.284014,-0.31296334,0.7383987,-0.6389353,2.948494780298205,-1.6748963603126366,False,False,False,False,False,False,False,False,False,False,False,False
-4.825453,-0.90484947,6.363151,7.3422103,-2.3856725785216004,-1.1695974829026212,True,False,False,False,False,False,False,False,False,False,False,True
-10.2876005,-0.70940775,-0.2358158,-2.3455844,-0.4379607693678907,1.232512026927749,False,False,False,False,False,False,False,False,False,False,False,False
1.3918102,-10.110936,4.569819,-3.808581,-0.9718252396298902,0.1341836091194587,True,False,False,False,False,False,False,False,False,False,False,False
5.971742,2.7117493,0.8376111,-0.78941894,2.9462520429137835,0.501432228880261,False,False,False,False,False,False,False,False,False,False,False,False
4.5587416,-1.8606122,3.6377003,-0.90039086,0.3028473278913481,-0.0893465122488229,False,False,False,False,False,False,False,False,False,False,False,False
5.565363,9.697438,-2.2602792,-1.893581,2.595487788547317,0.4097365328700816,False,False,False,False,False,False,False,True,False,False,False,False
-9.788785,0.28109747,-2.6220722,2.5905058,-1.518790264749327,-0.3536077815454038,True,False,False,False,False,False,False,False,False,False,False,False
0.43795142,4.6464763,-0.488075,5.8325844,1.252567433142497,0.3920951521194519,False,False,False,False,False,False,False,False,False,False,False,False
-8.184302,4.6028895,-1.3077073,8.617464,-0.0495177725727417,0.6939971369268546,False,False,False,False,False,False,False,False,False,False,False,False
2.6404378,-7.2298007,8.332167,-0.8203291,-1.4181436834074594,-3.378280480760751,False,False,False,False,False,False,False,False,False,False,False,True
8.804995,4.471651,0.45889834,-0.5595492,-0.4973311884671482,0.322041726556269,False,False,False,False,False,False,False,False,False,False,False,False
-6.3656683,1.7772343,-2.7219377,-3.5974004,-0.2344835696654891,1.970392236275688,False,False,False,False,False,False,False,False,False,False,False,False
10.367053,6.1675186,-0.18014875,-0.956792,8.087106605827607,-0.6884132545097874,False,False,False,False,False,False,False,True,False,False,False,False
10.24706,2.883518,1.1580231,-0.67397994,6.178930174179101,-1.2377083388054992,False,False,False,False,False,False,False,False,False,False,False,False
-5.709785,3.8559585,-2.8916218,6.012501,-1.0978438920248836,0.9496299970239774,False,False,False,False,False,False,False,False,False,False,False,True
-0.9191495,1.6888263,-3.3306227,-1.4273688,-0.9640882348605404,2.222905901958346,False,False,False,False,False,False,False,False,False,False,False,False
4.607771,10.611267,-1.9963706,1.241729,3.000127437011064,1.6652864358668962,False,False,False,False,False,False,False,True,False,False,False,False
8.704898,-2.263004,0.27902007,-0.31046954,0.3990719375184411,-3.2573941302138167,False,False,False,False,False,False,False,False,False,False,True,False
11.154053,0.5380315,1.5166606,-0.563399,-0.2396716333621379,-0.664232811917677,False,False,False,False,False,False,False,False,False,False,False,False
-6.254548,8.7229395,-3.1698568,2.9784338,-0.5982108656235074,1.6845501840106565,False,False,False,False,False,False,False,False,False,False,False,False
4.046841,-3.6568713,2.4431412,-1.5529877,0.2451131615460332,-0.2599683027158887,False,False,False,False,False,False,False,False,False,False,False,False
-4.07516,3.8302422,-1.0333407,4.038219,-0.0801642591276755,0.0154558649825991,False,False,False,False,False,False,False,False,False,False,False,False
6.4257627,4.1926265,0.5921609,-0.67584354,0.3075116717241557,0.7653532306092979,False,False,False,False,False,False,False,False,False,False,False,False
0.5374119,3.8409214,-6.094089,-3.7335505,-0.6994236372472187,1.261735303092938,False,False,False,False,False,False,False,False,False,False,False,False
-0.8766513,8.3323145,-3.9912093,2.668061,0.3547933202743954,0.5189694101631209,False,False,False,False,False,False,False,False,False,False,False,False
7.5630374,-4.8989553,2.877865,-0.78185725,-1.068725969505402,-3.6089410317891737,False,False,False,False,False,False,False,False,False,False,False,False
7.4467406,-1.8585442,2.1711137,-1.7174383,0.7091994931405639,0.1622345381289353,False,False,False,False,False,False,False,False,False,False,False,False
3.5227745,-8.143422,9.964158,-2.3438487,-2.871761607081176,-5.11543549089062,False,False,False,False,False,False,False,False,False,True,False,True
6.917042,-7.8810706,4.143699,-1.4101082,-1.036013106552879,-2.627230162811617,False,False,False,False,False,False,False,False,False,False,False,False
-9.158661,0.2264849,-3.6283777,6.107853,-1.000387917431219,1.4554196997219162,True,False,False,False,False,False,False,False,False,False,False,False
-9.412199,9.051433,-1.4700933,4.010215,-1.4020005602878889,4.564007144955395,True,False,False,False,False,False,False,False,False,False,False,False
-6.1918163,-1.6041596,-4.49855,-4.8609605,-0.2665189889871444,1.2939627597446166,False,False,False,False,False,False,False,False,False,False,False,False
-5.9165783,4.397317,-2.234205,1.3374052,-0.9793147250915286,4.151094410648371,False,False,False,False,False,False,False,False,False,False,False,False
1.8594289,-5.515185,-0.5507338,-1.1646272,-1.7187218379562672,-3.863157122446653,False,False,False,False,False,False,False,False,False,False,False,False
6.387835,-5.8483696,1.8439951,-0.22960144,-1.2603712363146884,-4.414217779658749,False,False,False,False,False,False,False,False,False,False,False,True
-3.199232,6.4022145,-0.8273895,4.1918874,0.0403425141822491,0.7695735797987759,True,False,False,False,False,False,False,False,False,False,False,False
2.8977916,-4.1776137,2.5441806,-1.7453749,-0.6943742110301864,-0.9284221419780552,False,False,False,False,False,False,False,False,False,False,False,False
-4.716985,-3.7116263,-9.091191,-3.6765974,-0.1887249000880714,0.4270864636754592,False,False,False,False,False,False,False,False,False,False,False,False
4.218235,-7.3449063,10.035756,-1.8121768,-0.1465654761691584,-0.6221875450771157,False,False,False,False,False,False,False,False,False,False,False,False
2.698271,7.5647807,-4.0372105,0.8450085,0.3547933202743954,0.5189694101631209,False,False,False,False,False,False,False,False,False,False,False,False
4.94241,-1.0117403,1.2885844,-1.479778,4.299171500457561,-1.3764953864990035,False,False,False,False,True,False,False,False,False,False,False,False
8.859287,-1.8368864,0.13839608,-0.67672896,-1.2074300929197423,-0.3685742884991251,False,False,False,False,False,False,False,False,False,False,False,False
2.896421,-8.619365,6.4670854,-4.6173253,-1.1489224746358428,-2.1865315326173205,False,False,False,False,False,False,False,False,False,False,False,False
0.66015995,6.4460945,-3.5286326,2.2090878,-0.0838681326515788,-0.411725791058802,False,False,False,False,False,False,False,False,False,False,False,False
-8.009509,3.043279,-0.7719474,6.5826225,-0.9110357408665788,1.6164397551606804,False,False,False,False,False,False,False,False,False,False,False,False
5.6995583,-4.4124618,3.5202503,-1.7950262,-0.5359616710616935,0.1611928171503321,False,False,False,False,False,False,False,False,False,False,False,False
-2.182574,-0.02137294,-5.903113,-4.521551,0.0797909381886368,1.08783440163851,False,False,False,False,False,False,False,False,False,False,False,False
11.434839,5.1092377,-0.5747392,0.17882468,4.535495945440005,-0.3665798606973853,False,False,False,False,False,False,False,False,False,False,False,False
-5.810227,4.313215,-0.1386952,5.9335804,-1.3551287986521825,2.056495723024831,False,False,False,False,False,False,False,False,False,False,False,False
6.049341,-5.3302226,3.9461873,-1.8346189,-0.6307862020592844,-1.2974396071314411,False,False,False,False,False,False,False,False,False,True,False,False
7.268167,-4.575294,3.042506,0.5164928,-2.335423991916571,-3.330133873806398,False,False,False,False,False,False,False,False,False,False,False,True
6.4037313,-0.84057754,0.35712343,0.14903697,-0.4592771809456294,-0.8412446749534978,False,False,False,False,False,False,False,False,False,False,False,False
-2.711284,8.268616,-1.1914017,5.060877,0.2373073308593596,0.911240024391007,True,False,False,False,False,False,False,False,False,False,False,False
2.7624304,-8.016915,2.3689494,-2.1891704,-0.7631454498275067,-0.2589006410051704,False,False,False,False,False,False,False,False,False,False,False,False
-7.54574,3.423742,-2.6287591,2.6293108,-1.5370064433229322,1.12885753920586,True,True,False,True,False,False,False,False,False,False,False,False
1.8655605,7.6234245,-3.6059897,-0.18064651,1.3792344692009575,1.6625418169296704,False,False,False,False,False,False,False,False,False,False,False,False
7.6874022,0.9123266,-1.9328806,0.62647617,1.4074581004703033,-1.3603833440291102,False,False,False,False,False,False,False,False,False,False,False,False
-8.068985,2.6073422,-0.44682845,5.09149,-0.5881277009160162,0.6239992737497255,True,False,False,False,False,False,False,False,False,False,False,False
5.715422,2.6464653,0.25519276,-0.48529705,0.4507183348272084,0.6727728074731979,False,False,False,False,False,False,False,False,False,False,False,False
2.197129,5.8292418,-3.6883664,2.6931682,0.3547933202743954,0.5189694101631209,False,False,False,False,False,False,False,False,False,False,False,False
-9.818282,-0.31625775,-3.4021633,-1.21968,-0.5153540229102987,2.7616403572115336,False,False,False,False,False,False,False,False,False,False,False,False
-9.199628,-2.0779388,-6.098959,-3.5973244,-0.3283076669388882,2.2094987085637103,False,False,False,False,False,False,False,False,False,False,False,False
6.382982,-1.6997002,4.798419,0.5550439,-1.6582644565227231,-4.175305052045871,False,False,False,False,False,False,False,False,False,True,False,False
-3.6931734,-1.7107991,-3.3178396,-2.0823383,-0.5096709543668186,-0.4074713196626966,False,False,False,False,False,False,False,False,False,False,False,False
4.0956283,0.14736767,0.6879639,-0.40856567,-0.0256880103705209,-0.8766210386923076,False,False,False,False,False,False,False,False,False,False,False,False
4.963,-8.011963,8.109606,-1.494591,-1.7234029095413383,-4.101726585860599,False,False,False,False,False,False,False,False,False,False,False,False
-2.4070292,-7.2246695,0.83881503,-5.08712,-0.9878867869674064,0.2387201335667775,True,False,False,False,False,False,False,False,False,False,False,False
6.2102456,5.8141017,-1.7590721,0.57418185,1.7944926307549318,-0.5475688248190901,False,False,False,False,False,False,False,False,False,False,False,False
-5.037075,1.926587,1.1970631,4.898256,-0.7392493388537544,0.8026371964742185,False,False,True,False,False,False,False,False,False,False,False,False
-6.3190036,2.515986,-4.620437,-1.9623845,-0.0978593592657294,1.618250094988439,False,False,False,False,False,False,False,False,False,False,False,False
-5.955171,9.243871,-2.0548868,2.4961677,-1.816132871975158,3.590004645990902,True,False,False,False,False,False,False,False,False,False,False,False
5.8480473,4.8745503,1.6108569,-0.23164779,0.3547933202743954,0.5189694101631209,False,False,False,False,False,False,False,False,False,False,False,False
-8.036471,-2.6635478,-5.304442,-1.0250602,-0.989220290558844,1.614520930539573,False,False,True,False,False,False,False,False,False,False,False,False
7.230605,1.5918554,-1.7006587,-0.88575965,0.1828901462955934,0.090757455807828,False,False,False,False,False,False,False,False,False,False,False,False
2.3339016,-1.922249,1.2053058,2.070902,-1.4034121957123904,-2.072765882166206,False,False,False,False,False,False,False,False,False,False,False,False
-8.76971,4.249539,-2.465179,3.3558793,-0.7510842055254668,-0.224079815625927,False,False,False,False,False,False,False,False,False,False,False,False
-5.657055,-2.604007,-0.5291914,4.2050085,-0.6093328353013747,-1.377417024378067,False,False,False,True,False,False,False,False,False,False,False,False
-4.8910017,5.7180886,-6.9443383,-2.045271,-0.4380044187752024,1.832887948854091,False,False,False,False,False,False,False,False,False,False,False,False
-4.9907513,-4.256814,-0.550424,0.84613353,-0.951434227421726,0.4216222935423115,True,False,False,False,False,False,False,False,False,False,False,False
7.1828623,4.9619055,2.161611,-0.547836,0.3547933202743954,0.5189694101631209,False,False,False,False,False,False,False,False,False,False,False,False
-7.0570707,-6.9936867,1.9144889,2.117081,-1.693447205141602,-1.3983576290223487,False,False,False,False,False,False,False,False,False,False,False,False
5.756658,-1.3684299,2.870616,-1.3083147,0.3884778795213015,0.2894617172574905,False,False,False,False,False,False,False,False,False,False,False,False
6.6166406,9.106624,-1.1971378,1.1322865,4.555484342740043,0.0405085311638776,False,False,False,False,True,False,False,False,False,False,False,False
-4.476575,-2.6561737,-0.7018828,-0.79917073,-0.1302197279308893,0.3346984416729149,False,False,False,False,False,False,False,False,False,False,False,False
-8.915039,7.605135,-1.9370877,3.2393324,-1.1197875458759914,1.3164662560788942,True,False,False,False,False,False,False,False,False,False,False,False
-10.39859,-2.096174,-6.8995433,-3.1601422,-1.5100329703775146,0.617595427306958,True,False,False,False,False,False,False,False,False,False,False,False
6.872936,-6.8929787,5.6478286,-1.5681192,-0.530796652896955,-1.858319202386268,False,False,False,False,False,False,False,False,False,False,False,False
-9.298963,3.703234,-0.9530093,5.1543746,-2.456618453137407,1.488425136859488,True,False,False,False,False,False,False,False,False,False,False,False
5.481307,1.8500882,1.1958025,0.10189067,-0.3335792221978889,-0.7974994135851704,False,False,False,False,False,False,False,False,False,False,False,False
-0.24300101,-3.0834599,-0.027849037,-9.026968,-0.3561623415869517,-0.8429896765196453,False,False,False,False,False,False,False,False,False,False,False,False
-3.6836944,0.69193053,-7.021562,-2.5977542,-0.2511405838427809,1.0880507662548795,False,False,False,False,False,False,False,False,False,False,False,False
1.2388734,-1.6873264,4.0648785,-0.94217354,0.284043475742512,0.3518419552577775,False,False,False,False,False,False,False,False,False,False,False,False
-3.2116432,12.855389,-1.8237588,5.3828425,-0.063219425119815,5.931649574882261,False,False,False,False,False,False,False,False,False,False,False,False
-7.256954,0.26365963,-11.057409,-7.362655,-0.6367129964609326,2.0038743518416604,False,False,False,False,False,False,False,False,False,False,False,False
1.9443256,-2.728058,1.2998257,0.0025050917,-0.8285851487610846,-1.190260631751077,False,False,False,False,False,False,False,False,False,False,False,False
9.522006,-2.0654807,2.2211637,0.059889294,-0.0489212849716121,-1.567093367634791,False,False,False,False,False,False,False,False,False,False,False,False
4.6519303,-5.4568276,3.5967355,-1.5736102,-1.114286068129029,0.1537660237325384,False,False,True,False,False,False,False,False,False,False,False,False
-7.3931093,2.3258274,-1.4085013,3.0478318,-0.9145357467692038,0.6076879293816064,True,False,False,False,False,False,False,False,False,False,False,False
-6.6568637,1.7189447,-1.281592,2.7838614,-0.2396716333621379,-0.664232811917677,False,False,False,False,False,False,False,False,False,False,False,False
-11.419666,0.7275325,-8.622013,-2.7760315,0.0450690079131929,0.9610917807556738,False,False,False,False,False,False,False,False,False,False,False,False
-8.206765,4.794321,-9.207799,-3.2455199,-0.4147075399612623,2.4964866744541228,False,False,False,False,False,False,False,False,False,False,False,False
6.2270794,-7.4791265,3.6997526,-1.1438116,-0.4403861621658522,-0.7265224230057065,False,False,False,False,False,False,False,False,False,False,False,False
4.6545525,-2.1336253,6.0430684,-1.2004902,-0.0593065382568358,-0.2120831354818782,False,False,False,False,False,False,False,False,False,False,False,False
1.1012778,4.486105,-1.9736693,5.8002415,0.3547933202743954,0.5189694101631209,False,False,False,False,False,False,False,False,False,False,False,False
-8.165273,-0.8904215,-4.7315745,11.239572,-1.840463687654469,-0.2541252948552563,False,False,False,False,False,False,False,False,False,False,False,False
-4.5337214,-3.550928,-3.0262094,-1.7315367,-0.5428468358136888,0.5186147055383272,True,False,False,True,False,False,False,False,False,False,False,False
-6.2158175,4.925285,-2.2711086,6.93881,-0.5743691714943076,1.9780214438045225,False,False,False,False,False,False,False,False,False,False,False,False
-3.7260995,9.187319,-1.6990093,2.907033,0.0434083599267395,2.901286785355844,False,False,False,False,False,False,False,False,False,False,False,False
2.6534371,7.6625857,-3.0475206,1.3906015,3.786820581878102,0.6156831016736842,False,False,False,False,True,False,False,True,False,False,False,False
-4.4937553,-4.1672773,-1.5087097,-2.3656857,0.4681947324461841,0.1055779134880606,False,False,False,False,False,False,False,False,False,False,False,False
-4.8975196,1.7465475,-4.8505063,-4.0130877,-0.3881405997775611,2.547600857935058,False,False,False,False,False,False,False,False,False,False,False,False
3.8430805,-10.257675,7.8739204,-1.3855499,-0.4868900548159964,-1.1929496620014857,False,False,False,False,False,False,False,False,False,False,False,False
-6.6411624,-2.0585742,1.3476954,2.8794916,-0.6275409729037512,0.4803019873788823,False,False,False,False,False,False,False,False,False,False,False,False
7.531708,2.9364905,2.1137145,-1.0000006,0.1950622317536585,-0.6220321989194999,False,False,False,False,False,False,False,False,False,False,True,False
-6.9427056,3.6200688,1.8993117,8.1572895,-0.552308092220792,1.8082884160286936,True,False,False,False,False,False,False,False,False,False,False,False
8.091585,-1.890406,1.7404203,-0.70088613,0.4275804520795099,-3.1660096771772714,False,False,False,False,False,False,False,False,True,True,False,False
6.640645,6.4320383,-3.2853208,-1.3223666,1.887557908013087,0.1639164037861588,False,False,False,False,False,False,False,True,False,False,False,False
5.9729195,-6.260673,5.3258243,-2.6622243,0.279241197001616,-1.957485889875905,False,False,False,False,False,False,False,False,False,False,False,False
-8.498526,4.0304995,1.6344256,12.487702,-0.4983518127163278,0.551641075961802,False,False,False,False,False,False,False,False,False,False,False,False
-8.853284,3.1752076,-5.891206,1.6088067,0.3547933202743954,0.5189694101631209,False,False,False,False,False,False,False,False,False,False,False,False
5.4687343,5.9047165,0.67755723,-0.7343229,0.3508171263839614,-0.1795870848524213,False,False,False,False,False,False,False,False,False,False,False,False
-3.0665123,2.225556,-3.8585398,-3.2732701,0.3274188090147611,1.2227637674134098,False,False,False,False,False,False,False,False,False,False,False,False
-9.602965,-5.8267274,-5.7262545,-2.8838222,-1.707840396949719,0.3029250938621551,True,True,False,False,False,False,False,False,False,False,False,False
5.888288,7.0373983,-0.2912862,3.0021155,0.3547933202743954,0.5189694101631209,False,False,False,False,False,False,False,False,False,False,False,False
6.7332363,-3.8125098,1.9477955,-0.49255458,-1.0708147065091425,-3.026442733756161,False,False,False,False,False,False,False,False,False,False,False,False
-5.0101085,11.918888,-2.018609,3.932664,-0.258416471682567,2.662172691901784,False,False,False,False,False,False,False,False,False,False,False,False
-5.9595866,-6.2600155,-5.1514273,-4.8771276,-0.6594483385846472,-0.5164280550656312,False,False,False,False,False,False,False,False,False,False,False,False
6.9000835,-7.201276,1.994188,-0.6650326,-0.6153584373722145,-1.553657944014636,False,False,False,False,False,False,False,False,False,False,False,False
2.8133407,7.9650407,-1.1740774,3.7720685,2.1910835310562,1.889767695372276,False,False,False,False,False,False,False,False,False,False,False,False
6.355348,9.365922,-2.724009,-1.3287979,4.088018039820305,0.0499727585662303,False,False,False,False,True,False,False,True,False,False,False,False
-7.0691366,-1.0660393,-4.9421115,-6.6835938,-1.5142655264906717,1.139796498989747,True,False,False,False,False,False,False,False,False,False,False,False
-9.707988,0.9970009,-7.407646,-2.8350716,-1.1460491067845642,0.2888039238435188,True,False,False,False,False,False,False,False,False,False,False,False
-8.9044485,-0.13134328,0.6647556,0.9164587,-1.3710161095762938,0.6094006493003505,True,False,False,False,False,False,False,False,False,False,False,False
3.5740285,9.790653,-1.1599561,1.3735511,2.5116382731768487,1.0479201798462991,False,False,False,False,False,False,False,False,False,False,False,False
-3.7152393,-3.5092661,-1.9413102,-2.0355625,-0.4584023623184244,0.0259750260907075,False,False,False,False,False,False,False,False,False,False,False,False
-0.8129653,-9.575233,6.7040486,-3.699508,-0.5073326356730459,-0.5504226001654133,False,False,False,False,False,False,False,False,False,False,False,False
-1.3744466,-7.6357656,5.2203183,-3.7259765,-0.540192650100261,-0.2845858160654786,False,False,False,False,False,False,False,False,False,False,False,False
-7.101547,-1.2876178,-5.590675,-2.9635262,-0.5722517473610884,1.6901225748314923,False,False,False,False,False,False,False,False,False,False,False,False
2.8207445,-1.157508,-0.42543185,-1.5320362,1.7803428444327942,0.1580853013505865,False,False,False,False,False,False,False,False,False,False,False,False
12.727443,4.330947,-0.12542503,0.18247387,2.4506276038936137,-0.0957259293824036,False,False,False,False,False,False,False,False,False,False,False,False
-2.8255942,1.722243,1.175401,-9.396951,-0.1267996301109692,-0.14290496504502,False,False,False,False,False,False,False,False,False,False,False,False
-7.2819357,-2.8124368,-5.67763,-1.4015759,-2.4533835618005875,2.602638583278989,True,False,False,False,False,False,False,False,False,False,False,False
-10.622904,1.4366772,-9.490258,-3.6466408,-1.4018844954195768,2.908730235697511,False,False,False,False,False,False,False,False,False,False,False,False
5.582506,-9.318033,6.5990977,-2.2395139,-0.5511772519077088,-1.2844533836389225,False,False,False,False,False,False,False,False,False,False,False,False
0.6457651,-1.5686455,-0.22924002,-3.5025203,-0.0213321114964071,-0.7695124280715234,False,False,False,False,False,False,False,False,False,False,False,False
9.38666,2.383361,-2.6614518,0.060149882,0.6886165906371448,-0.5647952631002966,False,False,False,False,False,False,False,False,False,False,False,False
3.8825,-4.8809586,1.6063613,0.46567726,-2.434182693071981,-2.943025829266616,False,False,False,True,False,False,False,False,False,False,False,False
8.236679,-5.3085113,4.108194,-0.106642164,-2.1599505042560723,-5.66609670826085,False,False,False,False,False,False,False,False,False,False,False,False
-9.946588,-0.22884049,-5.0717034,-0.8513457,-1.034347280302352,1.1286658494807595,False,False,False,False,False,False,False,False,False,False,False,False
3.486547,-6.37027,10.46485,-2.0025518,-1.3221081625029032,-1.9202709625554788,False,False,False,False,False,False,False,False,False,False,False,False
-6.979769,1.2339426,-0.19949326,6.189734,-2.01862066805868,0.7779833400415825,True,False,False,False,False,False,False,False,False,False,False,False
11.638744,3.9669716,0.6644907,-0.8384954,0.9190617618396691,-0.4641355071945121,False,False,False,False,False,False,False,False,False,False,False,False
5.4207172,9.045415,-2.3320944,1.9267606,3.127803097449361,0.9298670156700648,False,False,False,False,False,False,True,False,False,False,False,False
1.4173265,-7.3880363,2.0007746,-1.5118735,-0.5679697028840545,-0.8419342837028814,False,False,False,False,False,False,False,False,False,False,False,False
12.311758,0.21844669,2.818611,0.55801654,0.7700952907409836,-2.811057837124165,True,False,False,False,False,False,False,False,False,False,False,False
-3.3300724,-3.2520516,-2.5352988,-1.0400695,-1.1124688592587977,0.6499114383755924,True,False,False,True,False,False,False,False,False,False,False,False
-7.549712,6.930237,-8.616344,3.2393744,0.1565067899444836,2.237850680236364,False,False,False,False,False,False,False,False,False,False,False,False
-0.10262505,-5.5642333,4.861463,-1.7537453,-0.2690233842114463,-1.2080673415481504,False,False,False,False,False,False,False,False,False,False,False,False
-1.7389653,9.053282,-1.9427786,1.4641122,-0.8269429048708085,5.841526128541192,False,False,False,False,False,False,False,False,False,False,False,False
7.1039324,0.6609783,0.85058856,-1.5269598,-0.3458923027941385,-2.230112698036032,False,False,False,False,False,False,False,False,True,False,False,False
10.906544,7.161904,-3.2352746,-1.4078838,4.209659327729399,0.1202223802830193,False,False,False,False,True,False,False,True,False,False,False,False
6.3288193,-0.2660748,1.8086573,-2.1426048,0.4791704971090444,-1.941853237566028,False,False,False,False,False,False,False,False,False,False,False,False
0.6901261,-8.008346,5.2025223,-4.315147,-0.9807737288569968,-0.0090452148807804,False,False,False,False,False,False,False,False,False,False,False,False
-3.0970073,2.8697884,-3.6587896,-3.019372,-0.6430724555971084,0.4014338946755988,False,False,False,False,False,False,False,False,False,False,False,False
10.207032,2.5873997,-0.29390284,-1.2856076,3.4074645251204605,0.3453207100689592,False,False,False,False,False,False,False,True,False,False,False,False
0.90301925,0.5016193,-2.9481685,-1.1114392,1.0012377798632337,-0.0849453829178351,False,False,False,False,False,False,False,False,False,False,False,False
5.578762,0.038243987,0.5954456,0.100105874,0.1610945979728623,-0.4099002352221838,False,False,False,False,False,False,False,False,False,False,False,False
2.7012622,11.91709,-6.1100645,-0.1347114,1.0256545514449846,0.663866923978474,False,False,False,False,False,False,False,False,False,False,False,False
1.8027512,-2.4622395,5.917746,-2.2361853,-0.5258954541725578,0.0951531965275657,False,False,False,False,False,False,False,False,False,False,False,False
-5.04265,3.3925395,-7.9442053,3.160526,0.1555582173196388,0.9279595270840494,False,False,False,False,False,False,False,False,False,False,False,False
-4.161112,2.43993,-2.0328488,3.8987436,0.3547933202743954,0.5189694101631209,False,False,False,False,False,False,False,False,False,False,False,False
-4.6806846,0.96110827,0.69921017,5.705081,-0.932381211326686,-0.675540146058541,False,False,False,True,False,False,False,False,False,False,False,False
1.4552437,5.648373,-1.4549369,0.5067637,2.408692341488121,0.6689188497457242,False,False,False,False,False,False,False,True,False,False,False,False
-4.4952326,1.8819507,1.5469323,6.5737624,-2.1371244204909954,0.0087523372107356,True,False,False,False,False,False,False,False,False,False,False,False
2.0658243,-2.8114057,1.9695715,-1.8755273,1.3313247367100414,-1.0431327728023785,False,False,False,False,False,False,False,False,False,False,False,False
-4.497828,-0.45850796,1.1686383,8.481061,-1.5916289194355613,-0.3310259458318054,False,False,False,False,False,False,False,False,False,False,False,False
5.0531483,6.3669086,-1.9534334,2.0857816,2.735003721885188,-0.2012065997457022,False,False,False,False,False,False,False,False,False,False,False,False
-7.805579,6.5280924,-2.004125,3.3061557,0.0427294002586931,0.6255343521878299,False,False,False,False,False,False,False,False,False,False,False,False
8.348971,0.17133087,1.4025582,-0.95117635,-0.1570753060638559,-0.9741604356420908,False,False,False,False,False,False,False,False,False,False,False,False
-6.5045056,-4.392773,-1.0854517,0.12854274,-0.570146258715569,0.7149185683159414,True,False,False,False,False,False,False,False,False,False,False,False
0.30209512,-6.568204,2.2012188,-2.4239485,-0.8128443820663924,-1.5213469048965844,False,False,False,False,False,False,False,False,False,False,False,False
-2.1740794,0.012461889,0.61383694,7.084598,-1.849608928080132,-0.4534178927004854,True,False,False,False,False,False,False,False,False,False,False,False
-3.9533367,11.322144,-2.272676,1.1021926,0.1555582173196388,0.9279595270840494,False,False,False,False,False,False,False,False,False,False,False,False
-5.4567456,8.94865,-3.0364563,4.9068003,-1.2233844942858507,4.423214294491198,True,False,False,False,False,False,False,False,False,False,False,False
7.119741,0.45890412,0.39136225,-0.67699784,-0.0670613539564069,-0.7662195825346341,False,False,False,False,False,False,False,False,False,False,False,False
5.859369,3.341572,-4.2037034,-2.26093,-0.2426455388703963,-1.133364343923594,False,False,False,False,False,False,False,False,False,False,False,False
4.660874,-6.75071,2.7737076,-1.3018326,0.2941334741688389,-0.329245702687885,False,False,False,False,False,False,False,False,False,False,False,False
-6.2489567,0.63184667,-4.2443624,-0.89112085,-0.727463803688658,1.3727275856820087,False,False,False,False,False,False,False,False,False,False,False,False
9.102892,4.9508643,-1.5312049,-1.444009,5.465875144222751,-1.73109721183777,False,False,False,False,False,False,False,False,False,False,True,False
4.804634,7.9026175,-1.1547134,1.156712,2.7087424933292765,0.2817316872009373,False,False,False,False,True,False,False,False,False,False,False,False
-7.455006,2.4829125,-2.3094718,2.12624,-0.131685010923871,0.937685046001862,False,False,False,False,False,False,False,False,False,False,False,False
