RedJade Code,Green,Grassy,Cucumber,Tomato,Hay,Herbal,Mint,Woody,Pine,Floral,Jasmine,Rose,Honey,Fruity,Citrus,Lemon,Orange,Tropical,Berry,Peach,Apple,Sour,Fermented,Alcoholic,Winey,Rummy,Caramellic,Vanilla,Spicy,Coffee,Smoky,Roasted,Meaty,Nutty,Fatty,Coconut,Waxy,Dairy,Buttery,Cheesy,Sulfurous,Garlic,Earthy,Musty,Animal,Musk,Powdery,Sweet,Cooling,Sharp,Medicinal,Camphoreous,Metallic,Ozone,Fishy
OUY,0.606,0.0099,0.042,0.0,0.014,0.11,0.018,0.044,0.006,0.216,0.0428,0.07,0.014,0.378,0.0933,0.016,0.026,0.142,0.022,0.034,0.0655,0.0,0.02,0.024,0.0368,0.012,0.0219,0.004,0.06,0.002,0.004,0.096,0.114,0.124,0.262,0.07,0.1552,0.08,0.0312,0.014,0.06,0.016,0.1567,0.026,0.006,0.002,0.002,0.1858,0.0,0.024,0.002,0.002,0.068,0.01,0.006
CWE,0.274,0.026,0.002,0.0,0.052,0.2403,0.186,0.247,0.081,0.114,0.006,0.026,0.07,0.22,0.074,0.034,0.006,0.058,0.018,0.012,0.034,0.032,0.04,0.014,0.024,0.012,0.024,0.008,0.0562,0.032,0.01,0.0731,0.052,0.0989,0.034,0.03,0.014,0.018,0.028,0.008,0.0589,0.012,0.132,0.064,0.008,0.0041,0.014,0.2842,0.072,0.0187,0.048,0.1972,0.014,0.008,0.004
XKL,0.402,0.006,0.002,0.0,0.006,0.114,0.046,0.072,0.01,0.0574,0.008,0.018,0.008,0.6372,0.03,0.0,0.004,0.094,0.03,0.02,0.196,0.026,0.136,0.136,0.1038,0.074,0.066,0.012,0.046,0.02,0.006,0.0645,0.03,0.1255,0.05,0.01,0.026,0.04,0.096,0.01,0.0395,0.004,0.1098,0.0497,0.008,0.0,0.006,0.2591,0.002,0.032,0.01,0.006,0.002,0.0,0.004
DRR,0.258,0.026,0.004,0.0179,0.018,0.062,0.046,0.05,0.0,0.0892,0.002,0.06,0.012,0.3179,0.028,0.002,0.002,0.034,0.006,0.0,0.022,0.014,0.042,0.022,0.018,0.018,0.166,0.018,0.0776,0.04,0.036,0.09,0.0582,0.118,0.0581,0.042,0.02,0.0159,0.06,0.0213,0.0709,0.022,0.072,0.0649,0.008,0.002,0.01,0.2535,0.012,0.034,0.022,0.002,0.0218,0.006,0.016
IEZ,0.2248,0.002,0.004,0.014,0.054,0.0557,0.008,0.0259,0.0,0.078,0.006,0.008,0.024,0.4292,0.008,0.0,0.0,0.102,0.04,0.002,0.092,0.012,0.012,0.004,0.028,0.0452,0.2044,0.016,0.042,0.032,0.018,0.172,0.046,0.212,0.03,0.048,0.01,0.022,0.062,0.0252,0.0448,0.01,0.11,0.0703,0.006,0.0,0.008,0.3507,0.004,0.026,0.016,0.006,0.016,0.0,0.03
PLC,0.112,0.004,0.002,0.004,0.044,0.018,0.01,0.048,0.0,0.0206,0.004,0.012,0.042,0.2154,0.0046,0.0,0.006,0.03,0.02,0.004,0.024,0.228,0.012,0.024,0.036,0.07,0.336,0.008,0.255,0.058,0.02,0.15,0.112,0.106,0.0314,0.002,0.006,0.03,0.066,0.062,0.108,0.024,0.016,0.069,0.004,0.0,0.03,0.238,0.01,0.244,0.032,0.004,0.004,0.0,0.015
UGR,0.086,0.002,0.002,0.0,0.192,0.102,0.01,0.0496,0.002,0.138,0.008,0.004,0.078,0.096,0.0,0.0,0.012,0.008,0.014,0.0,0.0,0.0,0.006,0.0,0.008,0.002,0.054,0.1,0.1164,0.064,0.032,0.086,0.064,0.224,0.012,0.058,0.008,0.01,0.008,0.002,0.024,0.006,0.09,0.098,0.092,0.0,0.118,0.5538,0.004,0.0,0.086,0.014,0.006,0.002,0.01
HWH,0.1457,0.01,0.002,0.004,0.038,0.0481,0.048,0.07,0.02,0.2237,0.002,0.028,0.034,0.076,0.04,0.024,0.002,0.022,0.002,0.002,0.0023,0.002,0.006,0.0,0.004,0.01,0.038,0.018,0.0802,0.09,0.068,0.12,0.142,0.134,0.032,0.008,0.0178,0.002,0.008,0.002,0.242,0.06,0.154,0.082,0.146,0.0,0.046,0.282,0.004,0.024,0.052,0.0434,0.032,0.004,0.028
QAK,0.18,0.014,0.012,0.0,0.074,0.0766,0.036,0.0739,0.006,0.12,0.006,0.016,0.036,0.392,0.02,0.0,0.004,0.066,0.02,0.008,0.052,0.018,0.002,0.0,0.046,0.02,0.23,0.036,0.0767,0.026,0.024,0.082,0.03,0.1,0.056,0.064,0.03,0.022,0.05,0.02,0.028,0.002,0.04,0.056,0.016,0.004,0.02,0.3547,0.008,0.02,0.024,0.008,0.008,0.004,0.008
LZN,0.166,0.012,0.0,0.01,0.046,0.1191,0.0437,0.1629,0.032,0.194,0.004,0.028,0.058,0.1048,0.062,0.024,0.008,0.022,0.0068,0.0,0.004,0.0,0.01,0.0,0.0,0.0,0.0081,0.014,0.1398,0.032,0.058,0.142,0.076,0.18,0.038,0.014,0.01,0.006,0.008,0.012,0.084,0.018,0.0961,0.046,0.156,0.002,0.052,0.2692,0.0,0.0139,0.084,0.1012,0.028,0.002,0.014
UMX,0.3921,0.06,0.002,0.022,0.036,0.102,0.156,0.1281,0.018,0.1121,0.0,0.032,0.07,0.252,0.062,0.054,0.01,0.214,0.012,0.018,0.012,0.01,0.034,0.012,0.01,0.018,0.018,0.0,0.0921,0.024,0.012,0.0795,0.222,0.0745,0.07,0.0,0.018,0.032,0.01,0.0239,0.3585,0.1158,0.1166,0.124,0.002,0.002,0.002,0.1782,0.068,0.0679,0.006,0.0581,0.018,0.006,0.018
LPC,0.318,0.028,0.0,0.0055,0.006,0.026,0.054,0.062,0.004,0.028,0.0,0.004,0.018,0.2,0.004,0.0,0.0,0.042,0.014,0.01,0.028,0.008,0.048,0.014,0.022,0.045,0.0747,0.002,0.034,0.124,0.04,0.318,0.1452,0.294,0.0265,0.014,0.002,0.014,0.034,0.012,0.084,0.014,0.098,0.104,0.022,0.0,0.018,0.1621,0.002,0.02,0.026,0.008,0.0228,0.0,0.06
SVD,0.228,0.014,0.0,0.002,0.036,0.2077,0.1939,0.2817,0.11,0.1958,0.024,0.056,0.058,0.2636,0.044,0.028,0.004,0.07,0.0495,0.0062,0.044,0.0218,0.016,0.006,0.01,0.018,0.028,0.012,0.1383,0.012,0.028,0.028,0.04,0.032,0.04,0.0319,0.032,0.028,0.026,0.012,0.056,0.006,0.088,0.056,0.018,0.024,0.03,0.3252,0.09,0.03,0.038,0.1444,0.024,0.024,0.0
LRH,0.118,0.004,0.002,0.006,0.042,0.0521,0.016,0.082,0.0,0.028,0.004,0.0,0.006,0.3424,0.012,0.0,0.002,0.044,0.03,0.014,0.056,0.0379,0.024,0.002,0.046,0.052,0.322,0.006,0.056,0.084,0.004,0.1651,0.064,0.218,0.0679,0.05,0.004,0.036,0.128,0.04,0.0711,0.008,0.038,0.042,0.004,0.0,0.006,0.486,0.008,0.058,0.012,0.006,0.004,0.002,0.01
MTJ,0.094,0.006,0.0,0.0,0.196,0.168,0.0281,0.0939,0.0079,0.25,0.002,0.016,0.118,0.1209,0.004,0.0,0.018,0.02,0.01,0.0,0.002,0.008,0.002,0.0,0.002,0.006,0.084,0.142,0.12,0.032,0.048,0.076,0.048,0.196,0.03,0.122,0.008,0.008,0.012,0.004,0.028,0.004,0.0479,0.036,0.042,0.002,0.118,0.5519,0.004,0.002,0.056,0.0179,0.004,0.008,0.008
KPZ,0.232,0.014,0.002,0.016,0.016,0.022,0.016,0.064,0.002,0.016,0.0,0.002,0.006,0.098,0.006,0.006,0.0,0.016,0.006,0.0,0.008,0.012,0.014,0.036,0.008,0.024,0.138,0.008,0.056,0.124,0.088,0.278,0.126,0.406,0.032,0.012,0.002,0.006,0.024,0.002,0.112,0.036,0.052,0.258,0.004,0.0,0.018,0.2,0.006,0.014,0.088,0.0,0.014,0.0,0.128
YGD,0.158,0.012,0.0,0.006,0.044,0.044,0.026,0.046,0.004,0.2,0.0,0.022,0.024,0.0971,0.002,0.0,0.002,0.02,0.01,0.006,0.0,0.006,0.018,0.0,0.006,0.004,0.076,0.042,0.08,0.166,0.05,0.2168,0.152,0.3272,0.026,0.02,0.012,0.008,0.02,0.006,0.1392,0.004,0.1392,0.132,0.126,0.0,0.058,0.298,0.018,0.008,0.048,0.002,0.014,0.002,0.048
VUO,0.178,0.018,0.0,0.0279,0.012,0.134,0.022,0.156,0.0,0.02,0.002,0.01,0.002,0.106,0.0,0.002,0.004,0.004,0.006,0.002,0.02,0.036,0.022,0.032,0.04,0.058,0.054,0.002,0.028,0.076,0.132,0.236,0.102,0.32,0.0301,0.006,0.002,0.014,0.054,0.006,0.096,0.028,0.036,0.226,0.006,0.002,0.002,0.442,0.002,0.044,0.016,0.002,0.102,0.0,0.122
TTE,0.4008,0.012,0.004,0.01,0.016,0.1687,0.0766,0.2067,0.024,0.254,0.026,0.156,0.028,0.2128,0.0952,0.018,0.02,0.058,0.02,0.0147,0.024,0.006,0.01,0.002,0.004,0.01,0.016,0.004,0.0978,0.01,0.006,0.032,0.066,0.06,0.086,0.0292,0.0713,0.018,0.0147,0.004,0.046,0.008,0.128,0.0456,0.04,0.018,0.0115,0.2127,0.0104,0.0148,0.008,0.0294,0.16,0.028,0.0221
YQW,0.24,0.018,0.004,0.0076,0.044,0.0739,0.018,0.0759,0.006,0.0885,0.018,0.024,0.0336,0.3804,0.0241,0.004,0.006,0.044,0.026,0.0,0.0723,0.014,0.024,0.004,0.0543,0.044,0.108,0.044,0.118,0.056,0.032,0.198,0.09,0.242,0.0439,0.024,0.02,0.01,0.042,0.02,0.066,0.014,0.122,0.078,0.016,0.002,0.03,0.3564,0.008,0.024,0.04,0.002,0.0244,0.006,0.014
STR,0.4352,0.0148,0.0336,0.002,0.01,0.1212,0.036,0.0643,0.006,0.2397,0.038,0.1212,0.012,0.3898,0.1492,0.0119,0.057,0.066,0.012,0.0445,0.0728,0.0023,0.006,0.008,0.0228,0.006,0.02,0.004,0.0521,0.004,0.0,0.038,0.062,0.062,0.2738,0.066,0.2165,0.0599,0.0205,0.0239,0.036,0.0142,0.0958,0.0488,0.006,0.016,0.01,0.2198,0.004,0.014,0.002,0.012,0.032,0.014,0.016
YTJ,0.116,0.004,0.004,0.0,0.1075,0.0772,0.0835,0.0802,0.008,0.176,0.01,0.022,0.072,0.2615,0.01,0.0,0.008,0.044,0.0352,0.002,0.03,0.01,0.004,0.0,0.022,0.014,0.1644,0.07,0.1343,0.026,0.03,0.062,0.04,0.112,0.032,0.1238,0.026,0.014,0.044,0.02,0.032,0.004,0.0361,0.0523,0.014,0.002,0.082,0.4726,0.014,0.0199,0.026,0.0309,0.0198,0.006,0.0
JTA,0.112,0.012,0.0,0.004,0.026,0.0414,0.04,0.092,0.0138,0.068,0.0,0.026,0.024,0.1097,0.0082,0.01,0.0002,0.014,0.004,0.0,0.002,0.002,0.014,0.008,0.002,0.006,0.0804,0.04,0.114,0.084,0.29,0.2482,0.05,0.1878,0.022,0.006,0.002,0.006,0.006,0.024,0.0558,0.028,0.1039,0.08,0.028,0.0,0.054,0.3123,0.004,0.136,0.12,0.008,0.006,0.002,0.014
USG,0.2938,0.01,0.006,0.002,0.03,0.0834,0.046,0.1355,0.006,0.268,0.01,0.076,0.056,0.1602,0.01,0.002,0.026,0.018,0.006,0.0,0.0,0.006,0.01,0.0,0.008,0.006,0.016,0.026,0.1203,0.094,0.066,0.122,0.062,0.164,0.046,0.018,0.052,0.008,0.014,0.01,0.074,0.006,0.168,0.074,0.08,0.004,0.028,0.3316,0.0,0.03,0.046,0.022,0.056,0.006,0.07
LUC,0.266,0.006,0.014,0.0,0.008,0.182,0.02,0.148,0.02,0.33,0.048,0.096,0.034,0.5335,0.0533,0.002,0.016,0.08,0.09,0.026,0.0908,0.02,0.052,0.01,0.1008,0.038,0.05,0.046,0.108,0.016,0.014,0.054,0.038,0.07,0.054,0.012,0.022,0.036,0.044,0.012,0.032,0.004,0.06,0.034,0.026,0.02,0.0765,0.4265,0.004,0.006,0.01,0.014,0.022,0.008,0.002
JVN,0.164,0.028,0.0,0.0098,0.01,0.042,0.072,0.038,0.002,0.028,0.002,0.014,0.006,0.52,0.006,0.004,0.002,0.032,0.014,0.002,0.026,0.024,0.09,0.054,0.03,0.022,0.3347,0.0,0.022,0.04,0.014,0.066,0.074,0.08,0.0242,0.01,0.01,0.03,0.036,0.038,0.07,0.028,0.038,0.064,0.008,0.0,0.0,0.1875,0.016,0.016,0.024,0.034,0.01,0.0,0.026
JPS,0.2781,0.024,0.002,0.006,0.028,0.1349,0.2003,0.1163,0.0173,0.0681,0.002,0.024,0.114,0.2656,0.0827,0.024,0.0067,0.09,0.0156,0.004,0.018,0.014,0.038,0.01,0.014,0.032,0.0679,0.004,0.1066,0.022,0.008,0.04,0.04,0.074,0.05,0.018,0.02,0.028,0.008,0.034,0.076,0.008,0.0774,0.114,0.008,0.0,0.014,0.255,0.116,0.0522,0.076,0.0936,0.044,0.002,0.01
OVF,0.3149,0.006,0.004,0.004,0.012,0.1714,0.0491,0.1347,0.02,0.29,0.0501,0.13,0.052,0.5931,0.0818,0.004,0.018,0.0807,0.0537,0.0401,0.124,0.0259,0.06,0.028,0.08,0.024,0.058,0.008,0.0739,0.008,0.004,0.018,0.008,0.032,0.066,0.024,0.0819,0.03,0.038,0.018,0.016,0.002,0.044,0.032,0.016,0.01,0.0296,0.3431,0.016,0.008,0.006,0.012,0.028,0.002,0.006
LXZ,0.1516,0.016,0.0,0.002,0.054,0.0756,0.05,0.0982,0.012,0.3096,0.012,0.0459,0.134,0.1899,0.012,0.0,0.07,0.03,0.032,0.004,0.0164,0.002,0.008,0.0,0.016,0.004,0.046,0.104,0.192,0.012,0.036,0.046,0.022,0.116,0.038,0.0598,0.018,0.012,0.018,0.006,0.016,0.004,0.0279,0.0261,0.008,0.02,0.062,0.464,0.004,0.022,0.036,0.022,0.016,0.004,0.002
PXT,0.234,0.02,0.0,0.014,0.01,0.0638,0.018,0.03,0.0,0.038,0.002,0.004,0.012,0.6174,0.02,0.004,0.0,0.11,0.056,0.0,0.204,0.03,0.034,0.018,0.044,0.1115,0.09,0.002,0.04,0.01,0.002,0.056,0.0426,0.0749,0.08,0.008,0.02,0.042,0.086,0.0958,0.042,0.014,0.0423,0.0363,0.02,0.0,0.002,0.3486,0.004,0.072,0.004,0.002,0.0445,0.0,0.012
JWQ,0.2691,0.032,0.0008,0.024,0.0338,0.1,0.1047,0.1232,0.0131,0.1401,0.008,0.046,0.044,0.2339,0.0609,0.018,0.01,0.05,0.016,0.016,0.04,0.006,0.008,0.002,0.014,0.0324,0.098,0.024,0.1221,0.028,0.028,0.104,0.078,0.132,0.0492,0.038,0.02,0.02,0.012,0.0379,0.106,0.034,0.073,0.092,0.046,0.002,0.048,0.3008,0.04,0.0318,0.05,0.0653,0.036,0.006,0.016
YWZ,0.4296,0.0216,0.0485,0.02,0.012,0.1015,0.016,0.03,0.006,0.1735,0.014,0.052,0.01,0.3995,0.0965,0.002,0.038,0.168,0.014,0.018,0.0936,0.0139,0.034,0.054,0.042,0.03,0.01,0.008,0.03,0.028,0.004,0.074,0.184,0.086,0.1825,0.006,0.1337,0.03,0.022,0.034,0.226,0.0518,0.11,0.054,0.006,0.0,0.014,0.2235,0.002,0.0164,0.002,0.002,0.03,0.016,0.002
JLG,0.234,0.014,0.004,0.016,0.012,0.024,0.01,0.036,0.0,0.024,0.0,0.006,0.002,0.1888,0.0057,0.002,0.002,0.0236,0.0088,0.002,0.0143,0.0094,0.022,0.02,0.0183,0.0556,0.1317,0.006,0.032,0.274,0.036,0.23,0.142,0.27,0.0556,0.014,0.0083,0.02,0.062,0.02,0.092,0.018,0.262,0.296,0.006,0.0,0.004,0.3728,0.002,0.028,0.016,0.002,0.0056,0.0,0.072
QFO,0.368,0.056,0.01,0.0239,0.022,0.036,0.01,0.048,0.002,0.1025,0.002,0.032,0.036,0.334,0.0265,0.0,0.006,0.062,0.022,0.0,0.08,0.04,0.022,0.008,0.024,0.0212,0.108,0.028,0.1,0.03,0.032,0.112,0.102,0.158,0.0937,0.008,0.036,0.026,0.046,0.0773,0.116,0.042,0.076,0.048,0.008,0.0,0.022,0.2692,0.012,0.034,0.024,0.002,0.0587,0.002,0.018
ITH,0.3574,0.022,0.012,0.03,0.014,0.1209,0.108,0.05,0.0,0.159,0.0,0.098,0.016,0.3241,0.0269,0.0089,0.004,0.04,0.018,0.004,0.026,0.016,0.074,0.036,0.024,0.0489,0.058,0.0,0.0836,0.02,0.016,0.076,0.059,0.082,0.0831,0.01,0.0479,0.0219,0.03,0.0452,0.0702,0.04,0.0829,0.098,0.014,0.006,0.01,0.2113,0.056,0.0211,0.018,0.018,0.038,0.0,0.016
PRY,0.172,0.004,0.004,0.002,0.03,0.07,0.022,0.08,0.006,0.236,0.012,0.052,0.104,0.2468,0.01,0.0,0.036,0.038,0.062,0.02,0.026,0.014,0.004,0.004,0.018,0.014,0.086,0.112,0.144,0.012,0.014,0.028,0.02,0.078,0.034,0.076,0.028,0.026,0.0319,0.0119,0.022,0.002,0.022,0.03,0.028,0.012,0.08,0.4521,0.002,0.002,0.006,0.006,0.016,0.024,0.0
NUQ,0.264,0.006,0.002,0.002,0.018,0.108,0.042,0.1259,0.012,0.2765,0.032,0.094,0.086,0.47,0.034,0.0,0.014,0.092,0.0755,0.0321,0.064,0.012,0.048,0.008,0.054,0.03,0.086,0.038,0.104,0.042,0.018,0.07,0.074,0.076,0.052,0.018,0.05,0.03,0.04,0.012,0.064,0.004,0.048,0.024,0.026,0.006,0.0795,0.426,0.004,0.01,0.004,0.01,0.03,0.002,0.002
JMX,0.1831,0.002,0.006,0.002,0.05,0.1578,0.1151,0.1568,0.0201,0.198,0.018,0.036,0.084,0.1045,0.026,0.012,0.03,0.02,0.0045,0.004,0.006,0.0,0.008,0.002,0.004,0.004,0.024,0.036,0.1987,0.046,0.086,0.088,0.0743,0.13,0.022,0.0358,0.01,0.002,0.004,0.0049,0.0191,0.006,0.142,0.0791,0.11,0.006,0.042,0.2981,0.006,0.02,0.114,0.0775,0.0157,0.012,0.002
EMK,0.1968,0.014,0.006,0.022,0.028,0.04,0.018,0.0599,0.002,0.062,0.004,0.016,0.06,0.25,0.012,0.0,0.002,0.124,0.008,0.006,0.022,0.006,0.02,0.01,0.026,0.022,0.108,0.046,0.096,0.08,0.024,0.2262,0.222,0.2278,0.056,0.022,0.02,0.038,0.032,0.0452,0.2986,0.082,0.0718,0.0728,0.006,0.008,0.04,0.2772,0.006,0.016,0.016,0.002,0.016,0.0,0.018
INK,0.4638,0.01,0.0966,0.002,0.0,0.164,0.02,0.046,0.012,0.1846,0.002,0.1891,0.002,0.1712,0.1946,0.01,0.1131,0.044,0.004,0.004,0.012,0.004,0.002,0.002,0.002,0.0,0.0,0.0,0.022,0.006,0.002,0.05,0.052,0.014,0.2869,0.01,0.2969,0.02,0.002,0.016,0.094,0.028,0.0929,0.026,0.0,0.0,0.002,0.1178,0.002,0.0054,0.002,0.006,0.022,0.02,0.006
WCH,0.188,0.004,0.0,0.002,0.016,0.112,0.0521,0.0999,0.006,0.168,0.01,0.038,0.028,0.4815,0.018,0.002,0.03,0.088,0.0759,0.008,0.07,0.036,0.024,0.004,0.086,0.022,0.1721,0.044,0.09,0.022,0.046,0.1137,0.064,0.126,0.038,0.01,0.012,0.018,0.064,0.008,0.0417,0.008,0.078,0.1014,0.014,0.004,0.034,0.3855,0.018,0.014,0.022,0.0281,0.01,0.002,0.002
TOY,0.4181,0.006,0.006,0.004,0.012,0.136,0.018,0.078,0.006,0.242,0.044,0.064,0.022,0.5679,0.0659,0.016,0.0319,0.0819,0.048,0.028,0.124,0.02,0.09,0.154,0.116,0.024,0.014,0.02,0.0679,0.006,0.004,0.014,0.022,0.042,0.0861,0.012,0.096,0.03,0.02,0.014,0.024,0.006,0.04,0.026,0.014,0.014,0.016,0.242,0.006,0.008,0.0,0.008,0.02,0.006,0.002
ZBS,0.1979,0.014,0.0,0.002,0.034,0.204,0.0421,0.2625,0.0359,0.1527,0.01,0.024,0.016,0.152,0.042,0.01,0.01,0.022,0.0398,0.0066,0.008,0.004,0.002,0.0,0.0,0.006,0.032,0.014,0.138,0.066,0.054,0.122,0.04,0.152,0.0299,0.0098,0.0027,0.002,0.002,0.004,0.028,0.004,0.212,0.113,0.048,0.028,0.0451,0.2108,0.004,0.012,0.042,0.0559,0.044,0.016,0.002
VRJ,0.2699,0.014,0.002,0.006,0.02,0.1834,0.1173,0.286,0.0341,0.1841,0.012,0.058,0.0263,0.1605,0.1083,0.016,0.014,0.0823,0.0287,0.004,0.012,0.004,0.012,0.006,0.002,0.01,0.0195,0.004,0.1093,0.018,0.024,0.05,0.038,0.07,0.03,0.006,0.018,0.008,0.006,0.002,0.076,0.014,0.1357,0.034,0.02,0.024,0.022,0.1596,0.0127,0.008,0.074,0.0657,0.014,0.022,0.008
GLM,0.1913,0.016,0.0,0.004,0.054,0.1599,0.1226,0.2443,0.024,0.128,0.0113,0.032,0.044,0.1283,0.0237,0.006,0.004,0.028,0.016,0.0,0.0133,0.002,0.008,0.002,0.004,0.006,0.026,0.014,0.3342,0.022,0.108,0.042,0.024,0.0687,0.0366,0.002,0.0047,0.006,0.0087,0.008,0.018,0.0,0.0773,0.044,0.036,0.006,0.032,0.2362,0.0219,0.0479,0.226,0.114,0.0347,0.006,0.002
ETS,0.2299,0.014,0.002,0.002,0.004,0.058,0.004,0.074,0.002,0.1141,0.022,0.054,0.014,0.236,0.204,0.004,0.088,0.06,0.008,0.0161,0.0159,0.0,0.0,0.004,0.022,0.002,0.002,0.0,0.042,0.004,0.002,0.042,0.302,0.03,0.5419,0.064,0.4299,0.03,0.002,0.01,0.3,0.014,0.078,0.018,0.014,0.028,0.022,0.132,0.0,0.004,0.0,0.0,0.016,0.008,0.004
YTH,0.41,0.01,0.0,0.022,0.006,0.04,0.008,0.018,0.0,0.06,0.006,0.008,0.012,0.772,0.016,0.0,0.004,0.126,0.048,0.0,0.264,0.012,0.036,0.02,0.152,0.13,0.19,0.014,0.028,0.008,0.004,0.046,0.024,0.156,0.094,0.01,0.01,0.014,0.144,0.04,0.042,0.014,0.016,0.03,0.014,0.0,0.008,0.344,0.004,0.016,0.008,0.0,0.012,0.0,0.006
HSX,0.304,0.006,0.022,0.002,0.0,0.024,0.012,0.014,0.008,0.1438,0.002,0.0786,0.006,0.16,0.136,0.002,0.1006,0.104,0.008,0.004,0.01,0.004,0.004,0.002,0.004,0.008,0.002,0.0,0.006,0.0,0.0,0.156,0.436,0.006,0.4266,0.012,0.3074,0.02,0.004,0.008,0.524,0.01,0.1414,0.044,0.0,0.002,0.002,0.118,0.0,0.0,0.002,0.0,0.006,0.012,0.002
KLS,0.346,0.012,0.016,0.008,0.01,0.1591,0.072,0.12,0.014,0.208,0.016,0.0542,0.024,0.21,0.052,0.024,0.002,0.036,0.022,0.002,0.012,0.0,0.018,0.002,0.0182,0.008,0.0408,0.022,0.1462,0.03,0.054,0.124,0.098,0.1628,0.0428,0.004,0.006,0.004,0.008,0.002,0.066,0.006,0.1479,0.0441,0.02,0.004,0.01,0.2447,0.0,0.0432,0.0556,0.029,0.036,0.008,0.016
CYI,0.2081,0.0039,0.002,0.0,0.078,0.1099,0.046,0.1239,0.008,0.384,0.02,0.056,0.024,0.2096,0.062,0.004,0.016,0.022,0.012,0.014,0.0199,0.0,0.006,0.004,0.008,0.016,0.016,0.106,0.2157,0.02,0.046,0.038,0.032,0.086,0.024,0.0159,0.016,0.012,0.004,0.014,0.028,0.002,0.068,0.026,0.026,0.0021,0.094,0.4321,0.0,0.0381,0.0445,0.018,0.018,0.006,0.012
VGG,0.306,0.02,0.002,0.014,0.018,0.0839,0.038,0.036,0.008,0.094,0.002,0.026,0.012,0.3464,0.034,0.002,0.006,0.044,0.022,0.002,0.038,0.03,0.12,0.078,0.042,0.0318,0.066,0.0,0.04,0.012,0.008,0.036,0.0424,0.066,0.078,0.014,0.028,0.054,0.074,0.06,0.1339,0.01,0.0762,0.068,0.014,0.0,0.008,0.182,0.008,0.032,0.014,0.004,0.0356,0.004,0.022
STM,0.154,0.004,0.004,0.0,0.078,0.0961,0.024,0.11,0.002,0.2969,0.008,0.01,0.058,0.2316,0.004,0.0,0.02,0.028,0.028,0.008,0.024,0.006,0.01,0.0,0.03,0.01,0.076,0.224,0.1964,0.044,0.058,0.078,0.042,0.08,0.024,0.032,0.01,0.038,0.016,0.0,0.032,0.012,0.048,0.032,0.026,0.0,0.144,0.5229,0.0,0.004,0.014,0.004,0.02,0.012,0.0
PSA,0.1745,0.014,0.0,0.0,0.026,0.1835,0.1219,0.2521,0.1026,0.219,0.016,0.042,0.036,0.2559,0.048,0.0155,0.008,0.042,0.0339,0.0122,0.018,0.018,0.018,0.008,0.008,0.024,0.026,0.022,0.1291,0.006,0.012,0.016,0.012,0.046,0.0285,0.0533,0.024,0.03,0.016,0.004,0.014,0.0,0.0737,0.038,0.0184,0.016,0.036,0.3905,0.032,0.008,0.036,0.1509,0.01,0.0265,0.0
XAY,0.13,0.002,0.0,0.002,0.072,0.0836,0.012,0.1199,0.008,0.1944,0.004,0.026,0.058,0.1115,0.02,0.002,0.036,0.012,0.006,0.004,0.006,0.002,0.004,0.0,0.006,0.0,0.057,0.098,0.1126,0.054,0.032,0.118,0.13,0.224,0.03,0.0699,0.004,0.012,0.008,0.0056,0.164,0.042,0.056,0.04,0.042,0.002,0.124,0.4834,0.002,0.01,0.0391,0.0149,0.014,0.01,0.008
XOD,0.296,0.016,0.0,0.0,0.006,0.166,0.066,0.2821,0.016,0.236,0.0502,0.1,0.008,0.266,0.12,0.004,0.034,0.038,0.018,0.0422,0.0278,0.006,0.008,0.01,0.026,0.006,0.006,0.004,0.056,0.014,0.002,0.022,0.04,0.032,0.1382,0.03,0.1698,0.034,0.016,0.008,0.024,0.004,0.1161,0.052,0.048,0.078,0.022,0.1899,0.006,0.0079,0.002,0.0181,0.0639,0.042,0.0162
QQE,0.3781,0.0253,0.0228,0.002,0.002,0.2255,0.052,0.0619,0.004,0.2883,0.01,0.126,0.004,0.2718,0.154,0.01,0.148,0.0283,0.016,0.006,0.034,0.0067,0.048,0.044,0.032,0.006,0.0,0.0,0.2679,0.0,0.0,0.01,0.016,0.036,0.1757,0.014,0.21,0.062,0.008,0.056,0.03,0.008,0.1966,0.1311,0.002,0.002,0.012,0.1562,0.014,0.0,0.0,0.01,0.01,0.002,0.0127
PZC,0.188,0.018,0.0023,0.012,0.0135,0.0755,0.094,0.0405,0.0,0.026,0.002,0.002,0.004,0.2664,0.02,0.004,0.004,0.022,0.01,0.002,0.01,0.0096,0.238,0.05,0.07,0.028,0.067,0.002,0.022,0.046,0.006,0.0895,0.092,0.098,0.0437,0.008,0.01,0.02,0.048,0.032,0.1035,0.046,0.058,0.082,0.014,0.0,0.002,0.2176,0.006,0.02,0.0176,0.022,0.024,0.002,0.068
ZHN,0.5969,0.014,0.0545,0.002,0.006,0.1529,0.016,0.042,0.016,0.2453,0.006,0.16,0.01,0.4454,0.196,0.0109,0.162,0.06,0.024,0.01,0.086,0.006,0.054,0.09,0.044,0.022,0.008,0.002,0.038,0.002,0.0,0.01,0.024,0.042,0.2808,0.034,0.2504,0.064,0.006,0.0791,0.04,0.006,0.112,0.094,0.002,0.0,0.01,0.2728,0.006,0.022,0.0,0.004,0.01,0.022,0.0141
JKT,0.2099,0.0,0.006,0.002,0.006,0.12,0.024,0.078,0.008,0.2298,0.034,0.096,0.04,0.6,0.036,0.002,0.01,0.0959,0.06,0.032,0.0799,0.056,0.038,0.006,0.09,0.01,0.05,0.038,0.112,0.02,0.01,0.026,0.008,0.034,0.11,0.014,0.052,0.034,0.082,0.042,0.012,0.006,0.038,0.02,0.01,0.014,0.048,0.3743,0.002,0.008,0.006,0.004,0.016,0.004,0.002
GUG,0.2443,0.03,0.008,0.008,0.036,0.1299,0.1308,0.1607,0.0459,0.1661,0.01,0.032,0.042,0.129,0.111,0.036,0.0001,0.05,0.0088,0.018,0.008,0.002,0.01,0.002,0.006,0.008,0.034,0.012,0.1079,0.048,0.03,0.1723,0.108,0.1497,0.054,0.008,0.018,0.02,0.008,0.014,0.1257,0.0256,0.1098,0.0736,0.05,0.0042,0.02,0.1965,0.0201,0.0219,0.06,0.0644,0.024,0.004,0.028
PTF,0.434,0.022,0.006,0.014,0.008,0.0607,0.026,0.0362,0.006,0.062,0.082,0.032,0.02,0.658,0.034,0.004,0.006,0.156,0.018,0.006,0.192,0.028,0.052,0.066,0.072,0.058,0.0647,0.008,0.054,0.008,0.004,0.042,0.0231,0.092,0.046,0.0138,0.024,0.016,0.026,0.03,0.0671,0.006,0.038,0.038,0.01,0.002,0.01,0.414,0.004,0.042,0.004,0.004,0.01,0.01,0.01
OHF,0.2097,0.002,0.0,0.0,0.008,0.0877,0.008,0.0521,0.0,0.1978,0.036,0.086,0.02,0.6764,0.018,0.0,0.008,0.092,0.0102,0.0481,0.072,0.0358,0.2,0.002,0.174,0.006,0.04,0.008,0.0579,0.016,0.002,0.002,0.002,0.002,0.23,0.004,0.118,0.036,0.076,0.034,0.006,0.0,0.016,0.01,0.016,0.016,0.014,0.3001,0.004,0.002,0.002,0.0,0.0179,0.0,0.0
MAR,0.324,0.008,0.01,0.002,0.01,0.046,0.014,0.0419,0.0,0.092,0.006,0.022,0.028,0.7149,0.0277,0.002,0.01,0.152,0.0788,0.006,0.2283,0.0184,0.076,0.014,0.1023,0.1114,0.172,0.014,0.036,0.008,0.006,0.04,0.05,0.036,0.0852,0.01,0.056,0.044,0.0379,0.045,0.046,0.008,0.042,0.032,0.014,0.002,0.012,0.3868,0.006,0.04,0.004,0.004,0.0186,0.0,0.008
XCM,0.5114,0.016,0.038,0.004,0.0,0.082,0.008,0.0718,0.01,0.2278,0.022,0.126,0.024,0.5259,0.1515,0.01,0.0939,0.0816,0.006,0.0557,0.114,0.01,0.06,0.112,0.12,0.038,0.01,0.012,0.038,0.01,0.002,0.012,0.016,0.064,0.2977,0.036,0.308,0.038,0.018,0.006,0.016,0.002,0.072,0.018,0.012,0.024,0.006,0.2805,0.002,0.004,0.0,0.002,0.0257,0.012,0.018
DIJ,0.2637,0.014,0.01,0.004,0.014,0.0995,0.038,0.0893,0.016,0.2044,0.0356,0.06,0.044,0.565,0.0381,0.002,0.004,0.088,0.0516,0.0242,0.118,0.03,0.062,0.016,0.1179,0.034,0.078,0.028,0.06,0.014,0.01,0.032,0.024,0.048,0.102,0.03,0.0862,0.048,0.0882,0.022,0.048,0.006,0.04,0.01,0.012,0.01,0.0327,0.3492,0.0107,0.014,0.006,0.01,0.014,0.004,0.002
XGE,0.2385,0.014,0.006,0.004,0.0172,0.1311,0.1,0.0993,0.008,0.1221,0.002,0.042,0.03,0.236,0.0534,0.01,0.002,0.064,0.004,0.004,0.014,0.0186,0.054,0.022,0.012,0.0135,0.062,0.008,0.1144,0.036,0.066,0.0965,0.046,0.0999,0.0701,0.02,0.008,0.014,0.01,0.0562,0.0644,0.018,0.122,0.0774,0.034,0.008,0.014,0.239,0.024,0.04,0.076,0.0273,0.0302,0.006,0.016
JIC,0.3196,0.008,0.008,0.0,0.014,0.0691,0.014,0.0559,0.002,0.5179,0.0507,0.146,0.058,0.3304,0.052,0.016,0.006,0.03,0.016,0.04,0.026,0.0,0.008,0.014,0.02,0.0259,0.035,0.056,0.1961,0.008,0.014,0.012,0.006,0.012,0.0559,0.03,0.0744,0.026,0.04,0.004,0.01,0.0,0.092,0.028,0.008,0.004,0.028,0.4213,0.002,0.016,0.0068,0.005,0.022,0.016,0.006
SVI,0.206,0.014,0.0,0.002,0.038,0.221,0.078,0.1623,0.0292,0.154,0.008,0.022,0.026,0.138,0.034,0.008,0.012,0.0203,0.0198,0.01,0.008,0.002,0.0,0.002,0.0,0.002,0.019,0.012,0.1547,0.064,0.068,0.14,0.064,0.194,0.036,0.026,0.01,0.008,0.006,0.002,0.038,0.002,0.188,0.106,0.04,0.014,0.0537,0.2202,0.012,0.014,0.044,0.0602,0.038,0.008,0.01
QZH,0.1519,0.012,0.0019,0.0,0.06,0.0559,0.01,0.0618,0.0,0.166,0.094,0.018,0.102,0.2141,0.012,0.0,0.004,0.014,0.016,0.0,0.024,0.064,0.004,0.002,0.034,0.016,0.104,0.066,0.1539,0.024,0.03,0.066,0.032,0.202,0.068,0.036,0.076,0.016,0.042,0.0154,0.028,0.014,0.064,0.062,0.06,0.004,0.06,0.4072,0.008,0.02,0.046,0.004,0.0966,0.008,0.006
ZEW,0.4296,0.054,0.022,0.0316,0.038,0.1179,0.06,0.1059,0.01,0.146,0.014,0.036,0.038,0.3374,0.0877,0.014,0.008,0.06,0.016,0.008,0.066,0.016,0.018,0.006,0.018,0.012,0.042,0.014,0.144,0.014,0.008,0.044,0.0445,0.072,0.1964,0.03,0.072,0.0379,0.02,0.0545,0.0665,0.028,0.092,0.066,0.022,0.008,0.038,0.2883,0.04,0.036,0.016,0.008,0.0415,0.008,0.0161
HUN,0.2002,0.006,0.01,0.004,0.048,0.062,0.012,0.054,0.002,0.106,0.0,0.0063,0.022,0.4317,0.01,0.0,0.0,0.126,0.0608,0.004,0.072,0.014,0.022,0.002,0.0303,0.06,0.2472,0.034,0.0643,0.042,0.016,0.192,0.082,0.2079,0.0472,0.0199,0.016,0.028,0.052,0.0258,0.0782,0.006,0.102,0.0671,0.018,0.002,0.022,0.3475,0.006,0.018,0.022,0.01,0.01,0.004,0.004
JFU,0.272,0.028,0.0,0.018,0.02,0.0837,0.102,0.094,0.008,0.07,0.006,0.01,0.016,0.4018,0.034,0.006,0.002,0.1,0.038,0.0,0.064,0.036,0.026,0.018,0.016,0.029,0.088,0.008,0.0555,0.026,0.01,0.1,0.088,0.096,0.078,0.018,0.016,0.038,0.06,0.092,0.092,0.008,0.072,0.0775,0.058,0.004,0.02,0.2689,0.012,0.052,0.022,0.018,0.032,0.004,0.0105
LCC,0.1197,0.01,0.002,0.002,0.028,0.0797,0.062,0.1226,0.016,0.2397,0.006,0.018,0.044,0.3149,0.016,0.004,0.024,0.05,0.054,0.01,0.0163,0.006,0.018,0.0,0.044,0.012,0.088,0.18,0.188,0.01,0.084,0.076,0.02,0.076,0.032,0.0434,0.016,0.042,0.024,0.016,0.03,0.008,0.032,0.062,0.006,0.006,0.146,0.512,0.0,0.01,0.046,0.008,0.012,0.0,0.002
MDD,0.154,0.004,0.0,0.0,0.034,0.0592,0.016,0.0922,0.004,0.294,0.022,0.026,0.022,0.2425,0.012,0.0,0.014,0.0273,0.0427,0.008,0.014,0.002,0.0,0.012,0.024,0.016,0.066,0.338,0.2767,0.014,0.096,0.046,0.028,0.038,0.018,0.004,0.006,0.014,0.008,0.0,0.01,0.002,0.018,0.042,0.018,0.0,0.1167,0.5296,0.004,0.012,0.028,0.002,0.046,0.004,0.002
UBT,0.3221,0.014,0.008,0.044,0.002,0.118,0.0794,0.032,0.008,0.2861,0.01,0.028,0.004,0.404,0.0266,0.006,0.006,0.126,0.004,0.0,0.006,0.004,0.008,0.004,0.018,0.002,0.008,0.004,0.0546,0.014,0.008,0.332,0.106,0.072,0.118,0.01,0.026,0.008,0.012,0.0159,0.246,0.0899,0.07,0.036,0.01,0.002,0.002,0.096,0.002,0.014,0.004,0.006,0.05,0.004,0.028
SWE,0.112,0.008,0.002,0.002,0.01,0.05,0.028,0.2579,0.004,0.144,0.004,0.018,0.028,0.168,0.006,0.002,0.002,0.012,0.014,0.002,0.014,0.004,0.004,0.006,0.028,0.008,0.122,0.248,0.242,0.008,0.264,0.094,0.01,0.098,0.014,0.012,0.008,0.014,0.018,0.0,0.01,0.002,0.106,0.056,0.004,0.0,0.222,0.462,0.006,0.004,0.212,0.006,0.01,0.004,0.0
YOP,0.364,0.0,0.0,0.002,0.018,0.086,0.05,0.0797,0.002,0.3465,0.022,0.216,0.04,0.21,0.034,0.008,0.028,0.014,0.022,0.01,0.004,0.0,0.004,0.0,0.0,0.002,0.0156,0.024,0.128,0.012,0.016,0.066,0.042,0.042,0.012,0.004,0.028,0.002,0.006,0.002,0.038,0.016,0.172,0.036,0.03,0.014,0.058,0.2707,0.002,0.002,0.014,0.0084,0.17,0.012,0.012
RSD,0.3186,0.02,0.008,0.004,0.038,0.1467,0.0843,0.152,0.009,0.1519,0.006,0.04,0.012,0.1647,0.026,0.004,0.004,0.0319,0.008,0.008,0.008,0.004,0.004,0.004,0.01,0.0,0.0245,0.038,0.1936,0.038,0.08,0.128,0.0643,0.2148,0.0428,0.006,0.004,0.002,0.008,0.0011,0.0229,0.004,0.228,0.1052,0.014,0.004,0.042,0.2272,0.006,0.0575,0.132,0.0517,0.0177,0.0,0.014
SOE,0.336,0.002,0.0142,0.002,0.014,0.0759,0.0097,0.0616,0.0,0.3122,0.044,0.1003,0.106,0.3619,0.018,0.004,0.01,0.038,0.02,0.014,0.028,0.006,0.014,0.01,0.0263,0.016,0.0511,0.07,0.1251,0.044,0.026,0.08,0.036,0.12,0.0458,0.024,0.0499,0.004,0.022,0.0198,0.04,0.01,0.086,0.026,0.014,0.0,0.028,0.3947,0.002,0.026,0.0194,0.0206,0.036,0.016,0.0
GGG,0.0621,0.002,0.0,0.0,0.146,0.1439,0.018,0.0819,0.004,0.1801,0.008,0.008,0.184,0.206,0.004,0.004,0.0,0.018,0.012,0.0,0.01,0.048,0.004,0.0,0.016,0.006,0.132,0.086,0.172,0.026,0.054,0.084,0.044,0.122,0.032,0.018,0.03,0.008,0.012,0.028,0.026,0.01,0.0341,0.032,0.076,0.002,0.072,0.468,0.006,0.014,0.074,0.008,0.006,0.0,0.002
IZX,0.2722,0.02,0.0,0.01,0.008,0.0759,0.084,0.056,0.008,0.07,0.0,0.014,0.0,0.5021,0.046,0.01,0.004,0.106,0.0361,0.0,0.074,0.056,0.1259,0.086,0.0619,0.0397,0.0354,0.002,0.04,0.004,0.004,0.032,0.054,0.054,0.0839,0.002,0.022,0.056,0.042,0.0979,0.094,0.014,0.068,0.0559,0.02,0.0,0.006,0.244,0.008,0.046,0.008,0.014,0.0142,0.008,0.012
TDI,0.346,0.004,0.0,0.004,0.036,0.13,0.0546,0.1654,0.014,0.2714,0.016,0.082,0.042,0.222,0.054,0.006,0.046,0.052,0.024,0.018,0.012,0.0,0.004,0.002,0.006,0.002,0.012,0.012,0.116,0.006,0.036,0.062,0.042,0.09,0.0298,0.03,0.018,0.012,0.01,0.002,0.036,0.006,0.138,0.0316,0.05,0.016,0.046,0.2705,0.0044,0.006,0.0311,0.0274,0.078,0.016,0.006
HLX,0.2388,0.0105,0.002,0.01,0.026,0.0465,0.02,0.0453,0.002,0.2146,0.01,0.054,0.0316,0.142,0.0129,0.002,0.008,0.036,0.01,0.006,0.0111,0.014,0.02,0.004,0.0071,0.0015,0.058,0.036,0.1515,0.104,0.05,0.2183,0.162,0.1757,0.0686,0.014,0.032,0.01,0.014,0.008,0.2077,0.098,0.0706,0.0225,0.0105,0.002,0.066,0.2952,0.002,0.016,0.026,0.004,0.0364,0.02,0.01
MMA,0.2521,0.0,0.002,0.0,0.008,0.1195,0.028,0.0979,0.01,0.2902,0.0381,0.0704,0.046,0.6957,0.0516,0.004,0.026,0.0683,0.052,0.022,0.158,0.036,0.048,0.014,0.142,0.032,0.052,0.01,0.0743,0.004,0.0,0.014,0.008,0.022,0.074,0.004,0.066,0.022,0.06,0.036,0.014,0.0,0.012,0.022,0.006,0.0143,0.04,0.3617,0.022,0.004,0.002,0.004,0.036,0.002,0.0
AUC,0.1799,0.004,0.002,0.0,0.016,0.0623,0.01,0.034,0.0,0.3519,0.026,0.066,0.128,0.3944,0.004,0.0,0.004,0.026,0.038,0.0124,0.0241,0.04,0.008,0.01,0.024,0.014,0.128,0.116,0.144,0.034,0.032,0.014,0.006,0.042,0.068,0.016,0.0315,0.04,0.0464,0.014,0.008,0.002,0.04,0.024,0.014,0.008,0.07,0.632,0.004,0.008,0.012,0.0,0.006,0.012,0.002
BDW,0.4081,0.006,0.02,0.0,0.014,0.0705,0.016,0.078,0.004,0.208,0.032,0.032,0.034,0.4753,0.014,0.004,0.006,0.12,0.024,0.0305,0.096,0.002,0.042,0.014,0.06,0.026,0.058,0.038,0.064,0.012,0.014,0.074,0.048,0.12,0.114,0.056,0.0654,0.028,0.0304,0.044,0.036,0.008,0.104,0.048,0.014,0.0,0.012,0.3,0.006,0.03,0.006,0.008,0.0199,0.006,0.01
JJH,0.272,0.0,0.004,0.006,0.018,0.1899,0.034,0.154,0.006,0.43,0.074,0.104,0.09,0.4841,0.0561,0.0,0.04,0.04,0.112,0.018,0.03,0.01,0.02,0.006,0.058,0.008,0.026,0.072,0.106,0.006,0.03,0.028,0.016,0.038,0.01,0.006,0.026,0.02,0.016,0.008,0.022,0.004,0.026,0.024,0.04,0.004,0.094,0.494,0.004,0.006,0.02,0.002,0.036,0.012,0.004
KLW,0.2122,0.016,0.0,0.006,0.032,0.2224,0.3196,0.3651,0.1972,0.1601,0.018,0.09,0.018,0.192,0.058,0.03,0.002,0.044,0.006,0.012,0.008,0.004,0.024,0.002,0.0,0.012,0.008,0.006,0.078,0.008,0.008,0.0203,0.022,0.0397,0.022,0.0254,0.022,0.018,0.01,0.01,0.0437,0.004,0.0928,0.0537,0.016,0.01,0.014,0.2664,0.0351,0.0101,0.0639,0.2094,0.028,0.016,0.002
FKB,0.15,0.008,0.0,0.002,0.188,0.0911,0.0524,0.0972,0.018,0.1534,0.004,0.02,0.176,0.0992,0.018,0.012,0.002,0.016,0.0092,0.004,0.006,0.0,0.002,0.0,0.002,0.0,0.072,0.072,0.2152,0.048,0.098,0.112,0.076,0.268,0.016,0.008,0.0,0.01,0.006,0.002,0.078,0.014,0.096,0.082,0.038,0.002,0.172,0.4517,0.008,0.038,0.0991,0.0258,0.036,0.004,0.018
HXO,0.17,0.012,0.0,0.0219,0.006,0.022,0.024,0.04,0.0,0.036,0.0,0.002,0.01,0.3565,0.004,0.004,0.002,0.074,0.008,0.002,0.042,0.012,0.026,0.022,0.012,0.044,0.084,0.006,0.036,0.076,0.02,0.1885,0.218,0.1651,0.0401,0.002,0.004,0.016,0.044,0.05,0.3628,0.062,0.0792,0.062,0.0,0.0,0.01,0.148,0.0,0.026,0.004,0.002,0.026,0.0,0.042
QNI,0.134,0.002,0.0,0.0,0.104,0.086,0.026,0.1095,0.008,0.21,0.004,0.016,0.092,0.076,0.012,0.0,0.028,0.006,0.004,0.004,0.0,0.0,0.008,0.002,0.004,0.0,0.052,0.092,0.118,0.052,0.05,0.142,0.126,0.258,0.03,0.06,0.006,0.008,0.008,0.002,0.162,0.044,0.0744,0.046,0.046,0.0,0.116,0.4239,0.002,0.01,0.04,0.018,0.012,0.008,0.002
TPN,0.352,0.01,0.004,0.004,0.006,0.15,0.03,0.102,0.004,0.314,0.04,0.138,0.058,0.616,0.104,0.014,0.016,0.086,0.022,0.034,0.148,0.042,0.062,0.024,0.102,0.012,0.044,0.006,0.048,0.008,0.002,0.01,0.012,0.016,0.168,0.016,0.174,0.026,0.032,0.012,0.014,0.002,0.044,0.014,0.036,0.016,0.008,0.274,0.016,0.01,0.002,0.002,0.014,0.004,0.002
HMD,0.2593,0.0,0.032,0.002,0.04,0.0759,0.032,0.0559,0.006,0.1738,0.014,0.022,0.03,0.4896,0.0339,0.0,0.004,0.082,0.032,0.02,0.1101,0.01,0.036,0.012,0.1001,0.022,0.1592,0.04,0.104,0.028,0.028,0.1,0.068,0.1475,0.0713,0.03,0.048,0.012,0.072,0.0206,0.0593,0.012,0.048,0.0383,0.014,0.002,0.024,0.3835,0.006,0.0127,0.006,0.0,0.016,0.006,0.004
WTS,0.134,0.008,0.0,0.008,0.046,0.044,0.1068,0.0828,0.0,0.046,0.0,0.006,0.02,0.2932,0.0181,0.0,0.002,0.024,0.0188,0.008,0.028,0.0174,0.022,0.008,0.022,0.028,0.326,0.008,0.054,0.048,0.012,0.094,0.068,0.14,0.052,0.032,0.014,0.024,0.068,0.0376,0.052,0.022,0.038,0.078,0.016,0.0,0.01,0.4715,0.028,0.028,0.032,0.0292,0.0065,0.0,0.014
CIX,0.384,0.014,0.008,0.01,0.012,0.0998,0.024,0.0802,0.01,0.2043,0.054,0.058,0.036,0.5877,0.0457,0.016,0.018,0.116,0.022,0.1183,0.1,0.004,0.028,0.022,0.074,0.014,0.0478,0.002,0.0641,0.014,0.0,0.04,0.016,0.056,0.136,0.084,0.146,0.034,0.074,0.008,0.032,0.002,0.052,0.03,0.014,0.008,0.002,0.366,0.004,0.002,0.006,0.006,0.028,0.006,0.002
RDB,0.2,0.026,0.002,0.01,0.042,0.142,0.048,0.18,0.016,0.198,0.026,0.032,0.058,0.204,0.022,0.002,0.018,0.03,0.032,0.008,0.016,0.006,0.008,0.0,0.014,0.012,0.07,0.064,0.19,0.026,0.066,0.106,0.056,0.126,0.026,0.034,0.006,0.008,0.01,0.004,0.034,0.002,0.1,0.064,0.032,0.006,0.076,0.3291,0.006,0.014,0.07,0.048,0.016,0.008,0.004
OLM,0.2,0.008,0.002,0.006,0.03,0.1579,0.1348,0.1614,0.038,0.2,0.014,0.034,0.114,0.1188,0.046,0.014,0.01,0.026,0.0008,0.006,0.004,0.0,0.006,0.0,0.004,0.004,0.01,0.008,0.12,0.04,0.046,0.098,0.082,0.1,0.02,0.0174,0.012,0.002,0.008,0.008,0.03,0.004,0.19,0.095,0.204,0.006,0.024,0.2596,0.012,0.01,0.08,0.0912,0.032,0.008,0.026
AYC,0.34,0.014,0.004,0.006,0.02,0.1578,0.066,0.2559,0.034,0.298,0.018,0.0627,0.014,0.2479,0.1039,0.026,0.016,0.1007,0.042,0.02,0.014,0.014,0.004,0.002,0.0,0.004,0.006,0.008,0.174,0.016,0.014,0.048,0.062,0.082,0.054,0.02,0.042,0.012,0.012,0.01,0.124,0.018,0.1121,0.03,0.016,0.008,0.042,0.24,0.006,0.0199,0.02,0.0401,0.04,0.018,0.002
FSV,0.3199,0.002,0.008,0.002,0.02,0.0777,0.008,0.0545,0.0,0.4289,0.04,0.144,0.1,0.6,0.028,0.004,0.0075,0.068,0.016,0.038,0.074,0.008,0.01,0.002,0.0699,0.0179,0.008,0.01,0.1342,0.012,0.0,0.022,0.01,0.02,0.0625,0.004,0.0765,0.004,0.014,0.0,0.016,0.008,0.03,0.028,0.03,0.006,0.012,0.4703,0.002,0.0,0.006,0.0,0.0277,0.008,0.008
CLB,0.1931,0.016,0.0,0.016,0.02,0.0814,0.2574,0.106,0.0101,0.068,0.012,0.022,0.018,0.2581,0.0309,0.008,0.0,0.024,0.02,0.01,0.018,0.008,0.018,0.002,0.008,0.026,0.176,0.004,0.0847,0.06,0.024,0.1448,0.09,0.1292,0.062,0.032,0.01,0.018,0.024,0.032,0.0892,0.028,0.0592,0.106,0.034,0.004,0.014,0.2995,0.0924,0.0331,0.084,0.098,0.02,0.004,0.018
QGE,0.088,0.008,0.004,0.002,0.132,0.086,0.02,0.0959,0.0,0.2442,0.008,0.008,0.12,0.1678,0.004,0.002,0.03,0.014,0.018,0.008,0.006,0.01,0.014,0.0,0.004,0.0,0.0964,0.12,0.1742,0.048,0.042,0.094,0.042,0.172,0.02,0.056,0.026,0.024,0.024,0.0038,0.05,0.018,0.0482,0.0482,0.046,0.006,0.12,0.58,0.002,0.004,0.05,0.0096,0.0098,0.004,0.004
FGW,0.126,0.006,0.002,0.01,0.052,0.026,0.01,0.054,0.004,0.09,0.002,0.02,0.022,0.123,0.01,0.002,0.0,0.026,0.008,0.004,0.004,0.008,0.01,0.016,0.01,0.012,0.1447,0.07,0.076,0.196,0.084,0.27,0.246,0.328,0.056,0.032,0.02,0.02,0.024,0.008,0.252,0.034,0.102,0.0878,0.006,0.0,0.082,0.3018,0.012,0.006,0.03,0.002,0.018,0.008,0.02
LBZ,0.1992,0.012,0.006,0.008,0.038,0.0962,0.1103,0.1378,0.0497,0.152,0.004,0.05,0.024,0.1268,0.1138,0.056,0.0,0.0381,0.006,0.014,0.002,0.0,0.01,0.002,0.006,0.018,0.062,0.01,0.079,0.028,0.028,0.1168,0.124,0.0911,0.052,0.008,0.028,0.016,0.008,0.01,0.1172,0.062,0.1017,0.066,0.046,0.002,0.016,0.1979,0.056,0.0259,0.048,0.0831,0.032,0.002,0.03
FLP,0.098,0.006,0.002,0.004,0.042,0.0659,0.028,0.1357,0.006,0.27,0.004,0.014,0.058,0.126,0.008,0.004,0.124,0.008,0.008,0.0,0.004,0.006,0.01,0.002,0.008,0.002,0.036,0.112,0.1823,0.036,0.07,0.08,0.038,0.086,0.034,0.098,0.002,0.006,0.012,0.002,0.034,0.004,0.0639,0.0421,0.026,0.006,0.16,0.442,0.002,0.004,0.064,0.006,0.016,0.006,0.008
ZDX,0.2668,0.01,0.006,0.006,0.02,0.1029,0.1167,0.096,0.0117,0.084,0.012,0.018,0.028,0.3048,0.058,0.008,0.006,0.0803,0.016,0.002,0.038,0.004,0.026,0.032,0.018,0.016,0.1193,0.002,0.0975,0.038,0.02,0.1299,0.092,0.1613,0.0593,0.024,0.022,0.022,0.032,0.016,0.0899,0.0092,0.096,0.0955,0.02,0.004,0.012,0.2162,0.026,0.0307,0.01,0.0256,0.016,0.004,0.0205
DQI,0.2931,0.004,0.006,0.006,0.006,0.074,0.054,0.092,0.008,0.202,0.022,0.06,0.03,0.3191,0.0129,0.004,0.008,0.064,0.02,0.008,0.032,0.02,0.036,0.006,0.024,0.026,0.04,0.03,0.088,0.062,0.048,0.176,0.076,0.184,0.044,0.038,0.042,0.03,0.042,0.026,0.03,0.008,0.1999,0.0701,0.032,0.0,0.018,0.3171,0.006,0.0171,0.02,0.014,0.026,0.006,0.006
CGJ,0.328,0.046,0.002,0.008,0.0671,0.2329,0.2505,0.2428,0.0382,0.1574,0.014,0.062,0.148,0.3447,0.09,0.022,0.002,0.102,0.0304,0.016,0.046,0.032,0.018,0.01,0.0131,0.01,0.028,0.004,0.0753,0.012,0.012,0.0345,0.06,0.0435,0.026,0.004,0.012,0.018,0.02,0.0159,0.0775,0.0,0.0735,0.136,0.022,0.01,0.0176,0.358,0.136,0.09,0.028,0.1732,0.014,0.004,0.004
QBM,0.2424,0.008,0.008,0.01,0.012,0.0795,0.0275,0.0685,0.004,0.3537,0.02,0.094,0.046,0.2254,0.042,0.012,0.008,0.0338,0.006,0.0063,0.0143,0.01,0.01,0.002,0.02,0.008,0.02,0.032,0.1418,0.008,0.032,0.032,0.0551,0.048,0.0502,0.014,0.0397,0.02,0.0143,0.014,0.0331,0.0126,0.066,0.02,0.014,0.006,0.038,0.3988,0.008,0.02,0.034,0.018,0.0138,0.008,0.024
DSF,0.0813,0.008,0.0,0.0038,0.014,0.0559,0.038,0.086,0.002,0.0231,0.002,0.002,0.018,0.3049,0.002,0.002,0.0,0.04,0.008,0.0,0.026,0.0376,0.012,0.012,0.01,0.0529,0.3343,0.008,0.06,0.042,0.008,0.0531,0.032,0.1166,0.0542,0.004,0.008,0.03,0.124,0.0762,0.0563,0.006,0.0491,0.0433,0.0,0.0,0.008,0.2382,0.004,0.038,0.022,0.0037,0.0031,0.0,0.0
ASY,0.1689,0.028,0.002,0.008,0.036,0.016,0.008,0.118,0.0,0.0585,0.004,0.012,0.018,0.0845,0.0045,0.0,0.0,0.014,0.004,0.002,0.008,0.014,0.026,0.002,0.016,0.002,0.104,0.036,0.134,0.088,0.094,0.234,0.072,0.332,0.0315,0.016,0.006,0.006,0.014,0.0031,0.1029,0.03,0.046,0.1069,0.018,0.0,0.024,0.4031,0.014,0.052,0.064,0.0,0.014,0.002,0.064
XQA,0.376,0.052,0.0063,0.0,0.08,0.22,0.2074,0.2239,0.0286,0.114,0.01,0.048,0.13,0.352,0.08,0.01,0.014,0.108,0.026,0.012,0.042,0.022,0.022,0.026,0.014,0.0173,0.026,0.0,0.066,0.014,0.008,0.0284,0.034,0.0536,0.0637,0.004,0.022,0.012,0.014,0.012,0.0636,0.008,0.1057,0.102,0.008,0.0141,0.008,0.3128,0.078,0.0919,0.02,0.1381,0.032,0.004,0.014
GXK,0.184,0.0,0.002,0.0,0.0194,0.0963,0.022,0.0881,0.004,0.387,0.042,0.0819,0.062,0.497,0.032,0.0,0.012,0.046,0.098,0.006,0.04,0.008,0.006,0.006,0.0314,0.006,0.038,0.06,0.2017,0.008,0.03,0.04,0.034,0.02,0.026,0.0,0.026,0.004,0.032,0.01,0.004,0.002,0.032,0.032,0.01,0.004,0.041,0.477,0.004,0.01,0.002,0.002,0.0139,0.008,0.0
YOI,0.1058,0.002,0.0,0.0,0.03,0.0655,0.01,0.074,0.002,0.271,0.008,0.028,0.038,0.3767,0.01,0.0017,0.002,0.062,0.068,0.03,0.0185,0.004,0.008,0.006,0.03,0.012,0.092,0.282,0.212,0.016,0.046,0.04,0.014,0.042,0.032,0.01,0.016,0.018,0.034,0.002,0.012,0.002,0.014,0.022,0.012,0.002,0.1686,0.5105,0.002,0.004,0.008,0.0,0.06,0.0103,0.0
GRO,0.13,0.008,0.0,0.002,0.028,0.066,0.038,0.1119,0.002,0.162,0.004,0.018,0.034,0.334,0.01,0.0,0.016,0.056,0.034,0.002,0.024,0.02,0.024,0.006,0.064,0.024,0.136,0.082,0.132,0.044,0.108,0.18,0.068,0.1959,0.026,0.018,0.016,0.022,0.016,0.002,0.0221,0.002,0.106,0.11,0.02,0.002,0.092,0.318,0.0,0.002,0.102,0.006,0.008,0.0,0.002
UUA,0.2341,0.008,0.0,0.0,0.012,0.2806,0.1519,0.5049,0.1455,0.1749,0.01,0.03,0.01,0.256,0.048,0.002,0.002,0.082,0.016,0.01,0.03,0.004,0.002,0.0,0.0,0.012,0.014,0.008,0.0985,0.012,0.006,0.02,0.018,0.038,0.0269,0.022,0.014,0.016,0.008,0.0,0.028,0.0,0.1834,0.0372,0.0246,0.024,0.0258,0.1749,0.012,0.002,0.028,0.1232,0.008,0.08,0.0
PJK,0.3268,0.02,0.004,0.002,0.022,0.2469,0.1853,0.2264,0.0804,0.1685,0.02,0.042,0.014,0.2374,0.046,0.0075,0.002,0.036,0.0173,0.0181,0.008,0.0,0.008,0.0,0.008,0.062,0.012,0.006,0.1733,0.014,0.006,0.032,0.024,0.054,0.028,0.052,0.02,0.026,0.02,0.004,0.026,0.012,0.058,0.032,0.018,0.012,0.012,0.2877,0.0307,0.0101,0.02,0.2034,0.018,0.0165,0.002
XRT,0.3477,0.0,0.002,0.002,0.02,0.1237,0.046,0.1063,0.006,0.3839,0.0441,0.134,0.05,0.3338,0.044,0.01,0.022,0.0319,0.056,0.0175,0.0143,0.0,0.006,0.004,0.004,0.0037,0.014,0.008,0.0778,0.004,0.008,0.038,0.028,0.02,0.024,0.006,0.04,0.0,0.0099,0.0,0.026,0.004,0.128,0.028,0.04,0.016,0.03,0.2985,0.008,0.004,0.002,0.004,0.086,0.008,0.01
NUJ,0.154,0.004,0.0,0.0,0.1,0.1378,0.0652,0.1769,0.02,0.2578,0.016,0.058,0.068,0.3207,0.02,0.002,0.024,0.044,0.0925,0.002,0.046,0.0058,0.01,0.002,0.022,0.022,0.0824,0.04,0.1108,0.016,0.01,0.038,0.024,0.068,0.028,0.1074,0.01,0.024,0.028,0.01,0.02,0.004,0.052,0.0423,0.02,0.01,0.09,0.4803,0.012,0.006,0.014,0.0597,0.012,0.006,0.0
KWA,0.1282,0.01,0.004,0.004,0.072,0.0938,0.022,0.1258,0.006,0.144,0.0,0.01,0.084,0.224,0.006,0.0,0.008,0.048,0.0198,0.004,0.02,0.006,0.006,0.0,0.036,0.006,0.1202,0.076,0.13,0.024,0.064,0.212,0.172,0.168,0.022,0.016,0.004,0.022,0.012,0.004,0.098,0.006,0.11,0.07,0.014,0.006,0.064,0.3378,0.008,0.004,0.062,0.0138,0.008,0.008,0.002
UNS,0.37,0.002,0.002,0.002,0.01,0.0833,0.042,0.0993,0.004,0.3201,0.0203,0.122,0.052,0.1657,0.034,0.004,0.052,0.0141,0.0119,0.002,0.002,0.0,0.0,0.0,0.006,0.0,0.004,0.03,0.1481,0.002,0.02,0.03,0.026,0.098,0.012,0.002,0.034,0.002,0.002,0.004,0.016,0.008,0.212,0.028,0.054,0.014,0.0799,0.2662,0.0047,0.018,0.0374,0.014,0.162,0.006,0.012
NMR,0.246,0.024,0.0,0.002,0.012,0.2284,0.2701,0.4099,0.1261,0.188,0.016,0.066,0.01,0.19,0.078,0.012,0.006,0.064,0.012,0.006,0.016,0.008,0.016,0.004,0.002,0.01,0.002,0.004,0.0644,0.004,0.01,0.014,0.028,0.028,0.022,0.02,0.028,0.024,0.01,0.004,0.038,0.002,0.144,0.059,0.034,0.034,0.028,0.2278,0.03,0.002,0.066,0.1358,0.018,0.028,0.002
NXT,0.1853,0.008,0.002,0.002,0.054,0.1057,0.044,0.0966,0.006,0.1849,0.024,0.026,0.048,0.1991,0.0255,0.006,0.02,0.024,0.028,0.0,0.0122,0.006,0.008,0.008,0.006,0.014,0.0903,0.088,0.142,0.054,0.054,0.208,0.096,0.254,0.024,0.042,0.002,0.008,0.016,0.01,0.046,0.002,0.13,0.112,0.024,0.002,0.09,0.3367,0.01,0.022,0.052,0.018,0.006,0.004,0.002
UTG,0.2691,0.012,0.008,0.01,0.01,0.084,0.038,0.0839,0.01,0.3839,0.008,0.194,0.0341,0.1569,0.0499,0.01,0.002,0.038,0.002,0.002,0.012,0.0,0.008,0.002,0.004,0.002,0.024,0.02,0.1491,0.012,0.062,0.074,0.054,0.0879,0.0559,0.006,0.0181,0.006,0.014,0.004,0.048,0.01,0.0899,0.036,0.026,0.0,0.01,0.3564,0.004,0.0227,0.072,0.02,0.0206,0.008,0.066
PSK,0.186,0.008,0.0,0.008,0.042,0.124,0.074,0.1959,0.016,0.2898,0.014,0.024,0.0681,0.168,0.0398,0.01,0.034,0.028,0.0179,0.002,0.0059,0.006,0.004,0.0,0.014,0.008,0.0206,0.026,0.14,0.04,0.056,0.118,0.054,0.166,0.038,0.014,0.016,0.006,0.012,0.004,0.052,0.008,0.12,0.06,0.12,0.004,0.056,0.3424,0.006,0.026,0.0416,0.0493,0.034,0.004,0.04
QQM,0.212,0.002,0.0,0.0,0.068,0.028,0.02,0.072,0.0,0.06,0.006,0.004,0.052,0.246,0.004,0.0,0.0,0.022,0.026,0.0,0.01,0.012,0.008,0.006,0.004,0.042,0.2667,0.026,0.08,0.11,0.036,0.278,0.138,0.35,0.022,0.028,0.004,0.018,0.038,0.006,0.056,0.01,0.078,0.134,0.016,0.0,0.03,0.41,0.006,0.024,0.044,0.004,0.01,0.0,0.016
XYD,0.154,0.002,0.004,0.004,0.032,0.0759,0.028,0.0779,0.004,0.1854,0.002,0.02,0.048,0.429,0.004,0.0,0.02,0.084,0.034,0.004,0.028,0.006,0.022,0.0,0.056,0.012,0.1482,0.058,0.108,0.062,0.036,0.17,0.1384,0.172,0.038,0.026,0.016,0.03,0.034,0.014,0.13,0.026,0.094,0.0756,0.018,0.002,0.068,0.3548,0.006,0.002,0.034,0.004,0.008,0.004,0.0
LGI,0.082,0.0,0.0,0.0,0.012,0.4702,0.046,0.6964,0.3799,0.1394,0.016,0.02,0.0143,0.532,0.0314,0.004,0.008,0.02,0.0489,0.0154,0.018,0.002,0.004,0.004,0.004,0.004,0.008,0.004,0.2762,0.0,0.0,0.006,0.002,0.274,0.0078,0.002,0.02,0.0,0.012,0.0,0.0,0.0,0.3176,0.014,0.016,0.032,0.0627,0.1927,0.004,0.0,0.004,0.1616,0.002,0.006,0.0
CVI,0.284,0.004,0.012,0.014,0.012,0.0645,0.01,0.07,0.01,0.2121,0.0362,0.068,0.05,0.3997,0.048,0.008,0.008,0.146,0.02,0.0625,0.042,0.0061,0.014,0.004,0.024,0.006,0.034,0.004,0.0781,0.058,0.006,0.124,0.1422,0.072,0.136,0.082,0.1195,0.058,0.0545,0.0498,0.194,0.054,0.044,0.024,0.022,0.012,0.026,0.2592,0.0,0.014,0.0,0.0,0.038,0.006,0.0001
JYS,0.2495,0.006,0.01,0.004,0.062,0.074,0.0314,0.046,0.0,0.1329,0.026,0.032,0.03,0.5064,0.01,0.006,0.002,0.1,0.04,0.0,0.156,0.02,0.018,0.006,0.036,0.042,0.0819,0.014,0.0466,0.014,0.014,0.066,0.036,0.1199,0.09,0.112,0.038,0.052,0.0539,0.028,0.04,0.0105,0.066,0.112,0.018,0.004,0.008,0.4069,0.004,0.024,0.014,0.006,0.04,0.0,0.002
MHM,0.24,0.016,0.002,0.006,0.006,0.036,0.018,0.014,0.002,0.036,0.0,0.016,0.014,0.696,0.024,0.0,0.006,0.114,0.0339,0.006,0.1121,0.028,0.042,0.056,0.066,0.122,0.0792,0.008,0.02,0.008,0.008,0.028,0.0405,0.11,0.056,0.01,0.024,0.046,0.07,0.056,0.0445,0.006,0.066,0.016,0.024,0.0,0.004,0.362,0.002,0.07,0.008,0.006,0.018,0.0,0.0
OXW,0.164,0.004,0.002,0.004,0.028,0.036,0.046,0.068,0.006,0.058,0.002,0.002,0.024,0.1999,0.012,0.004,0.0,0.03,0.022,0.004,0.032,0.006,0.01,0.006,0.012,0.016,0.3177,0.018,0.0818,0.0958,0.052,0.188,0.056,0.224,0.04,0.026,0.002,0.0221,0.034,0.012,0.054,0.002,0.086,0.0719,0.004,0.002,0.014,0.3739,0.01,0.03,0.026,0.006,0.012,0.0,0.024
TEU,0.27,0.028,0.0,0.006,0.008,0.03,0.036,0.0681,0.01,0.0305,0.002,0.002,0.008,0.1205,0.0085,0.002,0.0,0.014,0.012,0.004,0.014,0.006,0.018,0.016,0.012,0.0812,0.1707,0.006,0.04,0.134,0.038,0.4396,0.29,0.336,0.0375,0.006,0.0,0.006,0.068,0.012,0.1656,0.034,0.0761,0.118,0.012,0.0,0.014,0.2821,0.0,0.0279,0.032,0.0061,0.066,0.0,0.16
OQR,0.198,0.008,0.006,0.0,0.024,0.0822,0.012,0.1238,0.006,0.2734,0.016,0.032,0.136,0.2962,0.018,0.002,0.03,0.036,0.0492,0.014,0.028,0.01,0.012,0.0,0.028,0.016,0.0881,0.096,0.1509,0.012,0.026,0.036,0.036,0.05,0.058,0.032,0.028,0.028,0.02,0.0157,0.02,0.002,0.0241,0.0368,0.034,0.016,0.08,0.5239,0.0,0.0079,0.016,0.006,0.006,0.008,0.008
VWR,0.1932,0.012,0.002,0.002,0.024,0.03,0.022,0.0639,0.004,0.1903,0.008,0.092,0.03,0.114,0.006,0.004,0.0,0.014,0.002,0.0,0.0068,0.004,0.01,0.006,0.002,0.0051,0.042,0.036,0.12,0.03,0.154,0.116,0.0443,0.154,0.022,0.004,0.006,0.0052,0.004,0.0111,0.0509,0.008,0.1312,0.0569,0.02,0.002,0.042,0.457,0.006,0.05,0.082,0.01,0.0147,0.002,0.01
RIP,0.2782,0.014,0.0169,0.0,0.0232,0.2807,0.1215,0.0743,0.022,0.1807,0.01,0.062,0.016,0.3708,0.066,0.0161,0.008,0.04,0.0148,0.004,0.0208,0.0064,0.222,0.048,0.014,0.0349,0.034,0.002,0.0417,0.01,0.024,0.0462,0.0505,0.0638,0.0604,0.022,0.0399,0.0152,0.014,0.0236,0.0578,0.022,0.097,0.0892,0.016,0.0,0.008,0.1767,0.032,0.008,0.036,0.0392,0.0286,0.002,0.0061
WCF,0.258,0.002,0.002,0.0,0.01,0.2389,0.072,0.3018,0.042,0.381,0.054,0.136,0.032,0.4568,0.1117,0.008,0.02,0.065,0.0805,0.0264,0.05,0.01,0.02,0.014,0.034,0.01,0.02,0.018,0.1042,0.006,0.012,0.014,0.016,0.012,0.0383,0.008,0.0419,0.01,0.0161,0.002,0.008,0.0,0.0397,0.018,0.0263,0.052,0.0585,0.3509,0.026,0.012,0.008,0.024,0.01,0.004,0.002
PBI,0.251,0.0721,0.006,0.004,0.076,0.1957,0.1598,0.178,0.0985,0.1609,0.002,0.064,0.046,0.2019,0.1123,0.0273,0.0103,0.0802,0.023,0.006,0.02,0.006,0.024,0.012,0.006,0.022,0.0407,0.004,0.0927,0.018,0.016,0.048,0.046,0.064,0.0789,0.01,0.0438,0.016,0.01,0.0193,0.0936,0.016,0.1229,0.0717,0.004,0.002,0.014,0.2099,0.0484,0.0398,0.028,0.0828,0.03,0.01,0.018
XLB,0.146,0.01,0.0,0.024,0.0097,0.0697,0.056,0.0583,0.002,0.026,0.0,0.006,0.004,0.258,0.012,0.006,0.002,0.118,0.018,0.004,0.022,0.1011,0.056,0.022,0.02,0.024,0.058,0.004,0.042,0.052,0.014,0.176,0.212,0.084,0.058,0.004,0.0,0.048,0.046,0.144,0.372,0.062,0.09,0.028,0.004,0.002,0.004,0.16,0.006,0.026,0.006,0.008,0.004,0.002,0.012
AXO,0.4303,0.06,0.0082,0.004,0.014,0.1817,0.154,0.1222,0.026,0.3843,0.05,0.184,0.002,0.2581,0.1217,0.006,0.058,0.048,0.012,0.002,0.032,0.0122,0.062,0.018,0.004,0.008,0.01,0.0,0.0762,0.0,0.004,0.014,0.032,0.03,0.168,0.024,0.1259,0.04,0.004,0.02,0.052,0.0117,0.1039,0.042,0.006,0.01,0.004,0.1539,0.016,0.006,0.022,0.026,0.052,0.014,0.0061
JMR,0.212,0.006,0.004,0.0,0.016,0.084,0.0479,0.1,0.0081,0.2073,0.012,0.0283,0.028,0.4194,0.016,0.002,0.026,0.0799,0.0517,0.0061,0.068,0.014,0.018,0.01,0.0423,0.028,0.1297,0.054,0.1322,0.012,0.046,0.13,0.04,0.158,0.044,0.008,0.008,0.018,0.044,0.006,0.018,0.002,0.1178,0.0422,0.024,0.004,0.056,0.3574,0.0,0.018,0.026,0.016,0.012,0.002,0.0
DFF,0.3828,0.038,0.0161,0.006,0.014,0.2071,0.1201,0.1579,0.022,0.2393,0.008,0.132,0.02,0.3431,0.118,0.01,0.02,0.07,0.026,0.012,0.076,0.0219,0.048,0.038,0.036,0.008,0.028,0.01,0.0963,0.0,0.008,0.018,0.026,0.0453,0.1045,0.014,0.0941,0.0239,0.028,0.0199,0.05,0.0049,0.0963,0.0774,0.0,0.002,0.016,0.2597,0.0362,0.0127,0.008,0.0294,0.016,0.01,0.006
KTQ,0.4241,0.014,0.026,0.004,0.012,0.1576,0.064,0.078,0.014,0.193,0.018,0.048,0.018,0.3835,0.0652,0.0066,0.0438,0.106,0.0297,0.022,0.0948,0.016,0.042,0.03,0.0288,0.008,0.0243,0.008,0.0668,0.01,0.01,0.038,0.032,0.092,0.1918,0.076,0.108,0.07,0.026,0.0432,0.052,0.0109,0.064,0.05,0.01,0.008,0.004,0.2967,0.01,0.02,0.0156,0.02,0.032,0.018,0.008
YGY,0.2706,0.006,0.004,0.006,0.02,0.2058,0.1705,0.2395,0.032,0.1818,0.04,0.048,0.012,0.3276,0.044,0.004,0.016,0.082,0.0222,0.046,0.038,0.0059,0.014,0.006,0.02,0.006,0.026,0.008,0.0775,0.008,0.012,0.038,0.024,0.054,0.084,0.078,0.058,0.024,0.03,0.0119,0.024,0.0029,0.0899,0.0237,0.05,0.004,0.006,0.2275,0.0084,0.008,0.008,0.0575,0.028,0.032,0.002
QQJ,0.218,0.018,0.004,0.0,0.054,0.0479,0.01,0.05,0.0,0.178,0.01,0.026,0.154,0.206,0.004,0.002,0.01,0.008,0.016,0.01,0.012,0.0544,0.0081,0.002,0.01,0.004,0.118,0.062,0.1721,0.028,0.026,0.026,0.016,0.118,0.054,0.06,0.058,0.016,0.028,0.0275,0.04,0.016,0.036,0.0401,0.028,0.004,0.072,0.5695,0.016,0.018,0.042,0.006,0.016,0.02,0.004
MWN,0.2547,0.006,0.008,0.006,0.024,0.0661,0.036,0.0679,0.004,0.2199,0.022,0.0742,0.028,0.2623,0.0463,0.02,0.008,0.066,0.016,0.004,0.0223,0.0,0.024,0.004,0.0182,0.0,0.0749,0.038,0.1009,0.07,0.034,0.172,0.146,0.13,0.0678,0.02,0.0284,0.004,0.012,0.0071,0.1289,0.028,0.118,0.0169,0.02,0.002,0.024,0.2944,0.002,0.0217,0.016,0.009,0.028,0.008,0.012
OCC,0.2177,0.008,0.004,0.004,0.024,0.0577,0.016,0.1057,0.006,0.2575,0.006,0.042,0.054,0.28,0.016,0.006,0.046,0.018,0.016,0.004,0.0023,0.01,0.024,0.002,0.012,0.006,0.05,0.078,0.1443,0.098,0.1,0.1285,0.08,0.1455,0.036,0.032,0.066,0.018,0.028,0.004,0.0815,0.014,0.1475,0.066,0.038,0.002,0.06,0.3831,0.0,0.01,0.042,0.002,0.018,0.004,0.018
MAV,0.2234,0.018,0.008,0.016,0.028,0.09,0.114,0.062,0.002,0.1,0.008,0.038,0.008,0.2674,0.032,0.004,0.006,0.028,0.012,0.004,0.03,0.002,0.024,0.006,0.012,0.0252,0.1367,0.008,0.092,0.04,0.022,0.144,0.0923,0.144,0.062,0.04,0.022,0.006,0.04,0.0192,0.078,0.022,0.0648,0.082,0.02,0.002,0.012,0.3272,0.02,0.028,0.012,0.006,0.0252,0.0,0.048
OPG,0.1001,0.004,0.0,0.004,0.098,0.066,0.0576,0.125,0.002,0.2061,0.006,0.028,0.042,0.1115,0.006,0.0,0.01,0.038,0.005,0.002,0.002,0.006,0.008,0.002,0.008,0.0,0.0726,0.05,0.1587,0.072,0.142,0.26,0.214,0.228,0.02,0.01,0.006,0.01,0.002,0.008,0.174,0.042,0.0861,0.0506,0.018,0.004,0.056,0.2946,0.004,0.024,0.07,0.011,0.02,0.002,0.012
UXQ,0.163,0.016,0.0,0.0,0.028,0.0853,0.066,0.138,0.008,0.2891,0.024,0.042,0.054,0.2236,0.008,0.0011,0.048,0.022,0.0556,0.008,0.016,0.0,0.006,0.0,0.004,0.0,0.022,0.1,0.22,0.016,0.03,0.05,0.046,0.058,0.034,0.03,0.01,0.004,0.002,0.004,0.028,0.002,0.058,0.018,0.022,0.018,0.1021,0.4304,0.004,0.01,0.006,0.006,0.04,0.0189,0.002
PLK,0.184,0.008,0.002,0.008,0.044,0.0552,0.028,0.0618,0.006,0.2514,0.006,0.05,0.052,0.266,0.012,0.002,0.004,0.048,0.01,0.004,0.022,0.008,0.012,0.002,0.018,0.006,0.064,0.074,0.1452,0.124,0.012,0.192,0.202,0.232,0.056,0.032,0.032,0.026,0.006,0.01,0.162,0.042,0.064,0.034,0.022,0.012,0.074,0.3617,0.002,0.002,0.01,0.006,0.034,0.018,0.006
WKM,0.4672,0.046,0.008,0.072,0.02,0.038,0.01,0.028,0.002,0.046,0.0,0.026,0.01,0.382,0.094,0.0,0.054,0.096,0.012,0.008,0.084,0.018,0.042,0.036,0.028,0.0442,0.06,0.008,0.086,0.056,0.028,0.078,0.1026,0.1,0.064,0.004,0.006,0.016,0.038,0.0384,0.1556,0.116,0.0484,0.0698,0.006,0.0,0.008,0.2064,0.0,0.064,0.016,0.0,0.0971,0.0,0.02
SNA,0.2126,0.006,0.012,0.006,0.022,0.0466,0.024,0.06,0.002,0.16,0.008,0.024,0.05,0.6112,0.0999,0.004,0.002,0.096,0.052,0.006,0.1716,0.016,0.022,0.006,0.1496,0.046,0.14,0.068,0.0926,0.036,0.022,0.028,0.026,0.068,0.04,0.012,0.042,0.018,0.036,0.016,0.058,0.016,0.03,0.024,0.014,0.006,0.054,0.3506,0.004,0.012,0.0,0.0,0.018,0.004,0.0
MGO,0.4095,0.006,0.01,0.0,0.008,0.142,0.038,0.13,0.002,0.2425,0.0401,0.092,0.006,0.564,0.248,0.008,0.116,0.05,0.002,0.0226,0.0634,0.002,0.026,0.026,0.134,0.026,0.002,0.0,0.066,0.0,0.0,0.006,0.004,0.046,0.4016,0.052,0.4374,0.038,0.01,0.004,0.004,0.0,0.09,0.026,0.008,0.012,0.038,0.274,0.002,0.016,0.0,0.006,0.012,0.012,0.006
IYX,0.4397,0.016,0.002,0.0,0.008,0.164,0.1078,0.1843,0.0242,0.1502,0.01,0.048,0.042,0.4222,0.0977,0.006,0.01,0.094,0.03,0.004,0.092,0.038,0.184,0.122,0.054,0.058,0.018,0.014,0.056,0.01,0.014,0.042,0.036,0.06,0.05,0.004,0.0182,0.058,0.056,0.008,0.042,0.008,0.096,0.05,0.01,0.006,0.014,0.246,0.04,0.032,0.012,0.058,0.022,0.008,0.012
KNA,0.186,0.004,0.002,0.006,0.056,0.0679,0.006,0.1055,0.002,0.2857,0.002,0.03,0.066,0.1188,0.006,0.002,0.058,0.012,0.018,0.002,0.004,0.002,0.006,0.004,0.002,0.0059,0.034,0.126,0.1934,0.03,0.032,0.064,0.028,0.128,0.022,0.07,0.012,0.018,0.008,0.0079,0.03,0.004,0.046,0.03,0.022,0.006,0.13,0.5534,0.002,0.008,0.03,0.004,0.034,0.034,0.014
JJP,0.6374,0.008,0.024,0.0,0.0091,0.0601,0.004,0.04,0.0,0.1068,0.0099,0.044,0.004,0.6758,0.0978,0.0,0.012,0.326,0.012,0.046,0.2,0.0,0.012,0.002,0.1471,0.006,0.01,0.0,0.016,0.0,0.0,0.0,0.0024,0.022,0.5067,0.044,0.4803,0.0754,0.028,0.008,0.004,0.0,0.04,0.006,0.0,0.0,0.004,0.2546,0.0,0.004,0.0,0.0,0.0334,0.004,0.018
TJU,0.468,0.012,0.004,0.002,0.006,0.0678,0.042,0.104,0.006,0.332,0.0324,0.2047,0.054,0.2134,0.078,0.014,0.022,0.0287,0.02,0.0362,0.0118,0.0,0.008,0.006,0.006,0.002,0.063,0.01,0.08,0.012,0.044,0.064,0.064,0.03,0.0522,0.006,0.0678,0.01,0.01,0.002,0.088,0.022,0.182,0.028,0.022,0.022,0.024,0.3208,0.006,0.002,0.006,0.007,0.218,0.028,0.006
BIF,0.276,0.0284,0.0252,0.016,0.01,0.1079,0.108,0.06,0.0213,0.0706,0.0051,0.034,0.01,0.1926,0.1207,0.0306,0.0247,0.042,0.002,0.012,0.0191,0.002,0.058,0.024,0.02,0.022,0.028,0.002,0.0452,0.016,0.018,0.104,0.134,0.052,0.1089,0.006,0.0542,0.026,0.0089,0.0114,0.148,0.08,0.0707,0.0656,0.018,0.008,0.008,0.1823,0.042,0.012,0.026,0.0376,0.028,0.01,0.0508
GSC,0.2385,0.004,0.008,0.01,0.008,0.0458,0.006,0.042,0.0,0.3756,0.024,0.25,0.024,0.2546,0.01,0.0,0.006,0.0398,0.008,0.008,0.024,0.004,0.024,0.006,0.008,0.016,0.026,0.05,0.1235,0.018,0.034,0.0972,0.052,0.1288,0.0422,0.016,0.0282,0.008,0.022,0.0198,0.0608,0.016,0.0908,0.028,0.006,0.0,0.042,0.3167,0.004,0.042,0.038,0.008,0.0298,0.012,0.022
RJI,0.084,0.002,0.0,0.0,0.096,0.0658,0.0533,0.1043,0.016,0.374,0.006,0.016,0.044,0.2363,0.014,0.006,0.008,0.008,0.0043,0.0,0.002,0.0,0.002,0.002,0.0,0.006,0.026,0.036,0.0789,0.064,0.074,0.1223,0.078,0.1337,0.01,0.024,0.002,0.004,0.0,0.006,0.1197,0.02,0.0957,0.082,0.3,0.0,0.08,0.3001,0.006,0.03,0.048,0.0414,0.018,0.002,0.018
EVV,0.4047,0.022,0.024,0.024,0.016,0.1243,0.097,0.1112,0.01,0.1418,0.01,0.04,0.03,0.4105,0.0569,0.0182,0.008,0.158,0.054,0.0,0.078,0.026,0.026,0.016,0.028,0.032,0.024,0.012,0.1304,0.012,0.026,0.04,0.048,0.078,0.082,0.01,0.0317,0.024,0.036,0.064,0.068,0.012,0.086,0.0312,0.02,0.006,0.02,0.2772,0.0208,0.0451,0.024,0.043,0.038,0.004,0.002
ZWN,0.11,0.002,0.002,0.004,0.044,0.0479,0.028,0.1095,0.004,0.1617,0.016,0.028,0.028,0.206,0.002,0.0,0.024,0.022,0.034,0.002,0.006,0.0062,0.006,0.0,0.014,0.0078,0.1,0.178,0.1545,0.042,0.094,0.096,0.0622,0.134,0.026,0.028,0.022,0.008,0.01,0.0078,0.038,0.01,0.0942,0.046,0.04,0.004,0.1119,0.4496,0.002,0.006,0.054,0.002,0.012,0.01,0.018
IVM,0.3675,0.006,0.0,0.0,0.014,0.0935,0.018,0.0661,0.0,0.5281,0.06,0.1019,0.084,0.4997,0.028,0.006,0.01,0.0621,0.0357,0.062,0.0685,0.0,0.01,0.0,0.026,0.014,0.03,0.022,0.0859,0.002,0.002,0.014,0.016,0.024,0.064,0.034,0.0999,0.022,0.034,0.0,0.006,0.002,0.04,0.0903,0.012,0.002,0.022,0.4832,0.0,0.002,0.0071,0.0,0.016,0.008,0.004
MLL,0.2937,0.016,0.0021,0.018,0.01,0.11,0.084,0.0644,0.012,0.08,0.0,0.028,0.004,0.38,0.0637,0.016,0.006,0.046,0.022,0.014,0.022,0.0061,0.154,0.154,0.024,0.026,0.026,0.0,0.05,0.016,0.01,0.0563,0.06,0.0717,0.052,0.002,0.02,0.054,0.034,0.02,0.0757,0.012,0.1837,0.086,0.002,0.0,0.002,0.2642,0.01,0.0199,0.024,0.0141,0.018,0.0,0.026
KBU,0.31,0.01,0.0,0.002,0.032,0.076,0.048,0.068,0.002,0.204,0.034,0.026,0.048,0.6539,0.024,0.008,0.008,0.138,0.042,0.0483,0.138,0.01,0.046,0.006,0.08,0.03,0.09,0.002,0.046,0.01,0.006,0.026,0.0121,0.06,0.11,0.138,0.1277,0.04,0.0382,0.066,0.024,0.002,0.046,0.04,0.006,0.002,0.012,0.4301,0.006,0.022,0.004,0.0,0.03,0.002,0.0
PTB,0.318,0.052,0.006,0.02,0.044,0.0578,0.008,0.0898,0.0,0.0793,0.008,0.032,0.032,0.3911,0.0294,0.002,0.002,0.078,0.02,0.002,0.096,0.018,0.024,0.012,0.072,0.062,0.088,0.07,0.136,0.066,0.028,0.126,0.066,0.212,0.0767,0.026,0.028,0.028,0.046,0.028,0.098,0.022,0.068,0.064,0.014,0.002,0.01,0.3298,0.01,0.0238,0.018,0.002,0.022,0.016,0.02
BHW,0.2016,0.002,0.004,0.048,0.016,0.0378,0.016,0.026,0.002,0.028,0.002,0.008,0.02,0.2158,0.004,0.0,0.006,0.124,0.022,0.004,0.012,0.024,0.03,0.004,0.016,0.018,0.08,0.018,0.05,0.098,0.026,0.234,0.274,0.2339,0.064,0.014,0.012,0.048,0.028,0.0625,0.3556,0.124,0.094,0.0776,0.008,0.006,0.016,0.2104,0.002,0.026,0.018,0.002,0.024,0.0,0.02
KOP,0.3191,0.006,0.006,0.002,0.084,0.1833,0.082,0.1013,0.012,0.392,0.0525,0.1503,0.024,0.1832,0.04,0.01,0.004,0.008,0.004,0.008,0.0065,0.0,0.004,0.006,0.0043,0.002,0.0187,0.044,0.1682,0.01,0.03,0.036,0.024,0.1382,0.046,0.008,0.0594,0.008,0.0055,0.012,0.02,0.0,0.0546,0.0261,0.004,0.006,0.11,0.4341,0.0027,0.02,0.0834,0.011,0.0141,0.006,0.014
BAN,0.162,0.028,0.0,0.012,0.068,0.04,0.002,0.1529,0.002,0.1502,0.004,0.02,0.096,0.2598,0.004,0.0,0.002,0.026,0.01,0.002,0.024,0.064,0.004,0.0,0.032,0.008,0.1,0.166,0.2622,0.06,0.02,0.062,0.018,0.19,0.06,0.026,0.066,0.022,0.036,0.0298,0.07,0.038,0.038,0.052,0.03,0.004,0.048,0.4639,0.006,0.014,0.038,0.004,0.014,0.008,0.0
HSR,0.2722,0.01,0.004,0.0,0.01,0.176,0.078,0.3798,0.012,0.18,0.03,0.058,0.006,0.2402,0.116,0.01,0.04,0.04,0.026,0.02,0.024,0.01,0.022,0.022,0.02,0.012,0.004,0.006,0.052,0.018,0.006,0.02,0.044,0.032,0.12,0.006,0.104,0.02,0.01,0.002,0.02,0.004,0.078,0.0358,0.04,0.124,0.016,0.184,0.008,0.004,0.002,0.01,0.0418,0.042,0.02
IRW,0.302,0.004,0.0,0.0,0.004,0.164,0.056,0.146,0.032,0.29,0.058,0.108,0.048,0.556,0.048,0.002,0.016,0.092,0.0759,0.0232,0.104,0.024,0.062,0.028,0.062,0.03,0.028,0.022,0.08,0.014,0.006,0.034,0.014,0.05,0.046,0.014,0.06,0.04,0.064,0.012,0.028,0.008,0.056,0.02,0.03,0.02,0.018,0.3829,0.014,0.004,0.008,0.018,0.02,0.0,0.0
PNH,0.2396,0.0119,0.006,0.002,0.022,0.104,0.034,0.054,0.002,0.122,0.002,0.02,0.018,0.4767,0.03,0.004,0.002,0.084,0.046,0.004,0.0878,0.0062,0.056,0.02,0.1,0.056,0.1801,0.028,0.0795,0.026,0.026,0.086,0.036,0.1359,0.048,0.028,0.018,0.03,0.068,0.0278,0.052,0.0178,0.078,0.06,0.014,0.002,0.012,0.3813,0.012,0.0221,0.018,0.006,0.02,0.0,0.002
XXL,0.2589,0.014,0.0,0.002,0.012,0.0932,0.148,0.0535,0.008,0.05,0.01,0.008,0.018,0.5864,0.074,0.012,0.0,0.15,0.022,0.0,0.118,0.02,0.06,0.048,0.036,0.048,0.052,0.006,0.0556,0.01,0.004,0.064,0.042,0.09,0.036,0.01,0.014,0.034,0.032,0.034,0.0913,0.004,0.0801,0.0873,0.014,0.002,0.008,0.2718,0.0067,0.0379,0.004,0.0141,0.0347,0.002,0.008
IIO,0.056,0.0,0.0,0.004,0.128,0.108,0.022,0.0827,0.002,0.094,0.0,0.012,0.092,0.1215,0.004,0.0,0.004,0.008,0.0208,0.0,0.004,0.004,0.002,0.002,0.006,0.01,0.1868,0.112,0.2072,0.036,0.078,0.08,0.048,0.132,0.008,0.02,0.004,0.01,0.016,0.0,0.044,0.002,0.042,0.0347,0.03,0.0,0.072,0.5545,0.026,0.02,0.168,0.0192,0.0,0.0,0.0
ACG,0.216,0.0,0.016,0.0,0.012,0.088,0.024,0.074,0.004,0.176,0.034,0.048,0.034,0.66,0.0637,0.002,0.01,0.096,0.024,0.04,0.0983,0.04,0.05,0.008,0.1883,0.018,0.09,0.012,0.044,0.008,0.006,0.012,0.012,0.042,0.108,0.032,0.058,0.036,0.076,0.028,0.024,0.004,0.026,0.016,0.004,0.012,0.016,0.328,0.004,0.004,0.002,0.002,0.018,0.01,0.002
AJN,0.296,0.006,0.014,0.006,0.024,0.1007,0.026,0.084,0.028,0.166,0.012,0.0563,0.0596,0.588,0.03,0.004,0.004,0.14,0.064,0.0207,0.122,0.012,0.038,0.002,0.0723,0.05,0.1637,0.024,0.0723,0.016,0.01,0.064,0.05,0.088,0.072,0.054,0.0593,0.038,0.0527,0.024,0.044,0.004,0.068,0.036,0.02,0.002,0.028,0.4324,0.002,0.01,0.004,0.004,0.0164,0.002,0.0
YCD,0.11,0.004,0.0,0.006,0.05,0.052,0.014,0.076,0.002,0.22,0.002,0.02,0.024,0.0813,0.012,0.0,0.004,0.014,0.008,0.002,0.004,0.008,0.012,0.006,0.008,0.008,0.074,0.026,0.076,0.146,0.05,0.138,0.15,0.262,0.022,0.018,0.008,0.002,0.014,0.002,0.168,0.016,0.106,0.108,0.184,0.0,0.038,0.298,0.028,0.016,0.092,0.01,0.01,0.002,0.024
ZOY,0.1668,0.0059,0.006,0.0,0.046,0.1082,0.0199,0.108,0.0121,0.362,0.024,0.0645,0.052,0.2775,0.018,0.0012,0.016,0.032,0.052,0.0122,0.0199,0.002,0.002,0.008,0.0105,0.014,0.0435,0.13,0.2445,0.024,0.026,0.068,0.052,0.066,0.036,0.012,0.024,0.008,0.016,0.0,0.028,0.002,0.052,0.07,0.022,0.006,0.092,0.4411,0.002,0.0261,0.01,0.012,0.016,0.0248,0.002
QSM,0.29,0.006,0.002,0.008,0.032,0.0739,0.02,0.1118,0.0,0.212,0.018,0.012,0.022,0.2678,0.014,0.004,0.006,0.032,0.014,0.006,0.028,0.002,0.014,0.01,0.0658,0.014,0.106,0.168,0.1361,0.02,0.052,0.128,0.048,0.258,0.028,0.01,0.014,0.008,0.014,0.006,0.026,0.004,0.214,0.068,0.004,0.0,0.066,0.43,0.002,0.054,0.058,0.006,0.01,0.006,0.008
EXX,0.338,0.06,0.002,0.022,0.008,0.0857,0.1,0.0919,0.01,0.106,0.006,0.034,0.01,0.3,0.072,0.012,0.008,0.1566,0.082,0.002,0.054,0.012,0.058,0.036,0.024,0.026,0.024,0.006,0.086,0.018,0.008,0.088,0.142,0.072,0.094,0.008,0.01,0.064,0.022,0.0833,0.194,0.08,0.086,0.042,0.004,0.0,0.006,0.2173,0.006,0.02,0.02,0.012,0.0527,0.002,0.018
VAU,0.3722,0.006,0.0143,0.008,0.012,0.1692,0.1109,0.0947,0.002,0.2126,0.0348,0.0546,0.026,0.3354,0.0724,0.01,0.0106,0.066,0.04,0.016,0.0328,0.002,0.022,0.002,0.02,0.012,0.044,0.004,0.1125,0.01,0.026,0.052,0.032,0.0603,0.08,0.058,0.0426,0.048,0.0172,0.024,0.044,0.0232,0.0663,0.0461,0.004,0.0,0.01,0.223,0.006,0.026,0.034,0.034,0.0362,0.006,0.006
JDM,0.3164,0.0,0.0,0.01,0.008,0.0431,0.03,0.02,0.0,0.0291,0.002,0.014,0.024,0.7411,0.016,0.0011,0.004,0.142,0.052,0.012,0.258,0.0323,0.092,0.046,0.102,0.086,0.072,0.006,0.028,0.004,0.004,0.062,0.028,0.094,0.0509,0.004,0.024,0.014,0.098,0.0413,0.0593,0.008,0.054,0.0393,0.01,0.0,0.004,0.4199,0.002,0.034,0.008,0.004,0.01,0.002,0.008
STF,0.218,0.006,0.01,0.006,0.074,0.12,0.052,0.164,0.006,0.1819,0.01,0.046,0.04,0.15,0.032,0.002,0.0,0.0279,0.0,0.002,0.008,0.0,0.014,0.006,0.008,0.006,0.042,0.048,0.186,0.054,0.078,0.14,0.054,0.3068,0.0368,0.006,0.006,0.0,0.008,0.0,0.052,0.012,0.206,0.09,0.012,0.002,0.044,0.2572,0.002,0.0232,0.1351,0.022,0.018,0.0,0.014
XEU,0.454,0.0119,0.002,0.004,0.01,0.052,0.008,0.03,0.002,0.08,0.008,0.022,0.0301,0.7924,0.016,0.002,0.002,0.1616,0.0504,0.004,0.2995,0.018,0.056,0.016,0.088,0.092,0.12,0.016,0.032,0.022,0.002,0.062,0.014,0.064,0.0356,0.01,0.04,0.014,0.032,0.024,0.032,0.0,0.04,0.028,0.014,0.0,0.008,0.4282,0.008,0.028,0.002,0.0,0.0183,0.0,0.0
VFA,0.09,0.01,0.0,0.0,0.094,0.1677,0.0459,0.1182,0.01,0.4214,0.008,0.014,0.176,0.205,0.012,0.002,0.014,0.02,0.012,0.002,0.008,0.008,0.014,0.002,0.008,0.006,0.058,0.108,0.2724,0.012,0.066,0.094,0.038,0.104,0.028,0.0238,0.014,0.014,0.014,0.0077,0.028,0.004,0.036,0.042,0.024,0.006,0.084,0.5779,0.002,0.024,0.0716,0.018,0.008,0.004,0.002
TRH,0.3598,0.02,0.014,0.0,0.008,0.14,0.096,0.232,0.018,0.23,0.0322,0.118,0.014,0.2638,0.11,0.01,0.046,0.062,0.008,0.0422,0.0318,0.004,0.026,0.018,0.014,0.016,0.016,0.0,0.056,0.012,0.002,0.062,0.03,0.07,0.1125,0.032,0.1018,0.0177,0.014,0.004,0.034,0.0022,0.112,0.046,0.064,0.022,0.014,0.174,0.01,0.01,0.0,0.022,0.048,0.04,0.022
HFX,0.2848,0.02,0.006,0.012,0.0312,0.126,0.1168,0.171,0.0596,0.1961,0.02,0.042,0.036,0.1642,0.1056,0.022,0.0023,0.064,0.004,0.018,0.01,0.004,0.02,0.0,0.012,0.0153,0.042,0.014,0.1387,0.036,0.026,0.1214,0.0863,0.1126,0.052,0.026,0.018,0.024,0.012,0.01,0.1146,0.0306,0.1117,0.07,0.054,0.006,0.012,0.2137,0.0201,0.0298,0.058,0.0548,0.0264,0.006,0.026
JYM,0.154,0.014,0.006,0.0017,0.09,0.068,0.018,0.0741,0.004,0.208,0.006,0.022,0.094,0.25,0.006,0.0,0.01,0.026,0.022,0.008,0.024,0.006,0.008,0.0,0.034,0.018,0.114,0.126,0.152,0.032,0.018,0.068,0.044,0.174,0.0483,0.048,0.024,0.028,0.038,0.01,0.04,0.008,0.0501,0.042,0.026,0.01,0.11,0.476,0.014,0.0099,0.06,0.0061,0.012,0.012,0.004
OZP,0.51,0.03,0.004,0.036,0.01,0.046,0.014,0.018,0.0,0.0448,0.002,0.012,0.006,0.3176,0.0328,0.0,0.016,0.034,0.014,0.0,0.04,0.024,0.118,0.03,0.03,0.0361,0.038,0.004,0.0652,0.028,0.012,0.134,0.0829,0.048,0.0632,0.004,0.008,0.014,0.012,0.0395,0.1005,0.064,0.0392,0.0452,0.01,0.0,0.008,0.1794,0.0,0.178,0.014,0.004,0.0312,0.0,0.0228
ZIH,0.108,0.002,0.0,0.006,0.024,0.0339,0.008,0.0739,0.0,0.046,0.006,0.006,0.028,0.3661,0.014,0.0,0.002,0.054,0.032,0.002,0.05,0.022,0.022,0.002,0.054,0.008,0.192,0.032,0.106,0.036,0.036,0.098,0.044,0.118,0.038,0.04,0.01,0.03,0.052,0.0441,0.028,0.008,0.036,0.02,0.012,0.0,0.026,0.3039,0.004,0.008,0.042,0.002,0.024,0.002,0.008
VIT,0.136,0.0,0.002,0.002,0.02,0.0678,0.02,0.068,0.0,0.4039,0.012,0.036,0.07,0.418,0.006,0.0,0.006,0.026,0.052,0.002,0.014,0.004,0.008,0.002,0.044,0.008,0.076,0.128,0.1479,0.012,0.056,0.012,0.012,0.024,0.034,0.004,0.014,0.024,0.0239,0.002,0.012,0.0,0.02,0.018,0.04,0.0,0.05,0.53,0.0,0.004,0.014,0.004,0.014,0.006,0.0
LOL,0.2312,0.0202,0.006,0.008,0.0152,0.1803,0.1502,0.1286,0.0429,0.132,0.002,0.046,0.036,0.2343,0.094,0.05,0.004,0.044,0.006,0.008,0.016,0.006,0.08,0.086,0.014,0.032,0.042,0.0,0.068,0.032,0.016,0.056,0.048,0.0607,0.0526,0.016,0.0238,0.01,0.01,0.01,0.082,0.0132,0.1245,0.0862,0.016,0.0,0.01,0.2562,0.054,0.024,0.042,0.0716,0.0247,0.002,0.0061
DUO,0.196,0.006,0.008,0.002,0.044,0.0819,0.016,0.0821,0.0,0.3701,0.026,0.08,0.14,0.3358,0.018,0.0,0.018,0.03,0.022,0.014,0.018,0.02,0.01,0.002,0.02,0.016,0.038,0.076,0.1381,0.018,0.032,0.044,0.038,0.078,0.062,0.02,0.056,0.014,0.01,0.0199,0.026,0.002,0.03,0.03,0.07,0.034,0.064,0.5394,0.0,0.016,0.0314,0.006,0.0159,0.006,0.002
XEN,0.18,0.002,0.002,0.034,0.006,0.016,0.01,0.016,0.0,0.008,0.0,0.006,0.01,0.252,0.004,0.0,0.0,0.088,0.008,0.006,0.008,0.1188,0.026,0.012,0.026,0.03,0.18,0.004,0.134,0.044,0.014,0.156,0.26,0.106,0.058,0.002,0.006,0.066,0.056,0.08,0.39,0.112,0.036,0.08,0.008,0.0,0.006,0.146,0.002,0.124,0.004,0.0,0.008,0.0,0.002
FKM,0.4052,0.008,0.006,0.002,0.01,0.174,0.062,0.1398,0.008,0.346,0.026,0.082,0.044,0.1927,0.074,0.008,0.008,0.034,0.02,0.014,0.012,0.002,0.008,0.008,0.01,0.002,0.01,0.026,0.124,0.018,0.012,0.08,0.048,0.088,0.034,0.018,0.03,0.004,0.008,0.006,0.036,0.0048,0.1722,0.0477,0.0618,0.0102,0.0126,0.2275,0.006,0.01,0.0051,0.01,0.06,0.018,0.006
WUG,0.2555,0.0,0.002,0.004,0.022,0.0676,0.014,0.0857,0.008,0.268,0.016,0.078,0.046,0.1625,0.01,0.002,0.036,0.014,0.022,0.006,0.0042,0.008,0.006,0.002,0.008,0.004,0.028,0.048,0.2264,0.062,0.04,0.082,0.04,0.116,0.022,0.026,0.022,0.004,0.0,0.0079,0.048,0.0123,0.116,0.044,0.042,0.004,0.062,0.4247,0.0,0.008,0.038,0.014,0.09,0.02,0.01
WCQ,0.198,0.01,0.008,0.004,0.064,0.0711,0.01,0.0896,0.004,0.2643,0.022,0.05,0.134,0.1889,0.008,0.0,0.01,0.006,0.008,0.01,0.018,0.034,0.01,0.002,0.006,0.012,0.054,0.092,0.2675,0.028,0.02,0.04,0.036,0.112,0.04,0.032,0.04,0.036,0.046,0.0097,0.036,0.012,0.044,0.02,0.036,0.008,0.056,0.5603,0.006,0.012,0.024,0.01,0.0119,0.028,0.004
PVA,0.108,0.0,0.0,0.0,0.012,0.066,0.016,0.078,0.004,0.382,0.024,0.064,0.094,0.5177,0.008,0.0,0.002,0.04,0.088,0.024,0.012,0.0,0.004,0.002,0.046,0.02,0.084,0.158,0.204,0.03,0.016,0.038,0.01,0.036,0.0718,0.008,0.018,0.024,0.044,0.006,0.018,0.004,0.024,0.01,0.008,0.004,0.104,0.5892,0.002,0.002,0.002,0.002,0.012,0.0,0.0
ACR,0.35,0.03,0.008,0.01,0.018,0.1695,0.112,0.0946,0.018,0.128,0.006,0.044,0.012,0.3136,0.0875,0.024,0.006,0.074,0.026,0.012,0.036,0.014,0.096,0.046,0.03,0.017,0.05,0.002,0.076,0.032,0.028,0.1503,0.0863,0.1677,0.084,0.02,0.038,0.024,0.03,0.01,0.0837,0.01,0.1265,0.0636,0.002,0.0,0.004,0.2017,0.022,0.0219,0.03,0.0241,0.0264,0.006,0.034
IXF,0.3185,0.012,0.002,0.0,0.016,0.102,0.016,0.1739,0.008,0.1879,0.0301,0.066,0.008,0.2467,0.132,0.02,0.034,0.016,0.008,0.018,0.086,0.002,0.064,0.064,0.036,0.008,0.0,0.004,0.0377,0.002,0.002,0.004,0.032,0.02,0.2757,0.02,0.2878,0.04,0.03,0.006,0.006,0.0,0.0283,0.022,0.032,0.086,0.0418,0.152,0.002,0.002,0.0,0.002,0.0434,0.014,0.016
GEJ,0.1957,0.002,0.002,0.002,0.002,0.1317,0.032,0.124,0.0,0.2599,0.044,0.078,0.0457,0.602,0.044,0.006,0.014,0.0739,0.084,0.05,0.13,0.028,0.044,0.02,0.078,0.02,0.026,0.02,0.0817,0.002,0.006,0.02,0.016,0.01,0.068,0.004,0.076,0.024,0.076,0.022,0.01,0.0,0.0182,0.01,0.016,0.028,0.028,0.2943,0.028,0.004,0.002,0.002,0.016,0.002,0.0
DAO,0.3513,0.008,0.002,0.002,0.004,0.1317,0.03,0.406,0.028,0.3809,0.218,0.078,0.022,0.5603,0.034,0.004,0.014,0.0439,0.018,0.0822,0.022,0.002,0.0,0.0,0.012,0.006,0.012,0.014,0.0553,0.0,0.0,0.002,0.0004,0.012,0.0374,0.012,0.032,0.0,0.004,0.0,0.002,0.0,0.0146,0.002,0.012,0.016,0.046,0.3174,0.004,0.008,0.0,0.006,0.012,0.008,0.0
RQY,0.306,0.002,0.006,0.002,0.014,0.048,0.02,0.044,0.008,0.158,0.01,0.044,0.042,0.663,0.0609,0.004,0.004,0.118,0.064,0.01,0.1051,0.01,0.082,0.004,0.1389,0.042,0.1139,0.024,0.046,0.01,0.02,0.03,0.03,0.032,0.042,0.01,0.0359,0.014,0.0319,0.02,0.04,0.004,0.056,0.02,0.012,0.002,0.018,0.396,0.002,0.016,0.004,0.004,0.016,0.004,0.0
NLM,0.296,0.02,0.0,0.008,0.012,0.034,0.024,0.08,0.004,0.0165,0.0,0.002,0.004,0.1645,0.0065,0.002,0.0,0.01,0.006,0.0,0.014,0.008,0.022,0.022,0.018,0.164,0.0813,0.004,0.0335,0.162,0.014,0.452,0.392,0.356,0.0255,0.004,0.0,0.014,0.036,0.012,0.084,0.02,0.14,0.1795,0.006,0.0,0.008,0.202,0.0,0.012,0.022,0.01,0.016,0.0,0.1025
SEO,0.124,0.004,0.002,0.012,0.038,0.076,0.024,0.042,0.002,0.128,0.002,0.012,0.02,0.3784,0.012,0.004,0.006,0.058,0.066,0.0,0.042,0.014,0.028,0.0,0.054,0.04,0.1905,0.044,0.094,0.074,0.03,0.226,0.068,0.246,0.038,0.034,0.01,0.022,0.038,0.006,0.042,0.014,0.066,0.0664,0.022,0.0,0.046,0.3424,0.0,0.014,0.018,0.002,0.02,0.0,0.002
JTT,0.3001,0.0369,0.014,0.002,0.018,0.209,0.1537,0.1423,0.014,0.3115,0.1388,0.1306,0.008,0.358,0.098,0.01,0.0486,0.07,0.014,0.0201,0.0428,0.004,0.048,0.024,0.016,0.004,0.01,0.0,0.066,0.0,0.004,0.01,0.018,0.016,0.1087,0.05,0.1346,0.012,0.0054,0.01,0.026,0.01,0.0852,0.0435,0.014,0.004,0.006,0.1671,0.0173,0.012,0.01,0.0643,0.032,0.012,0.0001
FEI,0.1573,0.0,0.006,0.002,0.012,0.1,0.022,0.1492,0.014,0.2437,0.0495,0.04,0.046,0.49,0.0197,0.0,0.008,0.072,0.062,0.0312,0.0443,0.026,0.06,0.02,0.0923,0.026,0.066,0.076,0.1137,0.012,0.02,0.036,0.012,0.024,0.086,0.004,0.0365,0.028,0.09,0.04,0.016,0.002,0.022,0.02,0.022,0.04,0.058,0.375,0.012,0.006,0.002,0.016,0.012,0.008,0.0
SQP,0.13,0.032,0.0,0.024,0.024,0.022,0.038,0.102,0.006,0.0688,0.0,0.018,0.016,0.1208,0.0148,0.002,0.0,0.04,0.018,0.0,0.008,0.01,0.014,0.0,0.008,0.01,0.056,0.022,0.074,0.08,0.168,0.252,0.26,0.156,0.0592,0.006,0.006,0.018,0.01,0.0188,0.298,0.108,0.054,0.062,0.092,0.0,0.026,0.2248,0.0,0.036,0.15,0.006,0.0192,0.0,0.03
EPW,0.236,0.008,0.018,0.0,0.002,0.0554,0.002,0.024,0.0,0.148,0.044,0.024,0.02,0.7833,0.008,0.002,0.008,0.104,0.018,0.012,0.122,0.026,0.02,0.006,0.28,0.006,0.112,0.004,0.04,0.006,0.006,0.006,0.014,0.016,0.128,0.012,0.088,0.068,0.094,0.024,0.012,0.002,0.032,0.006,0.01,0.002,0.002,0.262,0.0,0.004,0.0,0.0,0.01,0.0,0.004
AQF,0.1459,0.006,0.0,0.0,0.032,0.0913,0.008,0.1182,0.006,0.4041,0.016,0.048,0.03,0.3354,0.008,0.0181,0.006,0.0701,0.1,0.014,0.0279,0.002,0.008,0.004,0.014,0.008,0.068,0.152,0.2041,0.014,0.026,0.022,0.028,0.036,0.0361,0.0135,0.008,0.004,0.034,0.002,0.014,0.002,0.032,0.02,0.016,0.0,0.0926,0.5127,0.0,0.006,0.004,0.0,0.036,0.0539,0.0
UOS,0.1681,0.008,0.002,0.0,0.024,0.088,0.034,0.1361,0.004,0.1754,0.004,0.026,0.022,0.4362,0.0209,0.002,0.028,0.054,0.068,0.0172,0.063,0.012,0.032,0.002,0.079,0.022,0.1425,0.092,0.208,0.016,0.12,0.064,0.036,0.09,0.038,0.016,0.014,0.018,0.028,0.008,0.02,0.004,0.0879,0.0544,0.016,0.002,0.088,0.4126,0.004,0.014,0.046,0.008,0.016,0.008,0.0
PQG,0.294,0.004,0.006,0.004,0.014,0.0978,0.054,0.1162,0.034,0.1738,0.024,0.058,0.02,0.5262,0.038,0.006,0.008,0.124,0.0522,0.016,0.136,0.0358,0.092,0.054,0.072,0.098,0.0685,0.026,0.076,0.024,0.026,0.08,0.048,0.102,0.052,0.024,0.026,0.052,0.072,0.008,0.048,0.004,0.0899,0.0642,0.012,0.002,0.032,0.336,0.01,0.014,0.012,0.016,0.01,0.0,0.002
CTT,0.25,0.0119,0.008,0.0,0.028,0.0909,0.0152,0.0943,0.006,0.2343,0.026,0.048,0.048,0.6105,0.0535,0.0,0.008,0.096,0.0465,0.0202,0.1023,0.02,0.024,0.006,0.1065,0.02,0.112,0.05,0.0835,0.02,0.01,0.042,0.024,0.054,0.0483,0.016,0.0438,0.026,0.0582,0.022,0.04,0.0,0.0517,0.02,0.0123,0.006,0.064,0.3905,0.004,0.0041,0.002,0.0075,0.016,0.002,0.0
JHZ,0.444,0.008,0.008,0.008,0.034,0.1358,0.016,0.1119,0.008,0.2467,0.014,0.054,0.034,0.3452,0.054,0.004,0.022,0.014,0.006,0.002,0.014,0.002,0.0061,0.002,0.006,0.006,0.014,0.038,0.1709,0.024,0.05,0.062,0.05,0.226,0.058,0.01,0.018,0.014,0.014,0.0231,0.046,0.016,0.066,0.0241,0.012,0.006,0.068,0.524,0.0,0.028,0.072,0.018,0.038,0.016,0.016
TZN,0.2672,0.01,0.004,0.002,0.02,0.1936,0.128,0.2685,0.0835,0.2049,0.016,0.058,0.028,0.2474,0.0846,0.0108,0.0046,0.0357,0.0302,0.0225,0.026,0.0098,0.012,0.012,0.014,0.012,0.021,0.014,0.094,0.024,0.018,0.06,0.042,0.088,0.0612,0.077,0.0418,0.024,0.0161,0.0072,0.026,0.006,0.1281,0.0619,0.02,0.0222,0.032,0.2822,0.022,0.01,0.0419,0.0939,0.026,0.02,0.004
TVX,0.308,0.012,0.002,0.004,0.01,0.304,0.21,0.3628,0.03,0.2249,0.0542,0.082,0.01,0.302,0.056,0.01,0.0239,0.044,0.032,0.0162,0.0278,0.004,0.004,0.002,0.012,0.002,0.012,0.0,0.078,0.0,0.004,0.02,0.01,0.036,0.0671,0.046,0.0578,0.018,0.016,0.002,0.016,0.0,0.0634,0.008,0.0426,0.034,0.018,0.2759,0.002,0.002,0.006,0.016,0.04,0.164,0.002
QKU,0.3481,0.016,0.014,0.0,0.01,0.1198,0.066,0.104,0.014,0.242,0.04,0.112,0.018,0.424,0.134,0.01,0.048,0.046,0.002,0.0882,0.044,0.016,0.01,0.002,0.018,0.012,0.0297,0.01,0.068,0.0,0.004,0.006,0.0165,0.05,0.2432,0.104,0.2478,0.0948,0.0582,0.044,0.018,0.0,0.042,0.02,0.01,0.008,0.012,0.286,0.004,0.002,0.002,0.004,0.056,0.02,0.004
GON,0.1735,0.0,0.0,0.002,0.028,0.032,0.01,0.052,0.0,0.1741,0.03,0.032,0.062,0.2566,0.002,0.0,0.032,0.048,0.008,0.002,0.018,0.014,0.092,0.0,0.012,0.004,0.067,0.036,0.0974,0.072,0.044,0.194,0.174,0.126,0.032,0.0219,0.022,0.02,0.012,0.006,0.282,0.16,0.0421,0.018,0.028,0.002,0.05,0.2904,0.002,0.038,0.026,0.003,0.032,0.0,0.012
XOU,0.1961,0.006,0.004,0.008,0.038,0.036,0.014,0.09,0.006,0.3774,0.01,0.192,0.064,0.1807,0.014,0.004,0.0,0.0198,0.004,0.0,0.006,0.008,0.006,0.004,0.002,0.0,0.036,0.082,0.1588,0.012,0.088,0.066,0.104,0.12,0.0263,0.014,0.1102,0.002,0.012,0.0089,0.0331,0.0138,0.068,0.0311,0.012,0.002,0.044,0.3489,0.004,0.03,0.076,0.016,0.0118,0.004,0.08
GBW,0.2299,0.0,0.0,0.0,0.028,0.142,0.012,0.112,0.004,0.3491,0.034,0.094,0.086,0.4192,0.056,0.006,0.04,0.044,0.056,0.036,0.032,0.01,0.028,0.008,0.044,0.006,0.04,0.0481,0.1075,0.01,0.008,0.004,0.006,0.01,0.07,0.002,0.062,0.006,0.0239,0.022,0.006,0.0,0.016,0.034,0.024,0.026,0.0663,0.4442,0.012,0.002,0.006,0.006,0.03,0.01,0.0
YOQ,0.25,0.006,0.002,0.002,0.004,0.0999,0.05,0.104,0.008,0.22,0.01,0.04,0.036,0.712,0.024,0.006,0.008,0.074,0.062,0.0361,0.3839,0.0082,0.048,0.01,0.06,0.014,0.062,0.0101,0.034,0.002,0.002,0.008,0.014,0.054,0.06,0.084,0.0659,0.022,0.0421,0.0298,0.016,0.0,0.026,0.018,0.01,0.0,0.006,0.4881,0.012,0.01,0.004,0.016,0.04,0.002,0.0
ECV,0.3495,0.006,0.0069,0.0,0.002,0.236,0.044,0.02,0.0,0.07,0.0,0.018,0.006,0.5859,0.042,0.012,0.006,0.088,0.034,0.0,0.0902,0.004,0.042,0.04,0.018,0.015,0.018,0.004,0.034,0.002,0.004,0.014,0.016,0.1349,0.0652,0.006,0.016,0.088,0.0857,0.0364,0.0336,0.008,0.05,0.0296,0.002,0.0,0.0,0.342,0.004,0.0343,0.012,0.002,0.1173,0.0,0.002
OAE,0.4372,0.046,0.006,0.0358,0.0188,0.0448,0.006,0.0192,0.0,0.032,0.0,0.008,0.016,0.579,0.032,0.006,0.002,0.066,0.012,0.004,0.1745,0.05,0.046,0.026,0.064,0.043,0.068,0.004,0.054,0.008,0.006,0.04,0.0385,0.1413,0.1551,0.022,0.0299,0.0257,0.114,0.1318,0.0365,0.02,0.0744,0.0423,0.012,0.0,0.006,0.339,0.0,0.0479,0.006,0.0,0.0406,0.002,0.008
MUK,0.198,0.018,0.004,0.024,0.01,0.046,0.072,0.096,0.0,0.016,0.0,0.008,0.004,0.2709,0.004,0.004,0.006,0.04,0.024,0.0,0.016,0.02,0.062,0.026,0.038,0.0689,0.15,0.002,0.0372,0.054,0.016,0.124,0.118,0.228,0.048,0.012,0.004,0.046,0.094,0.034,0.122,0.078,0.0691,0.1292,0.01,0.002,0.0,0.316,0.004,0.032,0.012,0.018,0.0371,0.0,0.0288
LKX,0.194,0.016,0.0,0.026,0.006,0.066,0.02,0.084,0.0,0.008,0.0,0.008,0.0,0.096,0.0,0.002,0.0,0.0,0.002,0.0,0.008,0.026,0.036,0.024,0.036,0.05,0.092,0.0,0.0255,0.058,0.066,0.198,0.128,0.392,0.04,0.004,0.0,0.01,0.062,0.01,0.09,0.028,0.038,0.2755,0.0,0.0,0.006,0.43,0.002,0.044,0.02,0.012,0.168,0.0,0.1005
LIV,0.432,0.02,0.024,0.01,0.008,0.074,0.02,0.048,0.002,0.2321,0.064,0.1223,0.034,0.2647,0.0499,0.012,0.004,0.04,0.0028,0.006,0.02,0.006,0.014,0.014,0.0143,0.008,0.0357,0.032,0.1004,0.034,0.03,0.082,0.044,0.122,0.0832,0.012,0.034,0.018,0.01,0.0119,0.042,0.01,0.1344,0.0364,0.014,0.002,0.02,0.2966,0.002,0.074,0.018,0.002,0.0796,0.008,0.0481
TKH,0.07,0.002,0.0,0.008,0.028,0.024,0.012,0.04,0.0,0.022,0.0,0.006,0.024,0.1459,0.004,0.0,0.0,0.032,0.014,0.0,0.006,0.026,0.014,0.004,0.016,0.012,0.198,0.008,0.046,0.122,0.044,0.1562,0.168,0.2719,0.05,0.018,0.008,0.024,0.028,0.0519,0.2018,0.03,0.0298,0.084,0.01,0.002,0.016,0.192,0.022,0.022,0.042,0.004,0.008,0.002,0.026
IKN,0.338,0.008,0.0179,0.01,0.006,0.0662,0.012,0.036,0.0,0.17,0.0241,0.0541,0.018,0.662,0.0507,0.0,0.008,0.2301,0.022,0.0423,0.1493,0.012,0.022,0.022,0.0914,0.018,0.0573,0.016,0.0361,0.026,0.006,0.042,0.06,0.056,0.09,0.026,0.1055,0.02,0.0423,0.046,0.188,0.012,0.052,0.038,0.012,0.004,0.01,0.2993,0.006,0.008,0.002,0.0006,0.03,0.0,0.002
TLT,0.2038,0.012,0.004,0.0,0.088,0.0355,0.012,0.094,0.002,0.4158,0.01,0.046,0.064,0.3109,0.024,0.0,0.03,0.032,0.028,0.01,0.0161,0.004,0.014,0.006,0.026,0.01,0.036,0.28,0.3041,0.064,0.04,0.052,0.028,0.078,0.022,0.022,0.022,0.018,0.012,0.006,0.07,0.018,0.04,0.014,0.014,0.0,0.152,0.5938,0.0,0.02,0.022,0.006,0.022,0.016,0.0
ZIV,0.162,0.02,0.002,0.03,0.002,0.024,0.02,0.064,0.0,0.03,0.002,0.008,0.002,0.084,0.002,0.002,0.002,0.008,0.0,0.002,0.006,0.1234,0.02,0.02,0.03,0.02,0.07,0.006,0.0397,0.056,0.046,0.342,0.118,0.402,0.032,0.004,0.004,0.008,0.042,0.016,0.108,0.054,0.04,0.3057,0.008,0.002,0.008,0.426,0.0,0.04,0.012,0.004,0.046,0.004,0.1563
MAB,0.1,0.006,0.002,0.0,0.166,0.16,0.0603,0.1567,0.0041,0.2278,0.0,0.022,0.158,0.1587,0.01,0.002,0.004,0.018,0.0167,0.0,0.016,0.0,0.004,0.002,0.002,0.0,0.1099,0.1,0.2636,0.0259,0.068,0.108,0.0548,0.166,0.01,0.024,0.002,0.0081,0.004,0.0,0.0288,0.008,0.052,0.0682,0.016,0.002,0.128,0.544,0.014,0.032,0.06,0.0294,0.02,0.006,0.004
FFD,0.1393,0.0,0.0,0.002,0.034,0.0952,0.004,0.0821,0.004,0.3566,0.022,0.086,0.088,0.3991,0.014,0.004,0.004,0.054,0.076,0.014,0.0347,0.004,0.006,0.014,0.03,0.016,0.0681,0.136,0.1998,0.016,0.038,0.044,0.036,0.056,0.052,0.004,0.022,0.012,0.04,0.004,0.014,0.0,0.022,0.032,0.004,0.006,0.0769,0.5103,0.0,0.01,0.0,0.002,0.0299,0.006,0.0
LMM,0.1761,0.0229,0.004,0.024,0.0095,0.0863,0.1894,0.0525,0.006,0.0611,0.002,0.032,0.004,0.3512,0.0286,0.008,0.008,0.062,0.022,0.012,0.012,0.002,0.076,0.044,0.022,0.058,0.1174,0.002,0.0486,0.026,0.014,0.0699,0.092,0.068,0.0491,0.028,0.042,0.038,0.04,0.028,0.0939,0.018,0.1271,0.1269,0.014,0.002,0.006,0.1552,0.102,0.014,0.062,0.062,0.014,0.006,0.032
ECI,0.4302,0.006,0.004,0.02,0.006,0.1266,0.06,0.1486,0.0174,0.2699,0.018,0.168,0.042,0.1622,0.064,0.0121,0.018,0.042,0.03,0.006,0.006,0.002,0.004,0.0,0.002,0.002,0.016,0.012,0.1106,0.016,0.016,0.046,0.054,0.0726,0.0326,0.018,0.0439,0.006,0.006,0.002,0.064,0.0158,0.132,0.024,0.028,0.012,0.0275,0.2359,0.006,0.0094,0.022,0.0274,0.194,0.014,0.01
AFB,0.24,0.014,0.0,0.01,0.016,0.06,0.114,0.038,0.0,0.034,0.004,0.002,0.034,0.4463,0.016,0.004,0.0,0.058,0.016,0.04,0.0742,0.058,0.09,0.026,0.052,0.0697,0.054,0.002,0.082,0.016,0.004,0.06,0.0663,0.09,0.07,0.004,0.012,0.042,0.042,0.166,0.064,0.018,0.0843,0.074,0.01,0.0,0.002,0.292,0.004,0.052,0.002,0.006,0.01,0.002,0.026
LZG,0.1,0.008,0.0,0.002,0.07,0.098,0.028,0.054,0.0,0.134,0.002,0.006,0.098,0.188,0.002,0.0,0.01,0.008,0.012,0.002,0.002,0.002,0.002,0.002,0.024,0.004,0.11,0.09,0.148,0.01,0.044,0.054,0.042,0.114,0.026,0.022,0.002,0.006,0.008,0.006,0.014,0.002,0.12,0.126,0.018,0.0,0.114,0.376,0.004,0.006,0.108,0.006,0.004,0.002,0.002
MIO,0.3094,0.018,0.01,0.01,0.0172,0.1353,0.1399,0.145,0.0397,0.1984,0.012,0.07,0.032,0.235,0.092,0.012,0.006,0.052,0.014,0.014,0.01,0.012,0.026,0.012,0.012,0.024,0.074,0.012,0.1074,0.03,0.04,0.086,0.072,0.1227,0.0666,0.02,0.0342,0.03,0.016,0.022,0.07,0.008,0.0922,0.084,0.042,0.002,0.034,0.2735,0.034,0.02,0.06,0.0517,0.0207,0.0,0.006
WHV,0.38,0.008,0.002,0.006,0.01,0.054,0.18,0.046,0.002,0.054,0.016,0.032,0.0361,0.6097,0.014,0.002,0.0,0.1159,0.064,0.004,0.2539,0.032,0.144,0.012,0.092,0.05,0.204,0.006,0.186,0.02,0.004,0.056,0.028,0.049,0.0286,0.018,0.036,0.03,0.048,0.0477,0.048,0.006,0.038,0.028,0.01,0.0,0.006,0.4132,0.014,0.02,0.006,0.01,0.0207,0.0,0.0
DOX,0.2345,0.002,0.0,0.004,0.014,0.1411,0.0293,0.084,0.008,0.3142,0.044,0.086,0.024,0.306,0.014,0.0075,0.016,0.04,0.076,0.0166,0.026,0.0,0.002,0.006,0.006,0.006,0.02,0.028,0.1093,0.008,0.006,0.074,0.034,0.066,0.036,0.022,0.036,0.008,0.01,0.004,0.022,0.012,0.088,0.024,0.036,0.012,0.056,0.2837,0.002,0.008,0.018,0.016,0.07,0.0065,0.004
ZZF,0.292,0.01,0.004,0.01,0.006,0.096,0.084,0.054,0.008,0.1002,0.0,0.038,0.01,0.3884,0.0562,0.008,0.004,0.078,0.028,0.006,0.074,0.0229,0.086,0.056,0.04,0.0283,0.072,0.004,0.05,0.008,0.018,0.022,0.027,0.072,0.076,0.018,0.0322,0.038,0.068,0.0508,0.078,0.012,0.0614,0.094,0.016,0.0,0.004,0.2189,0.018,0.028,0.024,0.018,0.0327,0.002,0.006
UGH,0.088,0.002,0.0,0.0,0.002,0.3,0.056,0.082,0.0,0.422,0.004,0.01,0.014,0.5733,0.002,0.0,0.082,0.052,0.04,0.0,0.008,0.002,0.012,0.002,0.328,0.006,0.082,0.066,0.13,0.014,0.086,0.07,0.05,0.068,0.028,0.002,0.002,0.008,0.012,0.002,0.016,0.002,0.058,0.358,0.012,0.0,0.134,0.34,0.004,0.004,0.04,0.004,0.002,0.0,0.0
GZI,0.3751,0.01,0.006,0.004,0.026,0.1077,0.03,0.108,0.01,0.3861,0.0917,0.09,0.036,0.3205,0.1209,0.026,0.03,0.064,0.026,0.0187,0.0293,0.0,0.004,0.002,0.01,0.004,0.016,0.014,0.1021,0.012,0.008,0.038,0.034,0.078,0.0787,0.03,0.1173,0.02,0.008,0.0039,0.038,0.006,0.114,0.024,0.016,0.002,0.022,0.2821,0.0,0.0151,0.004,0.008,0.096,0.016,0.0114
ZBG,0.446,0.008,0.004,0.002,0.018,0.1557,0.032,0.1343,0.01,0.3782,0.0472,0.158,0.056,0.2976,0.0977,0.012,0.0119,0.048,0.0189,0.0463,0.0257,0.002,0.006,0.004,0.016,0.0,0.038,0.008,0.0683,0.006,0.01,0.034,0.02,0.052,0.0423,0.016,0.0777,0.018,0.008,0.002,0.028,0.002,0.13,0.0211,0.058,0.026,0.016,0.2999,0.02,0.006,0.0,0.002,0.086,0.024,0.018
RYY,0.406,0.004,0.0,0.002,0.014,0.106,0.08,0.078,0.002,0.326,0.014,0.292,0.042,0.122,0.02,0.004,0.024,0.018,0.022,0.002,0.01,0.0,0.0,0.0,0.0,0.0,0.0147,0.008,0.16,0.006,0.022,0.038,0.048,0.038,0.022,0.002,0.074,0.002,0.008,0.0,0.052,0.02,0.106,0.02,0.022,0.012,0.0778,0.2179,0.006,0.002,0.0334,0.0153,0.218,0.016,0.002
AJU,0.2172,0.0,0.002,0.002,0.04,0.082,0.0,0.0883,0.008,0.4274,0.0512,0.098,0.092,0.5708,0.028,0.002,0.014,0.114,0.058,0.01,0.066,0.0,0.01,0.006,0.046,0.0117,0.038,0.05,0.1422,0.024,0.006,0.046,0.032,0.048,0.032,0.002,0.0308,0.0,0.078,0.006,0.028,0.014,0.038,0.022,0.036,0.004,0.0452,0.486,0.0,0.006,0.006,0.0,0.008,0.0,0.004
UBS,0.1339,0.006,0.006,0.002,0.058,0.0573,0.01,0.0824,0.0,0.4996,0.0458,0.04,0.078,0.313,0.008,0.0,0.012,0.0402,0.0322,0.018,0.0523,0.004,0.002,0.0,0.01,0.036,0.024,0.09,0.2136,0.018,0.02,0.034,0.0297,0.052,0.016,0.022,0.018,0.006,0.008,0.0,0.008,0.004,0.016,0.028,0.162,0.004,0.072,0.4451,0.0,0.038,0.0236,0.002,0.014,0.006,0.002
INN,0.2165,0.004,0.002,0.0,0.02,0.1291,0.0305,0.1315,0.01,0.3754,0.066,0.096,0.09,0.5639,0.052,0.006,0.016,0.0627,0.0917,0.0275,0.086,0.014,0.028,0.006,0.066,0.01,0.068,0.022,0.128,0.006,0.004,0.02,0.018,0.024,0.056,0.0,0.054,0.01,0.052,0.024,0.006,0.0,0.032,0.0171,0.02,0.012,0.059,0.4452,0.01,0.004,0.006,0.006,0.022,0.01,0.0
GYM,0.4837,0.0159,0.026,0.004,0.016,0.1296,0.0338,0.0639,0.012,0.2361,0.018,0.084,0.014,0.3475,0.1386,0.0078,0.0518,0.076,0.022,0.02,0.0739,0.01,0.0201,0.01,0.026,0.014,0.032,0.0,0.0724,0.014,0.004,0.046,0.0562,0.1,0.2443,0.046,0.158,0.044,0.014,0.0279,0.058,0.01,0.0979,0.0461,0.01,0.0,0.016,0.2873,0.006,0.0136,0.018,0.012,0.026,0.03,0.0201
TDC,0.1997,0.004,0.0,0.0,0.01,0.2999,0.149,0.5079,0.1194,0.152,0.014,0.042,0.0162,0.1757,0.08,0.01,0.012,0.052,0.01,0.0061,0.018,0.006,0.006,0.004,0.0,0.008,0.012,0.004,0.1359,0.006,0.004,0.008,0.008,0.03,0.018,0.01,0.008,0.008,0.006,0.0,0.014,0.002,0.2617,0.1098,0.034,0.032,0.0192,0.2029,0.0249,0.0041,0.01,0.1309,0.008,0.044,0.0
NZX,0.1999,0.022,0.004,0.002,0.074,0.1589,0.1294,0.2994,0.0818,0.1401,0.008,0.04,0.038,0.1365,0.0859,0.028,0.012,0.0739,0.0245,0.018,0.008,0.004,0.004,0.002,0.0,0.008,0.032,0.008,0.1867,0.094,0.082,0.106,0.08,0.182,0.026,0.004,0.014,0.0,0.0,0.002,0.076,0.004,0.1364,0.114,0.028,0.012,0.064,0.2205,0.0267,0.028,0.106,0.1188,0.022,0.032,0.006
BCQ,0.1899,0.028,0.004,0.002,0.052,0.1023,0.052,0.1603,0.01,0.218,0.008,0.022,0.022,0.2412,0.022,0.004,0.024,0.034,0.0239,0.004,0.028,0.0139,0.01,0.01,0.042,0.01,0.0761,0.196,0.1865,0.016,0.108,0.112,0.05,0.13,0.0279,0.022,0.01,0.014,0.016,0.006,0.024,0.002,0.114,0.068,0.02,0.004,0.07,0.4303,0.006,0.022,0.05,0.0238,0.006,0.006,0.0
ETK,0.1377,0.002,0.006,0.002,0.004,0.044,0.006,0.2637,0.002,0.2589,0.008,0.104,0.1,0.458,0.266,0.002,0.084,0.012,0.0,0.0083,0.0097,0.002,0.008,0.016,0.012,0.014,0.0,0.0,0.028,0.0,0.002,0.004,0.032,0.03,0.437,0.192,0.7035,0.03,0.004,0.018,0.03,0.01,0.134,0.014,0.01,0.028,0.012,0.3135,0.0,0.002,0.002,0.002,0.014,0.01,0.016
NNS,0.5563,0.136,0.0385,0.006,0.0,0.1321,0.002,0.0243,0.0,0.1557,0.0,0.024,0.004,0.3781,0.0339,0.0043,0.012,0.06,0.024,0.008,0.086,0.018,0.01,0.042,0.012,0.016,0.012,0.002,0.052,0.004,0.016,0.04,0.0448,0.164,0.4052,0.014,0.1396,0.0578,0.016,0.148,0.0628,0.048,0.16,0.028,0.008,0.0,0.006,0.1636,0.0,0.0199,0.008,0.004,0.02,0.006,0.018
XHR,0.3737,0.014,0.02,0.0,0.006,0.146,0.08,0.1682,0.02,0.304,0.044,0.087,0.026,0.2769,0.0937,0.024,0.022,0.067,0.01,0.0463,0.03,0.002,0.024,0.028,0.02,0.012,0.024,0.024,0.0957,0.018,0.016,0.064,0.044,0.074,0.0863,0.052,0.074,0.0317,0.028,0.004,0.032,0.006,0.134,0.032,0.03,0.012,0.014,0.2419,0.01,0.0079,0.006,0.026,0.038,0.026,0.006
XBH,0.1684,0.006,0.0,0.002,0.018,0.2217,0.1983,0.4317,0.1537,0.102,0.002,0.026,0.018,0.1444,0.0583,0.024,0.0,0.068,0.0224,0.006,0.026,0.0,0.0,0.002,0.0,0.01,0.02,0.008,0.1227,0.002,0.014,0.016,0.01,0.042,0.016,0.016,0.006,0.008,0.014,0.0,0.044,0.0,0.1643,0.0607,0.014,0.014,0.03,0.2725,0.04,0.0006,0.0439,0.2511,0.008,0.038,0.0
ODU,0.2807,0.03,0.002,0.004,0.036,0.214,0.226,0.2478,0.1058,0.1681,0.0065,0.056,0.0139,0.1879,0.1461,0.032,0.014,0.1,0.02,0.004,0.006,0.002,0.024,0.014,0.002,0.008,0.008,0.0,0.0662,0.014,0.006,0.038,0.068,0.038,0.044,0.006,0.0295,0.014,0.008,0.0119,0.154,0.028,0.0984,0.082,0.008,0.014,0.0135,0.1774,0.034,0.0178,0.028,0.112,0.03,0.002,0.0081
GLI,0.1616,0.026,0.006,0.01,0.04,0.02,0.018,0.114,0.0,0.0485,0.002,0.008,0.026,0.1225,0.0065,0.0,0.002,0.014,0.008,0.004,0.012,0.006,0.018,0.006,0.014,0.012,0.14,0.04,0.138,0.104,0.056,0.2,0.08,0.302,0.0495,0.026,0.004,0.006,0.03,0.0084,0.1056,0.024,0.05,0.1056,0.006,0.0,0.022,0.3364,0.01,0.08,0.05,0.002,0.006,0.002,0.03
LBR,0.4474,0.02,0.004,0.014,0.01,0.1587,0.0832,0.1309,0.022,0.2514,0.006,0.128,0.004,0.3214,0.1919,0.0173,0.026,0.0803,0.01,0.008,0.058,0.012,0.076,0.092,0.04,0.028,0.016,0.006,0.0827,0.01,0.01,0.048,0.0622,0.064,0.069,0.002,0.0782,0.0339,0.026,0.0169,0.08,0.014,0.088,0.046,0.008,0.002,0.014,0.2588,0.01,0.02,0.014,0.016,0.048,0.014,0.0404
UVW,0.3572,0.03,0.014,0.012,0.026,0.1959,0.07,0.086,0.014,0.1497,0.0068,0.088,0.012,0.4196,0.098,0.0174,0.01,0.078,0.028,0.004,0.0928,0.0315,0.076,0.046,0.0559,0.028,0.028,0.006,0.0837,0.0,0.006,0.016,0.032,0.094,0.1139,0.022,0.0755,0.018,0.0472,0.0326,0.052,0.0038,0.0875,0.1152,0.006,0.004,0.008,0.2628,0.022,0.0179,0.01,0.018,0.038,0.006,0.006
JGN,0.21,0.01,0.002,0.002,0.016,0.0767,0.1012,0.0648,0.0071,0.046,0.002,0.006,0.02,0.386,0.018,0.008,0.002,0.068,0.0172,0.0,0.038,0.0261,0.084,0.028,0.028,0.0372,0.0852,0.002,0.07,0.026,0.008,0.09,0.0821,0.09,0.04,0.012,0.01,0.038,0.046,0.0559,0.112,0.002,0.1008,0.082,0.006,0.0,0.008,0.1941,0.016,0.0261,0.016,0.0248,0.0182,0.002,0.022
WGR,0.2981,0.028,0.006,0.018,0.01,0.162,0.104,0.082,0.014,0.1441,0.004,0.06,0.008,0.216,0.112,0.022,0.034,0.056,0.014,0.008,0.0088,0.008,0.092,0.034,0.016,0.024,0.024,0.0,0.072,0.018,0.004,0.0934,0.118,0.0626,0.086,0.006,0.056,0.0332,0.018,0.012,0.1546,0.064,0.0767,0.086,0.024,0.014,0.008,0.1394,0.028,0.008,0.034,0.032,0.024,0.004,0.026
SHH,0.3177,0.01,0.004,0.004,0.02,0.176,0.054,0.2279,0.02,0.3557,0.05,0.126,0.036,0.404,0.102,0.022,0.0199,0.092,0.026,0.058,0.04,0.004,0.048,0.034,0.046,0.012,0.006,0.024,0.0777,0.006,0.024,0.012,0.022,0.026,0.078,0.024,0.118,0.01,0.028,0.01,0.024,0.002,0.068,0.02,0.028,0.0681,0.056,0.2862,0.022,0.01,0.014,0.038,0.026,0.002,0.006
AOH,0.402,0.006,0.002,0.002,0.014,0.136,0.05,0.1145,0.0,0.3862,0.072,0.102,0.0357,0.378,0.042,0.014,0.012,0.038,0.028,0.0243,0.04,0.0,0.01,0.004,0.014,0.004,0.0267,0.01,0.1354,0.004,0.004,0.024,0.008,0.03,0.024,0.0176,0.0837,0.008,0.0083,0.002,0.004,0.0,0.0503,0.0201,0.014,0.006,0.026,0.2975,0.0,0.008,0.004,0.0093,0.0338,0.012,0.004
FQX,0.148,0.008,0.0,0.0218,0.023,0.035,0.02,0.097,0.008,0.062,0.004,0.032,0.036,0.126,0.008,0.0,0.0,0.03,0.014,0.0,0.012,0.01,0.03,0.004,0.028,0.004,0.108,0.04,0.114,0.09,0.042,0.248,0.184,0.262,0.0302,0.032,0.016,0.014,0.014,0.012,0.218,0.062,0.064,0.064,0.008,0.002,0.02,0.3235,0.014,0.026,0.042,0.008,0.016,0.004,0.022
OPX,0.3461,0.012,0.006,0.01,0.01,0.1213,0.04,0.1053,0.016,0.226,0.02,0.086,0.056,0.5383,0.112,0.004,0.02,0.098,0.0394,0.018,0.126,0.0122,0.04,0.03,0.0938,0.03,0.088,0.022,0.06,0.012,0.012,0.046,0.02,0.056,0.0621,0.012,0.094,0.0199,0.064,0.0218,0.046,0.0,0.038,0.0205,0.008,0.006,0.02,0.3054,0.0087,0.012,0.006,0.016,0.016,0.014,0.002
RNU,0.434,0.01,0.0,0.004,0.017,0.057,0.072,0.171,0.004,0.03,0.004,0.006,0.012,0.3925,0.022,0.0,0.0,0.052,0.012,0.002,0.028,0.01,0.022,0.03,0.042,0.038,0.1095,0.0,0.032,0.062,0.006,0.202,0.17,0.314,0.014,0.026,0.004,0.018,0.048,0.012,0.096,0.012,0.168,0.286,0.0,0.0,0.008,0.18,0.012,0.026,0.008,0.01,0.012,0.002,0.02
QLX,0.2579,0.002,0.0,0.008,0.024,0.1899,0.0805,0.3628,0.0481,0.25,0.016,0.096,0.0348,0.2845,0.108,0.022,0.008,0.052,0.0497,0.014,0.052,0.0058,0.018,0.018,0.008,0.004,0.014,0.006,0.13,0.01,0.026,0.0357,0.022,0.056,0.026,0.004,0.0402,0.0,0.006,0.002,0.0277,0.0,0.1233,0.0298,0.044,0.048,0.038,0.2478,0.0171,0.014,0.006,0.0616,0.036,0.018,0.004
EGW,0.24,0.0,0.002,0.006,0.008,0.2737,0.13,0.4601,0.104,0.1681,0.016,0.05,0.0143,0.1737,0.112,0.018,0.012,0.044,0.01,0.006,0.01,0.004,0.002,0.0,0.0,0.006,0.0055,0.008,0.1281,0.016,0.014,0.058,0.042,0.058,0.0297,0.022,0.024,0.002,0.002,0.0019,0.046,0.012,0.1199,0.03,0.032,0.012,0.018,0.2052,0.006,0.0138,0.016,0.0786,0.03,0.032,0.008
MCZ,0.132,0.01,0.0,0.0,0.158,0.1398,0.026,0.0952,0.008,0.3133,0.002,0.014,0.04,0.1165,0.014,0.0,0.018,0.01,0.012,0.004,0.0,0.002,0.004,0.004,0.002,0.002,0.044,0.216,0.201,0.026,0.026,0.064,0.026,0.212,0.01,0.188,0.01,0.008,0.008,0.0036,0.026,0.002,0.046,0.032,0.046,0.004,0.18,0.6388,0.004,0.008,0.026,0.004,0.01,0.012,0.006
WXH,0.2465,0.012,0.004,0.004,0.06,0.168,0.1416,0.1725,0.0362,0.158,0.024,0.034,0.046,0.2039,0.072,0.006,0.002,0.054,0.0165,0.014,0.016,0.008,0.012,0.0,0.0,0.022,0.068,0.014,0.1094,0.028,0.03,0.108,0.054,0.14,0.052,0.038,0.018,0.028,0.018,0.0089,0.0551,0.0086,0.1421,0.0831,0.036,0.006,0.026,0.2901,0.016,0.0319,0.058,0.0957,0.02,0.006,0.006
MEH,0.186,0.03,0.004,0.0113,0.042,0.028,0.044,0.07,0.002,0.118,0.002,0.018,0.046,0.1669,0.012,0.004,0.004,0.02,0.01,0.006,0.012,0.002,0.012,0.002,0.016,0.008,0.164,0.04,0.114,0.116,0.086,0.318,0.158,0.364,0.0247,0.016,0.0118,0.008,0.02,0.012,0.1,0.014,0.09,0.114,0.026,0.0,0.052,0.318,0.01,0.026,0.07,0.012,0.018,0.0,0.036
BGA,0.5073,0.03,0.006,0.006,0.008,0.1619,0.088,0.0841,0.016,0.1998,0.008,0.07,0.01,0.4012,0.074,0.0062,0.044,0.096,0.026,0.012,0.09,0.024,0.11,0.084,0.054,0.034,0.028,0.008,0.058,0.002,0.004,0.04,0.028,0.098,0.102,0.012,0.0738,0.03,0.032,0.0195,0.066,0.0129,0.1,0.054,0.01,0.006,0.002,0.2448,0.012,0.022,0.01,0.024,0.0325,0.02,0.014
UXK,0.224,0.014,0.0,0.01,0.024,0.0939,0.1464,0.0997,0.018,0.044,0.0,0.002,0.058,0.3689,0.04,0.014,0.0,0.072,0.0357,0.012,0.042,0.046,0.02,0.016,0.018,0.0217,0.1667,0.002,0.0957,0.036,0.01,0.102,0.0881,0.118,0.03,0.012,0.002,0.046,0.042,0.072,0.076,0.006,0.0683,0.129,0.012,0.002,0.004,0.2852,0.05,0.052,0.034,0.0483,0.0202,0.002,0.013
ZUJ,0.088,0.0,0.0,0.014,0.01,0.01,0.0377,0.0427,0.0,0.016,0.002,0.0,0.02,0.0867,0.004,0.0,0.0,0.02,0.0067,0.002,0.004,0.0,0.016,0.0,0.008,0.004,0.11,0.014,0.063,0.162,0.04,0.21,0.19,0.456,0.034,0.008,0.002,0.01,0.016,0.014,0.42,0.054,0.022,0.082,0.008,0.0,0.008,0.156,0.006,0.012,0.014,0.0033,0.01,0.0,0.038
DJJ,0.13,0.012,0.0,0.002,0.102,0.056,0.034,0.076,0.004,0.098,0.0,0.012,0.096,0.246,0.006,0.0,0.006,0.016,0.026,0.004,0.032,0.024,0.008,0.002,0.036,0.018,0.17,0.04,0.12,0.066,0.022,0.102,0.048,0.206,0.038,0.046,0.032,0.016,0.042,0.026,0.044,0.002,0.0441,0.07,0.022,0.004,0.082,0.386,0.028,0.0359,0.064,0.0081,0.006,0.006,0.002
VZY,0.3441,0.024,0.002,0.002,0.016,0.092,0.1734,0.062,0.004,0.0284,0.0,0.012,0.014,0.3455,0.0247,0.008,0.004,0.032,0.008,0.014,0.014,0.004,0.332,0.18,0.138,0.0132,0.022,0.0,0.1625,0.006,0.002,0.146,0.156,0.03,0.06,0.0,0.0124,0.038,0.006,0.056,0.176,0.018,0.054,0.064,0.006,0.0,0.002,0.3,0.02,0.05,0.018,0.022,0.01,0.002,0.018
JOZ,0.294,0.026,0.002,0.0176,0.012,0.0249,0.038,0.058,0.0,0.1232,0.002,0.036,0.014,0.077,0.0092,0.002,0.002,0.004,0.004,0.002,0.01,0.012,0.012,0.01,0.004,0.028,0.048,0.012,0.1209,0.078,0.102,0.146,0.078,0.1683,0.0391,0.004,0.002,0.004,0.01,0.0037,0.096,0.038,0.15,0.076,0.02,0.004,0.034,0.4109,0.002,0.056,0.032,0.006,0.014,0.0,0.092
PCT,0.234,0.014,0.002,0.01,0.022,0.06,0.102,0.054,0.006,0.076,0.002,0.04,0.018,0.316,0.022,0.004,0.004,0.064,0.01,0.002,0.046,0.016,0.05,0.028,0.018,0.027,0.126,0.006,0.082,0.026,0.022,0.084,0.0493,0.116,0.06,0.018,0.028,0.026,0.046,0.076,0.07,0.032,0.08,0.068,0.02,0.0,0.016,0.276,0.052,0.03,0.032,0.028,0.0507,0.002,0.006
MGC,0.2542,0.012,0.022,0.0,0.012,0.0478,0.022,0.1137,0.002,0.231,0.008,0.062,0.038,0.2353,0.018,0.0,0.0,0.032,0.018,0.008,0.024,0.004,0.016,0.004,0.026,0.006,0.048,0.14,0.1362,0.04,0.048,0.138,0.046,0.176,0.028,0.014,0.022,0.004,0.02,0.01,0.03,0.002,0.16,0.0378,0.012,0.002,0.036,0.3911,0.002,0.03,0.028,0.006,0.01,0.002,0.014
XFN,0.0655,0.012,0.0,0.0,0.088,0.0335,0.008,0.108,0.0,0.0495,0.008,0.004,0.038,0.148,0.0,0.0,0.0,0.012,0.024,0.0,0.0025,0.012,0.006,0.006,0.028,0.012,0.156,0.036,0.11,0.058,0.044,0.146,0.07,0.242,0.064,0.022,0.024,0.004,0.038,0.014,0.046,0.012,0.044,0.07,0.014,0.0,0.03,0.374,0.026,0.022,0.114,0.002,0.006,0.0,0.004
PLF,0.354,0.004,0.002,0.0,0.01,0.1063,0.022,0.1221,0.01,0.4163,0.05,0.156,0.076,0.3019,0.0559,0.01,0.014,0.022,0.026,0.0319,0.024,0.0,0.006,0.0,0.01,0.004,0.03,0.02,0.1161,0.02,0.012,0.034,0.018,0.032,0.052,0.034,0.0736,0.032,0.0324,0.004,0.02,0.002,0.082,0.028,0.032,0.006,0.0218,0.4259,0.002,0.008,0.012,0.004,0.068,0.016,0.008
ZJR,0.153,0.004,0.002,0.0,0.008,0.21,0.02,0.509,0.006,0.3819,0.0215,0.036,0.002,0.2461,0.2819,0.038,0.018,0.1878,0.01,0.0144,0.0076,0.0,0.002,0.002,0.004,0.0,0.002,0.002,0.202,0.0,0.0,0.002,0.004,0.012,0.0264,0.014,0.0808,0.004,0.002,0.0,0.008,0.0,0.0229,0.004,0.0111,0.022,0.0269,0.3673,0.002,0.114,0.004,0.0,0.0198,0.012,0.0
BFD,0.3761,0.014,0.002,0.004,0.022,0.1519,0.108,0.1101,0.022,0.126,0.006,0.032,0.02,0.3782,0.064,0.002,0.012,0.078,0.016,0.014,0.096,0.024,0.122,0.052,0.042,0.058,0.05,0.006,0.064,0.026,0.022,0.0989,0.042,0.1651,0.08,0.022,0.032,0.026,0.04,0.012,0.0491,0.0098,0.1071,0.0838,0.014,0.008,0.006,0.2239,0.026,0.024,0.026,0.046,0.02,0.006,0.006
ZUZ,0.128,0.01,0.002,0.006,0.04,0.088,0.024,0.0995,0.004,0.3051,0.014,0.024,0.126,0.242,0.008,0.002,0.02,0.016,0.034,0.004,0.004,0.018,0.008,0.0,0.008,0.006,0.1227,0.13,0.2223,0.014,0.068,0.074,0.028,0.126,0.038,0.034,0.024,0.02,0.036,0.012,0.022,0.002,0.05,0.046,0.034,0.008,0.046,0.496,0.002,0.02,0.0494,0.0133,0.004,0.0,0.0
TRC,0.2937,0.024,0.002,0.0035,0.02,0.0771,0.0816,0.0609,0.012,0.0691,0.004,0.018,0.028,0.5139,0.0478,0.0051,0.002,0.1,0.0306,0.002,0.1144,0.01,0.07,0.088,0.044,0.064,0.069,0.004,0.0809,0.028,0.006,0.054,0.042,0.132,0.0354,0.014,0.02,0.0217,0.044,0.036,0.0668,0.006,0.112,0.0931,0.008,0.004,0.002,0.2786,0.018,0.0499,0.012,0.0114,0.016,0.002,0.018
SIE,0.122,0.004,0.004,0.0,0.152,0.1138,0.0457,0.1328,0.008,0.154,0.002,0.022,0.132,0.213,0.012,0.002,0.012,0.016,0.0247,0.002,0.02,0.002,0.006,0.002,0.022,0.006,0.1165,0.096,0.1451,0.034,0.06,0.1188,0.054,0.1792,0.04,0.032,0.006,0.018,0.012,0.01,0.0432,0.004,0.0851,0.0923,0.016,0.012,0.118,0.5042,0.014,0.02,0.078,0.0613,0.0219,0.004,0.006
ROO,0.296,0.03,0.0,0.0,0.0212,0.0272,0.02,0.0708,0.002,0.012,0.002,0.0,0.004,0.218,0.0037,0.0,0.0,0.012,0.012,0.0,0.0283,0.022,0.018,0.018,0.0163,0.122,0.1293,0.002,0.032,0.192,0.016,0.476,0.33,0.444,0.032,0.012,0.0,0.028,0.066,0.016,0.068,0.016,0.092,0.18,0.004,0.0,0.014,0.29,0.0,0.038,0.02,0.002,0.012,0.0,0.078
ADL,0.1613,0.004,0.0,0.004,0.04,0.0299,0.006,0.0679,0.006,0.316,0.006,0.118,0.028,0.2527,0.012,0.006,0.006,0.008,0.014,0.0,0.004,0.006,0.004,0.002,0.01,0.002,0.066,0.256,0.1793,0.016,0.092,0.064,0.042,0.15,0.008,0.03,0.03,0.006,0.01,0.002,0.036,0.006,0.128,0.034,0.016,0.0,0.11,0.6047,0.0,0.016,0.1454,0.006,0.002,0.002,0.004
TGU,0.166,0.01,0.0,0.006,0.052,0.112,0.042,0.09,0.006,0.168,0.01,0.016,0.064,0.0954,0.014,0.004,0.018,0.024,0.008,0.008,0.002,0.0,0.0,0.0,0.004,0.002,0.0162,0.018,0.228,0.08,0.17,0.184,0.082,0.258,0.006,0.014,0.012,0.004,0.006,0.0,0.056,0.004,0.17,0.1622,0.098,0.008,0.066,0.2258,0.0,0.01,0.066,0.036,0.026,0.006,0.0348
ARL,0.3589,0.008,0.006,0.0,0.02,0.1198,0.0475,0.1244,0.002,0.3719,0.0489,0.082,0.026,0.24,0.068,0.01,0.01,0.04,0.008,0.0163,0.024,0.006,0.008,0.01,0.012,0.0119,0.01,0.042,0.2126,0.012,0.032,0.042,0.028,0.052,0.026,0.018,0.0567,0.008,0.0183,0.0,0.014,0.004,0.092,0.036,0.034,0.004,0.038,0.293,0.008,0.014,0.0031,0.006,0.024,0.026,0.004
RVX,0.12,0.006,0.004,0.026,0.02,0.022,0.026,0.062,0.0,0.0184,0.002,0.008,0.024,0.1004,0.004,0.004,0.002,0.012,0.01,0.008,0.008,0.004,0.024,0.008,0.01,0.006,0.12,0.008,0.066,0.116,0.034,0.242,0.11,0.3,0.032,0.168,0.0044,0.008,0.024,0.026,0.168,0.08,0.034,0.074,0.0,0.0,0.012,0.192,0.008,0.034,0.012,0.008,0.018,0.0,0.018
ESF,0.214,0.026,0.0,0.006,0.018,0.064,0.024,0.042,0.0,0.01,0.0,0.002,0.002,0.4137,0.0,0.0,0.0,0.028,0.01,0.0,0.0486,0.0351,0.074,0.144,0.074,0.0895,0.168,0.0,0.0302,0.09,0.008,0.0751,0.068,0.122,0.042,0.002,0.004,0.0675,0.09,0.056,0.0631,0.06,0.064,0.1042,0.002,0.0,0.006,0.234,0.0,0.05,0.006,0.01,0.006,0.002,0.0258
NGL,0.392,0.022,0.0,0.006,0.008,0.032,0.138,0.1208,0.008,0.034,0.0,0.006,0.006,0.0828,0.01,0.01,0.0,0.016,0.0048,0.002,0.004,0.006,0.016,0.004,0.002,0.042,0.1,0.002,0.0532,0.148,0.178,0.2596,0.202,0.274,0.034,0.006,0.0,0.002,0.014,0.01,0.1396,0.076,0.128,0.164,0.008,0.0,0.012,0.1581,0.01,0.018,0.066,0.0112,0.018,0.004,0.194
KRN,0.1478,0.002,0.0,0.0,0.024,0.0675,0.008,0.1281,0.006,0.3089,0.01,0.045,0.042,0.1661,0.012,0.002,0.07,0.019,0.03,0.004,0.0002,0.0,0.004,0.004,0.002,0.01,0.0303,0.098,0.2301,0.026,0.052,0.076,0.066,0.068,0.016,0.014,0.012,0.002,0.008,0.0039,0.042,0.002,0.076,0.01,0.024,0.012,0.1229,0.4655,0.0,0.012,0.0154,0.0057,0.048,0.006,0.004
GFG,0.1858,0.006,0.01,0.004,0.04,0.0935,0.024,0.0938,0.004,0.3084,0.028,0.048,0.08,0.2498,0.004,0.002,0.004,0.024,0.024,0.01,0.0181,0.016,0.002,0.004,0.014,0.012,0.066,0.066,0.1561,0.016,0.042,0.078,0.066,0.1,0.058,0.026,0.026,0.01,0.014,0.0138,0.028,0.01,0.072,0.046,0.086,0.016,0.05,0.4113,0.0,0.01,0.0714,0.012,0.012,0.004,0.024
EMF,0.202,0.004,0.0,0.008,0.12,0.074,0.052,0.128,0.018,0.166,0.01,0.018,0.108,0.162,0.022,0.012,0.0,0.012,0.012,0.0,0.012,0.004,0.006,0.004,0.012,0.008,0.062,0.058,0.184,0.044,0.084,0.1,0.058,0.2,0.024,0.014,0.006,0.008,0.012,0.004,0.036,0.016,0.122,0.072,0.038,0.002,0.13,0.4354,0.004,0.048,0.09,0.028,0.028,0.004,0.014
WAI,0.2689,0.022,0.0,0.01,0.034,0.2132,0.1691,0.282,0.068,0.1831,0.006,0.058,0.04,0.1565,0.1698,0.028,0.006,0.062,0.03,0.0064,0.01,0.006,0.002,0.0,0.004,0.008,0.018,0.01,0.1755,0.008,0.012,0.068,0.05,0.072,0.0514,0.008,0.02,0.012,0.008,0.0,0.054,0.004,0.09,0.024,0.03,0.004,0.016,0.2865,0.014,0.0211,0.05,0.0878,0.024,0.008,0.054
YXB,0.146,0.006,0.006,0.0,0.098,0.09,0.018,0.086,0.0,0.12,0.008,0.012,0.072,0.2158,0.02,0.002,0.006,0.02,0.028,0.006,0.016,0.01,0.004,0.002,0.026,0.018,0.1538,0.094,0.094,0.048,0.038,0.156,0.054,0.23,0.028,0.042,0.008,0.024,0.024,0.008,0.03,0.006,0.1,0.076,0.01,0.004,0.102,0.4081,0.006,0.016,0.052,0.0121,0.006,0.0,0.002
LMH,0.156,0.006,0.0,0.0,0.14,0.0731,0.0657,0.1244,0.022,0.168,0.004,0.02,0.086,0.1024,0.026,0.016,0.006,0.008,0.0044,0.004,0.01,0.006,0.002,0.002,0.0,0.006,0.058,0.178,0.3092,0.042,0.094,0.1,0.044,0.196,0.012,0.008,0.006,0.006,0.008,0.006,0.052,0.01,0.08,0.058,0.028,0.004,0.102,0.5122,0.004,0.048,0.08,0.0266,0.01,0.0,0.018
DRX,0.3328,0.01,0.008,0.004,0.02,0.1939,0.1215,0.1507,0.028,0.152,0.0268,0.074,0.022,0.2432,0.072,0.008,0.026,0.052,0.0146,0.0321,0.0287,0.01,0.042,0.03,0.006,0.024,0.034,0.004,0.0789,0.052,0.014,0.156,0.072,0.1683,0.0901,0.064,0.0632,0.024,0.0252,0.0177,0.056,0.0172,0.1668,0.11,0.026,0.002,0.004,0.204,0.016,0.014,0.014,0.0774,0.026,0.014,0.028
OBA,0.1957,0.004,0.016,0.006,0.03,0.084,0.042,0.0719,0.002,0.2037,0.006,0.008,0.032,0.478,0.014,0.002,0.016,0.078,0.058,0.0043,0.0803,0.01,0.046,0.01,0.062,0.042,0.1961,0.054,0.108,0.026,0.044,0.116,0.05,0.128,0.07,0.022,0.0137,0.02,0.0303,0.0,0.026,0.004,0.108,0.06,0.03,0.004,0.046,0.36,0.002,0.004,0.018,0.002,0.016,0.0,0.002
YPH,0.3252,0.036,0.0161,0.008,0.014,0.1537,0.1131,0.1,0.014,0.2052,0.014,0.098,0.016,0.2451,0.1089,0.0191,0.032,0.054,0.008,0.0025,0.012,0.0121,0.104,0.026,0.018,0.012,0.03,0.004,0.0689,0.014,0.014,0.058,0.064,0.062,0.085,0.024,0.0935,0.0259,0.0305,0.0309,0.086,0.044,0.1021,0.06,0.022,0.008,0.008,0.1797,0.042,0.004,0.018,0.026,0.048,0.004,0.0602
TWI,0.14,0.008,0.0,0.002,0.036,0.054,0.044,0.032,0.002,0.086,0.0,0.028,0.03,0.3698,0.012,0.0,0.0,0.148,0.012,0.0,0.028,0.04,0.016,0.002,0.008,0.0156,0.142,0.008,0.042,0.028,0.026,0.06,0.0304,0.0924,0.046,0.05,0.018,0.032,0.03,0.2158,0.038,0.008,0.0484,0.024,0.044,0.002,0.018,0.262,0.008,0.034,0.042,0.014,0.11,0.0,0.004
BXX,0.4215,0.008,0.0,0.004,0.002,0.1179,0.062,0.1359,0.0197,0.3802,0.032,0.172,0.042,0.3013,0.1249,0.03,0.0143,0.0643,0.034,0.012,0.048,0.0,0.01,0.012,0.018,0.014,0.034,0.016,0.0721,0.012,0.014,0.034,0.042,0.046,0.038,0.014,0.046,0.01,0.012,0.0079,0.046,0.008,0.082,0.028,0.024,0.01,0.048,0.3618,0.008,0.0214,0.02,0.038,0.06,0.014,0.0241
GOL,0.3394,0.012,0.004,0.016,0.028,0.089,0.058,0.11,0.012,0.281,0.05,0.114,0.038,0.3554,0.0825,0.02,0.012,0.082,0.028,0.022,0.042,0.004,0.008,0.006,0.02,0.008,0.0316,0.026,0.1054,0.048,0.01,0.11,0.136,0.074,0.0621,0.022,0.052,0.006,0.016,0.002,0.12,0.02,0.072,0.018,0.022,0.008,0.042,0.2775,0.008,0.0094,0.012,0.0144,0.048,0.01,0.008
RMP,0.1654,0.014,0.0,0.006,0.0375,0.0275,0.01,0.0845,0.004,0.032,0.002,0.008,0.008,0.1314,0.0075,0.002,0.002,0.016,0.014,0.006,0.0105,0.008,0.014,0.026,0.0265,0.022,0.216,0.026,0.102,0.102,0.04,0.398,0.074,0.492,0.038,0.018,0.006,0.002,0.036,0.016,0.044,0.004,0.076,0.094,0.004,0.0,0.014,0.372,0.004,0.012,0.028,0.006,0.02,0.0,0.022
HIX,0.2636,0.006,0.004,0.004,0.042,0.1076,0.052,0.0683,0.01,0.094,0.004,0.0245,0.026,0.3004,0.042,0.0,0.004,0.078,0.022,0.012,0.046,0.006,0.04,0.014,0.0325,0.026,0.0834,0.01,0.0562,0.03,0.012,0.1785,0.076,0.2473,0.08,0.0816,0.0378,0.036,0.048,0.042,0.0655,0.016,0.1055,0.07,0.016,0.0,0.01,0.2361,0.02,0.022,0.018,0.0214,0.03,0.002,0.02
KHQ,0.134,0.012,0.006,0.0,0.066,0.076,0.032,0.102,0.008,0.282,0.01,0.024,0.068,0.114,0.008,0.002,0.112,0.014,0.0158,0.0,0.002,0.002,0.0,0.0,0.004,0.002,0.038,0.116,0.2162,0.052,0.038,0.092,0.054,0.154,0.018,0.0598,0.01,0.002,0.002,0.0,0.02,0.002,0.07,0.034,0.036,0.002,0.108,0.4365,0.006,0.006,0.0471,0.014,0.014,0.016,0.006
MQG,0.2378,0.004,0.006,0.004,0.036,0.08,0.018,0.1112,0.004,0.2091,0.012,0.056,0.06,0.1955,0.006,0.0,0.022,0.016,0.01,0.01,0.0,0.012,0.016,0.004,0.008,0.008,0.03,0.048,0.1166,0.114,0.072,0.166,0.086,0.2,0.0361,0.036,0.048,0.008,0.014,0.01,0.09,0.01,0.164,0.096,0.052,0.0,0.058,0.3236,0.0,0.022,0.046,0.006,0.036,0.006,0.046
TYB,0.272,0.004,0.0023,0.024,0.016,0.122,0.044,0.034,0.0,0.04,0.006,0.004,0.018,0.56,0.06,0.002,0.004,0.126,0.052,0.0,0.1865,0.0362,0.052,0.092,0.1,0.038,0.103,0.01,0.024,0.02,0.006,0.072,0.046,0.162,0.0577,0.008,0.008,0.0515,0.124,0.0569,0.056,0.01,0.048,0.104,0.014,0.0,0.008,0.3791,0.008,0.054,0.014,0.01,0.0249,0.002,0.002
ROC,0.3607,0.032,0.01,0.0096,0.006,0.2465,0.102,0.106,0.016,0.1929,0.016,0.1146,0.018,0.3464,0.082,0.0138,0.0284,0.034,0.008,0.0065,0.024,0.01,0.17,0.036,0.02,0.0176,0.024,0.004,0.07,0.012,0.006,0.0402,0.0444,0.0718,0.1027,0.032,0.1088,0.0337,0.0225,0.022,0.0538,0.0296,0.1136,0.064,0.02,0.004,0.008,0.1925,0.07,0.01,0.02,0.018,0.024,0.008,0.014
LSB,0.3779,0.006,0.004,0.002,0.02,0.0719,0.024,0.0939,0.004,0.3079,0.034,0.1463,0.078,0.2712,0.03,0.01,0.024,0.036,0.014,0.008,0.0122,0.004,0.006,0.002,0.0103,0.01,0.0347,0.042,0.1525,0.068,0.036,0.09,0.048,0.084,0.014,0.006,0.076,0.006,0.004,0.0079,0.046,0.016,0.12,0.022,0.04,0.002,0.038,0.3898,0.002,0.016,0.02,0.007,0.104,0.02,0.018
ECM,0.232,0.016,0.0,0.002,0.038,0.1337,0.1034,0.1216,0.0257,0.132,0.002,0.026,0.064,0.3338,0.0625,0.004,0.0003,0.102,0.0396,0.008,0.038,0.0482,0.018,0.0,0.016,0.02,0.108,0.01,0.0757,0.014,0.02,0.036,0.022,0.09,0.1,0.05,0.066,0.034,0.044,0.1358,0.044,0.006,0.0564,0.0836,0.022,0.004,0.042,0.2879,0.018,0.062,0.026,0.0444,0.064,0.004,0.0001
RLK,0.2179,0.018,0.004,0.0178,0.04,0.0592,0.044,0.072,0.002,0.134,0.002,0.018,0.054,0.0961,0.0139,0.008,0.0,0.016,0.008,0.004,0.004,0.002,0.002,0.0,0.006,0.012,0.04,0.016,0.0579,0.096,0.078,0.212,0.104,0.218,0.0202,0.016,0.002,0.004,0.01,0.014,0.134,0.028,0.168,0.128,0.124,0.002,0.036,0.2864,0.012,0.028,0.058,0.0167,0.03,0.004,0.05
MNR,0.164,0.002,0.0,0.002,0.032,0.086,0.016,0.0738,0.002,0.14,0.01,0.008,0.012,0.2942,0.0,0.0,0.012,0.046,0.022,0.006,0.032,0.006,0.024,0.006,0.072,0.032,0.0883,0.096,0.12,0.052,0.076,0.262,0.072,0.284,0.012,0.01,0.012,0.016,0.02,0.0,0.056,0.014,0.164,0.1062,0.02,0.0,0.082,0.3701,0.002,0.018,0.072,0.0,0.008,0.004,0.006
EST,0.108,0.006,0.002,0.002,0.07,0.1017,0.016,0.0917,0.002,0.2064,0.01,0.006,0.038,0.116,0.008,0.0,0.006,0.012,0.01,0.002,0.008,0.0,0.004,0.0,0.01,0.006,0.032,0.162,0.172,0.062,0.074,0.158,0.15,0.174,0.024,0.05,0.012,0.01,0.008,0.006,0.066,0.014,0.086,0.056,0.082,0.0,0.15,0.468,0.002,0.008,0.07,0.012,0.004,0.004,0.012
HRN,0.1747,0.002,0.002,0.0,0.006,0.116,0.036,0.132,0.014,0.2761,0.0412,0.08,0.042,0.446,0.048,0.002,0.022,0.064,0.0894,0.0397,0.0495,0.034,0.042,0.012,0.062,0.014,0.018,0.066,0.102,0.014,0.004,0.026,0.02,0.026,0.0835,0.01,0.0933,0.054,0.066,0.056,0.006,0.0,0.026,0.006,0.016,0.026,0.0364,0.3768,0.036,0.002,0.004,0.016,0.014,0.004,0.0
YGH,0.3469,0.008,0.0003,0.042,0.002,0.0359,0.024,0.0299,0.002,0.03,0.0,0.004,0.004,0.4477,0.014,0.002,0.002,0.2,0.01,0.004,0.086,0.016,0.12,0.112,0.032,0.048,0.026,0.006,0.012,0.038,0.006,0.102,0.138,0.1203,0.0337,0.002,0.012,0.046,0.042,0.0769,0.2949,0.072,0.062,0.0689,0.004,0.002,0.0,0.2491,0.0,0.04,0.01,0.0019,0.024,0.0,0.016
KDR,0.392,0.0209,0.006,0.01,0.012,0.1332,0.11,0.072,0.012,0.1461,0.006,0.066,0.018,0.3511,0.0649,0.012,0.01,0.0583,0.012,0.006,0.04,0.014,0.102,0.058,0.046,0.0237,0.05,0.014,0.048,0.008,0.016,0.052,0.044,0.0907,0.0926,0.024,0.05,0.024,0.022,0.0545,0.0607,0.006,0.0712,0.0676,0.012,0.0,0.012,0.2141,0.034,0.0271,0.014,0.024,0.0395,0.004,0.02
CSF,0.132,0.004,0.002,0.006,0.0257,0.0537,0.022,0.0443,0.0,0.05,0.002,0.016,0.026,0.518,0.004,0.0,0.002,0.084,0.028,0.004,0.0992,0.018,0.012,0.012,0.03,0.068,0.252,0.008,0.042,0.07,0.008,0.13,0.09,0.188,0.044,0.012,0.008,0.0111,0.118,0.038,0.078,0.012,0.054,0.046,0.01,0.0,0.014,0.32,0.006,0.062,0.01,0.008,0.008,0.002,0.016
ENR,0.124,0.0,0.002,0.004,0.0495,0.0455,0.028,0.0485,0.002,0.068,0.004,0.004,0.038,0.4486,0.012,0.0,0.0,0.05,0.03,0.004,0.054,0.01,0.016,0.006,0.038,0.042,0.3947,0.012,0.034,0.084,0.014,0.132,0.056,0.1441,0.034,0.034,0.004,0.012,0.064,0.0079,0.058,0.0,0.052,0.0388,0.006,0.002,0.014,0.3928,0.012,0.024,0.026,0.004,0.008,0.002,0.004
PKM,0.5627,0.0177,0.03,0.01,0.01,0.09,0.018,0.0349,0.01,0.1955,0.012,0.102,0.016,0.481,0.136,0.0129,0.06,0.1,0.0165,0.024,0.1236,0.01,0.04,0.118,0.066,0.028,0.022,0.008,0.04,0.01,0.01,0.034,0.032,0.078,0.1453,0.02,0.1855,0.024,0.02,0.02,0.044,0.004,0.072,0.064,0.002,0.0,0.022,0.2233,0.002,0.0144,0.006,0.0,0.022,0.02,0.006
ELC,0.1517,0.01,0.002,0.002,0.104,0.0856,0.046,0.078,0.006,0.2172,0.012,0.03,0.074,0.2067,0.01,0.002,0.024,0.024,0.038,0.008,0.0102,0.008,0.004,0.002,0.02,0.006,0.08,0.14,0.1241,0.024,0.03,0.066,0.018,0.134,0.044,0.118,0.03,0.028,0.03,0.0079,0.028,0.002,0.052,0.03,0.016,0.016,0.134,0.4973,0.006,0.016,0.022,0.016,0.032,0.01,0.004
LMV,0.108,0.014,0.0,0.0,0.05,0.02,0.006,0.114,0.002,0.054,0.0,0.008,0.04,0.192,0.002,0.0,0.0,0.01,0.03,0.0,0.012,0.01,0.028,0.004,0.018,0.01,0.184,0.054,0.094,0.062,0.116,0.19,0.064,0.218,0.028,0.018,0.01,0.014,0.026,0.02,0.044,0.008,0.054,0.056,0.026,0.004,0.048,0.338,0.008,0.03,0.118,0.004,0.0,0.002,0.002
KBP,0.5357,0.03,0.026,0.0115,0.006,0.106,0.082,0.038,0.004,0.266,0.01,0.164,0.024,0.3634,0.074,0.006,0.03,0.068,0.01,0.006,0.046,0.036,0.074,0.062,0.05,0.012,0.042,0.006,0.0393,0.006,0.006,0.044,0.046,0.0747,0.1472,0.012,0.166,0.0297,0.032,0.054,0.068,0.0187,0.042,0.072,0.006,0.002,0.016,0.2446,0.096,0.034,0.004,0.008,0.0407,0.012,0.022
NMW,0.3671,0.02,0.02,0.0,0.022,0.2003,0.1455,0.2246,0.026,0.27,0.034,0.102,0.022,0.2291,0.1608,0.018,0.034,0.068,0.018,0.0107,0.016,0.002,0.008,0.006,0.002,0.0,0.018,0.004,0.0985,0.004,0.008,0.046,0.044,0.044,0.0661,0.02,0.0773,0.006,0.0067,0.002,0.056,0.002,0.0981,0.0277,0.022,0.016,0.026,0.2125,0.018,0.015,0.012,0.0501,0.052,0.02,0.008
ZBL,0.192,0.026,0.0,0.018,0.048,0.0292,0.028,0.1099,0.0032,0.13,0.004,0.022,0.016,0.1219,0.0267,0.004,0.0008,0.05,0.006,0.006,0.002,0.006,0.01,0.002,0.008,0.0,0.062,0.026,0.092,0.104,0.112,0.234,0.19,0.212,0.078,0.026,0.01,0.022,0.014,0.026,0.292,0.11,0.068,0.046,0.014,0.002,0.032,0.2608,0.0,0.036,0.056,0.006,0.024,0.004,0.03
DTB,0.082,0.0,0.0,0.0,0.004,0.094,0.012,0.254,0.002,0.278,0.01,0.048,0.032,0.2553,0.01,0.002,0.008,0.026,0.0656,0.004,0.046,0.008,0.014,0.014,0.014,0.02,0.054,0.072,0.474,0.006,0.19,0.046,0.034,0.026,0.016,0.0,0.01,0.014,0.0159,0.004,0.02,0.004,0.062,0.04,0.022,0.022,0.0406,0.3167,0.004,0.01,0.036,0.008,0.0,0.002,0.0
PKP,0.264,0.0139,0.004,0.008,0.024,0.0479,0.01,0.0399,0.002,0.2001,0.012,0.042,0.03,0.1513,0.018,0.0,0.012,0.03,0.014,0.004,0.0119,0.006,0.022,0.0,0.002,0.0,0.046,0.024,0.1981,0.09,0.03,0.124,0.124,0.142,0.036,0.014,0.024,0.024,0.008,0.0159,0.216,0.118,0.074,0.038,0.022,0.008,0.038,0.2592,0.0,0.0221,0.0694,0.002,0.03,0.03,0.018
ZKC,0.186,0.008,0.0,0.0,0.098,0.1682,0.0491,0.1045,0.0197,0.222,0.006,0.046,0.096,0.0704,0.018,0.01,0.04,0.012,0.0123,0.002,0.002,0.0,0.002,0.0,0.0,0.006,0.0102,0.04,0.1125,0.04,0.048,0.084,0.06,0.152,0.022,0.024,0.01,0.002,0.0,0.0,0.052,0.01,0.15,0.152,0.168,0.012,0.12,0.3679,0.008,0.002,0.128,0.1354,0.042,0.006,0.018
HJL,0.2011,0.014,0.004,0.008,0.016,0.1494,0.1621,0.1001,0.042,0.1011,0.004,0.038,0.008,0.2031,0.136,0.0471,0.006,0.0384,0.006,0.008,0.008,0.0,0.058,0.044,0.016,0.076,0.022,0.0,0.06,0.01,0.006,0.0731,0.104,0.0569,0.0429,0.008,0.034,0.018,0.002,0.0109,0.1289,0.056,0.0851,0.132,0.022,0.006,0.008,0.1372,0.07,0.016,0.054,0.0659,0.012,0.006,0.044
GRR,0.238,0.018,0.002,0.006,0.0377,0.0277,0.01,0.0503,0.002,0.04,0.0,0.012,0.004,0.4105,0.006,0.0,0.0,0.056,0.032,0.0,0.078,0.022,0.026,0.068,0.038,0.116,0.2044,0.01,0.05,0.092,0.012,0.1855,0.116,0.236,0.07,0.006,0.004,0.036,0.132,0.054,0.0895,0.006,0.074,0.07,0.0,0.002,0.022,0.36,0.002,0.086,0.006,0.002,0.012,0.002,0.026
SPQ,0.132,0.01,0.002,0.008,0.046,0.0317,0.024,0.094,0.002,0.054,0.004,0.008,0.07,0.1199,0.004,0.0,0.002,0.024,0.016,0.004,0.004,0.008,0.016,0.002,0.008,0.01,0.15,0.05,0.102,0.108,0.082,0.234,0.222,0.298,0.036,0.016,0.006,0.008,0.006,0.02,0.21,0.044,0.068,0.09,0.018,0.0,0.04,0.332,0.01,0.03,0.054,0.01,0.008,0.0,0.026
NCO,0.222,0.018,0.002,0.006,0.022,0.0299,0.016,0.084,0.002,0.032,0.0,0.002,0.004,0.3359,0.006,0.0,0.002,0.036,0.008,0.008,0.03,0.01,0.022,0.016,0.022,0.05,0.3008,0.006,0.044,0.212,0.004,0.362,0.16,0.358,0.034,0.02,0.006,0.016,0.164,0.024,0.074,0.01,0.072,0.118,0.002,0.0,0.016,0.386,0.002,0.02,0.016,0.002,0.002,0.002,0.028
BJH,0.362,0.028,0.006,0.016,0.016,0.12,0.094,0.096,0.018,0.156,0.014,0.07,0.01,0.348,0.0842,0.012,0.014,0.09,0.014,0.014,0.044,0.02,0.096,0.042,0.03,0.0227,0.0413,0.012,0.076,0.014,0.02,0.072,0.072,0.1326,0.0866,0.03,0.064,0.034,0.036,0.034,0.092,0.012,0.056,0.072,0.014,0.0,0.008,0.239,0.042,0.0238,0.016,0.0326,0.0567,0.008,0.022
CMA,0.3557,0.016,0.016,0.0,0.01,0.1273,0.062,0.1495,0.01,0.4003,0.208,0.108,0.002,0.4019,0.1479,0.0242,0.092,0.06,0.006,0.0646,0.0295,0.006,0.008,0.01,0.02,0.004,0.008,0.0,0.0519,0.004,0.002,0.008,0.016,0.032,0.178,0.114,0.1893,0.0435,0.02,0.006,0.014,0.0,0.074,0.024,0.014,0.008,0.01,0.1858,0.0047,0.0,0.002,0.024,0.038,0.044,0.004
SRY,0.1985,0.04,0.002,0.0,0.014,0.2804,0.0922,0.2058,0.026,0.31,0.056,0.078,0.024,0.2606,0.0574,0.012,0.006,0.0361,0.01,0.0282,0.0359,0.012,0.004,0.006,0.02,0.006,0.0239,0.004,0.2322,0.0019,0.006,0.006,0.01,0.026,0.064,0.06,0.1118,0.0401,0.0342,0.014,0.014,0.0,0.056,0.0278,0.12,0.012,0.02,0.199,0.0102,0.0066,0.006,0.0458,0.016,0.016,0.002
SKU,0.284,0.05,0.0,0.018,0.0149,0.0248,0.024,0.0491,0.0,0.016,0.0,0.004,0.002,0.3899,0.002,0.002,0.0,0.022,0.012,0.002,0.048,0.006,0.034,0.036,0.034,0.096,0.1408,0.002,0.0337,0.138,0.052,0.228,0.164,0.278,0.036,0.022,0.002,0.058,0.118,0.012,0.072,0.022,0.12,0.1577,0.0,0.0,0.002,0.35,0.0,0.056,0.004,0.0,0.008,0.0,0.0283
JVF,0.2,0.004,0.0,0.0,0.126,0.1117,0.1313,0.2424,0.0164,0.042,0.0,0.008,0.168,0.2834,0.024,0.016,0.002,0.064,0.0244,0.002,0.032,0.04,0.02,0.008,0.022,0.032,0.2147,0.008,0.063,0.0658,0.008,0.086,0.052,0.126,0.024,0.004,0.004,0.0201,0.036,0.024,0.056,0.01,0.0742,0.1847,0.012,0.002,0.028,0.4988,0.056,0.08,0.01,0.1053,0.01,0.002,0.006
JJF,0.194,0.0039,0.006,0.002,0.014,0.084,0.04,0.07,0.01,0.126,0.02,0.03,0.046,0.5979,0.0416,0.0,0.002,0.0821,0.044,0.018,0.1202,0.028,0.066,0.002,0.1602,0.024,0.112,0.02,0.05,0.014,0.01,0.048,0.046,0.068,0.056,0.024,0.03,0.036,0.058,0.024,0.054,0.002,0.032,0.022,0.02,0.01,0.024,0.326,0.004,0.0101,0.006,0.004,0.012,0.006,0.0
LIM,0.16,0.002,0.0,0.03,0.004,0.008,0.0235,0.0286,0.0,0.008,0.0,0.002,0.02,0.0726,0.002,0.0,0.0,0.02,0.0046,0.002,0.002,0.0,0.016,0.004,0.006,0.03,0.092,0.012,0.0329,0.298,0.064,0.462,0.506,0.29,0.052,0.002,0.002,0.01,0.01,0.016,0.342,0.094,0.088,0.072,0.0,0.0,0.006,0.122,0.002,0.01,0.006,0.0054,0.038,0.004,0.082
VOA,0.138,0.006,0.002,0.002,0.014,0.0687,0.012,0.032,0.004,0.4563,0.024,0.068,0.106,0.508,0.008,0.002,0.012,0.024,0.0795,0.014,0.012,0.002,0.004,0.002,0.036,0.018,0.0617,0.088,0.244,0.008,0.006,0.02,0.012,0.022,0.046,0.006,0.018,0.008,0.024,0.0037,0.008,0.006,0.026,0.0085,0.004,0.006,0.096,0.6417,0.0,0.002,0.006,0.0103,0.008,0.006,0.0
BRF,0.26,0.012,0.0,0.002,0.006,0.058,0.1941,0.0598,0.0019,0.036,0.004,0.0,0.068,0.6335,0.0282,0.024,0.002,0.066,0.06,0.012,0.064,0.1097,0.034,0.018,0.038,0.032,0.094,0.002,0.0835,0.004,0.002,0.014,0.066,0.076,0.05,0.01,0.016,0.106,0.04,0.168,0.078,0.008,0.0882,0.1075,0.014,0.0,0.01,0.202,0.036,0.0901,0.002,0.0359,0.006,0.002,0.0045
XMP,0.3345,0.018,0.008,0.008,0.012,0.1132,0.056,0.044,0.004,0.0951,0.004,0.02,0.014,0.3097,0.008,0.0091,0.004,0.074,0.022,0.012,0.06,0.006,0.062,0.048,0.036,0.026,0.0869,0.006,0.0794,0.054,0.014,0.176,0.0708,0.2179,0.0489,0.052,0.024,0.02,0.034,0.0329,0.0948,0.014,0.164,0.0818,0.01,0.0,0.014,0.214,0.022,0.024,0.012,0.01,0.018,0.008,0.018
PAW,0.3057,0.016,0.0,0.016,0.056,0.032,0.016,0.034,0.0,0.022,0.0,0.006,0.002,0.4276,0.02,0.002,0.002,0.074,0.024,0.0,0.06,0.01,0.116,0.13,0.054,0.1156,0.0807,0.004,0.03,0.01,0.004,0.05,0.085,0.068,0.042,0.004,0.028,0.044,0.122,0.03,0.08,0.014,0.0442,0.024,0.006,0.002,0.002,0.2659,0.002,0.032,0.036,0.002,0.0352,0.004,0.012
ZFC,0.288,0.024,0.0,0.006,0.028,0.034,0.01,0.048,0.0,0.068,0.01,0.01,0.002,0.224,0.004,0.0,0.01,0.04,0.012,0.0,0.018,0.004,0.026,0.004,0.036,0.036,0.07,0.034,0.052,0.088,0.044,0.39,0.076,0.468,0.044,0.02,0.004,0.006,0.026,0.004,0.056,0.014,0.156,0.09,0.016,0.0,0.024,0.26,0.002,0.022,0.036,0.002,0.022,0.004,0.012
UNF,0.122,0.012,0.0,0.006,0.048,0.042,0.02,0.08,0.0,0.02,0.0,0.006,0.01,0.18,0.006,0.0,0.0,0.026,0.014,0.002,0.012,0.024,0.024,0.024,0.024,0.054,0.216,0.002,0.102,0.112,0.048,0.204,0.102,0.404,0.052,0.024,0.002,0.024,0.07,0.008,0.08,0.014,0.022,0.14,0.008,0.004,0.006,0.4759,0.004,0.042,0.022,0.0,0.03,0.0,0.036
LEK,0.554,0.024,0.038,0.01,0.0,0.1076,0.022,0.0283,0.014,0.1897,0.01,0.074,0.01,0.59,0.11,0.0143,0.0628,0.1123,0.024,0.026,0.176,0.012,0.072,0.082,0.122,0.048,0.01,0.002,0.044,0.002,0.0,0.014,0.022,0.0493,0.1631,0.03,0.1549,0.0237,0.016,0.018,0.034,0.002,0.056,0.034,0.002,0.0,0.002,0.234,0.008,0.0247,0.0,0.006,0.018,0.004,0.01
RUT,0.178,0.008,0.002,0.012,0.0137,0.0177,0.054,0.0783,0.004,0.044,0.0,0.0,0.04,0.1,0.002,0.0,0.0,0.032,0.008,0.008,0.0,0.008,0.01,0.0,0.0,0.014,0.09,0.026,0.108,0.276,0.052,0.3043,0.292,0.4797,0.018,0.006,0.0,0.004,0.006,0.046,0.2197,0.03,0.0837,0.218,0.006,0.0,0.01,0.174,0.006,0.018,0.038,0.004,0.008,0.0,0.036
VUB,0.4026,0.006,0.028,0.008,0.018,0.1037,0.02,0.048,0.002,0.2117,0.034,0.0903,0.0176,0.4164,0.052,0.004,0.012,0.088,0.026,0.026,0.0803,0.0,0.05,0.024,0.0623,0.026,0.0417,0.014,0.0919,0.014,0.014,0.072,0.046,0.11,0.11,0.046,0.0739,0.044,0.014,0.0247,0.0653,0.022,0.0981,0.0434,0.006,0.002,0.014,0.3306,0.01,0.04,0.01,0.002,0.0562,0.012,0.014
FEL,0.4352,0.014,0.004,0.006,0.002,0.122,0.0451,0.068,0.02,0.1,0.008,0.036,0.01,0.5352,0.0869,0.022,0.01,0.208,0.05,0.008,0.124,0.016,0.068,0.076,0.038,0.028,0.02,0.004,0.0489,0.006,0.008,0.028,0.018,0.068,0.058,0.004,0.036,0.034,0.046,0.0417,0.088,0.0088,0.052,0.046,0.002,0.004,0.002,0.2618,0.008,0.034,0.008,0.016,0.0322,0.006,0.012
MZZ,0.2093,0.002,0.008,0.02,0.006,0.0551,0.018,0.1697,0.002,0.3564,0.02,0.048,0.058,0.292,0.008,0.002,0.008,0.018,0.066,0.0143,0.0147,0.002,0.008,0.0,0.006,0.006,0.052,0.134,0.3063,0.012,0.044,0.024,0.016,0.056,0.016,0.0179,0.0177,0.004,0.0083,0.0,0.01,0.002,0.056,0.03,0.02,0.0,0.038,0.574,0.0,0.01,0.02,0.002,0.012,0.016,0.002
KFA,0.154,0.008,0.002,0.014,0.028,0.0482,0.014,0.0836,0.0058,0.118,0.002,0.008,0.044,0.1643,0.01,0.0,0.004,0.034,0.01,0.006,0.008,0.004,0.016,0.002,0.018,0.004,0.0705,0.076,0.102,0.084,0.04,0.286,0.218,0.242,0.034,0.03,0.01,0.022,0.01,0.018,0.194,0.04,0.1224,0.0483,0.028,0.002,0.068,0.2843,0.004,0.024,0.046,0.008,0.01,0.0,0.01
XMX,0.486,0.018,0.0,0.0118,0.014,0.04,0.072,0.064,0.004,0.014,0.0,0.0,0.01,0.116,0.008,0.016,0.002,0.016,0.002,0.002,0.006,0.004,0.018,0.006,0.006,0.058,0.0547,0.0,0.03,0.09,0.068,0.1885,0.162,0.1475,0.0302,0.004,0.006,0.008,0.018,0.022,0.1115,0.03,0.3555,0.064,0.014,0.0,0.002,0.166,0.008,0.012,0.03,0.01,0.012,0.0,0.088
ZFZ,0.326,0.008,0.006,0.002,0.02,0.154,0.098,0.114,0.016,0.14,0.024,0.052,0.05,0.5933,0.05,0.0,0.004,0.124,0.07,0.038,0.218,0.014,0.066,0.032,0.064,0.07,0.056,0.01,0.054,0.016,0.008,0.044,0.026,0.068,0.032,0.016,0.022,0.024,0.036,0.034,0.05,0.01,0.062,0.046,0.014,0.006,0.024,0.334,0.036,0.036,0.016,0.046,0.024,0.002,0.0
UDP,0.214,0.004,0.0,0.1158,0.002,0.0178,0.016,0.004,0.0,0.018,0.0,0.004,0.006,0.0748,0.0,0.0,0.002,0.04,0.002,0.006,0.01,0.002,0.026,0.01,0.006,0.016,0.098,0.008,0.034,0.216,0.034,0.244,0.3246,0.348,0.0262,0.018,0.0,0.018,0.01,0.018,0.338,0.096,0.082,0.094,0.002,0.0,0.008,0.106,0.0,0.006,0.008,0.0,0.0094,0.0,0.044
INC,0.164,0.01,0.0,0.022,0.01,0.01,0.002,0.042,0.0,0.01,0.0,0.004,0.012,0.096,0.0,0.0,0.0,0.024,0.026,0.002,0.008,0.02,0.008,0.016,0.024,0.026,0.194,0.014,0.04,0.088,0.034,0.414,0.294,0.33,0.042,0.016,0.0,0.026,0.102,0.028,0.334,0.04,0.036,0.064,0.002,0.004,0.006,0.306,0.002,0.034,0.026,0.0,0.08,0.0,0.108
JQG,0.106,0.008,0.0,0.002,0.12,0.114,0.0719,0.136,0.0161,0.144,0.01,0.012,0.116,0.1742,0.012,0.0,0.008,0.028,0.012,0.004,0.026,0.02,0.004,0.0,0.008,0.01,0.1669,0.054,0.1579,0.0479,0.056,0.156,0.076,0.206,0.032,0.028,0.002,0.0061,0.034,0.006,0.052,0.006,0.096,0.1062,0.012,0.004,0.068,0.4285,0.006,0.046,0.052,0.026,0.01,0.002,0.0
PKB,0.349,0.006,0.002,0.022,0.02,0.07,0.052,0.104,0.004,0.178,0.01,0.054,0.024,0.2412,0.0369,0.012,0.012,0.122,0.012,0.006,0.012,0.002,0.01,0.004,0.008,0.0,0.01,0.014,0.0539,0.06,0.024,0.2322,0.154,0.1378,0.0518,0.01,0.014,0.008,0.014,0.006,0.2798,0.098,0.1018,0.026,0.006,0.002,0.02,0.1866,0.002,0.0251,0.0196,0.02,0.058,0.008,0.01
HJH,0.2031,0.002,0.0,0.002,0.086,0.078,0.012,0.0959,0.002,0.3084,0.016,0.064,0.118,0.2059,0.006,0.002,0.004,0.018,0.01,0.006,0.014,0.02,0.02,0.002,0.006,0.004,0.038,0.06,0.1934,0.028,0.068,0.066,0.032,0.17,0.02,0.022,0.032,0.034,0.036,0.0097,0.054,0.03,0.0841,0.058,0.038,0.002,0.046,0.4383,0.0,0.036,0.076,0.004,0.018,0.002,0.008
GMU,0.1327,0.002,0.0,0.022,0.044,0.036,0.028,0.052,0.0,0.034,0.002,0.01,0.03,0.104,0.0,0.002,0.0,0.026,0.008,0.006,0.006,0.016,0.048,0.004,0.014,0.024,0.106,0.016,0.05,0.166,0.05,0.28,0.316,0.264,0.036,0.018,0.008,0.014,0.03,0.0293,0.3127,0.114,0.042,0.0947,0.006,0.0,0.022,0.2053,0.018,0.02,0.03,0.008,0.026,0.004,0.044
UVM,0.184,0.012,0.008,0.004,0.082,0.066,0.02,0.076,0.006,0.194,0.004,0.018,0.074,0.258,0.006,0.0,0.006,0.028,0.022,0.006,0.03,0.02,0.01,0.008,0.044,0.018,0.128,0.118,0.108,0.052,0.034,0.082,0.044,0.13,0.042,0.032,0.026,0.032,0.024,0.004,0.038,0.004,0.062,0.048,0.022,0.006,0.084,0.408,0.004,0.012,0.036,0.004,0.01,0.014,0.006
EIS,0.2266,0.01,0.002,0.02,0.04,0.078,0.06,0.16,0.022,0.2069,0.002,0.018,0.024,0.1596,0.044,0.008,0.044,0.054,0.014,0.0061,0.014,0.004,0.004,0.004,0.002,0.004,0.0218,0.044,0.121,0.04,0.06,0.218,0.156,0.196,0.0591,0.024,0.016,0.004,0.008,0.004,0.126,0.0166,0.1569,0.0382,0.026,0.018,0.06,0.2586,0.0,0.016,0.02,0.0325,0.038,0.002,0.012
QWB,0.134,0.004,0.0,0.002,0.058,0.0559,0.028,0.06,0.008,0.17,0.014,0.054,0.034,0.1413,0.012,0.006,0.008,0.022,0.006,0.002,0.004,0.002,0.014,0.008,0.008,0.01,0.064,0.048,0.106,0.082,0.076,0.104,0.086,0.162,0.024,0.032,0.008,0.004,0.01,0.006,0.11,0.02,0.112,0.082,0.068,0.0,0.054,0.4677,0.006,0.036,0.06,0.0176,0.028,0.006,0.02
HBY,0.2581,0.0161,0.006,0.0055,0.02,0.0774,0.0783,0.0872,0.0184,0.07,0.0,0.006,0.008,0.3738,0.038,0.01,0.002,0.082,0.02,0.006,0.068,0.01,0.144,0.088,0.038,0.02,0.0487,0.002,0.054,0.03,0.01,0.0998,0.096,0.0687,0.0414,0.006,0.008,0.024,0.052,0.012,0.1472,0.012,0.1062,0.0641,0.002,0.0,0.002,0.2136,0.008,0.0502,0.016,0.0197,0.007,0.002,0.022
PFP,0.344,0.018,0.0,0.022,0.014,0.048,0.06,0.06,0.0,0.024,0.0,0.006,0.032,0.5268,0.004,0.0,0.006,0.054,0.014,0.104,0.052,0.028,0.048,0.056,0.048,0.0695,0.056,0.0,0.1177,0.028,0.016,0.072,0.0828,0.14,0.13,0.0,0.006,0.04,0.03,0.142,0.0968,0.048,0.028,0.0917,0.006,0.0,0.002,0.338,0.018,0.086,0.01,0.018,0.01,0.0,0.0623
HDK,0.542,0.192,0.006,0.1017,0.006,0.068,0.028,0.032,0.0,0.067,0.002,0.008,0.008,0.4969,0.023,0.002,0.006,0.032,0.016,0.0,0.172,0.016,0.038,0.048,0.05,0.0571,0.016,0.004,0.0515,0.018,0.008,0.046,0.0654,0.046,0.1892,0.006,0.02,0.028,0.01,0.048,0.084,0.046,0.0609,0.0575,0.012,0.006,0.006,0.2017,0.002,0.034,0.008,0.0,0.0374,0.004,0.0425
LRQ,0.222,0.024,0.004,0.0319,0.0138,0.0398,0.024,0.0403,0.002,0.016,0.002,0.01,0.002,0.5732,0.01,0.0,0.014,0.038,0.032,0.004,0.108,0.0671,0.062,0.034,0.06,0.118,0.118,0.002,0.036,0.02,0.002,0.042,0.062,0.09,0.0681,0.022,0.028,0.024,0.112,0.1001,0.04,0.008,0.0441,0.042,0.022,0.006,0.006,0.27,0.0,0.0659,0.008,0.0001,0.006,0.0,0.01
KLZ,0.1475,0.0,0.004,0.004,0.03,0.08,0.032,0.096,0.002,0.2416,0.012,0.012,0.06,0.4254,0.0006,0.002,0.026,0.068,0.054,0.012,0.04,0.01,0.014,0.0,0.054,0.006,0.126,0.078,0.13,0.048,0.048,0.11,0.09,0.106,0.032,0.03,0.012,0.026,0.036,0.006,0.1,0.016,0.1,0.046,0.03,0.0,0.06,0.4471,0.004,0.0094,0.026,0.012,0.016,0.012,0.002
OFL,0.244,0.01,0.004,0.012,0.028,0.1,0.0756,0.1099,0.04,0.152,0.012,0.032,0.028,0.4779,0.036,0.004,0.01,0.116,0.05,0.01,0.132,0.016,0.036,0.02,0.062,0.028,0.13,0.04,0.0984,0.028,0.018,0.13,0.046,0.13,0.048,0.02,0.02,0.04,0.064,0.01,0.056,0.012,0.064,0.046,0.012,0.0,0.046,0.37,0.004,0.008,0.018,0.012,0.014,0.004,0.002
QTV,0.198,0.008,0.0,0.052,0.026,0.034,0.034,0.056,0.002,0.03,0.004,0.008,0.022,0.2421,0.004,0.002,0.002,0.066,0.026,0.0,0.0281,0.026,0.028,0.012,0.032,0.034,0.12,0.002,0.084,0.07,0.024,0.196,0.194,0.212,0.048,0.044,0.016,0.042,0.064,0.0361,0.208,0.082,0.06,0.11,0.014,0.008,0.012,0.262,0.012,0.036,0.01,0.012,0.022,0.0,0.026
GZB,0.3901,0.0141,0.0316,0.008,0.002,0.1324,0.0886,0.0863,0.0178,0.245,0.006,0.122,0.014,0.2144,0.097,0.0351,0.0062,0.0581,0.008,0.004,0.022,0.0119,0.04,0.026,0.008,0.012,0.012,0.006,0.0886,0.008,0.008,0.048,0.0525,0.052,0.1049,0.014,0.0944,0.016,0.006,0.0149,0.0705,0.0269,0.0819,0.0381,0.004,0.0042,0.006,0.1784,0.058,0.0259,0.014,0.02,0.042,0.002,0.0841
TPS,0.1823,0.02,0.024,0.004,0.01,0.102,0.048,0.1645,0.006,0.212,0.014,0.054,0.032,0.214,0.016,0.004,0.01,0.024,0.022,0.002,0.012,0.006,0.012,0.004,0.014,0.01,0.049,0.162,0.234,0.012,0.084,0.072,0.058,0.1223,0.054,0.0235,0.022,0.014,0.018,0.0077,0.034,0.0057,0.0759,0.0361,0.022,0.0,0.056,0.343,0.002,0.024,0.08,0.037,0.004,0.002,0.014
LXW,0.264,0.008,0.0,0.008,0.002,0.016,0.012,0.04,0.0,0.058,0.0,0.014,0.004,0.344,0.002,0.0,0.002,0.022,0.014,0.004,0.038,0.024,0.038,0.098,0.114,0.132,0.042,0.0,0.01,0.02,0.014,0.068,0.072,0.126,0.024,0.0,0.0,0.022,0.034,0.046,0.076,0.036,0.036,0.058,0.008,0.0,0.002,0.2319,0.0,0.066,0.01,0.018,0.008,0.0,0.138
FCD,0.07,0.004,0.0,0.008,0.08,0.042,0.006,0.068,0.0,0.052,0.0,0.004,0.12,0.1435,0.0,0.0,0.0,0.03,0.008,0.01,0.006,0.022,0.008,0.002,0.018,0.014,0.22,0.094,0.134,0.066,0.048,0.174,0.194,0.2585,0.028,0.036,0.016,0.034,0.022,0.0375,0.134,0.034,0.046,0.062,0.02,0.0,0.046,0.342,0.004,0.016,0.04,0.002,0.016,0.0,0.008
QES,0.09,0.008,0.0,0.002,0.12,0.0998,0.018,0.07,0.002,0.1569,0.004,0.018,0.068,0.1699,0.006,0.0,0.06,0.012,0.02,0.008,0.006,0.0,0.006,0.0,0.032,0.0,0.1187,0.1,0.112,0.042,0.034,0.116,0.066,0.192,0.01,0.096,0.004,0.024,0.02,0.0,0.016,0.004,0.092,0.0878,0.04,0.004,0.126,0.4287,0.002,0.002,0.038,0.012,0.01,0.0,0.0
UWO,0.116,0.0077,0.0,0.0,0.066,0.0576,0.02,0.08,0.004,0.272,0.014,0.064,0.086,0.5507,0.014,0.0,0.006,0.054,0.074,0.022,0.0657,0.002,0.01,0.002,0.066,0.016,0.068,0.084,0.1099,0.02,0.022,0.044,0.034,0.068,0.028,0.008,0.012,0.008,0.006,0.004,0.016,0.002,0.03,0.018,0.04,0.006,0.1026,0.5003,0.0,0.0043,0.008,0.0018,0.02,0.002,0.0
RUC,0.3676,0.008,0.012,0.008,0.014,0.08,0.016,0.062,0.006,0.39,0.0385,0.164,0.062,0.299,0.058,0.014,0.006,0.03,0.018,0.006,0.018,0.0,0.002,0.004,0.0199,0.008,0.012,0.032,0.132,0.012,0.03,0.03,0.038,0.038,0.044,0.014,0.028,0.01,0.014,0.004,0.024,0.0,0.114,0.022,0.008,0.0,0.022,0.3449,0.0,0.024,0.006,0.018,0.034,0.01,0.016
UYA,0.092,0.0,0.0,0.002,0.024,0.0299,0.006,0.05,0.0,0.038,0.002,0.002,0.014,0.4563,0.0,0.0,0.0,0.012,0.09,0.0,0.012,0.002,0.014,0.002,0.25,0.028,0.3272,0.044,0.046,0.072,0.044,0.178,0.06,0.1867,0.02,0.012,0.002,0.026,0.022,0.0033,0.04,0.006,0.186,0.055,0.014,0.0,0.018,0.433,0.002,0.022,0.04,0.0,0.002,0.0,0.008
XWW,0.2746,0.004,0.006,0.018,0.022,0.106,0.096,0.096,0.012,0.348,0.018,0.09,0.066,0.2368,0.032,0.01,0.008,0.044,0.014,0.012,0.008,0.002,0.01,0.0,0.014,0.01,0.052,0.046,0.1409,0.034,0.036,0.074,0.046,0.086,0.054,0.024,0.038,0.008,0.032,0.004,0.044,0.0103,0.112,0.026,0.08,0.01,0.048,0.3577,0.002,0.02,0.042,0.044,0.04,0.01,0.012
DIL,0.2632,0.004,0.0,0.004,0.008,0.062,0.05,0.0797,0.002,0.2679,0.02,0.158,0.048,0.158,0.022,0.006,0.04,0.012,0.012,0.002,0.002,0.0,0.008,0.0,0.008,0.002,0.004,0.024,0.3254,0.018,0.014,0.026,0.022,0.078,0.02,0.006,0.046,0.004,0.0,0.008,0.032,0.012,0.084,0.026,0.034,0.002,0.064,0.2412,0.002,0.004,0.206,0.012,0.108,0.002,0.01
ZMP,0.266,0.034,0.0,0.006,0.082,0.08,0.022,0.034,0.0,0.016,0.0,0.006,0.0,0.424,0.002,0.002,0.0,0.032,0.01,0.004,0.044,0.006,0.142,0.198,0.066,0.072,0.116,0.0,0.0175,0.024,0.0,0.07,0.044,0.128,0.024,0.002,0.002,0.026,0.046,0.02,0.048,0.032,0.058,0.0615,0.002,0.004,0.004,0.302,0.0,0.1,0.006,0.01,0.002,0.0,0.0825
NPN,0.4499,0.016,0.002,0.0,0.02,0.1056,0.032,0.158,0.01,0.21,0.016,0.096,0.012,0.2821,0.094,0.008,0.03,0.046,0.036,0.012,0.076,0.01,0.162,0.144,0.026,0.016,0.004,0.016,0.0418,0.014,0.012,0.008,0.048,0.022,0.132,0.014,0.158,0.038,0.018,0.002,0.036,0.008,0.046,0.032,0.03,0.062,0.034,0.1999,0.016,0.004,0.0,0.0134,0.028,0.006,0.0383
BOB,0.156,0.0119,0.0,0.018,0.058,0.064,0.042,0.07,0.0,0.028,0.0,0.002,0.02,0.414,0.0057,0.0,0.002,0.028,0.018,0.01,0.0443,0.13,0.022,0.014,0.0123,0.044,0.182,0.0,0.0652,0.036,0.004,0.068,0.054,0.094,0.058,0.044,0.02,0.056,0.116,0.15,0.048,0.016,0.036,0.0812,0.008,0.004,0.01,0.2719,0.014,0.0841,0.024,0.014,0.01,0.0,0.0068
HAF,0.098,0.008,0.002,0.0,0.092,0.02,0.034,0.088,0.002,0.2021,0.004,0.006,0.014,0.1619,0.006,0.002,0.006,0.014,0.014,0.0,0.012,0.0,0.006,0.004,0.006,0.004,0.08,0.442,0.1401,0.028,0.066,0.054,0.024,0.076,0.02,0.02,0.004,0.038,0.002,0.0079,0.03,0.008,0.034,0.02,0.012,0.002,0.132,0.546,0.006,0.002,0.076,0.002,0.008,0.01,0.002
TUD,0.3668,0.0179,0.022,0.008,0.012,0.0681,0.018,0.0519,0.004,0.3085,0.026,0.148,0.082,0.2437,0.046,0.004,0.006,0.032,0.006,0.02,0.0148,0.006,0.006,0.002,0.012,0.008,0.024,0.04,0.1593,0.032,0.032,0.06,0.06,0.096,0.088,0.026,0.05,0.02,0.016,0.0073,0.046,0.012,0.074,0.03,0.018,0.012,0.04,0.3817,0.004,0.0201,0.0269,0.006,0.038,0.024,0.022
BGB,0.3173,0.042,0.012,0.03,0.006,0.048,0.016,0.026,0.008,0.0722,0.0,0.032,0.008,0.1971,0.0349,0.0098,0.0078,0.098,0.006,0.008,0.028,0.008,0.018,0.008,0.004,0.008,0.008,0.018,0.038,0.034,0.024,0.1559,0.1545,0.0737,0.1082,0.006,0.036,0.02,0.008,0.044,0.4079,0.37,0.0998,0.03,0.002,0.0,0.02,0.1529,0.004,0.0131,0.014,0.002,0.092,0.01,0.02
BGZ,0.076,0.0,0.0,0.002,0.092,0.052,0.016,0.068,0.0,0.188,0.004,0.024,0.074,0.098,0.002,0.0,0.004,0.006,0.006,0.002,0.002,0.01,0.014,0.0,0.006,0.004,0.046,0.102,0.146,0.038,0.05,0.1063,0.118,0.1457,0.024,0.048,0.01,0.014,0.002,0.008,0.0657,0.024,0.0637,0.062,0.084,0.0,0.152,0.436,0.01,0.014,0.096,0.014,0.01,0.0,0.01
OTE,0.13,0.004,0.004,0.012,0.05,0.028,0.008,0.048,0.002,0.088,0.008,0.008,0.03,0.136,0.008,0.002,0.004,0.03,0.01,0.006,0.01,0.006,0.024,0.002,0.018,0.008,0.072,0.036,0.072,0.162,0.052,0.202,0.266,0.346,0.03,0.022,0.01,0.012,0.012,0.012,0.254,0.068,0.092,0.078,0.036,0.0,0.07,0.274,0.018,0.018,0.05,0.01,0.016,0.002,0.014
UBZ,0.373,0.0281,0.008,0.0196,0.0152,0.1006,0.0795,0.0533,0.004,0.0641,0.002,0.026,0.012,0.3917,0.03,0.0,0.008,0.042,0.0101,0.01,0.036,0.018,0.0959,0.06,0.0379,0.0356,0.075,0.002,0.0645,0.014,0.01,0.0759,0.0932,0.1107,0.0709,0.048,0.022,0.032,0.034,0.0305,0.0914,0.016,0.0524,0.0887,0.024,0.002,0.006,0.1939,0.012,0.03,0.018,0.012,0.0215,0.0,0.028
ZZG,0.4,0.004,0.0103,0.0,0.018,0.1231,0.018,0.1363,0.0,0.3983,0.056,0.1203,0.032,0.3378,0.0819,0.008,0.032,0.034,0.028,0.0241,0.034,0.004,0.008,0.014,0.0283,0.022,0.0157,0.098,0.2464,0.008,0.024,0.028,0.016,0.064,0.0537,0.018,0.0478,0.018,0.0121,0.014,0.014,0.002,0.086,0.046,0.016,0.006,0.0539,0.4024,0.002,0.032,0.0256,0.01,0.02,0.012,0.008
IMA,0.078,0.002,0.0,0.05,0.002,0.02,0.014,0.024,0.002,0.036,0.0,0.004,0.0,0.044,0.006,0.006,0.002,0.018,0.002,0.0,0.002,0.014,0.084,0.01,0.01,0.01,0.012,0.0,0.012,0.026,0.02,0.1096,0.328,0.064,0.024,0.002,0.008,0.008,0.014,0.018,0.3376,0.272,0.03,0.03,0.042,0.006,0.0,0.23,0.002,0.006,0.006,0.002,0.02,0.0,0.13
ULU,0.2355,0.024,0.0,0.024,0.02,0.0251,0.018,0.0753,0.0,0.024,0.0035,0.006,0.038,0.1655,0.004,0.0,0.004,0.048,0.004,0.004,0.01,0.018,0.016,0.0,0.012,0.02,0.116,0.028,0.066,0.086,0.036,0.2885,0.27,0.3257,0.03,0.016,0.0045,0.026,0.026,0.0237,0.2395,0.04,0.0735,0.098,0.014,0.0,0.024,0.238,0.0047,0.014,0.034,0.006,0.016,0.0,0.038
QIQ,0.102,0.006,0.0019,0.002,0.076,0.042,0.024,0.042,0.0,0.048,0.0,0.002,0.07,0.3262,0.004,0.002,0.0,0.012,0.064,0.0,0.016,0.016,0.004,0.002,0.03,0.024,0.4121,0.034,0.102,0.078,0.03,0.128,0.064,0.202,0.02,0.016,0.016,0.014,0.032,0.014,0.05,0.0,0.03,0.0663,0.01,0.0,0.032,0.4164,0.024,0.024,0.066,0.0081,0.002,0.0,0.0
VSE,0.0535,0.002,0.0,0.002,0.068,0.0293,0.01,0.054,0.0,0.0395,0.002,0.014,0.034,0.154,0.002,0.0,0.0,0.014,0.028,0.0,0.0045,0.01,0.012,0.002,0.004,0.004,0.208,0.032,0.164,0.086,0.042,0.078,0.04,0.186,0.026,0.028,0.004,0.004,0.016,0.006,0.054,0.012,0.028,0.078,0.018,0.002,0.04,0.3022,0.124,0.004,0.202,0.0056,0.004,0.0,0.006
IJD,0.132,0.006,0.002,0.034,0.018,0.02,0.024,0.046,0.0,0.0144,0.0,0.006,0.028,0.1158,0.004,0.0,0.0,0.008,0.022,0.016,0.01,0.006,0.022,0.0,0.012,0.0064,0.086,0.002,0.042,0.108,0.034,0.31,0.14,0.2287,0.046,0.088,0.0044,0.012,0.034,0.0353,0.206,0.114,0.032,0.08,0.0,0.002,0.012,0.1616,0.01,0.044,0.008,0.012,0.012,0.0,0.032
CLM,0.1535,0.018,0.0,0.0,0.086,0.2203,0.1039,0.1828,0.014,0.1759,0.012,0.052,0.066,0.1838,0.0139,0.002,0.02,0.032,0.0274,0.006,0.03,0.002,0.004,0.0,0.006,0.006,0.0418,0.026,0.1521,0.0259,0.046,0.062,0.036,0.108,0.022,0.038,0.006,0.0041,0.014,0.006,0.034,0.002,0.078,0.054,0.044,0.018,0.066,0.2933,0.0087,0.0199,0.074,0.1027,0.024,0.004,0.002
