RedJade Code,Green,Grassy,Cucumber,Tomato,Hay,Herbal,Mint,Woody,Pine,Floral,Jasmine,Rose,Honey,Fruity,Citrus,Lemon,Orange,Tropical,Berry,Peach,Apple,Sour,Fermented,Alcoholic,Winey,Rummy,Caramellic,Vanilla,Spicy,Coffee,Smoky,Roasted,Meaty,Nutty,Fatty,Coconut,Waxy,Dairy,Buttery,Cheesy,Sulfurous,Garlic,Earthy,Musty,Animal,Musk,Powdery,Sweet,Cooling,Sharp,Medicinal,Camphoreous,Metallic,Ozone,Fishy
OUY,0.4475,0.0999,0.0,0.0,0.0,0.1476,0.0,0.0491,0.0,0.2003,0.0,0.1973,0.0,0.2474,0.0,0.0,0.0987,0.0991,0.0,0.0,0.0,0.0,0.0494,0.0,0.1977,0.0,0.0,0.0,0.0,0.0,0.0,0.0493,0.0984,0.0984,0.4961,0.0497,0.0993,0.0493,0.0,0.0,0.0491,0.0,0.1011,0.1495,0.0,0.0,0.0,0.2472,0.0,0.0,0.0,0.0,0.0,0.0,0.0
CWE,0.1586,0.0,0.0,0.0,0.0,0.3008,0.2406,0.4465,0.0989,0.0,0.0,0.0,0.0,0.0987,0.0505,0.0,0.0,0.0,0.0,0.0,0.0,0.0,0.0,0.0,0.0,0.0,0.0,0.0,0.0,0.0,0.0,0.0,0.0,0.0,0.0,0.0,0.0,0.0,0.0,0.0,0.0,0.0,0.2,0.0536,0.0,0.0,0.0,0.246,0.0966,0.0,0.0,0.3926,0.0,0.0,0.0
XKL,0.4172,0.0,0.0,0.0,0.0,0.0,0.0,0.0496,0.0,0.1864,0.0,0.0,0.0,0.6729,0.046,0.0,0.0,0.0,0.0496,0.0,0.2196,0.0,0.1883,0.2347,0.0,0.0455,0.0451,0.0,0.0452,0.0,0.0,0.0,0.0,0.1381,0.0452,0.0,0.0,0.0,0.0493,0.0,0.0,0.0,0.0466,0.0,0.0,0.0,0.0,0.1384,0.0,0.0,0.0,0.0,0.0,0.0,0.0
DRR,0.2464,0.0,0.0,0.0,0.0,0.0971,0.0,0.0497,0.0,0.4423,0.0,0.0978,0.0989,0.5957,0.0,0.0,0.0471,0.0,0.0,0.0966,0.0,0.0,0.0,0.0,0.0,0.0,0.1071,0.0,0.0,0.0,0.0,0.0631,0.0631,0.0,0.0471,0.0,0.0,0.0,0.0,0.0,0.0631,0.0,0.0,0.0,0.0487,0.0958,0.0497,0.4412,0.0,0.0,0.0,0.0,0.0495,0.0,0.0
IEZ,0.1432,0.0,0.0,0.0,0.0,0.1098,0.1432,0.0,0.0,0.1448,0.0497,0.0999,0.1466,0.3886,0.0567,0.0,0.0,0.0468,0.0486,0.0,0.0956,0.0,0.0,0.0,0.0,0.0,0.2536,0.0,0.0601,0.0,0.0,0.0971,0.0,0.143,0.0,0.0,0.1011,0.0,0.0,0.0,0.0,0.0,0.0,0.0963,0.0,0.0,0.0,0.3455,0.0,0.0,0.0,0.0,0.0,0.0,0.0
PLC,0.0,0.0,0.0,0.0,0.0,0.0,0.0,0.0484,0.0,0.0,0.0,0.0,0.0,0.048,0.0,0.0,0.0,0.0,0.0,0.0,0.0,0.2591,0.0,0.0,0.048,0.048,0.299,0.0,0.0968,0.0,0.0,0.0,0.0,0.1044,0.0503,0.0,0.0,0.0,0.0976,0.0482,0.0,0.0,0.0,0.1044,0.0,0.0,0.0,0.1467,0.0,0.1618,0.0,0.0,0.0,0.0,0.0
UGR,0.0972,0.0,0.0,0.0,0.0613,0.1442,0.0934,0.0478,0.0,0.4836,0.0,0.0967,0.0946,0.1445,0.0,0.0,0.1038,0.0,0.0,0.0,0.0,0.0,0.0,0.0,0.0,0.0,0.0,0.0,0.0988,0.0,0.0,0.0,0.0,0.0,0.0,0.0,0.0465,0.0,0.0,0.0,0.0,0.0,0.0,0.0511,0.0511,0.0,0.0523,0.3985,0.0,0.0,0.1068,0.0545,0.0461,0.0,0.0
HWH,0.0973,0.0,0.0,0.0,0.0,0.0972,0.0,0.0491,0.0,0.4943,0.0,0.1018,0.0491,0.2488,0.0,0.0,0.0496,0.0,0.0,0.0,0.0,0.0,0.0,0.0,0.0,0.0,0.0,0.0485,0.104,0.0,0.0,0.0,0.0485,0.0,0.0,0.0,0.0,0.0,0.0,0.0,0.0,0.0485,0.05,0.05,0.1003,0.0,0.0,0.3416,0.0,0.0,0.2026,0.0,0.0973,0.0,0.0
QAK,0.1474,0.0,0.0,0.0,0.1044,0.0509,0.0516,0.0492,0.0,0.0491,0.0491,0.0,0.0,0.4023,0.0,0.0,0.0,0.0,0.0987,0.0,0.0,0.0,0.0,0.0,0.0,0.0,0.302,0.0492,0.1991,0.0,0.0,0.0487,0.0,0.1021,0.0516,0.3511,0.0,0.0497,0.1042,0.0,0.0487,0.0,0.0487,0.0,0.0,0.0,0.0,0.3545,0.0,0.0,0.0,0.0,0.0,0.0,0.0
LZN,0.1422,0.0,0.0,0.0,0.047,0.1005,0.1056,0.0482,0.0,0.5828,0.0,0.1504,0.0998,0.1491,0.0,0.0,0.0,0.0,0.0,0.0,0.0,0.0,0.0,0.0,0.0,0.0,0.0,0.0,0.1065,0.0,0.0522,0.0522,0.0522,0.0472,0.0,0.047,0.0526,0.0,0.0,0.0,0.0522,0.0522,0.0472,0.0998,0.0476,0.0,0.047,0.2901,0.0,0.0,0.1587,0.0526,0.0946,0.0,0.0
UMX,0.1092,0.0352,0.0,0.0,0.0,0.0904,0.0552,0.091,0.0358,0.0723,0.0,0.0,0.0,0.2137,0.0717,0.0,0.0,0.1215,0.0,0.0,0.0427,0.0462,0.1931,0.0,0.0736,0.0854,0.0,0.0,0.0352,0.0,0.0,0.0855,0.1235,0.0,0.1004,0.0,0.0,0.0,0.0,0.0462,0.2693,0.0,0.0552,0.1215,0.0,0.0,0.0,0.0,0.0,0.0,0.0,0.0395,0.036,0.0,0.0
LPC,0.2908,0.0527,0.0,0.0,0.0,0.0,0.0478,0.0,0.0,0.0,0.0,0.0,0.0,0.0,0.0,0.0,0.0,0.0,0.0,0.0,0.0,0.0,0.0,0.0,0.0,0.0,0.0,0.0,0.0,0.1537,0.0,0.5607,0.256,0.7029,0.0,0.0,0.0,0.0,0.0,0.0,0.0,0.0,0.2373,0.1471,0.0,0.0,0.0,0.0,0.0,0.0,0.0,0.0,0.0,0.0,0.0
SVD,0.1012,0.0,0.0,0.0,0.0,0.0974,0.0977,0.4479,0.0,0.1102,0.0,0.0487,0.0,0.1481,0.0523,0.0,0.0,0.0484,0.0,0.0,0.0,0.0,0.0,0.0,0.0,0.0474,0.0,0.0,0.2495,0.0,0.0,0.0473,0.0,0.0473,0.0,0.0,0.0,0.0,0.0,0.0,0.0,0.0,0.3979,0.2448,0.0503,0.0,0.0,0.1007,0.049,0.0,0.0,0.048,0.0,0.0484,0.0473
LRH,0.0,0.0,0.0,0.0,0.0989,0.0472,0.0,0.1515,0.0,0.0,0.0,0.0,0.0,0.1357,0.0,0.0,0.0,0.0,0.0,0.0,0.0,0.052,0.0,0.0,0.0,0.0451,0.711,0.0,0.0,0.1565,0.0,0.0902,0.0,0.1501,0.0,0.0444,0.0,0.0,0.0895,0.0,0.0,0.0,0.0,0.0489,0.0,0.0,0.0,0.6464,0.0,0.0,0.0,0.0,0.0,0.0,0.0
MTJ,0.0,0.0,0.0,0.0,0.1527,0.0545,0.0,0.1489,0.0,0.1481,0.0,0.0,0.0495,0.0972,0.0,0.0,0.0,0.0,0.0,0.0,0.0,0.0,0.0,0.0,0.0,0.0,0.1497,0.0496,0.0,0.0,0.0495,0.0,0.0,0.2515,0.0,0.1524,0.0,0.0,0.0,0.0,0.0,0.0,0.0,0.0507,0.099,0.0496,0.0496,0.3979,0.0,0.0,0.1983,0.0,0.0,0.0,0.0
KPZ,0.2981,0.048,0.0,0.0,0.0,0.1023,0.0,0.0993,0.0,0.2516,0.0,0.0496,0.0,0.0,0.0,0.0,0.0,0.0,0.0,0.0,0.0,0.0495,0.048,0.0,0.0,0.0554,0.0,0.0,0.0,0.0491,0.0976,0.1946,0.048,0.1466,0.048,0.0,0.0,0.0,0.0,0.0,0.048,0.0,0.205,0.107,0.107,0.0,0.0,0.306,0.0,0.0,0.0549,0.0,0.0966,0.0,0.1529
YGD,0.2019,0.0,0.0,0.0,0.0,0.1965,0.0,0.0509,0.0,0.295,0.0,0.1965,0.0485,0.2008,0.0,0.0,0.0,0.0,0.0,0.0,0.0,0.0,0.0,0.0,0.0,0.0507,0.0,0.0491,0.1008,0.0519,0.1028,0.0,0.0491,0.0,0.0,0.0,0.0519,0.0,0.0,0.0,0.0,0.0491,0.1574,0.0539,0.0539,0.0,0.0,0.2511,0.0,0.0,0.2039,0.0,0.15,0.0,0.0507
VUO,0.2976,0.0,0.0,0.0,0.0,0.1067,0.0,0.1608,0.0,0.0479,0.0,0.0,0.0,0.0491,0.0,0.0,0.0,0.0,0.0,0.0,0.0,0.0498,0.0,0.0,0.0,0.0,0.0484,0.0,0.0,0.0981,0.1048,0.3983,0.05,0.5946,0.0,0.0,0.0,0.0,0.054,0.0,0.05,0.0,0.1494,0.2011,0.0,0.0,0.0,0.2528,0.0,0.0,0.0,0.0,0.0,0.0,0.1485
TTE,0.348,0.0,0.0,0.0,0.0,0.1251,0.0399,0.0414,0.0,0.514,0.0414,0.1678,0.1914,0.5041,0.0,0.0,0.0561,0.0,0.0,0.1027,0.0,0.0,0.0,0.0,0.0394,0.0,0.0419,0.0,0.0394,0.0,0.0,0.0,0.0,0.0388,0.0561,0.0,0.0,0.0,0.0,0.0,0.0,0.0,0.0786,0.0388,0.1246,0.0,0.0,0.3458,0.0,0.0,0.0,0.0,0.1134,0.0,0.0
YQW,0.3015,0.0,0.0,0.0,0.0,0.0491,0.0484,0.0491,0.0,0.0511,0.0,0.0491,0.0,0.801,0.0506,0.1495,0.0,0.1008,0.2001,0.0,0.2535,0.0511,0.0,0.0,0.0491,0.2453,0.2499,0.0,0.0,0.0,0.0,0.0,0.0496,0.049,0.0,0.0,0.0,0.0,0.0495,0.0,0.0496,0.0,0.0491,0.0,0.0,0.0,0.0,0.5022,0.0,0.2017,0.0,0.0,0.1495,0.0,0.0
STR,0.3009,0.0,0.0,0.0,0.0,0.156,0.2113,0.1034,0.0,0.2018,0.0,0.0535,0.0948,0.5346,0.0,0.0,0.0,0.0944,0.0954,0.0,0.1442,0.0,0.1077,0.0,0.0,0.0,0.0474,0.0,0.0,0.0485,0.0,0.0,0.103,0.0,0.0474,0.0,0.1976,0.0,0.0,0.0944,0.0,0.0544,0.0,0.1449,0.0,0.0,0.0474,0.3021,0.1063,0.0474,0.0,0.0544,0.047,0.0562,0.0
YTJ,0.1608,0.0,0.0,0.0,0.0496,0.049,0.1518,0.0986,0.0,0.0988,0.0,0.0,0.0,0.0988,0.0,0.0,0.0,0.0,0.0,0.0,0.0,0.0,0.0,0.0,0.0508,0.0,0.2983,0.0567,0.2026,0.0991,0.0,0.1031,0.0,0.2052,0.0,0.098,0.0,0.0,0.1001,0.0,0.0,0.0,0.0,0.0,0.0,0.0,0.0,0.4934,0.0,0.0508,0.0,0.0,0.0,0.0,0.0
JTA,0.048,0.0,0.0,0.0,0.0488,0.0502,0.0971,0.2492,0.048,0.3978,0.0,0.0,0.0,0.0,0.048,0.048,0.0,0.0,0.0,0.0,0.0,0.0,0.0,0.0,0.0,0.0,0.0486,0.2033,0.2452,0.0,0.2573,0.0543,0.0,0.1461,0.0,0.1053,0.0483,0.0,0.0,0.0,0.0,0.0,0.0502,0.0,0.0495,0.0,0.1534,0.5551,0.0,0.1512,0.1988,0.0,0.0,0.0,0.0
USG,0.2502,0.0,0.0,0.0,0.0,0.1508,0.0,0.0,0.0,0.3494,0.0,0.2954,0.0489,0.25,0.0,0.0,0.0,0.0,0.0,0.0,0.0,0.0,0.0,0.0,0.0,0.0,0.0,0.0525,0.1994,0.0,0.0,0.0,0.0525,0.0,0.0,0.0,0.0,0.0,0.047,0.0,0.0,0.0525,0.0,0.0,0.0,0.0,0.0477,0.2939,0.0,0.0,0.1579,0.0,0.2502,0.0,0.0
LUC,0.0487,0.0,0.0,0.0,0.0,0.2388,0.098,0.0966,0.0,0.0943,0.0474,0.0,0.0,0.5026,0.0471,0.0,0.0,0.0987,0.0,0.0,0.0976,0.0531,0.1567,0.0,0.0537,0.1073,0.1024,0.0,0.0471,0.0,0.0,0.05,0.05,0.0481,0.0476,0.0,0.0,0.0,0.0,0.0531,0.0976,0.0,0.0972,0.053,0.0,0.0,0.0,0.0471,0.0,0.0,0.0,0.0472,0.0,0.0,0.0
JVN,0.1485,0.107,0.0,0.0,0.0,0.0501,0.1949,0.1947,0.0,0.4027,0.0,0.103,0.0493,0.2065,0.0506,0.0,0.0,0.0,0.0,0.0,0.0,0.0,0.0477,0.0,0.0,0.0967,0.1112,0.0,0.0501,0.0,0.0,0.0,0.0,0.0,0.0493,0.0,0.102,0.0,0.0,0.0493,0.0,0.0,0.0478,0.0981,0.0478,0.0957,0.0493,0.2427,0.0527,0.0493,0.0,0.0,0.0,0.0487,0.0
JPS,0.0981,0.0482,0.0,0.0,0.0482,0.2051,0.1959,0.5067,0.0,0.149,0.0,0.0482,0.1037,0.0482,0.0,0.0,0.0,0.0482,0.0,0.0,0.0,0.0,0.0,0.0,0.0,0.0,0.0,0.0,0.0483,0.0,0.0,0.0,0.0,0.0476,0.0,0.0,0.0,0.0,0.0,0.0,0.0,0.0,0.0975,0.0476,0.0504,0.0474,0.0,0.255,0.0,0.0,0.0,0.0485,0.0,0.0482,0.0
OVF,0.1005,0.0,0.0,0.0,0.0,0.2526,0.2956,0.7015,0.1515,0.3032,0.0,0.0,0.0,0.2539,0.0481,0.0,0.0,0.0,0.0,0.0,0.055,0.0,0.0,0.0,0.0,0.0,0.0,0.0,0.0506,0.0,0.0,0.0,0.0,0.0,0.0,0.0,0.0514,0.0,0.0,0.0,0.0,0.0,0.0482,0.0482,0.0,0.0971,0.0,0.0486,0.0489,0.0,0.0,0.2098,0.0,0.0,0.0
LXZ,0.0992,0.0,0.0,0.0,0.0,0.2433,0.0,0.049,0.0,0.4474,0.0,0.1488,0.1964,0.2041,0.0,0.0,0.0,0.0,0.0,0.0,0.0,0.0504,0.0,0.0,0.0,0.0,0.0,0.0543,0.2023,0.0,0.0,0.0,0.0,0.0,0.0,0.0,0.0504,0.0,0.0,0.0,0.0,0.0,0.0,0.0,0.0504,0.0,0.0477,0.5446,0.0,0.0,0.1537,0.0,0.0995,0.0,0.0
PXT,0.0961,0.0,0.0,0.0481,0.0,0.1452,0.0978,0.1927,0.0,0.1064,0.0,0.0,0.0,0.5111,0.0554,0.0,0.0,0.0979,0.1447,0.0,0.1051,0.051,0.0487,0.0487,0.0979,0.0571,0.0486,0.0,0.0,0.0,0.0,0.0,0.0,0.0,0.0504,0.0,0.0,0.051,0.1499,0.1473,0.048,0.0,0.0481,0.0487,0.05,0.0,0.0,0.204,0.05,0.0,0.0,0.0,0.0484,0.0,0.0
JWQ,0.5098,0.0,0.0,0.0,0.0,0.339,0.0,0.5771,0.0499,0.351,0.2067,0.0632,0.0701,0.4694,0.0454,0.0,0.0,0.0,0.0,0.0919,0.0,0.0,0.0,0.0,0.0,0.0,0.0,0.0,0.0479,0.0,0.0,0.0,0.0,0.0,0.0,0.0,0.0,0.0,0.0,0.0,0.0,0.0,0.0464,0.0,0.0,0.0,0.0453,0.2406,0.0,0.0,0.0,0.0464,0.0,0.0971,0.0
YWZ,0.1565,0.0,0.0471,0.0,0.0,0.0,0.0,0.0,0.0,0.0471,0.0,0.0,0.0,0.4009,0.0,0.0,0.0,0.0957,0.0464,0.0,0.0,0.0,0.0,0.1199,0.0,0.0,0.0,0.0,0.0,0.0491,0.0,0.0971,0.3949,0.0614,0.0943,0.0,0.0,0.0,0.0,0.0,0.3943,0.1536,0.0467,0.0,0.0,0.0,0.0,0.2481,0.0,0.0,0.0,0.0,0.0,0.0,0.0
JLG,0.498,0.0999,0.0,0.0501,0.0,0.0484,0.0,0.055,0.0,0.0,0.0,0.0,0.0,0.0,0.0,0.0,0.0,0.0,0.0,0.0,0.0,0.0,0.0,0.0,0.0,0.0,0.0,0.0,0.0,0.048,0.0498,0.4509,0.0994,0.749,0.0959,0.0,0.0,0.0,0.055,0.0,0.0,0.0,0.4957,0.258,0.0,0.0,0.0,0.0484,0.0,0.0,0.0,0.0,0.0,0.0,0.0997
QFO,0.5589,0.0,0.4536,0.0,0.0,0.0,0.0,0.0,0.0,0.21,0.0,0.0,0.0,0.0991,0.0498,0.0,0.0,0.0,0.0,0.0,0.0,0.0,0.0,0.0,0.0,0.0,0.0,0.0,0.0,0.0,0.0,0.0,0.0,0.0,0.5421,0.0,0.1987,0.0,0.0,0.0,0.0,0.0,0.0,0.0,0.0,0.0,0.0,0.1002,0.0,0.0,0.0,0.0,0.0487,0.0,0.0976
ITH,0.2455,0.0948,0.0,0.0,0.0,0.1429,0.0479,0.0551,0.0,0.4551,0.0,0.1424,0.0467,0.3606,0.0,0.0,0.0,0.0,0.0,0.0,0.0,0.0,0.0,0.0,0.0,0.0,0.0466,0.0,0.0,0.0,0.0,0.0479,0.0,0.0,0.0,0.0,0.0469,0.0,0.0,0.0,0.0,0.0,0.0462,0.0,0.1903,0.2385,0.1032,0.3121,0.0469,0.0,0.0,0.0,0.0467,0.0,0.0
PRY,0.1572,0.0,0.0,0.0,0.0,0.0989,0.0,0.0994,0.0,0.5492,0.0499,0.1073,0.0982,0.3978,0.0,0.0,0.0,0.0,0.0494,0.0,0.0,0.0,0.0,0.0,0.0,0.0,0.0,0.05,0.1018,0.0,0.0,0.0,0.0,0.0,0.0,0.0,0.0,0.0,0.0,0.0,0.0,0.0,0.0,0.0,0.0499,0.0,0.0,0.3936,0.0,0.0483,0.1018,0.0,0.1059,0.0,0.0
NUQ,0.0478,0.0,0.0,0.0,0.0,0.0486,0.0965,0.1442,0.0,0.0,0.0,0.0,0.0,0.3617,0.0,0.0,0.0,0.0493,0.0,0.0,0.0494,0.0525,0.1573,0.0,0.0532,0.1063,0.106,0.0,0.0465,0.0,0.0479,0.0493,0.0493,0.0498,0.0468,0.0,0.0,0.0,0.0,0.0525,0.0961,0.0,0.0486,0.0524,0.0479,0.0,0.0,0.0,0.0,0.0,0.0941,0.0507,0.0,0.0,0.0
JMX,0.0516,0.0,0.0,0.0,0.05,0.1424,0.0951,0.0951,0.0,0.2749,0.0,0.0449,0.155,0.182,0.0497,0.0,0.0466,0.0,0.0,0.0,0.0,0.0,0.0,0.0,0.0,0.0,0.091,0.0,0.0464,0.0,0.0,0.0451,0.0,0.1001,0.0466,0.1005,0.0,0.0,0.0,0.0,0.0,0.0,0.0,0.0501,0.1101,0.07,0.0,0.3399,0.0,0.0,0.0,0.0,0.0,0.0,0.0
EMK,0.2007,0.0,0.0,0.0573,0.0,0.0,0.0,0.0,0.0,0.0,0.0,0.0,0.0,0.0469,0.0,0.0,0.0,0.0469,0.0,0.0,0.0,0.0,0.0,0.0,0.0,0.0,0.0,0.0,0.0474,0.0,0.0,0.0486,0.1998,0.0,0.0,0.0,0.0,0.1112,0.0,0.0601,0.7131,0.4399,0.0491,0.0491,0.0,0.0,0.0,0.1516,0.0,0.0,0.0,0.0,0.0,0.0,0.0
INK,0.3592,0.0,0.0,0.0,0.0,0.0,0.0,0.0,0.0,0.2657,0.0,0.3642,0.0,0.3767,0.3164,0.0,0.0602,0.0514,0.0,0.0,0.0537,0.0,0.0,0.0,0.1289,0.0,0.0,0.0,0.0,0.0,0.0,0.0,0.0,0.0493,0.6869,0.0493,0.5509,0.0438,0.0426,0.0,0.0,0.0,0.0438,0.0,0.0,0.0,0.0,0.0955,0.0,0.0,0.0,0.0,0.0,0.0462,0.0
WCH,0.1005,0.0,0.0,0.0,0.0,0.1536,0.0977,0.2411,0.0,0.1513,0.0,0.104,0.0545,0.6966,0.0994,0.0,0.0,0.0476,0.0969,0.0,0.1481,0.0,0.0,0.0,0.0513,0.0,0.103,0.0,0.0995,0.0,0.0,0.0,0.0,0.0545,0.0,0.0,0.0,0.0,0.0,0.0,0.0,0.0,0.047,0.0,0.0,0.0,0.0,0.4132,0.0,0.0,0.0,0.0,0.0,0.0,0.0
TOY,0.676,0.0,0.0419,0.0,0.0,0.0,0.0,0.0,0.0,0.1333,0.0,0.0,0.0,0.5406,0.0409,0.0,0.0,0.0419,0.0,0.0,0.213,0.0,0.2437,0.1327,0.0409,0.0,0.0,0.0,0.044,0.0,0.0,0.0,0.0609,0.0408,0.1849,0.0,0.0828,0.0,0.0424,0.0,0.0506,0.0,0.0408,0.0,0.0,0.0,0.0,0.0775,0.0,0.0,0.0,0.0,0.0,0.0,0.0419
ZBS,0.0979,0.0,0.0,0.0,0.0497,0.1613,0.0981,0.0486,0.0,0.1977,0.0,0.0993,0.0497,0.0997,0.0,0.0,0.0495,0.0,0.0,0.0,0.0,0.0,0.0,0.0,0.0,0.0,0.0487,0.0,0.1458,0.0,0.147,0.05,0.0988,0.1011,0.0487,0.0,0.0978,0.0,0.0,0.0,0.0988,0.0988,0.1005,0.0989,0.0986,0.0,0.0497,0.1989,0.0,0.0,0.1962,0.0495,0.0491,0.0,0.0
VRJ,0.1825,0.0,0.0,0.0,0.094,0.043,0.0834,0.4183,0.0,0.1719,0.0,0.0675,0.0,0.0522,0.0,0.0,0.0,0.0472,0.0,0.0,0.0,0.0,0.0,0.0,0.0,0.0,0.0467,0.0,0.2389,0.0463,0.1924,0.0,0.0,0.043,0.0,0.0,0.0,0.0,0.0,0.0,0.0,0.0,0.043,0.0891,0.1114,0.1155,0.0,0.1828,0.0,0.0418,0.1555,0.0673,0.0,0.0,0.0886
GLM,0.2001,0.0,0.0,0.0,0.0,0.0496,0.0,0.2484,0.0,0.3845,0.0,0.0494,0.0476,0.0946,0.0479,0.0,0.0,0.0,0.0,0.0,0.0,0.0,0.0,0.0,0.0,0.0,0.0448,0.0448,0.1462,0.0,0.1931,0.0,0.0448,0.0,0.0552,0.0,0.0,0.0,0.0,0.0,0.0448,0.0448,0.1116,0.0501,0.057,0.0,0.0,0.2366,0.0,0.0,0.2612,0.0,0.0,0.0,0.0
ETS,0.0447,0.0,0.0,0.0,0.0,0.0,0.0,0.0525,0.0,0.1906,0.0455,0.0441,0.0504,0.1938,0.1392,0.0,0.0,0.0,0.0,0.0,0.0,0.0,0.0,0.0,0.0,0.0,0.0,0.0,0.0,0.0,0.0,0.0,0.0971,0.0,0.429,0.1021,0.723,0.0914,0.0,0.0,0.0971,0.0,0.0504,0.0,0.0,0.0447,0.0,0.0979,0.0,0.0,0.0,0.0,0.0,0.0,0.0
YTH,0.4372,0.0,0.0,0.0,0.0,0.0,0.0,0.0,0.0,0.096,0.0,0.0,0.0,0.9079,0.0668,0.0,0.0,0.0436,0.0471,0.0,0.3746,0.0,0.0903,0.0432,0.1534,0.1149,0.3595,0.0,0.0,0.0432,0.0,0.1266,0.0436,0.1294,0.048,0.0,0.0,0.0,0.0932,0.0,0.0868,0.0,0.0,0.0432,0.0,0.0,0.0,0.2239,0.0,0.0,0.0,0.0,0.0,0.0,0.0
HSX,0.0365,0.0,0.0,0.0,0.0,0.0376,0.0,0.0385,0.0,0.1645,0.0361,0.0442,0.0421,0.1189,0.1956,0.0,0.0781,0.0,0.0,0.0,0.0,0.0,0.0,0.0,0.0,0.0,0.0,0.0,0.112,0.0,0.0,0.0706,0.3574,0.0376,0.4807,0.0797,0.4787,0.0737,0.0,0.0,0.3574,0.0,0.0797,0.0,0.0,0.0,0.0,0.1694,0.0,0.0,0.0,0.0,0.0365,0.0,0.0
KLS,0.0834,0.0,0.0,0.0,0.0485,0.0485,0.0485,0.0874,0.0,0.281,0.0418,0.0433,0.1474,0.3118,0.0,0.0,0.0,0.0418,0.0751,0.0,0.0,0.0,0.0,0.0,0.0,0.0,0.0,0.0863,0.178,0.0,0.1824,0.0944,0.1507,0.1771,0.0,0.0,0.0,0.0,0.0,0.0,0.1507,0.0499,0.2096,0.0906,0.0,0.0,0.1827,0.4514,0.0,0.0,0.3135,0.0,0.0416,0.0,0.0
CYI,0.2261,0.0,0.0,0.0,0.2102,0.0461,0.0,0.0456,0.0,0.4146,0.0598,0.0983,0.0,0.1429,0.0456,0.0,0.0,0.0,0.0,0.0,0.0,0.0,0.0,0.0,0.0,0.0,0.0,0.1923,0.195,0.0,0.0,0.0,0.0,0.1642,0.0,0.0,0.0,0.0,0.0,0.0,0.0491,0.0,0.0,0.0446,0.045,0.0,0.2086,0.606,0.0,0.0597,0.0,0.0,0.0,0.0,0.0
VGG,0.1479,0.0,0.0,0.0,0.0,0.0,0.0,0.0,0.0,0.0903,0.0,0.0,0.0,0.2549,0.0,0.0,0.0,0.0,0.0,0.0,0.0,0.0,0.3513,0.2456,0.2459,0.0,0.0,0.0,0.0,0.0,0.0,0.0578,0.0,0.0,0.0578,0.0,0.0,0.0,0.0,0.0,0.1046,0.0,0.0,0.048,0.0,0.0,0.0,0.1889,0.0,0.0,0.0,0.0,0.0,0.0,0.0998
STM,0.1569,0.0479,0.0,0.0,0.0,0.204,0.0972,0.0,0.0,0.2892,0.0,0.0,0.0,0.3951,0.0,0.0,0.0971,0.0,0.053,0.0,0.0,0.0,0.0479,0.0,0.1991,0.0,0.051,0.2101,0.1573,0.0,0.0483,0.0965,0.0,0.0,0.0,0.0,0.0,0.0,0.0,0.0,0.0,0.0,0.051,0.0951,0.0,0.0,0.1941,0.6549,0.0,0.0,0.0,0.0,0.0483,0.0,0.0
PSA,0.1496,0.0507,0.0,0.0,0.0,0.0998,0.249,0.549,0.0974,0.106,0.0,0.0493,0.0,0.1962,0.0534,0.0,0.0,0.052,0.0,0.0,0.0,0.0,0.0,0.0,0.0,0.0483,0.0,0.0,0.1459,0.0,0.0,0.0,0.0,0.0,0.0,0.0,0.0,0.0,0.0,0.0,0.0,0.0,0.1004,0.0974,0.1029,0.0493,0.0,0.0988,0.1506,0.0,0.1014,0.0993,0.0,0.052,0.0
XAY,0.0,0.0,0.0,0.0,0.0466,0.0493,0.0,0.1058,0.0,0.3051,0.0,0.0,0.0512,0.0509,0.0,0.0,0.1954,0.0509,0.0,0.0,0.0,0.0,0.0,0.0,0.0,0.0,0.0,0.0,0.0,0.0,0.0,0.0522,0.0522,0.0507,0.0,0.0,0.0,0.0509,0.0,0.0,0.11,0.0,0.1051,0.0474,0.0926,0.0,0.1444,0.3958,0.0,0.0,0.0967,0.0969,0.0,0.0,0.0472
XOD,0.2457,0.0,0.0,0.0,0.0,0.1197,0.22,0.1945,0.0,0.1893,0.0,0.045,0.0933,0.3409,0.0,0.0,0.0,0.0958,0.0976,0.0,0.045,0.0,0.1705,0.0,0.0,0.0,0.0459,0.0,0.0,0.0511,0.0,0.0449,0.1612,0.0449,0.0459,0.0,0.091,0.0,0.0,0.0943,0.0,0.1102,0.0429,0.142,0.0,0.0,0.0459,0.1981,0.0922,0.0459,0.0,0.0628,0.0484,0.1054,0.0449
QQE,0.2065,0.0,0.0,0.0,0.0,0.2736,0.1002,0.0509,0.0,0.1308,0.0,0.0448,0.0,0.2473,0.2032,0.0412,0.0448,0.0422,0.0472,0.0414,0.0,0.0,0.1205,0.0,0.0472,0.0,0.0,0.0,0.1591,0.0,0.0,0.0422,0.0422,0.0509,0.092,0.0414,0.0448,0.0,0.0,0.0,0.0422,0.0,0.099,0.1392,0.0,0.0,0.0,0.1593,0.0,0.0,0.0733,0.0,0.0472,0.0,0.0
PZC,0.1516,0.1324,0.0,0.0,0.0388,0.2228,0.2972,0.2052,0.0,0.3333,0.0,0.2394,0.0,0.0903,0.0,0.0,0.0,0.0,0.0,0.0,0.0,0.0,0.0519,0.0,0.0,0.0,0.0,0.0,0.0,0.0,0.0,0.0,0.0,0.0,0.0,0.0,0.1362,0.0,0.0,0.0,0.0,0.0,0.0796,0.1164,0.0,0.0,0.0,0.1184,0.1226,0.0,0.0,0.1219,0.0648,0.0,0.0
ZHN,0.2369,0.0,0.0,0.0,0.0,0.0663,0.0,0.1112,0.0,0.4451,0.0,0.4099,0.048,0.379,0.1934,0.0,0.3149,0.0,0.0,0.0,0.0,0.0,0.0,0.0577,0.1928,0.0,0.0,0.0,0.0,0.0,0.0,0.0453,0.0453,0.0,0.5191,0.048,0.4093,0.0,0.0,0.0,0.0453,0.0,0.1375,0.0663,0.0,0.0,0.0,0.334,0.0,0.0,0.0,0.0,0.0,0.049,0.0
JKT,0.0919,0.0,0.0,0.0,0.0,0.0456,0.0467,0.0446,0.0,0.1817,0.0,0.0905,0.0,0.5718,0.0,0.0,0.0,0.0466,0.0467,0.0,0.1872,0.0,0.0,0.0,0.0911,0.1434,0.1873,0.0,0.0439,0.0,0.0,0.0,0.0,0.0,0.0,0.0,0.0457,0.0,0.0,0.0,0.0,0.0,0.0,0.0,0.0,0.0,0.0,0.3714,0.0,0.2101,0.0,0.0,0.0,0.0,0.0
GUG,0.4982,0.0,0.0,0.0,0.0,0.3025,0.0,0.5479,0.0498,0.4002,0.1487,0.0529,0.0543,0.4543,0.0527,0.0,0.0,0.0,0.0,0.0472,0.0,0.0,0.0,0.0,0.0,0.0,0.0,0.0,0.0514,0.0,0.0,0.0,0.0,0.0,0.0,0.0,0.0,0.0,0.0,0.0,0.0,0.0,0.0,0.0,0.0527,0.0,0.0472,0.3482,0.0,0.0,0.0,0.0,0.0,0.0,0.0
PTF,0.3013,0.0,0.0,0.0,0.0,0.0475,0.0,0.0979,0.0,0.1001,0.0,0.0953,0.0,0.7505,0.0953,0.0,0.0,0.1959,0.0,0.0,0.094,0.047,0.047,0.0,0.0525,0.0,0.047,0.0,0.0502,0.0,0.0,0.0,0.051,0.047,0.0,0.0,0.0,0.047,0.047,0.0475,0.0963,0.0,0.0,0.0,0.0,0.0,0.0,0.5545,0.0,0.0534,0.0,0.0,0.0463,0.0,0.0468
OHF,0.1561,0.0468,0.0,0.0,0.0,0.1902,0.0,0.0,0.0,0.0,0.0,0.0624,0.0,0.8409,0.0,0.0,0.0,0.1348,0.0521,0.0,0.2377,0.0,0.2079,0.0,0.3157,0.0624,0.0955,0.0,0.0,0.0,0.0,0.0,0.0,0.0,0.1983,0.0,0.0446,0.0509,0.0431,0.0,0.0,0.0,0.0624,0.0,0.0,0.0,0.0,0.4987,0.0,0.0,0.0,0.0,0.0,0.0,0.0
MAR,0.3479,0.0,0.0,0.0,0.0,0.0882,0.0,0.0,0.0,0.0,0.0,0.0,0.0,0.8527,0.0,0.0,0.0,0.1912,0.0582,0.0467,0.4018,0.0,0.0,0.0,0.2414,0.123,0.1004,0.0,0.0,0.0,0.0,0.0,0.0,0.0,0.0471,0.0,0.0,0.0,0.0912,0.0458,0.0,0.0,0.0458,0.0,0.0,0.0,0.0,0.5735,0.0,0.0432,0.0,0.0,0.0,0.0,0.0
XCM,0.6752,0.086,0.0,0.0,0.0,0.132,0.0,0.0,0.0,0.0,0.0,0.0437,0.0,0.5414,0.0,0.0,0.0,0.13,0.0903,0.0,0.3087,0.0,0.0454,0.2657,0.0468,0.0437,0.0,0.0,0.0,0.0,0.0,0.0,0.0,0.1025,0.044,0.0,0.0875,0.0,0.0,0.0,0.0,0.0,0.0437,0.0,0.0,0.0,0.0,0.42,0.0,0.0,0.0,0.0,0.0,0.0,0.0
DIJ,0.0898,0.0,0.0,0.0,0.0,0.1314,0.1854,0.0933,0.0493,0.0493,0.0443,0.0,0.0,0.6102,0.0431,0.0,0.0,0.133,0.0,0.0,0.0909,0.1594,0.1645,0.0,0.0,0.1061,0.1247,0.0,0.0,0.0,0.0,0.0,0.0448,0.0552,0.0,0.0,0.0,0.0461,0.0461,0.1112,0.0448,0.0,0.044,0.0469,0.0,0.0,0.0,0.0431,0.045,0.0,0.0,0.0,0.0,0.0,0.0
XGE,0.052,0.0,0.0,0.0,0.0636,0.3082,0.0923,0.4568,0.0,0.1969,0.0,0.044,0.044,0.2308,0.0,0.0,0.0,0.0472,0.051,0.0,0.0,0.0,0.0,0.0,0.0,0.0,0.0,0.0,0.0,0.0,0.0,0.0,0.0,0.044,0.0,0.0,0.0449,0.0,0.0,0.0,0.0,0.0,0.2079,0.1559,0.1966,0.1838,0.0,0.3717,0.0,0.0,0.0,0.0963,0.0,0.0,0.0
JIC,0.1246,0.0,0.0,0.0,0.0,0.0859,0.0,0.0,0.0,0.5781,0.0,0.1922,0.0422,0.417,0.0,0.0,0.0,0.044,0.0555,0.0428,0.0,0.0,0.0,0.0,0.0,0.0,0.0,0.2624,0.2985,0.0,0.0,0.0,0.0,0.049,0.0,0.0,0.0401,0.0,0.044,0.0,0.0488,0.0,0.0,0.0,0.0,0.0,0.1355,0.6051,0.0,0.0,0.0,0.0,0.0,0.0,0.0
SVI,0.0981,0.0,0.0,0.0,0.0527,0.1642,0.0984,0.0,0.0,0.1999,0.0,0.0494,0.1,0.1463,0.0,0.0,0.0478,0.0,0.0475,0.0,0.0,0.0,0.0,0.0,0.0,0.0,0.0,0.0,0.0993,0.0,0.1473,0.1455,0.1455,0.1049,0.0494,0.0,0.0992,0.0,0.0,0.0,0.0979,0.0509,0.0997,0.1015,0.0506,0.0,0.0527,0.2986,0.0,0.0,0.1002,0.0493,0.0475,0.0,0.05
QZH,0.1721,0.0,0.0,0.0,0.0,0.0815,0.0,0.0618,0.0,0.5917,0.0807,0.1236,0.3059,0.2718,0.0,0.0,0.0,0.0,0.0,0.0,0.0,0.048,0.0,0.0,0.0,0.0,0.0,0.0414,0.08,0.0,0.0,0.0,0.0,0.0,0.0,0.0,0.0,0.0,0.0,0.0,0.0,0.0,0.0,0.0,0.0489,0.0,0.0,0.4682,0.0,0.0,0.0414,0.0,0.2106,0.0421,0.0
ZEW,0.1997,0.0,0.0,0.0,0.0,0.1496,0.2065,0.2964,0.0,0.2908,0.0,0.0992,0.0,0.3974,0.0,0.0,0.0,0.1475,0.0953,0.0514,0.0,0.0,0.1554,0.0,0.0,0.0,0.0,0.0,0.0466,0.0491,0.0,0.0467,0.1554,0.0467,0.0,0.0,0.0,0.0,0.0,0.0479,0.0,0.1063,0.0,0.0491,0.0,0.0482,0.0,0.2503,0.0543,0.0,0.0,0.0537,0.0479,0.1027,0.0467
HUN,0.05,0.0,0.0,0.0,0.0,0.1003,0.0495,0.2577,0.0,0.2503,0.0,0.1512,0.0498,0.7498,0.0488,0.0,0.0,0.098,0.0514,0.0,0.1001,0.0,0.0531,0.0,0.0515,0.2018,0.1977,0.0,0.0514,0.0,0.0,0.0,0.0,0.0498,0.0,0.0,0.0,0.0,0.0,0.0,0.0,0.0,0.0541,0.0,0.0,0.0,0.0,0.3495,0.0,0.099,0.0,0.0,0.0,0.0,0.0
JFU,0.0901,0.0,0.0,0.0,0.0,0.1391,0.096,0.0492,0.0,0.0454,0.0,0.0454,0.0,0.5374,0.0,0.0,0.0,0.1909,0.0,0.0,0.1009,0.111,0.2017,0.0,0.048,0.1063,0.0479,0.0,0.0,0.0,0.0,0.0506,0.0962,0.0,0.05,0.0,0.0,0.0,0.0,0.0646,0.1462,0.0,0.0492,0.0571,0.0,0.0,0.0,0.0503,0.0,0.0,0.0,0.0,0.0,0.0,0.0
LCC,0.1523,0.0,0.0,0.0,0.1482,0.1484,0.0,0.0,0.0,0.3062,0.0,0.0,0.0,0.0983,0.0,0.0,0.0,0.0,0.0,0.0,0.0,0.0,0.0,0.0,0.0,0.0,0.0,0.1495,0.1478,0.0,0.0486,0.0,0.0,0.262,0.0,0.0,0.0,0.0,0.0,0.0,0.0,0.0,0.1024,0.0498,0.0,0.0,0.1522,0.6442,0.0,0.0543,0.0495,0.0,0.0,0.0,0.0
MDD,0.1177,0.0,0.0,0.0,0.0,0.1035,0.0481,0.1533,0.0,0.393,0.0,0.0476,0.0,0.1925,0.0,0.0,0.0,0.0,0.0476,0.0,0.0,0.0,0.0,0.0,0.0488,0.0,0.0,0.4712,0.261,0.0,0.1422,0.0,0.0,0.0,0.0,0.0,0.0,0.0452,0.0,0.0,0.0,0.0,0.0958,0.0985,0.0,0.0,0.0942,0.6131,0.0,0.0,0.1444,0.0,0.049,0.0,0.0
UBT,0.5471,0.0,0.0,0.048,0.0,0.0989,0.051,0.0478,0.0,0.2992,0.0,0.0955,0.0,0.497,0.0477,0.0,0.0477,0.1033,0.0493,0.0476,0.0,0.0,0.0,0.0,0.0977,0.0,0.0,0.0,0.0988,0.0,0.0,0.1587,0.051,0.0973,0.1472,0.0476,0.0949,0.1003,0.0476,0.0,0.1527,0.0,0.3039,0.05,0.0,0.0,0.0,0.2889,0.0,0.0,0.0,0.0,0.0983,0.0,0.0594
SWE,0.0968,0.0,0.0,0.0,0.0,0.0893,0.0,0.2524,0.0,0.2722,0.0,0.053,0.0,0.058,0.0,0.0,0.0,0.0,0.053,0.0,0.0,0.0,0.0,0.0,0.0,0.0,0.0385,0.351,0.4024,0.0,0.2727,0.0,0.0,0.0815,0.0,0.0,0.0,0.0,0.0,0.0,0.0,0.0,0.1997,0.1525,0.0,0.0,0.0446,0.4993,0.0,0.0,0.2996,0.0,0.0,0.0,0.0
YOP,0.2477,0.0,0.0,0.0,0.0,0.1493,0.0,0.0471,0.0,0.3019,0.0,0.2959,0.0494,0.2502,0.0,0.0,0.0,0.0,0.0,0.0,0.0,0.0,0.0,0.0,0.0,0.0,0.0,0.0521,0.1996,0.0471,0.0,0.0471,0.0992,0.0,0.0,0.0,0.0,0.0,0.0463,0.0,0.0471,0.0521,0.0,0.0,0.0,0.0,0.0471,0.245,0.0,0.0,0.1583,0.0,0.2477,0.0,0.0
RSD,0.0928,0.0,0.0,0.0,0.0,0.0912,0.0,0.2417,0.0,0.1984,0.0,0.0478,0.0934,0.2458,0.0,0.0,0.0435,0.0,0.049,0.0,0.0,0.0,0.0,0.0,0.0458,0.0,0.0,0.294,0.4131,0.0,0.2721,0.0543,0.0543,0.2607,0.0,0.0,0.0,0.0,0.0,0.0,0.0543,0.0,0.3086,0.1936,0.0,0.0,0.2467,0.4045,0.0,0.0,0.2662,0.0,0.0473,0.0,0.0
SOE,0.1497,0.0,0.0,0.0,0.0,0.1027,0.0,0.0,0.0,0.4507,0.0,0.2017,0.0985,0.3532,0.0,0.0,0.0,0.0,0.0,0.0,0.0,0.0,0.0,0.0,0.0,0.0,0.0,0.0,0.1967,0.0,0.0,0.0,0.0,0.0,0.0,0.0,0.0,0.0,0.0495,0.0,0.0,0.0,0.0,0.0,0.0,0.0,0.0,0.4023,0.0,0.0496,0.0993,0.0,0.1011,0.0,0.0
GGG,0.0,0.0,0.0,0.0,0.0,0.0,0.0,0.1109,0.0,0.2973,0.0451,0.1397,0.1488,0.1979,0.0,0.0,0.0,0.0,0.0,0.0,0.0,0.0,0.0,0.0,0.0,0.0,0.0,0.0462,0.0936,0.0,0.0,0.0,0.0,0.1425,0.0464,0.0,0.0464,0.0947,0.0484,0.0,0.0,0.0,0.0,0.0,0.0908,0.0,0.0985,0.2894,0.0,0.0,0.0658,0.0,0.0,0.0,0.0
IZX,0.0557,0.0557,0.0,0.0,0.0557,0.0967,0.2422,0.0935,0.0,0.1054,0.0,0.0497,0.0,0.3909,0.0,0.0,0.0,0.1461,0.0,0.0,0.0983,0.0,0.2005,0.0,0.0561,0.1015,0.0,0.0,0.0981,0.0,0.0,0.0998,0.0998,0.0,0.0525,0.0,0.0,0.0,0.0,0.0,0.1982,0.0,0.1027,0.0545,0.0,0.0,0.0,0.1501,0.0,0.0,0.0,0.0,0.0,0.0,0.0
TDI,0.2996,0.0,0.0,0.0,0.0,0.1571,0.0,0.0,0.0,0.4606,0.0,0.1965,0.1011,0.2999,0.0,0.0,0.0,0.0,0.0,0.0493,0.0,0.0,0.0,0.0,0.0,0.0,0.0,0.048,0.1462,0.0,0.0,0.0,0.048,0.0,0.0,0.0,0.0,0.0,0.0,0.0,0.0,0.048,0.0,0.0,0.0507,0.0,0.0,0.2458,0.0,0.0,0.1447,0.0,0.1947,0.0,0.0
HLX,0.3623,0.0537,0.0,0.0,0.0,0.0485,0.0,0.0,0.0,0.3892,0.0,0.3356,0.0938,0.0475,0.0,0.0,0.0,0.0473,0.0,0.0,0.0,0.0,0.0473,0.0,0.0,0.0522,0.0,0.0,0.0976,0.0,0.0473,0.1562,0.0537,0.0551,0.1569,0.0,0.0465,0.0,0.0,0.0,0.1011,0.0,0.0591,0.0,0.0,0.0,0.0,0.3426,0.0,0.0,0.0,0.0,0.0591,0.0,0.161
MMA,0.2977,0.0,0.0,0.0,0.0,0.0608,0.0,0.0,0.0,0.0473,0.0,0.0,0.0479,0.8448,0.0,0.0,0.0,0.1777,0.0457,0.0,0.3157,0.0,0.0,0.0591,0.2097,0.157,0.1043,0.0,0.0,0.0,0.0,0.0,0.0524,0.0,0.0,0.0,0.0458,0.0435,0.0544,0.0,0.098,0.0,0.0608,0.0,0.0,0.0,0.0,0.1721,0.0,0.1066,0.0,0.0,0.0,0.0,0.0
AUC,0.0456,0.0,0.0,0.0,0.0,0.1425,0.0,0.0,0.0,0.6726,0.2602,0.255,0.0914,0.6581,0.0,0.0,0.0,0.0,0.0,0.0,0.147,0.0447,0.0,0.0,0.0473,0.0,0.0968,0.0,0.0456,0.0,0.0,0.0,0.0,0.0,0.0463,0.0,0.0447,0.0463,0.0463,0.0,0.0,0.0,0.0415,0.0,0.0447,0.0,0.0,0.7999,0.0,0.0,0.0,0.0,0.0,0.0,0.0
BDW,0.6243,0.0553,0.0,0.0,0.0,0.0565,0.0,0.0458,0.0,0.3248,0.0437,0.0944,0.0454,0.2794,0.0,0.0,0.0,0.0437,0.0497,0.0437,0.0,0.0,0.0594,0.0,0.0,0.0484,0.0,0.0,0.0458,0.0,0.0594,0.1067,0.1052,0.1097,0.3035,0.0,0.0448,0.0,0.0,0.0,0.0487,0.0,0.0983,0.0445,0.0,0.0,0.0,0.2944,0.0,0.0491,0.0,0.0,0.1002,0.0,0.1617
JJH,0.1938,0.0,0.0,0.0,0.1468,0.0972,0.0,0.1432,0.0,0.5074,0.0,0.0,0.0475,0.2957,0.0516,0.0,0.0,0.0,0.0,0.0,0.0,0.0,0.0,0.0,0.0,0.0,0.0,0.0969,0.144,0.0,0.0,0.0,0.0,0.0498,0.0,0.0,0.0475,0.0,0.0,0.0,0.0,0.0,0.0,0.0,0.0,0.0,0.0952,0.5097,0.0,0.0,0.0928,0.0498,0.0,0.0,0.0
KLW,0.2992,0.0471,0.0,0.0,0.0,0.2985,0.0942,0.5007,0.0981,0.2491,0.0,0.0,0.0,0.2444,0.0554,0.0,0.0,0.0,0.0,0.0,0.0,0.0,0.0,0.0,0.0,0.0465,0.0,0.0,0.0573,0.0,0.0,0.0,0.0,0.0,0.0,0.0,0.0,0.0,0.0,0.0,0.0,0.0,0.0474,0.0465,0.0471,0.0952,0.0,0.1988,0.0942,0.0,0.0942,0.0474,0.0,0.0558,0.0
FKB,0.0,0.0,0.0,0.0,0.1387,0.0466,0.0453,0.0946,0.0,0.1384,0.0,0.0,0.0473,0.0892,0.0,0.0,0.0,0.0,0.0,0.0,0.0,0.0,0.0,0.0,0.0,0.0,0.0,0.0,0.1562,0.0684,0.2628,0.2099,0.1618,0.1427,0.045,0.046,0.045,0.0,0.0,0.0,0.1174,0.049,0.0954,0.1093,0.0,0.0,0.0473,0.3939,0.0,0.1618,0.3053,0.0482,0.0684,0.0,0.0
HXO,0.1377,0.0,0.0,0.0,0.0,0.2349,0.0498,0.0949,0.0494,0.0963,0.0463,0.0,0.0,0.4698,0.0464,0.0,0.0,0.1416,0.0,0.0,0.0463,0.0,0.0456,0.0461,0.0915,0.1013,0.0,0.0,0.0454,0.0,0.0,0.0468,0.0468,0.0,0.0,0.0,0.0,0.0,0.0,0.0,0.0972,0.0,0.0914,0.0,0.0,0.0,0.0,0.0918,0.0952,0.0,0.0,0.0,0.0,0.0,0.1457
QNI,0.0476,0.0,0.0,0.0,0.0,0.0955,0.0479,0.0,0.0,0.246,0.0,0.0518,0.0,0.1975,0.0,0.0,0.0985,0.0,0.0,0.0,0.0,0.0,0.0,0.0,0.0,0.0,0.0,0.049,0.2028,0.0482,0.0,0.0,0.0482,0.0482,0.0,0.0,0.0,0.0,0.0,0.0,0.101,0.0,0.0528,0.0476,0.0977,0.0,0.0987,0.2973,0.0541,0.049,0.1553,0.051,0.0,0.0,0.0
TPN,0.3567,0.0,0.0,0.0,0.0,0.0976,0.0491,0.1003,0.0,0.3932,0.0,0.1457,0.0,0.5544,0.1474,0.0,0.2436,0.0999,0.0,0.1473,0.1599,0.0,0.049,0.0,0.1995,0.0,0.0,0.0,0.0,0.0,0.0,0.0,0.0,0.0506,0.443,0.0987,0.5992,0.0,0.0496,0.0,0.0503,0.0,0.1573,0.153,0.0,0.0,0.0,0.2475,0.0,0.0,0.0,0.0,0.0,0.0,0.103
HMD,0.1932,0.0,0.0,0.0,0.0,0.144,0.0951,0.0,0.0,0.1575,0.0526,0.0479,0.0,0.6066,0.0,0.0,0.0,0.0,0.0532,0.0,0.258,0.0,0.1017,0.0,0.2462,0.1448,0.1954,0.0,0.0475,0.0,0.0,0.0,0.0,0.0,0.0475,0.0,0.0,0.0,0.0,0.0532,0.0,0.0,0.0475,0.0,0.0,0.0,0.0,0.4487,0.0,0.0997,0.0,0.0,0.0,0.0,0.0
WTS,0.0495,0.0,0.0,0.0,0.0,0.0428,0.3643,0.1643,0.0,0.0433,0.0,0.0,0.0,0.0933,0.0,0.0,0.0,0.0,0.0,0.0,0.0,0.0,0.0,0.0,0.0,0.0,0.2422,0.0,0.0435,0.0458,0.0,0.0495,0.0495,0.1784,0.0926,0.0503,0.0,0.0,0.0955,0.0,0.0461,0.0955,0.0443,0.1767,0.0444,0.09,0.0,0.2089,0.0992,0.0,0.0549,0.0549,0.0,0.0861,0.0
CIX,0.1959,0.0,0.0,0.0,0.0,0.0497,0.0476,0.0955,0.0,0.1453,0.0,0.0476,0.0,0.8443,0.0,0.0,0.0,0.0477,0.0519,0.1121,0.2026,0.0,0.0519,0.0,0.1006,0.0,0.0,0.0,0.0,0.0,0.0,0.0,0.0,0.0,0.0477,0.0,0.1462,0.0,0.0,0.0519,0.0,0.0,0.0,0.0,0.0961,0.1433,0.0,0.5972,0.0513,0.0,0.0,0.0,0.0487,0.0,0.056
RDB,0.0519,0.0,0.0,0.0,0.0,0.0998,0.0,0.4017,0.0,0.0966,0.0,0.0,0.0479,0.0,0.0,0.0,0.0,0.0,0.0,0.0,0.0,0.0,0.0,0.0,0.0,0.0,0.0,0.1484,0.2506,0.0,0.1479,0.0,0.0,0.0,0.0,0.0,0.0,0.0,0.0,0.0,0.0,0.0,0.0,0.1066,0.0,0.1001,0.0504,0.2446,0.0,0.0,0.2477,0.0483,0.0,0.0,0.0
OLM,0.143,0.0,0.0,0.0,0.1006,0.1468,0.069,0.0457,0.0,0.4916,0.0535,0.2373,0.1521,0.2343,0.0,0.0,0.0,0.0,0.0,0.0,0.0,0.0,0.0,0.0,0.0,0.0,0.0,0.0,0.0954,0.0,0.0,0.0,0.0,0.051,0.0,0.1006,0.0,0.0,0.0,0.0,0.0,0.0,0.1225,0.0,0.2295,0.0,0.0495,0.343,0.0,0.0,0.0478,0.0,0.0946,0.0,0.0
AYC,0.3817,0.0,0.0,0.0,0.0,0.044,0.0,0.1132,0.0,0.4726,0.0,0.0,0.0749,0.123,0.0541,0.0,0.0,0.0,0.0,0.0,0.0,0.0,0.0,0.0,0.0,0.0,0.0,0.0749,0.0985,0.0,0.0,0.0,0.0,0.0829,0.0,0.0,0.0749,0.0,0.0,0.0,0.0869,0.0454,0.0,0.0,0.0,0.0,0.0506,0.2567,0.0,0.0,0.0693,0.0481,0.0,0.0899,0.0
FSV,0.1988,0.0,0.0,0.0,0.0,0.0,0.0,0.0,0.0,0.7032,0.1445,0.4499,0.3026,0.7015,0.0,0.0,0.0,0.0461,0.0,0.0461,0.1904,0.0,0.0,0.0,0.0461,0.0612,0.0,0.0,0.0976,0.0,0.0,0.0,0.0,0.0,0.0,0.0,0.0,0.0,0.0,0.0,0.0,0.0,0.0,0.0559,0.0461,0.0,0.0,0.659,0.0,0.0,0.0,0.0,0.0,0.0,0.0
CLB,0.2034,0.0,0.0,0.0,0.0,0.2009,0.2553,0.558,0.0504,0.2972,0.0,0.0534,0.0,0.3471,0.0474,0.0,0.0,0.0,0.0,0.0,0.0,0.0,0.0,0.0,0.0,0.0964,0.0,0.0,0.0507,0.0,0.0,0.0,0.0,0.0,0.0,0.0,0.0,0.0,0.0,0.0,0.0,0.0,0.0469,0.048,0.0523,0.0523,0.0,0.2478,0.0957,0.0,0.0488,0.0488,0.0,0.1032,0.0
QGE,0.0,0.0,0.0,0.0,0.292,0.048,0.0,0.1523,0.0,0.3917,0.0,0.0,0.2493,0.1004,0.0,0.0,0.1078,0.0,0.0,0.0,0.0,0.0,0.0,0.0,0.0,0.0,0.0,0.0969,0.0504,0.0,0.0,0.0525,0.0,0.1005,0.0,0.0,0.0,0.0504,0.0504,0.0,0.0,0.0,0.0,0.0,0.0,0.0,0.2032,0.66,0.0,0.0482,0.0,0.0,0.0,0.0,0.0
FGW,0.2489,0.0,0.0,0.0,0.0494,0.0,0.0,0.0983,0.0,0.4963,0.0,0.0,0.0,0.0988,0.0,0.0494,0.0,0.0,0.0483,0.0,0.0,0.0,0.0,0.0,0.0,0.0,0.048,0.1023,0.2022,0.0,0.0,0.0,0.0,0.048,0.0973,0.0514,0.0,0.0,0.048,0.0,0.0,0.0,0.0,0.0,0.0489,0.0,0.1506,0.5529,0.0,0.0,0.0,0.0,0.0483,0.2485,0.0
LBZ,0.367,0.0,0.0,0.0,0.0,0.1965,0.046,0.2936,0.0514,0.4168,0.1467,0.046,0.0,0.3711,0.0,0.0478,0.0,0.0,0.0,0.0468,0.0,0.0,0.0,0.0,0.0,0.0,0.0,0.0,0.0,0.0,0.0,0.1426,0.0966,0.0,0.0,0.0,0.0,0.0,0.0,0.0,0.0966,0.0,0.0465,0.0,0.1407,0.1885,0.1414,0.2921,0.0,0.0,0.0,0.0,0.0,0.0,0.0
FLP,0.0492,0.0,0.0,0.0,0.0491,0.0,0.047,0.2018,0.0,0.3921,0.0,0.0,0.0505,0.0478,0.0,0.0,0.1991,0.0478,0.0,0.0,0.0,0.0,0.0,0.0,0.0,0.0,0.0,0.0486,0.0949,0.0492,0.0,0.0498,0.0498,0.0492,0.0,0.096,0.047,0.0478,0.0,0.0,0.0498,0.0,0.0,0.0971,0.0,0.0,0.2426,0.3966,0.0,0.0,0.0527,0.0527,0.0,0.0,0.0666
ZDX,0.0969,0.0,0.0,0.0,0.0,0.1455,0.4543,0.3919,0.0,0.0,0.0,0.0483,0.0482,0.1478,0.0,0.0,0.0,0.0,0.0488,0.0,0.0,0.0483,0.0,0.0,0.0,0.05,0.1514,0.0,0.0966,0.1014,0.0,0.05,0.0,0.05,0.0,0.0508,0.0,0.0,0.1007,0.0,0.0488,0.0,0.059,0.0531,0.2032,0.051,0.0483,0.2963,0.2553,0.0,0.0504,0.1476,0.0,0.0,0.0
DQI,0.1537,0.0,0.0,0.0,0.0,0.1028,0.0996,0.0994,0.0,0.251,0.0,0.0524,0.0524,0.5028,0.0,0.0,0.049,0.0,0.0484,0.0495,0.0,0.0,0.0493,0.0,0.0,0.0,0.0,0.0,0.0,0.0,0.0,0.0,0.0493,0.0537,0.0972,0.0521,0.0973,0.0,0.0,0.0,0.0,0.0493,0.1043,0.1021,0.2467,0.3926,0.0486,0.3975,0.0,0.0,0.0,0.0493,0.0511,0.0503,0.0
CGJ,0.1541,0.0,0.0,0.0,0.0,0.2491,0.2483,0.4025,0.0492,0.0,0.0,0.0,0.0983,0.0491,0.0,0.0,0.0,0.0494,0.0,0.0,0.0,0.0473,0.0,0.0,0.0,0.0,0.0,0.0,0.0491,0.0,0.0,0.0,0.0494,0.0,0.0,0.0,0.0,0.0,0.0,0.0,0.0494,0.0,0.297,0.1497,0.0,0.0491,0.0,0.2937,0.1491,0.0491,0.0,0.3974,0.0,0.0,0.0
QBM,0.1885,0.0,0.0,0.0,0.0,0.0,0.048,0.0,0.0,0.456,0.05,0.4532,0.0928,0.1049,0.0,0.0,0.0,0.044,0.0,0.0,0.0,0.045,0.0,0.0,0.0,0.0,0.0,0.0,0.092,0.048,0.0,0.044,0.0,0.0,0.0456,0.0,0.045,0.0,0.0,0.0,0.092,0.048,0.0476,0.0,0.045,0.0456,0.0,0.4328,0.0,0.048,0.0,0.0,0.0469,0.0,0.0473
DSF,0.0,0.0,0.0,0.0,0.0,0.0,0.0524,0.1414,0.0,0.0,0.0,0.0,0.0,0.3525,0.0,0.0,0.0,0.0,0.0,0.0,0.0,0.2633,0.0998,0.0,0.0964,0.0479,0.3961,0.0,0.0942,0.0,0.0,0.0,0.0,0.2025,0.099,0.0,0.0,0.0,0.0988,0.1138,0.0,0.0,0.0,0.093,0.0,0.0,0.0,0.1971,0.0,0.0978,0.0,0.0,0.0,0.0,0.0
ASY,0.4323,0.0,0.0,0.0,0.0485,0.093,0.0429,0.1388,0.0,0.2232,0.0,0.0438,0.0,0.0,0.0,0.0,0.0,0.0,0.0,0.0,0.0,0.0,0.0,0.0,0.0,0.0,0.0,0.0,0.1547,0.0,0.1132,0.1351,0.0,0.1351,0.0,0.0,0.0429,0.0,0.0,0.0,0.0,0.0,0.2198,0.1311,0.0878,0.0,0.0,0.4862,0.0,0.0,0.0445,0.0,0.0438,0.0,0.0754
XQA,0.0704,0.0,0.0,0.0,0.0,0.1273,0.0545,0.0916,0.0371,0.0371,0.0372,0.0,0.0,0.3906,0.0,0.0,0.0,0.1804,0.0,0.0,0.0898,0.0742,0.2199,0.0,0.0612,0.0974,0.0356,0.0,0.0,0.0,0.0,0.0703,0.0703,0.0,0.0546,0.0,0.0,0.0,0.0,0.0742,0.198,0.0,0.0545,0.1185,0.0,0.0,0.0,0.0397,0.0,0.0,0.0,0.035,0.0348,0.0,0.0
GXK,0.5026,0.0,0.0,0.0,0.0485,0.0,0.0,0.051,0.0,0.5512,0.1077,0.0459,0.0459,0.4941,0.0,0.0,0.0,0.0,0.0,0.0,0.0,0.0,0.0499,0.0,0.0,0.0459,0.0,0.0501,0.1515,0.0,0.0,0.0,0.0,0.0988,0.0,0.0,0.0,0.0,0.0501,0.0,0.0499,0.0,0.0497,0.149,0.0,0.0,0.0,0.4963,0.0,0.0,0.0,0.0501,0.0,0.0,0.0
YOI,0.1846,0.0,0.0,0.0,0.0991,0.0483,0.0,0.1492,0.0,0.3717,0.0,0.0,0.0,0.3286,0.0,0.0,0.0,0.0,0.0,0.0,0.0,0.0,0.0,0.0,0.0,0.0,0.0,0.0934,0.1934,0.0,0.1577,0.0,0.0,0.1986,0.0,0.0446,0.0,0.0,0.0,0.0,0.0,0.0,0.0486,0.0,0.1445,0.0,0.1821,0.7012,0.0,0.0446,0.1948,0.0,0.0,0.0,0.0
GRO,0.1438,0.0,0.0,0.0,0.0,0.047,0.0,0.1978,0.0,0.1514,0.0,0.0,0.0,0.0,0.0,0.0,0.0,0.0,0.0,0.0,0.0,0.0,0.0,0.0,0.0,0.0,0.0492,0.047,0.2966,0.0,0.1452,0.1573,0.0,0.1491,0.0,0.0,0.0,0.0,0.0,0.0,0.0467,0.0,0.255,0.1559,0.0,0.0,0.0,0.1486,0.0,0.0,0.0982,0.0,0.0,0.0,0.0
UUA,0.2068,0.0495,0.0,0.0,0.0,0.1451,0.153,0.5493,0.0552,0.2461,0.0,0.0,0.0,0.3977,0.0519,0.0,0.0,0.0,0.0,0.0,0.0,0.0,0.0,0.0,0.0,0.096,0.0,0.0,0.1536,0.0,0.0,0.0,0.0,0.0,0.0,0.0,0.0,0.0,0.0,0.0,0.0,0.0,0.0996,0.1025,0.1001,0.0481,0.0,0.1463,0.153,0.0,0.099,0.0,0.0,0.0,0.0
PJK,0.161,0.0,0.0,0.0,0.0,0.1601,0.1375,0.4667,0.0515,0.4677,0.0,0.0893,0.0,0.3897,0.0634,0.0,0.0,0.0888,0.0,0.0442,0.0,0.0,0.0,0.0,0.0,0.0445,0.0,0.0,0.0,0.0,0.0,0.0,0.0,0.0,0.0,0.0,0.0664,0.0,0.0,0.0,0.0,0.0,0.0,0.0445,0.043,0.0877,0.0,0.2535,0.0,0.0,0.0,0.0,0.0,0.0884,0.0
XRT,0.2056,0.0,0.0,0.0,0.0,0.1047,0.0535,0.0,0.0,0.5003,0.0535,0.5084,0.151,0.2941,0.0,0.0,0.0,0.0474,0.0,0.0,0.0,0.0,0.0,0.0,0.0,0.0,0.0,0.0,0.0496,0.0535,0.0,0.0936,0.0462,0.0,0.0,0.0,0.0,0.0,0.0,0.0,0.1472,0.0535,0.0473,0.0,0.0,0.0,0.0,0.5536,0.0,0.0535,0.0,0.0,0.1043,0.0,0.0474
NUJ,0.1002,0.0,0.0,0.0,0.0,0.0499,0.1476,0.149,0.0499,0.0533,0.0533,0.0533,0.0499,0.2018,0.0494,0.0,0.0,0.0,0.0492,0.0,0.0,0.0,0.0,0.0,0.0,0.0,0.2997,0.0,0.2004,0.0983,0.0,0.0514,0.0,0.0514,0.0,0.0507,0.0,0.0,0.0514,0.0,0.0,0.0,0.0,0.0499,0.0494,0.0494,0.0,0.3013,0.0,0.0,0.0,0.1982,0.0,0.0,0.0
KWA,0.1439,0.0,0.0,0.0,0.0473,0.0,0.101,0.2128,0.0,0.1444,0.0,0.0512,0.0497,0.101,0.0,0.0,0.0,0.0,0.0,0.0,0.0,0.0,0.0,0.0,0.0,0.0,0.0503,0.0491,0.0974,0.0,0.0483,0.2465,0.244,0.2482,0.0,0.0,0.0,0.0,0.0,0.0,0.0973,0.0,0.1138,0.0478,0.0,0.0512,0.0,0.2965,0.0,0.0473,0.0483,0.0,0.0,0.0,0.0
UNS,0.0,0.0,0.0,0.0,0.046,0.0457,0.0,0.0978,0.0,0.2826,0.0,0.0439,0.0876,0.0895,0.0,0.0,0.2259,0.0456,0.0,0.0,0.0,0.0,0.0,0.0,0.0,0.0,0.0,0.0,0.0456,0.0,0.0,0.0471,0.0471,0.0,0.0,0.0,0.0,0.0456,0.0,0.0,0.0899,0.0,0.0905,0.0476,0.0905,0.0,0.1113,0.3468,0.0,0.0,0.1703,0.0771,0.0,0.0,0.0444
NMR,0.1563,0.0486,0.0,0.0,0.0,0.0486,0.1979,0.5419,0.0517,0.2527,0.0,0.0495,0.0,0.2541,0.0538,0.0,0.0,0.0,0.0,0.0,0.0,0.0,0.0,0.0,0.0,0.0979,0.0,0.0,0.1011,0.0,0.0,0.0,0.0,0.0,0.0,0.0,0.0,0.0,0.0,0.0,0.0,0.0,0.0499,0.1009,0.1465,0.0961,0.0,0.2439,0.1483,0.0,0.0971,0.0,0.0,0.0,0.0
NXT,0.3084,0.0,0.0,0.0,0.0,0.2497,0.0484,0.0991,0.0,0.3917,0.0,0.1025,0.0966,0.1494,0.0496,0.0,0.0,0.0,0.0493,0.0,0.0,0.0,0.0,0.0,0.0,0.0,0.0,0.0,0.1484,0.0,0.0483,0.0483,0.0483,0.0,0.0,0.0,0.0484,0.0,0.0,0.0,0.0483,0.0483,0.0,0.0971,0.0489,0.0,0.0482,0.1995,0.0,0.0,0.1487,0.0995,0.0,0.0,0.0
UTG,0.4465,0.0,0.0,0.0,0.0,0.0437,0.0,0.0,0.0,0.7047,0.0421,0.1779,0.093,0.1358,0.0,0.0,0.0,0.0576,0.0,0.0,0.0421,0.0,0.0,0.0,0.0,0.0,0.0453,0.0504,0.1019,0.0,0.0,0.0,0.0576,0.0,0.0,0.0,0.0,0.0,0.0,0.0,0.0576,0.0,0.1152,0.0,0.0,0.0,0.0,0.3998,0.0,0.0917,0.0504,0.0,0.0,0.0,0.044
PSK,0.0475,0.0,0.0,0.0,0.0502,0.1456,0.0978,0.2018,0.0,0.2992,0.0,0.0,0.0448,0.0442,0.0,0.0,0.0,0.0,0.0,0.0,0.0,0.0,0.0,0.0,0.0,0.0,0.0455,0.1994,0.2429,0.0,0.2564,0.0562,0.0,0.1018,0.0,0.1011,0.0,0.0,0.0,0.0,0.0,0.0,0.055,0.0,0.0636,0.0,0.1453,0.6369,0.0,0.1064,0.1903,0.0458,0.0,0.0,0.0475
QQM,0.1599,0.0,0.0,0.0,0.0,0.0,0.0461,0.0461,0.0,0.0,0.0,0.0,0.0,0.0516,0.0,0.0,0.0,0.0,0.0,0.0,0.0,0.0,0.0,0.0,0.0,0.0,0.0517,0.0,0.0924,0.2618,0.0924,0.5117,0.1998,0.4564,0.0,0.0,0.0,0.0,0.0,0.0,0.0469,0.0,0.2033,0.2651,0.0,0.0,0.0583,0.0516,0.0,0.0,0.0924,0.0,0.0,0.0,0.0607
XYD,0.3599,0.0,0.0,0.0,0.0,0.0491,0.0,0.0491,0.0,0.0495,0.0,0.0491,0.0,0.1987,0.0,0.0,0.0,0.0489,0.0,0.0,0.0967,0.0,0.0,0.0,0.0,0.0,0.0938,0.0,0.0,0.161,0.0,0.4083,0.3205,0.4338,0.0,0.0,0.0,0.0,0.0,0.0,0.1101,0.0,0.0496,0.0496,0.0495,0.0,0.0,0.0483,0.0,0.0483,0.0,0.0,0.0,0.0,0.0593
LGI,0.0814,0.0,0.0,0.0,0.0,0.584,0.121,0.7561,0.3224,0.0,0.0,0.0,0.0,0.2086,0.0,0.0,0.0,0.0426,0.0,0.0,0.0426,0.0,0.0,0.0,0.0,0.0,0.0,0.0,0.1234,0.0,0.0,0.0,0.0,0.099,0.0,0.0,0.0,0.0,0.0,0.0,0.0,0.0,0.2439,0.0,0.0,0.0,0.0,0.2215,0.0,0.0784,0.0,0.4818,0.0,0.0,0.0
CVI,0.05,0.0,0.0,0.0,0.0,0.0477,0.0,0.0,0.0,0.0477,0.0,0.0,0.0,0.096,0.1415,0.0,0.0,0.0,0.0,0.0522,0.0,0.1598,0.0,0.0,0.0,0.0,0.0,0.0,0.0477,0.0,0.0,0.0,0.0494,0.0502,0.5489,0.0457,0.3433,0.1446,0.0466,0.3083,0.0,0.0,0.0,0.0,0.0,0.0,0.0,0.0,0.0,0.0,0.0,0.0,0.0,0.0,0.0
JYS,0.0,0.0,0.0,0.0,0.0,0.0926,0.049,0.0928,0.0,0.0931,0.0,0.0954,0.0954,0.1867,0.066,0.0,0.0,0.0,0.0922,0.0,0.0487,0.0,0.0,0.0,0.0,0.0,0.0483,0.0,0.0926,0.0,0.0,0.0483,0.0,0.0925,0.0461,0.0,0.1418,0.0,0.0,0.0,0.0,0.0,0.0,0.1414,0.1831,0.5536,0.091,0.3312,0.0,0.0,0.0,0.0,0.0464,0.0,0.0
MHM,0.1947,0.0,0.0,0.0,0.0,0.0983,0.0522,0.0501,0.0,0.049,0.0,0.0,0.0,0.7877,0.0,0.0,0.0,0.0,0.05,0.0,0.2463,0.0,0.05,0.0,0.0,0.1491,0.1484,0.0,0.0972,0.0,0.0,0.0513,0.05,0.0483,0.1465,0.0,0.0505,0.0,0.05,0.0,0.0,0.0,0.0,0.0,0.0,0.0,0.0,0.2959,0.0522,0.0,0.0,0.0489,0.0,0.0,0.0615
OXW,0.2005,0.0,0.0,0.0,0.0,0.0962,0.0484,0.1474,0.0,0.0478,0.0478,0.0,0.0,0.2009,0.0,0.0,0.0,0.0,0.0496,0.0,0.0,0.0,0.0,0.0,0.0,0.0,0.4069,0.0,0.1966,0.0478,0.0,0.301,0.0502,0.447,0.0,0.0,0.0,0.0,0.0481,0.0,0.0,0.0,0.1501,0.0502,0.0,0.0,0.0996,0.1986,0.0,0.0,0.0,0.0,0.0,0.0,0.0
TEU,0.1988,0.0,0.0,0.0,0.0,0.0472,0.0,0.1009,0.0,0.0,0.0,0.05,0.0,0.0546,0.0,0.0,0.0,0.0,0.0,0.0,0.0,0.0,0.0,0.0,0.0,0.0,0.0,0.0,0.1469,0.2559,0.0997,0.4512,0.1505,0.5994,0.0,0.0,0.0,0.0,0.0,0.0,0.0,0.0,0.3026,0.2594,0.0,0.05,0.0573,0.0546,0.0,0.0,0.0997,0.0,0.0,0.0,0.049
OQR,0.0,0.0,0.0,0.0,0.0,0.0482,0.0,0.0,0.0,0.4663,0.0,0.0,0.0454,0.2946,0.0,0.0,0.0,0.0,0.1137,0.0,0.0,0.0,0.0,0.0,0.0,0.0,0.0568,0.0,0.4553,0.0,0.0,0.0,0.0,0.0,0.0,0.0,0.0,0.0,0.046,0.0471,0.0,0.0,0.0,0.0,0.0,0.0,0.0,0.7403,0.0,0.0546,0.0,0.0568,0.0,0.0,0.0
VWR,0.0,0.0,0.0,0.0,0.0467,0.0494,0.0494,0.0,0.0,0.3281,0.0,0.1785,0.096,0.1426,0.0,0.0,0.0,0.0,0.0,0.0,0.0,0.0,0.0,0.0,0.0,0.0,0.0,0.1048,0.0891,0.0,0.1394,0.1387,0.1387,0.0925,0.0,0.0,0.09,0.0,0.0,0.0,0.0965,0.0517,0.0457,0.0575,0.0,0.0,0.0467,0.4383,0.0,0.0,0.1942,0.0476,0.0,0.0,0.0
RIP,0.193,0.0,0.0,0.0,0.0,0.1011,0.3073,0.1556,0.0516,0.1958,0.0,0.099,0.047,0.3863,0.0,0.0,0.0,0.0983,0.096,0.0,0.0934,0.0,0.2132,0.0,0.0474,0.0,0.047,0.0,0.0,0.0,0.0,0.0452,0.0993,0.0452,0.047,0.0,0.143,0.0,0.0,0.1428,0.0,0.0993,0.0,0.093,0.0,0.05,0.047,0.2493,0.0486,0.047,0.0,0.1091,0.0484,0.0509,0.0452
WCF,0.1078,0.0,0.0,0.0,0.0,0.451,0.051,0.5338,0.249,0.051,0.0,0.051,0.0,0.2469,0.0532,0.0,0.0,0.0,0.0,0.0,0.0,0.0,0.0,0.0,0.0,0.0,0.0,0.0,0.1959,0.0,0.0,0.0,0.0,0.0943,0.0,0.0,0.0,0.0,0.0,0.0,0.0,0.0,0.3036,0.1044,0.0481,0.0481,0.0,0.3063,0.0,0.0,0.0,0.2487,0.0,0.0,0.0
PBI,0.0882,0.0,0.0,0.0,0.0,0.0,0.1169,0.1553,0.0,0.1353,0.0,0.0451,0.0,0.2292,0.0929,0.0,0.0,0.0,0.0,0.0,0.0,0.0,0.0988,0.1862,0.0447,0.0,0.0,0.0,0.0,0.0,0.0,0.0,0.1032,0.0,0.0569,0.0,0.0,0.0,0.0,0.0491,0.0997,0.0506,0.0602,0.0491,0.0,0.0,0.0,0.0968,0.1169,0.0,0.0,0.0,0.0,0.0,0.0491
XLB,0.0416,0.0416,0.0,0.0,0.0,0.0943,0.0943,0.0938,0.0412,0.0836,0.0,0.0,0.0,0.2799,0.084,0.0,0.0,0.1097,0.0,0.0,0.0487,0.0527,0.171,0.0,0.0627,0.0973,0.0421,0.0,0.0416,0.0,0.0,0.0681,0.0681,0.0421,0.0999,0.0,0.0,0.0,0.0,0.0527,0.1723,0.0,0.0527,0.0681,0.0,0.0,0.0,0.0416,0.0,0.0,0.0,0.0836,0.0,0.0,0.0
AXO,0.1503,0.1138,0.0,0.0,0.0,0.0432,0.11,0.4209,0.0452,0.4388,0.0436,0.1576,0.0,0.2627,0.0452,0.0,0.0,0.0424,0.0,0.0,0.0,0.0,0.0452,0.0,0.0,0.0904,0.0,0.0,0.0432,0.0,0.0,0.0,0.0,0.0,0.0,0.0,0.0432,0.0,0.0,0.0,0.0,0.0,0.0,0.1068,0.0,0.0424,0.0,0.2419,0.0432,0.0,0.0,0.0597,0.0642,0.043,0.0
JMR,0.1516,0.0,0.0,0.0,0.0,0.0526,0.0,0.1032,0.0,0.1481,0.0,0.1032,0.0,0.2002,0.0,0.0,0.0,0.0971,0.0,0.0,0.1041,0.0,0.0,0.0,0.0,0.0,0.1532,0.0,0.0,0.1001,0.0,0.6451,0.1454,0.4962,0.0,0.0,0.0,0.0,0.0,0.0,0.0488,0.0,0.0993,0.1477,0.051,0.0506,0.0506,0.1491,0.0,0.0516,0.0,0.0,0.0,0.0,0.0484
DFF,0.1447,0.0,0.0,0.0,0.0,0.2874,0.0969,0.0488,0.0,0.0579,0.0,0.0579,0.0,0.2872,0.1067,0.0,0.0,0.0465,0.0,0.0,0.0,0.0,0.1475,0.2031,0.1089,0.0,0.0,0.0,0.143,0.0,0.0,0.0,0.0,0.0488,0.0982,0.0,0.0488,0.0493,0.0,0.0,0.0465,0.0,0.1923,0.1536,0.0,0.0,0.0,0.4656,0.0,0.0,0.0481,0.0,0.0,0.0,0.0
KTQ,0.1498,0.0,0.0,0.0,0.0,0.0492,0.2584,0.2066,0.0,0.1489,0.1988,0.0492,0.0,0.1503,0.0,0.0,0.0483,0.0486,0.0,0.0502,0.0,0.0,0.0,0.0,0.0,0.0,0.0478,0.0,0.0524,0.0,0.0,0.0483,0.0483,0.1014,0.1462,0.3906,0.0,0.0976,0.0483,0.0,0.0,0.0483,0.0985,0.1068,0.1029,0.0,0.0,0.1962,0.098,0.0,0.0496,0.1551,0.0,0.0475,0.049
YGY,0.149,0.0,0.0,0.0,0.0,0.1201,0.2293,0.228,0.0,0.1485,0.0,0.0,0.0,0.3855,0.0,0.0,0.0,0.0486,0.094,0.0,0.0454,0.0,0.1524,0.0,0.0,0.0,0.0,0.0,0.0,0.0487,0.0,0.0462,0.1524,0.0462,0.0,0.0,0.0467,0.0,0.0,0.0486,0.0,0.1037,0.0,0.094,0.098,0.191,0.0,0.399,0.0474,0.0,0.0,0.0582,0.0486,0.1263,0.0462
QQJ,0.1448,0.0,0.0,0.0,0.0,0.238,0.0,0.0493,0.0,0.3865,0.0,0.0936,0.2396,0.2006,0.0,0.0,0.0,0.0,0.0,0.0,0.0,0.0959,0.0,0.0,0.0,0.0,0.0,0.0531,0.1002,0.0,0.0,0.0,0.0,0.0,0.0,0.0,0.0491,0.0,0.0,0.0,0.0,0.0,0.0,0.0,0.0491,0.0,0.0464,0.4363,0.0,0.0,0.15,0.0,0.1439,0.0,0.0
MWN,0.2496,0.0,0.0,0.0,0.0,0.0491,0.0,0.0494,0.0,0.2933,0.0,0.1454,0.0,0.1482,0.0,0.0,0.0,0.0,0.0,0.0,0.0,0.0,0.0526,0.0,0.0,0.0,0.1446,0.0,0.0,0.2106,0.0,0.1976,0.1464,0.0478,0.0516,0.0,0.0,0.0,0.0,0.0,0.1963,0.0,0.0521,0.0,0.0,0.0,0.0,0.1488,0.0,0.0,0.0,0.0,0.0,0.0,0.0496
OCC,0.2562,0.0,0.0,0.0,0.0,0.0943,0.0488,0.0462,0.0,0.421,0.0,0.3146,0.0924,0.2515,0.0,0.0,0.0,0.0466,0.0466,0.0,0.0,0.0,0.0,0.0,0.0,0.0,0.0,0.047,0.2031,0.0,0.0,0.0,0.0497,0.0,0.0,0.0,0.0488,0.0,0.0,0.0,0.0,0.0497,0.0,0.0,0.0,0.0,0.0,0.2786,0.0,0.0,0.1559,0.0,0.2095,0.0,0.0
MAV,0.0997,0.0,0.0,0.0,0.0,0.2017,0.205,0.5489,0.0485,0.2541,0.0,0.1019,0.0,0.2476,0.1026,0.0,0.0,0.0492,0.0,0.0,0.0,0.0,0.0,0.0,0.0,0.0484,0.0,0.0,0.0509,0.0,0.0,0.0489,0.048,0.0489,0.0,0.0,0.0,0.0,0.0,0.0,0.0,0.048,0.0485,0.0484,0.0,0.0977,0.0,0.2494,0.0,0.0,0.0,0.0,0.0,0.1019,0.0489
OPG,0.0,0.0,0.0,0.0,0.0475,0.0939,0.0944,0.242,0.0,0.0475,0.0,0.0,0.0,0.0,0.0,0.0,0.0,0.0,0.0,0.0,0.0,0.0,0.0,0.0,0.0,0.0,0.0478,0.092,0.3788,0.0934,0.4405,0.0541,0.0478,0.0465,0.0,0.0,0.0,0.0,0.0,0.047,0.0478,0.0478,0.0465,0.0507,0.051,0.0,0.0,0.3335,0.0,0.148,0.5236,0.095,0.0,0.0,0.0
UXQ,0.1001,0.0,0.0,0.0,0.0497,0.0983,0.0544,0.0521,0.0,0.2529,0.0,0.0,0.1014,0.0498,0.0,0.0,0.047,0.0,0.0,0.0,0.0,0.0,0.0,0.0,0.0,0.0,0.1516,0.0504,0.0486,0.0,0.0,0.0,0.0,0.2006,0.0498,0.0497,0.0,0.0,0.0,0.0,0.0,0.0,0.0,0.0544,0.1014,0.0571,0.0478,0.4962,0.0,0.0478,0.0482,0.0,0.0,0.0,0.0
PLK,0.3678,0.0,0.0,0.0,0.0,0.0439,0.0439,0.0,0.0,0.0439,0.0,0.0407,0.0,0.2152,0.0,0.0,0.0,0.0,0.0459,0.0,0.0,0.0,0.0,0.0407,0.0818,0.1302,0.0,0.0,0.0,0.0,0.0,0.351,0.3777,0.7395,0.2091,0.0,0.0,0.0,0.0,0.0,0.0856,0.0,0.1882,0.0878,0.0,0.0,0.0,0.1309,0.0,0.0,0.0,0.0,0.0,0.0,0.0476
WKM,0.3882,0.0,0.2254,0.0,0.0458,0.0,0.0,0.0,0.0,0.1945,0.0,0.048,0.0,0.0918,0.048,0.0,0.0,0.0,0.0,0.0,0.0,0.0,0.1431,0.2418,0.1452,0.0,0.0,0.0,0.0,0.0,0.0,0.0,0.0,0.0,0.0,0.0,0.1965,0.0,0.0458,0.0,0.0,0.0,0.0,0.0973,0.0,0.0,0.0,0.3882,0.0,0.0,0.0523,0.0,0.0,0.0,0.0504
SNA,0.2951,0.0,0.0485,0.0,0.0,0.1021,0.0494,0.0,0.0,0.0485,0.0,0.0,0.0,0.7447,0.0,0.0,0.0,0.0487,0.0,0.0,0.3922,0.0,0.0499,0.0,0.2499,0.1988,0.2537,0.0,0.0,0.0,0.0,0.0,0.0,0.0,0.0485,0.0,0.0534,0.0,0.0485,0.0,0.0,0.0,0.0502,0.0,0.0,0.0,0.0,0.3543,0.0,0.1521,0.0,0.0,0.0,0.0,0.0
MGO,0.0,0.0,0.0,0.0,0.0,0.053,0.0,0.0,0.0,0.312,0.0,0.0473,0.0,0.559,0.1089,0.0,0.2126,0.0,0.0,0.0,0.0486,0.0506,0.0,0.0,0.1972,0.0476,0.0,0.0,0.1002,0.0,0.0,0.0,0.0,0.1015,0.6069,0.2509,0.6534,0.1515,0.0,0.1529,0.0,0.0,0.053,0.0,0.0,0.0,0.0,0.1959,0.0,0.0,0.0,0.0,0.0,0.0,0.0
IYX,0.0,0.0,0.0,0.0,0.0,0.0444,0.0879,0.1808,0.0467,0.092,0.0,0.0,0.0,0.3184,0.0452,0.0,0.0,0.0529,0.0,0.0,0.0455,0.0,0.1547,0.0,0.0646,0.093,0.0,0.0,0.0,0.0,0.0,0.0529,0.0529,0.0,0.0928,0.0,0.0,0.0,0.0,0.0,0.1463,0.0,0.0908,0.0529,0.0,0.0,0.0,0.0,0.0,0.0,0.0,0.0,0.0,0.0,0.0856
KNA,0.0,0.0,0.0,0.0,0.0469,0.047,0.0,0.154,0.0,0.2911,0.0,0.0,0.0481,0.0497,0.0,0.0,0.1839,0.0497,0.0,0.0,0.0,0.0,0.0,0.0,0.0,0.0,0.0,0.0,0.0,0.0,0.0,0.0497,0.0497,0.0,0.0,0.0,0.0,0.0497,0.0,0.0,0.0919,0.0,0.1519,0.0569,0.1519,0.0,0.1365,0.3415,0.0,0.0,0.104,0.0472,0.0,0.0,0.079
JJP,0.2482,0.0,0.0,0.0,0.0561,0.158,0.0531,0.0,0.0,0.4069,0.0,0.2491,0.0,0.8544,0.2013,0.0,0.249,0.0504,0.0,0.0531,0.0531,0.0,0.0,0.0,0.2494,0.0475,0.0,0.0,0.0,0.0,0.0,0.0,0.0,0.0478,0.393,0.0499,0.3003,0.0,0.0,0.0,0.0,0.0,0.1543,0.0,0.0,0.0,0.0,0.3389,0.0,0.0,0.0,0.0,0.0,0.0,0.0
TJU,0.2898,0.0,0.0,0.0,0.0,0.0454,0.0535,0.0,0.0,0.5838,0.0958,0.4651,0.1484,0.1815,0.0,0.0,0.0,0.0604,0.0,0.0,0.0,0.0,0.0,0.0,0.0,0.0,0.0,0.0,0.095,0.0535,0.0,0.0604,0.0,0.0,0.0,0.0,0.0,0.0,0.0,0.0,0.1139,0.0535,0.0896,0.0,0.0,0.0,0.0,0.4841,0.0,0.0535,0.0,0.0,0.1467,0.0,0.0604
BIF,0.0,0.0,0.0,0.0,0.0,0.0,0.0,0.0578,0.0,0.0685,0.0,0.0,0.0,0.1751,0.0,0.0,0.0,0.0,0.1373,0.0,0.0,0.0,0.0,0.0,0.0,0.0,0.0,0.0,0.0,0.0,0.0,0.0,0.0,0.0,0.0749,0.0328,0.165,0.0,0.0,0.0,0.0,0.0,0.0348,0.0699,0.3256,0.9383,0.0952,0.2943,0.0,0.0,0.0,0.0,0.0578,0.0,0.0
GSC,0.2374,0.0,0.0,0.0,0.0491,0.0417,0.0,0.0406,0.0,0.6475,0.0,0.2497,0.2584,0.2757,0.0,0.0,0.0,0.0421,0.0,0.0,0.0,0.0483,0.0,0.0,0.0,0.0,0.0,0.0,0.0,0.0,0.0,0.0,0.0,0.0,0.0,0.0,0.0421,0.0,0.0,0.0,0.0,0.0,0.0,0.0,0.0,0.0,0.0551,0.3991,0.0,0.0,0.0,0.0,0.0994,0.054,0.041
RJI,0.0475,0.0,0.0,0.0,0.0463,0.0473,0.0506,0.1506,0.0,0.4484,0.0,0.0475,0.0481,0.0463,0.0,0.0,0.1999,0.0463,0.0,0.0,0.0,0.0,0.0,0.0,0.0,0.0,0.0,0.0,0.0506,0.0,0.0,0.0487,0.0487,0.0,0.0,0.0,0.0506,0.0463,0.0,0.0,0.0487,0.0,0.0,0.0462,0.0552,0.0,0.0984,0.342,0.0,0.0,0.1099,0.0637,0.0475,0.0,0.053
EVV,0.0945,0.0,0.0,0.0,0.0,0.2004,0.1009,0.1478,0.0457,0.1378,0.0459,0.0,0.0,0.2899,0.0457,0.0464,0.0,0.1485,0.0,0.0,0.0459,0.0508,0.1681,0.0,0.0518,0.0454,0.0,0.0,0.0,0.0,0.0,0.054,0.054,0.0,0.05,0.0,0.0,0.0,0.0,0.0508,0.104,0.0,0.1085,0.0591,0.0,0.0,0.0,0.0,0.0,0.0,0.0,0.0481,0.0,0.0,0.0
ZWN,0.2456,0.0,0.0,0.0,0.0479,0.0,0.0,0.0991,0.0,0.4998,0.0,0.0,0.0,0.1412,0.0,0.0479,0.0,0.0454,0.0933,0.0,0.0,0.0,0.0,0.0,0.0,0.0,0.0,0.1075,0.2096,0.0,0.0,0.0,0.0,0.0,0.0483,0.0543,0.0,0.0,0.0,0.0,0.0,0.0,0.0,0.0,0.0447,0.0,0.2008,0.6014,0.0,0.0,0.0,0.0,0.0506,0.2463,0.0
IVM,0.2055,0.0,0.0,0.0,0.09,0.0443,0.0,0.0,0.0,0.7185,0.0416,0.0379,0.0,0.2502,0.0,0.0,0.0,0.0421,0.0858,0.0,0.0,0.0,0.0,0.0,0.0,0.0,0.0,0.0887,0.1434,0.0,0.0,0.0,0.0,0.0,0.0,0.0,0.0,0.0,0.0,0.0,0.0,0.0,0.0,0.0,0.0416,0.0,0.0484,0.5782,0.0,0.0,0.0,0.0,0.0,0.0,0.0
MLL,0.127,0.0,0.0,0.0,0.0,0.0,0.0555,0.1542,0.0,0.2464,0.0,0.0571,0.0482,0.3202,0.141,0.0,0.0,0.0,0.0,0.0,0.048,0.0,0.2846,0.1391,0.0,0.0456,0.0515,0.0,0.0,0.0,0.0,0.048,0.0964,0.0515,0.0,0.0,0.0938,0.0,0.0,0.0,0.1429,0.0,0.0809,0.0,0.0,0.0,0.0,0.3384,0.0,0.0,0.0911,0.0,0.0,0.0,0.0
KBU,0.2211,0.0,0.0,0.0,0.0,0.1811,0.0857,0.1964,0.0,0.1649,0.0537,0.0,0.0384,0.7815,0.0,0.0,0.0,0.0426,0.0865,0.0,0.284,0.0,0.0434,0.0,0.0,0.0,0.0918,0.0,0.0,0.0,0.0407,0.0,0.0408,0.0,0.1184,0.0,0.1965,0.0,0.0,0.081,0.0,0.0408,0.0,0.1164,0.0,0.0,0.0384,0.5141,0.0585,0.0384,0.0,0.0434,0.0833,0.0423,0.0
PTB,0.5973,0.0,0.0497,0.0,0.0,0.0,0.0,0.0496,0.0,0.1986,0.0,0.0534,0.0489,0.451,0.2017,0.208,0.0,0.0489,0.0,0.0,0.1483,0.0,0.0,0.0534,0.0534,0.0534,0.0498,0.0,0.0,0.0,0.0,0.0,0.0501,0.0,0.0488,0.0,0.148,0.0,0.0488,0.0,0.0,0.0,0.0,0.0,0.0,0.0,0.0,0.1504,0.0,0.0526,0.0,0.0,0.2568,0.0,0.0
BHW,0.249,0.0,0.0,0.157,0.0,0.0,0.0,0.0,0.0,0.0,0.0,0.0,0.0,0.0948,0.0,0.0,0.0,0.0948,0.0,0.0,0.0,0.0,0.0476,0.0,0.0,0.0,0.0,0.0,0.0489,0.0476,0.0,0.0938,0.3393,0.0,0.0459,0.0,0.0,0.1584,0.0,0.1527,0.8526,0.3428,0.0963,0.0504,0.0,0.0,0.0,0.2025,0.0,0.0476,0.0,0.0,0.0,0.0,0.0
KOP,0.2507,0.0,0.0,0.0,0.0,0.1595,0.0,0.0644,0.0,0.2949,0.0,0.1034,0.0,0.2017,0.0,0.0,0.0,0.0,0.0,0.0,0.0,0.0,0.0,0.0,0.0,0.0,0.0,0.1145,0.0906,0.0,0.0644,0.0,0.0405,0.1546,0.0,0.0597,0.0,0.0,0.0,0.0,0.0833,0.0423,0.0385,0.0,0.0,0.0,0.0602,0.5054,0.0,0.0,0.1434,0.0,0.0,0.1143,0.0405
BAN,0.0571,0.0571,0.0,0.0,0.0,0.0437,0.0,0.2309,0.0,0.0943,0.0,0.0,0.0867,0.3289,0.0,0.0,0.0,0.0478,0.0553,0.0,0.1031,0.0,0.0,0.0,0.0,0.0,0.1738,0.262,0.7363,0.0368,0.0,0.0,0.0,0.1921,0.0,0.0411,0.0,0.0,0.0,0.0,0.0,0.0,0.0,0.0,0.0,0.0,0.0,0.4721,0.0,0.0,0.0,0.0,0.0,0.0,0.0
HSR,0.2848,0.0,0.0,0.0,0.0,0.1168,0.2217,0.1571,0.0,0.1891,0.0,0.0463,0.0444,0.3818,0.0,0.0,0.0,0.0497,0.1433,0.0,0.0909,0.0,0.2103,0.0,0.0431,0.0,0.0444,0.0,0.0,0.0524,0.0,0.0445,0.1651,0.0445,0.0444,0.0,0.1337,0.0,0.0,0.1371,0.0,0.1127,0.0,0.1445,0.0,0.0,0.0444,0.2495,0.0947,0.0444,0.0,0.0641,0.0497,0.1097,0.0445
IRW,0.1953,0.0,0.0,0.0,0.0,0.3482,0.1509,0.5025,0.1475,0.4468,0.0,0.0977,0.0,0.2991,0.0982,0.0,0.0,0.0,0.0,0.0,0.0535,0.0,0.0,0.0,0.0495,0.0512,0.0,0.0,0.1962,0.0,0.0,0.0,0.0,0.0,0.0971,0.0,0.0,0.0,0.0,0.0,0.0,0.0,0.101,0.0,0.0,0.0977,0.0485,0.1961,0.0,0.0,0.0,0.1573,0.0,0.0,0.0
PNH,0.0,0.0,0.0,0.0,0.0,0.0986,0.0986,0.2944,0.0488,0.3608,0.0,0.1495,0.0492,0.6075,0.0488,0.0,0.0,0.1469,0.1163,0.0487,0.0987,0.0,0.0509,0.0,0.0509,0.0973,0.0,0.0,0.0478,0.0,0.0,0.0,0.0,0.0,0.0,0.0,0.0,0.0,0.0,0.0999,0.0,0.0,0.0,0.096,0.0,0.0491,0.0,0.3095,0.0,0.0,0.0,0.0,0.049,0.0496,0.0
XXL,0.1271,0.0,0.0,0.0,0.0,0.0856,0.121,0.0499,0.0499,0.0499,0.043,0.0,0.0,0.6266,0.0427,0.0,0.0,0.213,0.0,0.0,0.091,0.0453,0.1823,0.0,0.0581,0.0961,0.0969,0.0,0.0,0.0,0.0,0.0,0.0646,0.0453,0.0,0.0,0.0,0.0,0.0,0.0453,0.1271,0.0,0.0,0.1076,0.0,0.0,0.0,0.086,0.0,0.0,0.0,0.0,0.0625,0.0,0.0
IIO,0.0,0.0,0.0,0.0,0.0453,0.0449,0.0449,0.0449,0.0,0.0,0.0,0.0,0.0453,0.0468,0.0,0.0,0.0,0.0,0.0,0.0,0.0,0.0,0.0,0.0,0.0,0.0,0.0524,0.2092,0.2454,0.0733,0.0733,0.0446,0.0446,0.0453,0.0,0.0,0.0,0.0,0.0,0.0,0.0446,0.0,0.0,0.0992,0.0,0.0,0.1374,0.5343,0.0523,0.0733,0.4231,0.0444,0.0446,0.0,0.0
ACG,0.0804,0.0,0.0,0.0,0.0,0.0,0.0,0.0,0.0,0.0,0.0,0.0,0.0,1.0,0.0464,0.0,0.0,0.0436,0.1373,0.0,0.3869,0.0603,0.0505,0.0,0.1116,0.0582,0.1334,0.0,0.0,0.0,0.0,0.0,0.0,0.0,0.0968,0.0,0.0,0.0,0.1929,0.1296,0.0,0.0,0.0,0.0,0.0,0.0,0.0,0.5512,0.0,0.0473,0.0,0.0,0.0,0.0,0.0
AJN,0.4136,0.0,0.0,0.0,0.0,0.0928,0.0,0.0,0.0,0.0987,0.0,0.0,0.0,0.8041,0.0,0.0,0.0,0.0,0.1013,0.0,0.3704,0.0,0.0928,0.0,0.2865,0.2143,0.3354,0.0,0.0,0.0,0.0,0.0,0.0,0.0,0.0656,0.0,0.0,0.0,0.0,0.0,0.0463,0.0,0.0452,0.0,0.0,0.0,0.0,0.54,0.0471,0.0943,0.0,0.0,0.0,0.0,0.0
YCD,0.0,0.0,0.0,0.0,0.0,0.0577,0.0,0.0985,0.0,0.2595,0.0,0.0482,0.0459,0.0995,0.0,0.0,0.1857,0.0513,0.0,0.0,0.0,0.0,0.0,0.0,0.0,0.0,0.0,0.0,0.0517,0.0,0.0,0.0486,0.0486,0.0,0.0,0.0,0.0,0.0513,0.0,0.0,0.0945,0.0,0.0977,0.0518,0.1599,0.0,0.0923,0.2977,0.0,0.0,0.1534,0.0963,0.0,0.0,0.0468
ZOY,0.0957,0.0,0.0,0.0,0.2549,0.1107,0.0,0.0,0.0,0.3956,0.0,0.0887,0.0,0.1882,0.0,0.0,0.0,0.0,0.0,0.0,0.0,0.0,0.0,0.0,0.0,0.0,0.0,0.1503,0.1626,0.0,0.0,0.0486,0.0,0.1358,0.0,0.0,0.0,0.0,0.0,0.0,0.0434,0.0,0.0,0.0616,0.0676,0.0,0.2475,0.6622,0.0,0.0929,0.0,0.0,0.0,0.0,0.0
QSM,0.7932,0.0,0.0,0.0,0.0,0.0458,0.0488,0.0483,0.0,0.2712,0.0642,0.0495,0.0488,0.153,0.0507,0.0,0.0,0.0,0.0,0.0,0.0,0.0,0.048,0.0,0.0605,0.0,0.0,0.0,0.2089,0.0,0.1009,0.1928,0.0,0.348,0.0,0.0,0.0,0.0,0.0,0.0,0.0,0.0,0.3983,0.0,0.0,0.0,0.0,0.2048,0.0,0.0605,0.0,0.0,0.0,0.0,0.0468
EXX,0.2199,0.0,0.0,0.0,0.0,0.2402,0.0584,0.1082,0.0405,0.2235,0.0861,0.0443,0.0584,0.426,0.0933,0.0,0.0,0.1517,0.0445,0.0,0.1287,0.0,0.0,0.0,0.0,0.0443,0.0413,0.0,0.3269,0.042,0.042,0.0,0.042,0.1368,0.0,0.0637,0.0445,0.0413,0.0,0.0,0.0843,0.042,0.0989,0.0997,0.0,0.0,0.0445,0.4886,0.0,0.0,0.0,0.0,0.0,0.0,0.0
VAU,0.1499,0.0,0.0,0.0,0.0,0.1133,0.3849,0.3214,0.0,0.2415,0.0964,0.0466,0.0,0.2894,0.0,0.0,0.0,0.0,0.0,0.1407,0.0,0.0,0.0467,0.0,0.0,0.0,0.0,0.0,0.0473,0.0,0.0,0.0,0.0467,0.0496,0.0,0.0968,0.0466,0.0968,0.0,0.0,0.0,0.0467,0.0644,0.0496,0.0,0.046,0.0,0.2567,0.1567,0.0,0.0,0.0974,0.0,0.1164,0.0
JDM,0.44,0.0,0.0,0.0,0.0,0.0477,0.0,0.0,0.0,0.0,0.0,0.0,0.0,0.9495,0.0,0.0,0.0,0.1962,0.0491,0.0,0.4404,0.0,0.0,0.0,0.096,0.111,0.099,0.0,0.0,0.0,0.0,0.0,0.0,0.0,0.0504,0.0,0.0,0.0,0.0504,0.0,0.0491,0.0,0.0477,0.0,0.0,0.0,0.0,0.452,0.0,0.0996,0.0,0.0,0.0,0.0,0.0
STF,0.1459,0.0,0.0,0.0,0.1495,0.0503,0.0872,0.3537,0.0,0.1399,0.0,0.041,0.0,0.1067,0.0,0.0,0.0,0.0,0.0,0.0,0.0,0.0,0.0,0.0,0.0,0.0,0.0984,0.0882,0.3071,0.0494,0.3597,0.0435,0.0,0.1053,0.0,0.0,0.0,0.0,0.0,0.0,0.0,0.0,0.0503,0.0494,0.0,0.041,0.0,0.3333,0.0,0.0863,0.2282,0.0,0.0,0.0,0.0938
XEU,0.4779,0.0,0.0,0.0,0.0,0.0,0.0,0.0,0.0,0.0,0.0,0.0437,0.0,0.9562,0.0574,0.0,0.0,0.2378,0.0,0.0,0.3538,0.0,0.0,0.0437,0.1011,0.3039,0.1085,0.0,0.0,0.0,0.0,0.0,0.0,0.0,0.0446,0.0,0.1321,0.0,0.0,0.0,0.0,0.0,0.0,0.0,0.0,0.0,0.0,0.3402,0.0,0.0904,0.0,0.0,0.0,0.0,0.0
VFA,0.0429,0.0,0.0,0.0,0.2043,0.1464,0.1018,0.1964,0.0,0.399,0.0,0.0,0.0594,0.1529,0.0,0.0,0.0,0.0,0.0,0.0,0.0,0.0,0.0429,0.0,0.0,0.0,0.0,0.1617,0.2392,0.0,0.159,0.1095,0.0,0.0,0.0,0.0,0.0,0.0473,0.0,0.0,0.0,0.0,0.0,0.0456,0.0,0.0,0.0933,0.6547,0.0,0.1201,0.0437,0.0,0.0,0.0,0.0
TRH,0.1451,0.0,0.0,0.0,0.0,0.1084,0.1666,0.2059,0.0,0.1528,0.0,0.0,0.0,0.3317,0.0,0.0,0.0,0.0476,0.0496,0.0,0.0451,0.0,0.155,0.0,0.0,0.0,0.0,0.0,0.0,0.0496,0.0,0.0585,0.155,0.0585,0.0,0.0,0.0452,0.0,0.0,0.0476,0.0,0.1054,0.0454,0.0947,0.2411,0.1855,0.0,0.3451,0.0467,0.0,0.0,0.0575,0.0476,0.1103,0.1128
HFX,0.4129,0.0,0.0,0.0,0.0,0.3445,0.0,0.5782,0.0495,0.3098,0.2024,0.0613,0.0702,0.4705,0.0,0.0,0.0,0.0,0.0,0.0456,0.0,0.0,0.0,0.0,0.0,0.0,0.0,0.0,0.0505,0.0,0.0,0.0,0.0,0.0,0.0,0.0,0.0,0.0,0.0,0.0,0.0,0.0,0.0476,0.0,0.0,0.0,0.0,0.1933,0.0,0.0,0.0,0.0476,0.0,0.0479,0.0
JYM,0.1604,0.0,0.0,0.0,0.1343,0.1194,0.0,0.0708,0.0,0.3772,0.0,0.0852,0.0,0.2651,0.0,0.0,0.0,0.0,0.0,0.0,0.0,0.0,0.0,0.0,0.0,0.0,0.0,0.1965,0.4244,0.0,0.0,0.0,0.0,0.0708,0.0,0.0,0.0,0.0,0.0,0.0,0.0,0.0,0.0,0.0,0.0,0.0,0.151,0.6806,0.0,0.0,0.0901,0.0,0.041,0.0,0.0
OZP,0.3979,0.0,0.0482,0.0497,0.0,0.0522,0.0,0.0522,0.0,0.0469,0.0,0.1881,0.0,0.339,0.0,0.0,0.1424,0.0,0.0,0.0451,0.0,0.0,0.0476,0.1122,0.1114,0.0,0.0,0.0,0.0,0.0,0.0,0.0,0.0476,0.0,0.2501,0.0451,0.1432,0.0,0.0,0.0497,0.1447,0.0497,0.0,0.098,0.0,0.0,0.0,0.3175,0.0,0.0,0.0,0.0,0.0497,0.0,0.0
ZIH,0.0,0.0,0.0,0.0,0.0,0.0,0.0492,0.0977,0.0,0.0495,0.0,0.0,0.0503,0.3022,0.0,0.0,0.0,0.0524,0.0993,0.0,0.0,0.0,0.0,0.0,0.0,0.0,0.2039,0.0,0.0,0.0,0.0,0.0508,0.0,0.0542,0.1536,0.0492,0.1971,0.0,0.0542,0.1027,0.0,0.0,0.0,0.0996,0.1488,0.4935,0.0503,0.2968,0.0,0.0503,0.0,0.0,0.1012,0.0,0.0
VIT,0.4291,0.0,0.0,0.0,0.0549,0.0,0.0,0.0,0.0,0.6539,0.0441,0.1532,0.1566,0.2956,0.0,0.0,0.0,0.0438,0.0,0.0,0.0441,0.0,0.0,0.0,0.0,0.0,0.0647,0.0546,0.1006,0.0,0.0,0.0,0.0438,0.0,0.0,0.0,0.0,0.0,0.0,0.0,0.0438,0.0,0.1519,0.0,0.0549,0.0,0.0,0.5168,0.0,0.0,0.0546,0.0,0.0,0.0,0.0
LOL,0.0,0.0,0.0,0.0,0.0481,0.2527,0.4486,0.3546,0.0508,0.1032,0.0,0.0486,0.0,0.0555,0.0,0.0,0.0,0.0,0.0,0.0,0.0,0.0,0.0,0.0,0.0,0.0555,0.0,0.0,0.0533,0.0,0.0,0.0,0.0,0.0,0.0,0.0,0.0,0.0,0.0,0.0,0.0,0.0,0.1508,0.1997,0.0,0.0,0.0,0.2943,0.0959,0.0,0.0,0.0962,0.0486,0.0,0.0
DUO,0.3345,0.0,0.0,0.0,0.0925,0.059,0.0434,0.0485,0.0441,0.5259,0.0,0.0476,0.0476,0.4411,0.0926,0.0441,0.0485,0.0,0.0,0.0,0.0,0.0,0.0,0.0,0.0,0.0,0.0,0.0,0.0441,0.0,0.0501,0.0,0.0,0.18,0.0,0.0405,0.0,0.0,0.0,0.0,0.0647,0.0647,0.0,0.0,0.1846,0.0,0.1325,0.5612,0.0,0.0405,0.1331,0.0,0.0,0.0,0.0
XEN,0.0615,0.0,0.0,0.0,0.0,0.0,0.0,0.0,0.0,0.0,0.0,0.0,0.0,0.2512,0.0,0.0,0.0,0.1592,0.0,0.0,0.0,0.1932,0.0,0.0,0.0,0.0,0.0923,0.0,0.0,0.0,0.0,0.0492,0.0492,0.1459,0.0,0.0,0.0,0.0,0.0929,0.1553,0.2135,0.0524,0.0,0.0967,0.0,0.0,0.0,0.0466,0.0,0.1384,0.0,0.0,0.0,0.0,0.0524
FKM,0.0987,0.0,0.0,0.0,0.0478,0.0965,0.0965,0.0,0.0,0.2461,0.0,0.1941,0.1534,0.1468,0.0,0.0,0.0,0.0,0.0,0.0,0.0478,0.0,0.0,0.0,0.0514,0.0,0.0,0.0,0.0988,0.0,0.0515,0.0988,0.1624,0.0968,0.0,0.0,0.0,0.0,0.0,0.0,0.0515,0.0515,0.049,0.0515,0.105,0.0,0.0478,0.2936,0.0,0.0,0.1475,0.0487,0.0508,0.0,0.0
WUG,0.2982,0.0505,0.0,0.0,0.0,0.1037,0.0458,0.0464,0.0,0.1894,0.0,0.0467,0.0,0.0467,0.0,0.0,0.0,0.0,0.0,0.0,0.0,0.0488,0.0479,0.0,0.0,0.0559,0.0,0.0,0.1414,0.0,0.0965,0.0505,0.0505,0.0,0.1003,0.0,0.0458,0.0,0.0,0.0,0.0505,0.0,0.1566,0.106,0.106,0.0,0.0,0.2579,0.0,0.0,0.1522,0.046,0.0488,0.0,0.2109
WCQ,0.1407,0.0,0.0,0.0,0.066,0.2889,0.0,0.053,0.0,0.3097,0.0,0.1033,0.0935,0.3569,0.0,0.0,0.0,0.0,0.0,0.0,0.0,0.0,0.0464,0.0,0.0,0.0,0.0,0.1574,0.1867,0.0,0.0,0.0,0.0,0.0548,0.0,0.0,0.0,0.0457,0.1462,0.0,0.0464,0.0464,0.0,0.0,0.0,0.0,0.0554,0.4457,0.0,0.0,0.0496,0.0548,0.1531,0.0,0.0
PVA,0.0559,0.0,0.0,0.0,0.0404,0.0463,0.0,0.136,0.0,0.321,0.0,0.1063,0.0,0.3787,0.0,0.0,0.0,0.0,0.1281,0.0,0.0,0.0,0.0,0.0,0.0,0.0,0.0,0.0,0.0943,0.0,0.1809,0.0,0.0599,0.0962,0.0,0.0569,0.0,0.0,0.0,0.0,0.0,0.0,0.0559,0.0,0.0391,0.0,0.0,0.5605,0.0,0.0,0.2626,0.0,0.0,0.0,0.0599
ACR,0.2974,0.0,0.0,0.0,0.0,0.0985,0.1516,0.1024,0.0,0.1468,0.0,0.0492,0.0,0.7007,0.0,0.0,0.0,0.0,0.0,0.099,0.2015,0.0,0.0,0.0,0.0492,0.0,0.05,0.0,0.0,0.0,0.0,0.0,0.0,0.05,0.0488,0.0989,0.1972,0.0,0.0,0.0,0.0,0.0,0.0,0.0,0.0,0.0,0.0,0.5511,0.0989,0.0,0.0,0.0532,0.0978,0.0492,0.0
IXF,0.1352,0.0,0.0,0.0,0.0,0.2265,0.0873,0.0859,0.0,0.1315,0.0,0.0728,0.0,0.4897,0.2183,0.0,0.0418,0.1202,0.0,0.0,0.0,0.0,0.0479,0.0,0.0521,0.0,0.0,0.0,0.0872,0.0,0.0,0.0728,0.0728,0.0445,0.2037,0.0,0.0587,0.0515,0.0,0.0,0.1202,0.0,0.1363,0.0423,0.0,0.0,0.0,0.1698,0.0,0.0,0.0479,0.0,0.0,0.0,0.042
GEJ,0.3344,0.0,0.0,0.0,0.0,0.0978,0.0,0.0509,0.0,0.1415,0.0469,0.0,0.0,0.9532,0.0,0.0,0.0,0.0506,0.0956,0.0,0.1773,0.0486,0.0,0.0,0.1881,0.0513,0.051,0.0,0.0,0.0,0.0,0.0,0.0,0.051,0.0509,0.0,0.1423,0.0,0.0925,0.0,0.0,0.0,0.0,0.0,0.0,0.0,0.0,0.3379,0.0,0.0,0.0,0.0,0.0,0.0,0.0
DAO,0.41,0.0404,0.0,0.0,0.0,0.3666,0.0808,0.3927,0.0851,0.4191,0.0,0.0405,0.0,0.3263,0.0891,0.0,0.0,0.0405,0.0,0.0405,0.0,0.0,0.0,0.0,0.0,0.0,0.0,0.0,0.0,0.0,0.0,0.0,0.0,0.0,0.0,0.0,0.0424,0.0,0.0,0.0,0.0,0.0,0.0,0.0,0.0,0.0404,0.0,0.3053,0.0808,0.0,0.0808,0.0,0.0,0.0489,0.0
RQY,0.373,0.0,0.0,0.0,0.0,0.0568,0.0,0.0,0.0,0.059,0.0,0.0,0.0,0.7623,0.0685,0.0,0.0,0.2047,0.0453,0.0,0.2079,0.0506,0.0,0.0,0.3249,0.0469,0.1533,0.0,0.0,0.0,0.0,0.0506,0.0,0.0,0.0471,0.0,0.0,0.0,0.0469,0.0,0.1418,0.0,0.0,0.0,0.0,0.0,0.0,0.3989,0.0,0.0,0.0,0.0,0.0455,0.0,0.0
NLM,0.2487,0.0,0.0,0.0,0.0,0.0,0.0479,0.0,0.0,0.0,0.0,0.0,0.0,0.0544,0.0,0.0,0.0,0.0,0.0,0.0,0.0,0.0,0.0,0.0,0.0,0.0,0.0495,0.0,0.0,0.3132,0.0,0.5123,0.2481,0.6498,0.0,0.0,0.0,0.0,0.0,0.0,0.0,0.0,0.2488,0.2596,0.0,0.0,0.0571,0.0544,0.0,0.0,0.0,0.0,0.0,0.0,0.0541
SEO,0.1472,0.0,0.0,0.0,0.0466,0.0,0.056,0.202,0.0,0.145,0.0,0.0,0.0,0.1993,0.0,0.0,0.0,0.0494,0.0,0.0,0.0,0.0,0.0,0.0,0.0,0.0,0.1482,0.1472,0.1956,0.0,0.0474,0.3483,0.1954,0.2482,0.0,0.0,0.0,0.0,0.0,0.0,0.0983,0.0,0.1128,0.0531,0.0,0.0,0.0,0.448,0.0,0.0,0.0474,0.0,0.0,0.0,0.0
JTT,0.3222,0.0,0.0,0.0,0.0,0.1707,0.1696,0.0905,0.0,0.1675,0.0,0.0492,0.0877,0.4989,0.0,0.0,0.0,0.0874,0.0448,0.0,0.09,0.0,0.219,0.0,0.0448,0.0,0.045,0.0,0.0,0.0,0.0,0.0,0.0476,0.0,0.045,0.0,0.1813,0.0,0.0,0.1344,0.0,0.0476,0.0,0.045,0.0,0.0445,0.045,0.1918,0.0492,0.045,0.0,0.0505,0.0447,0.0461,0.0
FEI,0.0997,0.0,0.0,0.0,0.0,0.0432,0.0471,0.0,0.0,0.0888,0.0,0.0,0.0,0.906,0.0606,0.0,0.0,0.0963,0.0548,0.0,0.3514,0.0455,0.0549,0.0,0.0986,0.0994,0.114,0.0,0.0471,0.0,0.0,0.0,0.0,0.0,0.0503,0.0,0.0,0.0455,0.2003,0.1004,0.0,0.0,0.0,0.0,0.0,0.0,0.0,0.5556,0.0,0.0628,0.0,0.0,0.0,0.0,0.0
SQP,0.0524,0.0,0.0,0.0,0.0969,0.0,0.0527,0.2023,0.0,0.3052,0.0,0.1022,0.0498,0.0479,0.0,0.0,0.0,0.0,0.0,0.0,0.0,0.0,0.0,0.0,0.0,0.0,0.0,0.0,0.0527,0.0,0.099,0.0578,0.1078,0.0479,0.0,0.0,0.0527,0.0,0.0,0.0,0.1081,0.0503,0.0,0.0,0.1009,0.0,0.0487,0.2901,0.0,0.0,0.0997,0.0486,0.0524,0.0,0.0981
EPW,0.2267,0.0,0.0,0.0,0.0,0.0441,0.0,0.0,0.0,0.0429,0.0,0.0437,0.0429,0.9485,0.0,0.0,0.0,0.3274,0.0437,0.0,0.2042,0.0,0.0,0.0,0.0886,0.0,0.0975,0.0,0.0,0.0,0.0,0.0,0.0,0.0,0.1065,0.0,0.143,0.0549,0.0911,0.1024,0.143,0.0,0.0,0.0436,0.0478,0.0,0.0,0.461,0.0,0.0,0.0,0.0,0.1358,0.0,0.0
AQF,0.1807,0.0,0.0,0.0,0.0499,0.0,0.0,0.1136,0.0,0.555,0.0,0.0,0.0,0.1511,0.0,0.0499,0.0,0.0513,0.1126,0.0,0.0,0.0,0.0,0.0,0.0,0.0,0.0,0.1166,0.3116,0.0,0.0,0.0,0.0,0.0,0.0,0.0553,0.0,0.0,0.0,0.0,0.0,0.0,0.0,0.0,0.0339,0.0,0.2292,0.6282,0.0,0.0,0.0,0.0,0.0562,0.1807,0.0
UOS,0.049,0.0,0.0,0.0,0.0,0.0,0.0,0.0958,0.0,0.0973,0.0,0.0,0.0,0.4036,0.0,0.0,0.0,0.0,0.1579,0.0,0.0496,0.0,0.0,0.0481,0.0,0.0,0.205,0.2982,0.0955,0.0,0.0,0.1644,0.0,0.1534,0.0,0.0,0.0,0.0,0.0484,0.0,0.0,0.0,0.0484,0.0,0.0,0.0,0.0,0.303,0.0,0.0,0.0,0.0,0.0,0.0,0.0
PQG,0.4984,0.0475,0.0,0.0,0.0,0.0,0.0342,0.0786,0.0,0.0347,0.0,0.0,0.0,0.6752,0.0,0.0,0.0,0.0349,0.0329,0.0,0.0332,0.0349,0.1054,0.0566,0.0932,0.3265,0.0393,0.0,0.0,0.0,0.0,0.0753,0.0753,0.0786,0.0364,0.0,0.0,0.1164,0.0824,0.0,0.1079,0.0,0.0327,0.4029,0.0,0.0,0.0,0.4447,0.0,0.0,0.0,0.0,0.0,0.0,0.0
CTT,0.3121,0.0,0.0,0.0,0.0,0.0504,0.0,0.0,0.0,0.0,0.0,0.0,0.0,0.7539,0.0592,0.0,0.0,0.0,0.05,0.0,0.2536,0.0478,0.0939,0.0,0.1558,0.0975,0.3594,0.0,0.0521,0.0,0.0,0.0,0.0,0.0999,0.1974,0.0,0.0,0.0958,0.3452,0.1487,0.0,0.0,0.0504,0.0,0.0,0.0,0.0,0.5377,0.0,0.0,0.0,0.0474,0.0,0.0,0.0
JHZ,0.3806,0.0,0.0,0.0,0.0867,0.052,0.0859,0.1349,0.044,0.4685,0.0,0.0818,0.0408,0.3046,0.1368,0.044,0.052,0.0,0.0,0.0,0.0,0.0,0.0,0.0,0.0,0.0,0.0,0.0,0.1274,0.0,0.0915,0.0,0.0,0.1484,0.0,0.0,0.0426,0.0,0.0,0.0,0.0777,0.0777,0.0,0.0,0.0903,0.0,0.1406,0.5141,0.0,0.0453,0.0495,0.0,0.0409,0.0,0.0
TZN,0.1013,0.0,0.0,0.0,0.0,0.1986,0.253,0.449,0.0,0.2502,0.0,0.1498,0.0,0.3506,0.0513,0.0,0.0,0.0983,0.0,0.0493,0.0,0.0,0.1483,0.0,0.0,0.0525,0.0,0.0,0.0488,0.0,0.0,0.0503,0.0,0.0503,0.0,0.0,0.0,0.0,0.0,0.0,0.0,0.0,0.0,0.0525,0.0,0.049,0.0,0.1989,0.0497,0.0,0.0497,0.0993,0.0,0.1019,0.0503
TVX,0.0504,0.0,0.0,0.0,0.0,0.112,0.2763,0.2125,0.0,0.0944,0.0,0.0,0.0,0.1911,0.0573,0.0,0.0,0.0,0.0945,0.0,0.0,0.0,0.0,0.0,0.0,0.0,0.0,0.0,0.0482,0.0,0.0,0.0,0.0,0.0522,0.0477,0.0,0.0938,0.0,0.0,0.0,0.0,0.0,0.0568,0.0994,0.1878,0.566,0.0456,0.3577,0.0568,0.0,0.0,0.0,0.0461,0.0638,0.0
QKU,0.2992,0.0,0.0,0.0,0.0,0.0,0.0463,0.0,0.0,0.1611,0.0,0.1087,0.099,0.649,0.0,0.0,0.0,0.0855,0.0,0.1416,0.1731,0.0,0.0,0.0,0.0,0.0,0.0578,0.0,0.0,0.0,0.0,0.0,0.0,0.0,0.1587,0.0,0.2588,0.0,0.0,0.0578,0.0,0.0,0.0,0.0578,0.0,0.0,0.0578,0.3724,0.1119,0.0578,0.0,0.0,0.0896,0.0,0.0
GON,0.0949,0.0,0.0,0.0,0.0,0.0957,0.0,0.1682,0.0,0.2342,0.0,0.0905,0.1368,0.3255,0.0,0.0,0.0,0.0,0.0,0.0,0.0,0.0,0.0454,0.0,0.0,0.0,0.0,0.0966,0.2192,0.0765,0.0,0.0765,0.1391,0.0,0.0,0.0,0.0,0.0454,0.0454,0.0,0.2463,0.1079,0.0626,0.0,0.0,0.0,0.0,0.2885,0.0,0.0454,0.1441,0.0,0.0495,0.0,0.0
XOU,0.0944,0.0,0.0,0.0,0.0,0.0946,0.0,0.0,0.0,0.4747,0.0,0.2272,0.0551,0.0957,0.0,0.0,0.0551,0.0,0.0,0.0,0.0,0.0,0.0,0.0,0.0,0.0,0.0,0.0947,0.1952,0.0,0.0975,0.0465,0.0465,0.0,0.0,0.0,0.0695,0.0,0.0,0.0,0.0465,0.0,0.046,0.0,0.0,0.0,0.0,0.4954,0.0,0.0,0.0986,0.0,0.046,0.0,0.0
GBW,0.1955,0.0,0.0,0.0,0.0,0.23,0.0,0.1007,0.0,0.6036,0.0,0.1388,0.1313,0.4568,0.0729,0.0,0.0746,0.1265,0.0746,0.0,0.0418,0.0,0.0,0.0,0.0415,0.0,0.0,0.0,0.0,0.0,0.0,0.0,0.0,0.0,0.0,0.0,0.0,0.0,0.0,0.0,0.0,0.0,0.0,0.0523,0.0,0.0,0.0523,0.7733,0.0,0.0,0.0,0.0,0.0497,0.0,0.0
YOQ,0.2305,0.0,0.0,0.0,0.0,0.1426,0.1381,0.0451,0.0,0.1344,0.0428,0.0431,0.0419,0.7284,0.0,0.0,0.0,0.1052,0.2044,0.0,0.2175,0.0,0.1704,0.0,0.071,0.0,0.0,0.0,0.0,0.0,0.0,0.0,0.0423,0.0,0.0,0.0,0.1312,0.0,0.0,0.1343,0.0,0.0423,0.0,0.0459,0.0,0.0,0.0,0.3602,0.0,0.0,0.0,0.0446,0.0633,0.0451,0.0
ECV,0.4072,0.0,0.0,0.0,0.0,0.2022,0.0613,0.051,0.0,0.0,0.0,0.0,0.0,0.7749,0.0,0.0,0.0,0.1923,0.046,0.0467,0.2881,0.0,0.051,0.0,0.051,0.2044,0.0,0.0,0.0487,0.0,0.0,0.0,0.0,0.052,0.0,0.0,0.0987,0.1494,0.052,0.0457,0.0,0.0,0.0,0.0,0.0,0.0,0.0,0.4419,0.0,0.0467,0.0,0.0,0.0,0.0,0.0
OAE,0.5004,0.098,0.0,0.0,0.0504,0.1455,0.0,0.0489,0.0,0.1002,0.0475,0.0,0.0,0.7945,0.048,0.0,0.048,0.0978,0.0,0.0,0.3408,0.0489,0.0,0.0,0.0478,0.0,0.0504,0.0,0.1487,0.0,0.0,0.0,0.0553,0.051,0.1994,0.0489,0.048,0.0553,0.1043,0.0979,0.0,0.0,0.0491,0.0,0.0476,0.0,0.0,0.3927,0.0,0.0,0.0,0.0,0.0476,0.0,0.0
MUK,0.0476,0.0,0.0,0.0,0.0,0.4614,0.3065,0.4828,0.0965,0.2422,0.0,0.0517,0.0,0.4449,0.0489,0.0,0.0,0.0,0.0,0.0,0.0973,0.0,0.0,0.0,0.0,0.0,0.049,0.0,0.1129,0.0,0.0,0.0,0.0,0.0,0.0,0.0,0.0,0.0,0.0,0.0,0.0,0.0,0.0,0.0,0.0,0.0,0.0,0.0971,0.0,0.0,0.0,0.0494,0.0,0.0,0.0
LKX,0.407,0.102,0.0,0.051,0.0,0.0,0.0568,0.1021,0.0,0.0,0.0,0.0,0.0,0.048,0.0,0.0,0.0,0.0,0.0,0.0,0.0,0.0,0.0,0.0,0.0,0.0533,0.0,0.0,0.0,0.4384,0.0568,0.5964,0.1994,0.7941,0.0499,0.0,0.0,0.0,0.0,0.0,0.0485,0.0,0.1473,0.1989,0.0,0.0,0.0485,0.0,0.0,0.0,0.0521,0.0,0.0,0.0,0.2107
LIV,0.6765,0.0441,0.0,0.0,0.0,0.0435,0.0,0.0978,0.0,0.0426,0.0,0.0,0.0,0.0426,0.0,0.0,0.0,0.0,0.0426,0.0,0.0,0.0,0.0,0.0,0.0,0.0,0.0,0.0,0.0567,0.0,0.1047,0.0936,0.0,0.1358,0.0456,0.0,0.0,0.0,0.0478,0.0,0.0,0.0,0.3914,0.0493,0.0,0.0,0.0,0.3889,0.0,0.0,0.043,0.0,0.0911,0.0,0.1972
TKH,0.1547,0.0487,0.0,0.0571,0.0,0.0487,0.0487,0.0477,0.0,0.0,0.0,0.0,0.0489,0.0469,0.0,0.0,0.0,0.0,0.0,0.0,0.0,0.0,0.0487,0.0,0.0,0.0,0.0489,0.0483,0.0,0.0505,0.0,0.0487,0.0571,0.2537,0.051,0.0,0.0,0.0483,0.0,0.0,0.0,0.0,0.0,0.0468,0.0,0.0,0.0483,0.1459,0.0,0.0,0.0,0.0,0.0,0.0,0.0
IKN,0.257,0.049,0.0,0.0,0.0,0.1982,0.0,0.0,0.0,0.2406,0.0,0.2913,0.048,0.9538,0.0,0.0,0.0,0.3024,0.0505,0.0,0.3476,0.0,0.0536,0.0,0.2001,0.0,0.0521,0.0,0.0,0.0,0.0,0.0,0.0572,0.0,0.0536,0.0,0.1002,0.0,0.0,0.0,0.147,0.0,0.0,0.0,0.0572,0.0,0.0,0.1444,0.0,0.0,0.0,0.0,0.0,0.0,0.0
TLT,0.219,0.0,0.0,0.0,0.226,0.0869,0.0,0.0,0.0,0.4268,0.0,0.0962,0.0,0.2224,0.0,0.0,0.0,0.0,0.0,0.0,0.0,0.0,0.0,0.0,0.0,0.0,0.0,0.2269,0.1731,0.0,0.0,0.0,0.0,0.1912,0.0,0.0,0.0,0.0,0.0,0.0,0.0481,0.0,0.0,0.0415,0.0421,0.0,0.1884,0.7653,0.0,0.0505,0.0,0.0,0.0,0.0,0.0
ZIV,0.3453,0.0537,0.0,0.0,0.0,0.0451,0.0,0.0,0.0,0.1326,0.0,0.0442,0.0,0.0442,0.0,0.0,0.0,0.0,0.0,0.0,0.0,0.0837,0.0537,0.0,0.0,0.0587,0.0,0.0,0.0,0.0,0.0981,0.1906,0.0537,0.1828,0.1533,0.0,0.0,0.0,0.0,0.0,0.0996,0.0,0.1941,0.0929,0.0483,0.0,0.0,0.1839,0.0,0.0,0.0483,0.0,0.0941,0.0,0.2439
MAB,0.0961,0.0,0.0,0.0,0.097,0.0448,0.0473,0.296,0.0,0.0971,0.0,0.049,0.0,0.0498,0.0,0.0,0.0,0.0,0.0,0.0,0.0,0.0,0.0,0.0,0.0,0.0,0.1405,0.0498,0.2983,0.0572,0.2077,0.1907,0.0923,0.0933,0.0,0.0,0.0,0.0,0.0,0.0,0.0472,0.0,0.0938,0.0456,0.0,0.049,0.0,0.3371,0.0,0.0971,0.1081,0.0,0.0,0.0,0.0
FFD,0.1441,0.0,0.0,0.0,0.0,0.047,0.0,0.1574,0.0,0.3882,0.0,0.095,0.0505,0.3624,0.0,0.0,0.0,0.0,0.0,0.0,0.0,0.0,0.0,0.0,0.047,0.0,0.0,0.4055,0.2906,0.0,0.1508,0.0439,0.0439,0.233,0.0,0.0,0.0,0.0,0.0,0.0,0.0439,0.0,0.2024,0.1569,0.0,0.0,0.2443,0.6884,0.0,0.0,0.1349,0.0,0.0,0.0,0.0
LMM,0.1841,0.0,0.0,0.0,0.0,0.1482,0.3132,0.2492,0.0443,0.2306,0.0,0.0967,0.0455,0.2924,0.0,0.0,0.0,0.1053,0.0899,0.0,0.0443,0.0,0.1776,0.0,0.0,0.0,0.0455,0.0,0.0442,0.0456,0.0,0.0,0.1485,0.0,0.0455,0.0,0.0898,0.0,0.0,0.099,0.0,0.1029,0.0,0.1354,0.0,0.0518,0.0455,0.2422,0.0443,0.0455,0.0,0.1114,0.0535,0.1012,0.0
ECI,0.2044,0.0,0.0,0.0,0.0,0.1426,0.048,0.0,0.0,0.4869,0.0,0.2586,0.0984,0.2947,0.0,0.0,0.0,0.0,0.0,0.0,0.0,0.0,0.0,0.0,0.0,0.0,0.0,0.0467,0.1979,0.0,0.0,0.0,0.0467,0.0,0.0,0.0,0.048,0.0,0.0,0.0,0.0,0.0467,0.0,0.0,0.0506,0.0,0.0,0.1869,0.0,0.0,0.1508,0.0,0.2044,0.0,0.0
AFB,0.0477,0.0477,0.0,0.0,0.0,0.1412,0.0984,0.0507,0.0,0.0479,0.0428,0.0,0.0,0.2819,0.0956,0.0,0.0,0.0635,0.0,0.0,0.09,0.0507,0.2055,0.0,0.0591,0.0945,0.0427,0.0,0.0477,0.0,0.0,0.0635,0.0635,0.0,0.1032,0.0,0.0,0.0,0.0,0.0955,0.1638,0.0,0.0507,0.0635,0.0,0.0,0.0,0.0,0.0,0.0,0.0,0.0477,0.0,0.0,0.0
LZG,0.0431,0.0,0.0,0.0,0.0909,0.1356,0.0889,0.0455,0.0,0.2486,0.0,0.0,0.1888,0.3231,0.0446,0.0,0.0715,0.0,0.0,0.0,0.0,0.0,0.0,0.0,0.0715,0.0,0.0,0.0,0.0,0.0,0.0,0.0,0.0,0.1014,0.0,0.0,0.0,0.0,0.0,0.0,0.0,0.0,0.0,0.0715,0.0,0.0,0.1606,0.4873,0.0,0.0,0.0,0.0,0.0,0.0,0.0
MIO,0.4153,0.0,0.0,0.0,0.0,0.3332,0.0918,0.61,0.0487,0.3572,0.2048,0.0624,0.0746,0.4239,0.046,0.0,0.0,0.0,0.0,0.048,0.0,0.0,0.0,0.0,0.0,0.0,0.0,0.0,0.0481,0.0,0.0,0.0,0.0,0.0,0.0,0.0,0.0,0.0,0.0,0.0,0.0,0.0,0.0915,0.0,0.0,0.058,0.0,0.2462,0.0,0.0,0.0,0.0451,0.0,0.0,0.0
WHV,0.234,0.0,0.0,0.0,0.0,0.0,0.0971,0.0,0.0,0.0,0.0,0.0865,0.0439,0.766,0.0519,0.0,0.0,0.0906,0.0468,0.0,0.3255,0.087,0.0488,0.0,0.0468,0.0901,0.145,0.0,0.0971,0.0,0.0,0.0,0.0447,0.0,0.0491,0.0,0.0,0.0431,0.189,0.1778,0.0447,0.0,0.0,0.0,0.0439,0.0,0.0,0.4947,0.0,0.0623,0.0,0.0,0.0,0.0,0.0
DOX,0.0468,0.0,0.0,0.0,0.0519,0.0,0.0,0.0473,0.0,0.4424,0.0,0.0454,0.0,0.1951,0.0,0.0,0.0578,0.0487,0.0549,0.0,0.0,0.0,0.0,0.0,0.046,0.0,0.0,0.0,0.0952,0.0,0.0946,0.0453,0.0453,0.1033,0.0513,0.0,0.0513,0.0487,0.0,0.0,0.0453,0.0,0.0468,0.046,0.0,0.0,0.0468,0.4063,0.0,0.0454,0.0952,0.046,0.0468,0.0,0.0
ZZF,0.1459,0.0,0.0,0.0,0.0,0.1435,0.0492,0.0466,0.0,0.1991,0.0,0.1487,0.0,0.1924,0.104,0.0,0.0,0.0,0.0,0.0,0.0,0.0965,0.3033,0.3038,0.1499,0.0,0.0,0.0,0.0954,0.0,0.0,0.0478,0.0,0.0483,0.096,0.0,0.0,0.0,0.0,0.0,0.0,0.0,0.0482,0.2086,0.0,0.0,0.0,0.5099,0.0,0.0,0.0968,0.0,0.0,0.0,0.0
UGH,0.1901,0.0468,0.0,0.0,0.0,0.2056,0.1013,0.0,0.0,0.2123,0.0,0.0,0.0,0.4124,0.0,0.0,0.1054,0.0,0.0,0.0,0.0,0.0,0.0464,0.0,0.1171,0.0,0.0,0.0953,0.0969,0.0,0.0464,0.0,0.0,0.0,0.0,0.0,0.0,0.0,0.0,0.0,0.0,0.0,0.0477,0.2625,0.0,0.0,0.2494,0.4423,0.0,0.0,0.0477,0.0,0.0,0.0,0.0
GZI,0.2021,0.0,0.0,0.0,0.0489,0.0,0.0,0.102,0.0,0.3968,0.0489,0.098,0.0,0.1961,0.0,0.0,0.0,0.0,0.0,0.0487,0.0,0.0,0.0,0.0,0.0,0.0,0.0,0.0475,0.0561,0.0,0.0468,0.0,0.049,0.0,0.1039,0.0487,0.0974,0.0487,0.0487,0.0,0.0,0.0,0.0512,0.0,0.0489,0.0,0.0,0.3437,0.0,0.0,0.0574,0.0,0.0,0.0,0.049
ZBG,0.2032,0.0,0.0,0.0,0.0,0.0487,0.0532,0.0,0.0,0.5461,0.052,0.554,0.1492,0.2993,0.0,0.0,0.0,0.0485,0.0,0.0,0.0,0.0,0.0,0.0,0.0,0.0,0.0,0.0,0.097,0.0532,0.0,0.0987,0.0502,0.0,0.0,0.0,0.0,0.0,0.0,0.0,0.152,0.0532,0.0497,0.0,0.0,0.0,0.0,0.4537,0.0,0.1018,0.0,0.0,0.1053,0.0,0.0506
RYY,0.1446,0.0,0.0,0.0,0.0466,0.2677,0.0,0.0,0.0,0.3411,0.0,0.1223,0.0492,0.3399,0.0,0.0,0.0,0.0,0.0,0.0,0.0,0.0,0.0466,0.0,0.0,0.0,0.0,0.0572,0.19,0.0,0.0,0.0,0.0,0.0,0.0,0.0,0.0,0.0,0.0462,0.0,0.0466,0.0466,0.0,0.0,0.0,0.0,0.0731,0.3086,0.0,0.0,0.0977,0.0,0.1757,0.0,0.0
AJU,0.0,0.0,0.0,0.0,0.1051,0.0499,0.0,0.0461,0.0,0.431,0.0,0.132,0.1415,0.4251,0.0,0.0,0.0,0.0492,0.0442,0.0499,0.0,0.0,0.0,0.0,0.0,0.0,0.0,0.1715,0.0998,0.0,0.0536,0.0,0.0,0.2062,0.0,0.0,0.0,0.0,0.0492,0.0,0.0,0.0,0.0,0.0,0.0,0.0,0.0955,0.706,0.0,0.0535,0.0,0.0,0.0,0.0,0.0
UBS,0.0,0.0,0.0,0.0,0.097,0.0,0.0,0.0504,0.0,0.401,0.0,0.0796,0.0,0.2882,0.0,0.0,0.0,0.0,0.0504,0.0,0.0,0.0,0.0,0.0,0.0,0.0,0.1378,0.1473,0.2482,0.0,0.0,0.0,0.0,0.0435,0.0,0.0,0.0,0.0,0.1378,0.0,0.0,0.0,0.0,0.0,0.0684,0.0,0.1884,0.4739,0.0,0.0,0.1007,0.0,0.0,0.0,0.0
INN,0.1469,0.0,0.0,0.0,0.0,0.2507,0.0,0.0,0.0,0.1478,0.0497,0.1502,0.0,0.8972,0.0,0.0,0.0,0.1469,0.0,0.0497,0.1474,0.049,0.198,0.0,0.1542,0.0516,0.1951,0.0,0.0493,0.0,0.0,0.0,0.0,0.0,0.1465,0.0,0.0974,0.0974,0.0978,0.049,0.0,0.0,0.0516,0.0,0.0,0.0,0.0,0.6504,0.0,0.0,0.0,0.0,0.0,0.0,0.0
GYM,0.1988,0.0,0.0,0.0,0.0,0.0486,0.0,0.0486,0.0,0.1954,0.0,0.0499,0.0,0.689,0.0,0.0,0.0,0.0,0.0,0.1465,0.1994,0.0,0.0,0.0,0.0503,0.0,0.0,0.0,0.0,0.0,0.0,0.0,0.0,0.0489,0.1473,0.0,0.1492,0.0,0.0,0.0,0.0,0.0,0.0,0.0,0.0969,0.0969,0.0,0.3923,0.1001,0.0,0.0,0.0,0.0995,0.0,0.0642
TDC,0.3482,0.0505,0.0,0.0,0.0,0.1533,0.1009,0.4515,0.0478,0.1498,0.0,0.0,0.0,0.3401,0.0539,0.0,0.0,0.048,0.0,0.0,0.0,0.0,0.0,0.0,0.0,0.0962,0.0,0.0,0.0519,0.0,0.0,0.0,0.0,0.0,0.0,0.0,0.0,0.0,0.0,0.0,0.048,0.0,0.0,0.0485,0.0986,0.0986,0.0,0.2026,0.1009,0.0,0.1009,0.0,0.0,0.0546,0.0
NZX,0.1945,0.0,0.0,0.0,0.0,0.0,0.0,0.1665,0.0,0.0506,0.0,0.0571,0.0,0.0544,0.0,0.0,0.0,0.0,0.0,0.0,0.0,0.0,0.0,0.0,0.0,0.0,0.0496,0.0,0.1609,0.1545,0.1167,0.4282,0.198,0.3849,0.0485,0.0,0.0,0.0,0.0,0.0,0.05,0.0,0.1832,0.2359,0.0,0.1056,0.0946,0.1984,0.0,0.0,0.1167,0.0,0.0,0.0,0.0453
BCQ,0.0969,0.0,0.0,0.0,0.0,0.0486,0.0492,0.1538,0.0,0.0513,0.0,0.0,0.0,0.0477,0.0,0.0,0.0,0.0,0.0,0.0,0.0,0.0,0.0,0.0,0.0,0.0,0.0953,0.0,0.1511,0.1497,0.0512,0.2501,0.0,0.4464,0.0,0.0,0.0,0.0,0.0,0.0,0.0492,0.0,0.2583,0.1982,0.0,0.0,0.0491,0.099,0.0,0.0,0.0512,0.0,0.0,0.0,0.0
ETK,0.0,0.0,0.0,0.0,0.0,0.0,0.0,0.0496,0.0,0.1084,0.0,0.0,0.0,0.1487,0.0,0.0,0.0,0.0,0.0,0.0,0.0,0.0,0.0,0.0,0.0,0.0,0.0,0.0,0.0,0.0,0.0,0.0,0.0545,0.0,0.5039,0.0524,0.6417,0.0483,0.0,0.0,0.0545,0.0,0.0,0.0,0.0,0.0,0.0,0.0969,0.0,0.0,0.0,0.0,0.0,0.0,0.0
NNS,0.2898,0.0,0.2112,0.0,0.0,0.0489,0.0,0.0,0.0,0.147,0.0,0.0494,0.0,0.1454,0.0494,0.0,0.0,0.1454,0.0,0.0,0.0,0.0,0.055,0.1049,0.1007,0.0,0.0,0.0,0.0,0.0,0.0,0.0,0.0963,0.0,0.0,0.0,0.0979,0.0,0.0,0.0,0.1454,0.0,0.0,0.1043,0.0,0.0,0.0,0.2567,0.0,0.0,0.0,0.0,0.0476,0.0,0.0481
XHR,0.0,0.0,0.0,0.0,0.0,0.0985,0.096,0.1497,0.0,0.1028,0.0,0.0,0.0,0.2566,0.0576,0.0,0.0,0.0,0.0999,0.0,0.0,0.0,0.0,0.0,0.0,0.0,0.0,0.0,0.0511,0.0,0.0,0.0,0.0,0.0,0.0499,0.0,0.1523,0.0,0.0,0.0,0.0,0.0,0.0,0.0502,0.2552,0.7457,0.0476,0.4061,0.0,0.0,0.0,0.0,0.0496,0.0474,0.0
XBH,0.0959,0.0,0.0,0.0,0.0,0.1462,0.2018,0.71,0.4228,0.0,0.0,0.0,0.0,0.0959,0.0453,0.0453,0.0,0.0959,0.0508,0.0,0.0,0.0,0.0,0.0,0.0,0.0,0.0,0.0,0.0431,0.0,0.0,0.0,0.0,0.0,0.0,0.0,0.0,0.0,0.0,0.0,0.0959,0.0,0.1008,0.045,0.0459,0.0,0.0,0.2393,0.0431,0.1111,0.0,0.4222,0.0,0.0431,0.0
ODU,0.13,0.0,0.0,0.0,0.0,0.1901,0.2468,0.5656,0.0684,0.3727,0.0,0.0,0.0,0.1869,0.0,0.0,0.0,0.0,0.0428,0.0,0.097,0.0,0.0928,0.0,0.0,0.0,0.0,0.0,0.0444,0.0,0.0,0.0,0.0457,0.0,0.0,0.0,0.0941,0.0,0.0,0.0,0.0,0.0457,0.0,0.0884,0.0,0.0,0.0,0.1728,0.0,0.0,0.0,0.2666,0.0,0.0443,0.0
GLI,0.3476,0.055,0.0,0.0,0.0,0.0,0.0,0.0,0.0,0.1839,0.0,0.0472,0.0,0.0931,0.0,0.0,0.0,0.0,0.0,0.0,0.0,0.0482,0.055,0.0,0.0,0.0642,0.0,0.0454,0.0938,0.0,0.055,0.1007,0.055,0.0457,0.1525,0.0,0.0,0.0,0.0,0.0,0.055,0.0,0.1526,0.0531,0.0531,0.0,0.0,0.0986,0.0,0.0,0.1924,0.0,0.1451,0.0,0.2132
LBR,0.1364,0.0,0.0,0.0,0.0,0.1385,0.0917,0.3656,0.0,0.4676,0.0,0.0493,0.0454,0.4441,0.1854,0.0,0.0,0.0,0.0,0.0,0.0,0.0,0.0451,0.136,0.0,0.0,0.0,0.0,0.0463,0.0,0.0,0.0,0.0455,0.0454,0.0454,0.0,0.0454,0.0,0.0,0.0453,0.0455,0.0455,0.0519,0.0459,0.0,0.0,0.0,0.2724,0.0463,0.0,0.0,0.0,0.0,0.0,0.1157
UVW,0.2015,0.0,0.0,0.0,0.0,0.2459,0.0473,0.0473,0.0,0.1035,0.0,0.0558,0.0,0.1947,0.1031,0.0,0.0,0.0,0.0,0.0,0.0,0.0464,0.4125,0.3112,0.0985,0.0,0.0,0.0,0.1008,0.0,0.0,0.0465,0.0,0.0956,0.0929,0.0,0.0,0.0,0.0483,0.0,0.0,0.0,0.0937,0.2367,0.0,0.0,0.0,0.3552,0.0,0.0,0.1151,0.0,0.0,0.0,0.0
JGN,0.041,0.0,0.0,0.0,0.0,0.1522,0.1445,0.1161,0.0579,0.0579,0.053,0.0,0.0,0.4085,0.041,0.0,0.0,0.134,0.0,0.0,0.1001,0.0657,0.1792,0.0,0.0513,0.0903,0.041,0.0,0.0,0.0,0.0,0.052,0.052,0.041,0.0453,0.0,0.0,0.0,0.0,0.0657,0.1383,0.0,0.0582,0.1127,0.0,0.0,0.0,0.041,0.0,0.0,0.0,0.0,0.041,0.0,0.0
WGR,0.3411,0.0,0.0,0.0,0.0,0.096,0.1957,0.0496,0.0,0.2601,0.0,0.1251,0.1223,0.4725,0.0,0.0,0.0,0.0607,0.0866,0.0915,0.0506,0.0,0.0985,0.0,0.0,0.0,0.0616,0.0,0.0,0.0431,0.0,0.0,0.0952,0.0,0.0616,0.0,0.1869,0.0,0.0,0.0616,0.0,0.0521,0.0,0.1047,0.0,0.0,0.0616,0.2772,0.0747,0.0616,0.0,0.0521,0.0442,0.0496,0.0
SHH,0.0471,0.0,0.0,0.0,0.0,0.0964,0.0485,0.2015,0.0,0.3547,0.0,0.0554,0.0,0.2045,0.199,0.0452,0.0,0.0452,0.0,0.0,0.0,0.0,0.1877,0.0924,0.1393,0.0,0.0,0.0,0.0,0.0,0.0,0.0,0.0,0.0,0.052,0.0,0.0,0.0,0.0,0.0,0.0,0.0471,0.0672,0.0452,0.0,0.0,0.0,0.0924,0.0485,0.0,0.0,0.0,0.0,0.0,0.0
AOH,0.1881,0.0,0.0,0.0,0.1105,0.0442,0.0,0.0,0.0572,0.6662,0.0467,0.0,0.0,0.2658,0.0572,0.0572,0.0,0.0492,0.0492,0.0,0.0,0.0,0.0,0.0,0.0,0.0,0.0,0.0,0.0572,0.0,0.0451,0.0,0.0,0.0,0.0,0.0,0.0,0.0,0.0,0.0,0.0458,0.0458,0.0,0.0448,0.1428,0.0,0.0,0.3543,0.0,0.0,0.096,0.0,0.0,0.0,0.0
FQX,0.1019,0.0,0.0,0.0,0.0,0.0,0.0,0.0,0.0,0.2373,0.0,0.0,0.1422,0.0467,0.0,0.0,0.0,0.0,0.0,0.0,0.0,0.0,0.0529,0.0,0.0,0.0,0.0544,0.0,0.2382,0.2037,0.0,0.0544,0.0492,0.1728,0.0,0.0756,0.0,0.0,0.0,0.0,0.2025,0.0,0.0957,0.0466,0.0,0.0,0.0,0.2356,0.0,0.0,0.0,0.0,0.0,0.0,0.0492
OPX,0.0472,0.0,0.0,0.0,0.0,0.0908,0.1402,0.1363,0.0448,0.1359,0.0,0.0447,0.0,0.6109,0.0,0.0,0.0,0.1424,0.0,0.0,0.1013,0.048,0.1506,0.0,0.1077,0.1099,0.104,0.0,0.0455,0.0,0.0,0.0456,0.0456,0.0518,0.0,0.0,0.0,0.0,0.0,0.048,0.0929,0.0,0.046,0.0495,0.0,0.0,0.0,0.095,0.0,0.0,0.0,0.0,0.0,0.0,0.0
RNU,0.3003,0.0,0.0,0.0,0.0,0.2112,0.1482,0.604,0.0471,0.0,0.0,0.0,0.0,0.1585,0.0934,0.0,0.0,0.0,0.0,0.0,0.0,0.0,0.0,0.0,0.0,0.0,0.0469,0.0,0.1904,0.0,0.0,0.0512,0.0,0.0,0.0471,0.0,0.0,0.0,0.0,0.0,0.0,0.0,0.1567,0.0963,0.0473,0.2427,0.1464,0.2911,0.0,0.0,0.0,0.108,0.0,0.0,0.0
QLX,0.0914,0.0,0.0,0.0,0.0,0.0467,0.0467,0.1961,0.0,0.1348,0.0,0.0,0.0,0.0878,0.0,0.0,0.0,0.0565,0.0,0.0,0.0,0.0,0.1062,0.0,0.0532,0.0,0.0,0.0,0.097,0.0,0.0549,0.0565,0.0565,0.0433,0.0505,0.0,0.0,0.0,0.0,0.0,0.107,0.0,0.0904,0.0565,0.0549,0.0,0.0,0.091,0.0,0.0,0.1139,0.1005,0.0,0.0,0.0
EGW,0.3526,0.0532,0.0,0.0,0.0,0.2034,0.0491,0.7025,0.0,0.2001,0.0,0.051,0.0,0.0504,0.0,0.0,0.0,0.0,0.0,0.0,0.0,0.0,0.0,0.0,0.0,0.0,0.049,0.0,0.2971,0.0,0.0,0.0,0.0,0.0,0.0,0.048,0.0,0.0,0.0,0.0,0.0,0.0,0.1059,0.0,0.0,0.0,0.0483,0.1958,0.0,0.0,0.0,0.0544,0.0,0.0503,0.0
MCZ,0.1906,0.0,0.0,0.0,0.1981,0.1414,0.0,0.0505,0.0,0.3991,0.0,0.0,0.0,0.1502,0.0,0.0,0.0,0.0,0.0,0.0,0.0,0.0,0.0,0.0,0.0,0.0,0.0465,0.3049,0.1884,0.0,0.0,0.0,0.0,0.0976,0.0,0.1556,0.0,0.0,0.0,0.0,0.0,0.0,0.0,0.0,0.0,0.0,0.2082,0.8054,0.0,0.0,0.1019,0.0,0.0,0.0459,0.0
WXH,0.5257,0.043,0.0,0.0,0.0,0.2728,0.1294,0.5432,0.0495,0.257,0.2032,0.0661,0.1112,0.4923,0.0,0.0,0.0,0.0435,0.0,0.0887,0.0,0.0,0.0,0.0,0.0,0.0,0.0,0.0,0.0,0.0,0.0,0.0,0.0,0.0,0.0,0.0,0.0,0.0,0.0,0.0,0.0,0.0,0.0427,0.0,0.0,0.0,0.0449,0.2303,0.0859,0.0,0.0859,0.0427,0.0,0.0,0.0
MEH,0.1515,0.0,0.0,0.0,0.2505,0.0513,0.148,0.1501,0.0482,0.3966,0.0,0.0,0.0,0.0991,0.0991,0.0482,0.0,0.0,0.0,0.0,0.0,0.0,0.0,0.0,0.0,0.0,0.0508,0.0,0.3525,0.0496,0.1988,0.0508,0.0,0.2512,0.0,0.0508,0.0488,0.0,0.0,0.0,0.0496,0.0496,0.0513,0.1016,0.0482,0.0,0.099,0.3505,0.0,0.1509,0.0972,0.0501,0.0,0.0,0.0
BGA,0.0542,0.0,0.0,0.0,0.0,0.2022,0.3436,0.1989,0.0483,0.1025,0.0,0.0542,0.0,0.2947,0.1512,0.0,0.0483,0.0485,0.0484,0.0,0.0993,0.0,0.0,0.0,0.0,0.0,0.0,0.0,0.0485,0.0,0.0,0.0,0.0485,0.0,0.0,0.0,0.0,0.0,0.0,0.0,0.0485,0.0,0.0,0.0,0.0482,0.0482,0.0,0.3921,0.0978,0.0,0.0,0.148,0.0542,0.0,0.0522
UXK,0.1014,0.0,0.0,0.0,0.0,0.3978,0.0489,0.5957,0.2501,0.0489,0.0,0.0489,0.0,0.1479,0.1019,0.049,0.0,0.0,0.0,0.0,0.0,0.0,0.0,0.0,0.0,0.0,0.0,0.0,0.1495,0.0,0.0,0.0,0.0,0.0,0.0492,0.0,0.0,0.0,0.0,0.0,0.0,0.0,0.2958,0.1005,0.0992,0.0514,0.0,0.4497,0.0,0.0,0.0,0.2446,0.0,0.0,0.0
ZUJ,0.05,0.047,0.0,0.0,0.1992,0.097,0.047,0.1998,0.0,0.2954,0.0,0.0,0.1426,0.1035,0.0,0.0,0.0494,0.0,0.0,0.0,0.0,0.0,0.05,0.0,0.0,0.0,0.0,0.0468,0.0934,0.0,0.0,0.1555,0.0535,0.1541,0.1076,0.0,0.0,0.0464,0.0464,0.0,0.1666,0.0535,0.0,0.0,0.0,0.0,0.0987,0.5429,0.0,0.0464,0.0,0.0,0.0,0.0,0.0
DJJ,0.0,0.0,0.0,0.0,0.052,0.0,0.0,0.0,0.0,0.3004,0.0,0.0,0.0495,0.1475,0.0,0.0,0.0992,0.0496,0.0,0.0,0.0,0.0,0.0,0.0,0.0,0.0,0.0496,0.1013,0.0,0.0495,0.0542,0.0495,0.0,0.1037,0.0,0.1022,0.0,0.0496,0.0,0.0,0.0,0.0,0.0,0.0495,0.1479,0.0,0.2503,0.401,0.0,0.0,0.0489,0.0,0.0,0.0,0.0
VZY,0.1054,0.1054,0.0,0.0,0.0629,0.13,0.1614,0.0875,0.0,0.105,0.0,0.0,0.0,0.1279,0.0847,0.0,0.0,0.0893,0.0,0.0,0.0427,0.0885,0.2031,0.0,0.0439,0.0854,0.0,0.0,0.115,0.0,0.0,0.1658,0.1658,0.0,0.102,0.0,0.0,0.0,0.0,0.0426,0.2686,0.0,0.1082,0.0545,0.0,0.0,0.0,0.115,0.0,0.0,0.0,0.0,0.0,0.0,0.0
JOZ,0.3831,0.0,0.0,0.0,0.0,0.0938,0.0433,0.0946,0.0,0.2683,0.0,0.0921,0.0,0.0,0.0,0.0,0.0,0.0,0.0,0.0,0.0,0.0428,0.0,0.0,0.0,0.0,0.0,0.0,0.1621,0.0,0.0671,0.0437,0.0,0.0437,0.0,0.0,0.0433,0.0,0.0,0.0,0.0,0.0,0.2155,0.1323,0.0886,0.0,0.0,0.4977,0.0,0.0,0.0966,0.0,0.0431,0.0,0.1189
PCT,0.0,0.0,0.0,0.0,0.0,0.0,0.1245,0.1494,0.0,0.0994,0.0,0.0,0.0,0.1913,0.0,0.0,0.0,0.0,0.0927,0.0,0.0,0.0,0.0,0.0,0.0,0.0,0.0,0.0,0.0,0.0,0.0,0.0,0.0,0.0541,0.0463,0.0,0.1417,0.0,0.0,0.0,0.0,0.0,0.0,0.1007,0.3374,0.8214,0.0945,0.3619,0.0,0.0,0.0,0.0,0.0464,0.0,0.0
MGC,0.4097,0.0572,0.0,0.0,0.0,0.094,0.0,0.0,0.0,0.3358,0.0,0.1926,0.0,0.0475,0.0,0.0,0.0,0.0,0.0,0.0,0.0,0.0,0.0502,0.0,0.0,0.0557,0.0,0.0,0.0485,0.0,0.0502,0.1083,0.1001,0.0548,0.2059,0.0,0.0467,0.0,0.0,0.0,0.0535,0.0,0.1482,0.0463,0.0463,0.0,0.0,0.336,0.0,0.0,0.0463,0.0,0.0548,0.0,0.1677
XFN,0.2903,0.0,0.0,0.0,0.0446,0.0961,0.0,0.1893,0.0,0.2282,0.0,0.0447,0.0898,0.0446,0.0,0.0,0.0891,0.0,0.0,0.0,0.0,0.0,0.0,0.0,0.0,0.0,0.0,0.0,0.0653,0.0,0.0653,0.0507,0.0,0.0953,0.0,0.0,0.0,0.0,0.0,0.0,0.0,0.0,0.2125,0.0448,0.0895,0.0,0.0891,0.4927,0.0,0.0,0.0448,0.0,0.0,0.0,0.0734
PLF,0.2043,0.0,0.0,0.0,0.0,0.0494,0.053,0.0,0.0,0.548,0.053,0.5068,0.2463,0.251,0.0,0.0,0.0,0.0477,0.0,0.0,0.0,0.0,0.0,0.0,0.0,0.0,0.0484,0.0484,0.0995,0.053,0.0,0.0477,0.0,0.0,0.0,0.0,0.0,0.0,0.0,0.0,0.1008,0.053,0.0491,0.0,0.0,0.0,0.0,0.508,0.0,0.103,0.0,0.0,0.0568,0.0,0.0477
ZJR,0.1356,0.0,0.0,0.0,0.0,0.4255,0.0,0.1957,0.0416,0.3615,0.0,0.0693,0.0,0.3539,0.494,0.1066,0.0416,0.1484,0.0,0.0448,0.0,0.0,0.0,0.0,0.0,0.0,0.0,0.0,0.2045,0.0,0.0,0.0,0.0,0.0533,0.0424,0.0533,0.0,0.0,0.0,0.0,0.0,0.0,0.0,0.0,0.0,0.0,0.0,0.4023,0.0,0.0498,0.0,0.0,0.0,0.0,0.0
BFD,0.0477,0.0,0.0,0.0,0.0492,0.3211,0.095,0.5282,0.0,0.1928,0.0418,0.0491,0.0491,0.2543,0.0,0.0,0.0,0.0445,0.055,0.0,0.0,0.0,0.0568,0.0,0.0,0.0568,0.0,0.0,0.0,0.0,0.0,0.0,0.0,0.0491,0.0,0.0,0.0418,0.0,0.0,0.0,0.0,0.0,0.1908,0.1431,0.094,0.0493,0.0,0.2477,0.0,0.0,0.0,0.0899,0.0,0.0,0.0
ZUZ,0.0,0.0,0.0,0.0,0.102,0.0,0.0,0.1524,0.0,0.242,0.0,0.0,0.0913,0.1937,0.0,0.0,0.0928,0.0,0.0,0.0,0.0,0.0,0.0,0.0,0.0,0.0,0.0,0.0921,0.0451,0.0,0.0,0.0,0.0,0.1573,0.0,0.0,0.0,0.0451,0.0908,0.0,0.0,0.0,0.0,0.1121,0.0,0.0,0.0928,0.4277,0.0,0.0,0.219,0.0457,0.0,0.0,0.0
TRC,0.2003,0.0,0.0,0.0506,0.0,0.0506,0.0479,0.1974,0.0,0.0567,0.0,0.0,0.0,0.2542,0.0526,0.0,0.0,0.0466,0.0466,0.0,0.0466,0.0,0.1021,0.1477,0.093,0.0,0.0,0.0,0.0,0.0,0.0,0.0,0.1059,0.0,0.0459,0.0,0.0,0.0,0.0,0.0969,0.1486,0.0517,0.0973,0.0503,0.0457,0.0,0.0,0.1035,0.0479,0.0,0.0,0.0,0.0,0.0,0.0503
SIE,0.0,0.0,0.0,0.0,0.1433,0.0461,0.0469,0.0955,0.0,0.1407,0.0,0.0,0.049,0.0914,0.0,0.0,0.0,0.0,0.0,0.0,0.0,0.0,0.0,0.0,0.0,0.0,0.0,0.0454,0.1992,0.0664,0.2584,0.1623,0.1148,0.1433,0.0457,0.0474,0.0457,0.0,0.0,0.0,0.1148,0.0483,0.0943,0.1074,0.0,0.0,0.049,0.4439,0.0,0.1608,0.3044,0.0476,0.0664,0.0,0.0
ROO,0.2041,0.0,0.0,0.0,0.0,0.0,0.0473,0.0,0.0,0.0,0.0,0.0,0.0,0.0575,0.0,0.0,0.0,0.0,0.0,0.0,0.0,0.0,0.0,0.0,0.0,0.0,0.0488,0.0,0.0,0.2113,0.0,0.6973,0.2032,0.6599,0.0,0.0,0.0,0.0,0.0,0.0,0.048,0.0,0.3023,0.2113,0.0,0.0,0.0556,0.0575,0.0,0.0,0.0,0.0,0.0,0.0,0.0
ADL,0.0444,0.0,0.0,0.0,0.0459,0.0,0.0,0.0505,0.0,0.3998,0.0,0.2363,0.1894,0.1618,0.0,0.0,0.0476,0.0,0.0,0.0,0.0,0.0,0.0,0.0,0.0,0.0,0.0466,0.0984,0.2331,0.0,0.0,0.0,0.0,0.1252,0.0,0.0,0.0,0.0,0.0,0.0,0.0,0.0,0.0623,0.0,0.0447,0.0,0.1429,0.52,0.0,0.0,0.0678,0.0,0.0444,0.0,0.0
TGU,0.0,0.0,0.0,0.0,0.0,0.0464,0.0,0.1069,0.0,0.3579,0.0466,0.0473,0.0503,0.0473,0.0,0.0,0.3448,0.0,0.0,0.0,0.0,0.0,0.0,0.0,0.0,0.0,0.0,0.0,0.0,0.0,0.0,0.0492,0.0492,0.0,0.0,0.0,0.0,0.0,0.0,0.0,0.0492,0.0,0.0464,0.0464,0.1435,0.0,0.1472,0.3,0.0,0.0,0.1014,0.055,0.0,0.0,0.0504
ARL,0.2427,0.0,0.0,0.0,0.0463,0.0,0.0,0.1144,0.0,0.6532,0.2031,0.2231,0.047,0.1947,0.0,0.0,0.0,0.1155,0.0,0.0,0.0,0.0,0.0,0.0,0.0,0.0,0.0,0.0,0.0467,0.0,0.0467,0.0,0.0,0.0473,0.0464,0.0,0.1546,0.0,0.0,0.0,0.0,0.0,0.051,0.0,0.0463,0.0,0.0,0.1482,0.0,0.0,0.0972,0.0,0.0,0.0,0.0
RVX,0.1627,0.0,0.0,0.0,0.0,0.0,0.0,0.0477,0.0,0.1901,0.0,0.1407,0.0,0.0934,0.0,0.0,0.0,0.0,0.0,0.0,0.0,0.0,0.0516,0.0,0.0,0.0,0.0589,0.0,0.0463,0.2113,0.0,0.0664,0.0516,0.1007,0.0,0.0516,0.0,0.0,0.0,0.0,0.2638,0.0,0.0997,0.0,0.0,0.0,0.0,0.0,0.0,0.0,0.0918,0.0454,0.0963,0.0,0.0516
ESF,0.2543,0.0,0.0,0.0,0.0,0.1965,0.0,0.1888,0.0509,0.0962,0.0,0.0495,0.0,0.3475,0.0973,0.0,0.0,0.0495,0.0,0.0,0.0,0.0492,0.0,0.0973,0.0494,0.0495,0.1885,0.0,0.2046,0.0,0.0,0.0,0.0,0.0,0.0,0.0,0.0,0.0471,0.0942,0.0492,0.0,0.0,0.149,0.0,0.0,0.0,0.0,0.2024,0.0,0.0,0.048,0.0578,0.0,0.0,0.0
NGL,0.3038,0.0,0.0,0.0,0.0503,0.0987,0.103,0.1454,0.0,0.1865,0.0,0.0,0.0,0.0,0.0,0.0,0.0,0.0,0.0,0.0,0.0,0.0,0.0,0.0,0.0,0.0,0.0,0.0476,0.2458,0.1395,0.3044,0.1946,0.0489,0.1446,0.0,0.0,0.0,0.0,0.0,0.0,0.0489,0.0,0.1094,0.1441,0.0467,0.0,0.0,0.291,0.0,0.1523,0.1455,0.0,0.0489,0.0,0.1545
KRN,0.0525,0.0,0.0,0.0,0.0916,0.0,0.0,0.097,0.0,0.4889,0.0,0.0446,0.0,0.046,0.0,0.0,0.0578,0.0,0.0,0.0,0.0,0.0,0.0,0.0,0.0,0.0,0.0,0.0477,0.0,0.0,0.0,0.0,0.0,0.1487,0.0,0.0927,0.0,0.0,0.0,0.0,0.0446,0.0,0.0,0.046,0.0,0.0,0.2872,0.6999,0.0,0.0525,0.045,0.0,0.0,0.0,0.0666
GFG,0.0499,0.0,0.0,0.0,0.1569,0.0485,0.0496,0.1017,0.0,0.5047,0.0,0.0495,0.1,0.1563,0.0,0.0,0.0997,0.0,0.0,0.0,0.0,0.0,0.0,0.0,0.0,0.0,0.0,0.0,0.1964,0.0,0.0503,0.0,0.0,0.0484,0.0,0.0,0.0496,0.0,0.0,0.0,0.0,0.0,0.0,0.0,0.1968,0.0,0.2509,0.506,0.0,0.0,0.0503,0.0,0.0,0.0,0.0
EMF,0.1571,0.0,0.0,0.0,0.106,0.1361,0.1384,0.2318,0.0,0.0896,0.0,0.0,0.0441,0.1053,0.0,0.0,0.0,0.0,0.0,0.0,0.0,0.0,0.0,0.0,0.0,0.0,0.1004,0.1368,0.3595,0.0527,0.344,0.0524,0.0,0.0466,0.0,0.0,0.0,0.0,0.0,0.0,0.0,0.0,0.0466,0.0523,0.0457,0.0,0.0,0.4851,0.0,0.0979,0.2343,0.0455,0.0,0.0,0.1004
WAI,0.4394,0.0,0.0,0.0,0.0,0.0393,0.0,0.2835,0.0,0.774,0.0756,0.2356,0.0829,0.372,0.0381,0.0,0.0,0.0,0.0381,0.0481,0.0,0.0,0.0,0.0,0.0,0.0,0.0,0.0462,0.0448,0.0,0.0,0.0,0.0,0.0,0.0838,0.0,0.0,0.0,0.0,0.0,0.0,0.0,0.1213,0.0,0.0,0.0,0.0381,0.4538,0.0,0.0,0.0,0.0,0.0,0.0,0.0
YXB,0.2026,0.0,0.0,0.0,0.0498,0.0488,0.0986,0.1571,0.0,0.1011,0.0,0.0,0.0,0.0,0.0,0.0,0.0,0.0,0.0,0.0,0.0,0.0,0.0,0.0,0.0,0.0,0.0,0.0478,0.1962,0.21,0.1978,0.351,0.0484,0.359,0.0481,0.0,0.0,0.0,0.0,0.0,0.0,0.0,0.1991,0.2606,0.0,0.0,0.0542,0.1983,0.0,0.0992,0.0502,0.0,0.0,0.0,0.1468
LMH,0.0439,0.0,0.0,0.0,0.0627,0.1525,0.1506,0.153,0.0,0.2462,0.0,0.0,0.0459,0.1816,0.0,0.0,0.0,0.0,0.0,0.0,0.0,0.0,0.0,0.0,0.0,0.0,0.0,0.1496,0.3907,0.0446,0.3623,0.0737,0.0,0.1057,0.0438,0.0,0.0438,0.0,0.0,0.0,0.0,0.0,0.0614,0.046,0.0436,0.0,0.0,0.4588,0.0,0.1365,0.2739,0.0895,0.0,0.0,0.0439
DRX,0.0,0.0,0.0,0.0,0.0,0.0,0.0501,0.1036,0.0,0.1057,0.0,0.0,0.0,0.2099,0.0,0.0,0.0,0.0,0.0995,0.0,0.0,0.0,0.0,0.0,0.0,0.0,0.0,0.0,0.0,0.0,0.0,0.0,0.0,0.0,0.0506,0.0,0.1543,0.0,0.0,0.0,0.0,0.0,0.0,0.0501,0.355,0.9499,0.0959,0.367,0.0,0.0,0.0,0.0,0.0496,0.0,0.0
OBA,0.2933,0.0,0.0,0.0,0.0,0.0984,0.0478,0.0505,0.0,0.304,0.0,0.0505,0.0,0.49,0.0504,0.0,0.0,0.049,0.0,0.0,0.1474,0.0,0.0,0.0,0.0479,0.0,0.1443,0.0481,0.0959,0.0,0.0481,0.1965,0.0484,0.1491,0.0,0.0,0.0,0.0,0.0,0.0,0.049,0.0,0.1486,0.1007,0.0581,0.0,0.0481,0.4418,0.0,0.0496,0.0,0.0,0.0481,0.0,0.0
YPH,0.054,0.0,0.0,0.0,0.0,0.0912,0.0908,0.5677,0.0,0.0525,0.0466,0.0,0.0,0.2035,0.0,0.0,0.0,0.0,0.0,0.0,0.0,0.0,0.0462,0.0,0.0,0.0,0.0,0.0,0.0,0.0,0.054,0.0,0.0462,0.0,0.1566,0.0,0.1452,0.0,0.0,0.0,0.0,0.0462,0.1005,0.0,0.1909,0.3955,0.1004,0.2902,0.0,0.0,0.0,0.0462,0.054,0.0446,0.0
TWI,0.1882,0.0,0.0,0.0,0.0,0.1445,0.0437,0.0469,0.0,0.282,0.0,0.0437,0.0868,0.4603,0.0,0.0,0.0,0.0508,0.0,0.0426,0.0,0.0,0.0,0.0,0.0,0.0,0.0861,0.0,0.0525,0.0,0.0,0.0437,0.0,0.0,0.043,0.0,0.043,0.0,0.0,0.0939,0.0,0.0,0.0,0.043,0.0958,0.0858,0.0899,0.3612,0.0,0.043,0.0,0.0,0.0508,0.0,0.0
BXX,0.1642,0.0,0.0,0.0,0.0,0.0992,0.0,0.1106,0.0,0.7094,0.0,0.0536,0.0503,0.3427,0.0478,0.0,0.0,0.0,0.0,0.0,0.0,0.0,0.0,0.0,0.0,0.0,0.0,0.0,0.1905,0.0,0.0,0.0,0.0,0.0,0.0603,0.0,0.0,0.0,0.0,0.0476,0.0,0.0,0.0603,0.0,0.0,0.0,0.0,0.5523,0.0,0.0523,0.0,0.0,0.0,0.0,0.0
GOL,0.1473,0.0,0.0,0.0,0.0479,0.0,0.0,0.0486,0.0,0.2947,0.0,0.0968,0.0,0.2469,0.0486,0.0,0.0,0.0979,0.0,0.0,0.0,0.0,0.0487,0.0,0.0,0.0,0.0984,0.0,0.0484,0.1072,0.0,0.201,0.0497,0.0482,0.1047,0.0,0.0,0.0,0.0,0.0,0.1485,0.0,0.0483,0.0,0.0,0.0,0.0,0.2439,0.0,0.0,0.0,0.0,0.0,0.0,0.0507
RMP,0.1961,0.0,0.0,0.0,0.0,0.0,0.0481,0.0968,0.0,0.0524,0.0,0.0,0.0481,0.0494,0.0,0.0,0.0,0.0,0.0,0.0,0.0,0.0,0.0,0.0,0.0,0.0482,0.0494,0.0,0.0,0.1977,0.0517,0.4113,0.0,0.6079,0.0481,0.0499,0.0,0.0,0.0482,0.0,0.0482,0.0,0.1972,0.1471,0.0,0.0,0.0494,0.2467,0.0,0.0,0.0,0.0,0.0,0.0,0.0986
HIX,0.0,0.0,0.0,0.0,0.0,0.0,0.1096,0.1468,0.0,0.1019,0.0,0.0,0.0,0.1981,0.0,0.0,0.0,0.0,0.0949,0.0,0.0,0.0,0.0,0.0,0.0,0.0,0.0,0.0,0.0,0.0,0.0,0.0,0.0,0.0475,0.0485,0.0,0.1478,0.0,0.0,0.0,0.0,0.0,0.0,0.0952,0.2988,0.8429,0.0495,0.3561,0.0,0.0,0.0,0.0,0.0486,0.0,0.0
KHQ,0.0964,0.0,0.0,0.0,0.0,0.0969,0.0476,0.0,0.0,0.3873,0.0,0.0498,0.047,0.1465,0.0,0.0,0.1499,0.0,0.0,0.0,0.0,0.0,0.0,0.0,0.0,0.0,0.0,0.0513,0.2063,0.0,0.0,0.0,0.0,0.0,0.0,0.0,0.0,0.0,0.0,0.0,0.0,0.0,0.0,0.0493,0.0968,0.0,0.1024,0.3539,0.0535,0.0486,0.1557,0.0525,0.0,0.0,0.0
MQG,0.2477,0.0,0.0,0.0,0.0,0.1493,0.0,0.0,0.0,0.3479,0.0,0.2931,0.0484,0.1549,0.0,0.0,0.0,0.0,0.0,0.0,0.0,0.0,0.0,0.0,0.0,0.0,0.0,0.0519,0.1515,0.0,0.0,0.0521,0.0519,0.0,0.0,0.0,0.0,0.0,0.0,0.0,0.0,0.0519,0.0,0.0,0.0,0.0,0.0473,0.2445,0.0,0.0,0.1568,0.0,0.2477,0.0,0.0
TYB,0.162,0.0,0.0,0.0,0.0,0.0,0.055,0.0,0.0,0.0,0.0,0.0,0.0,0.6073,0.0593,0.0,0.0,0.0,0.0,0.0,0.2164,0.0953,0.1493,0.0,0.1576,0.103,0.3966,0.0,0.0964,0.0,0.0,0.0,0.0,0.0998,0.152,0.0,0.0,0.0493,0.2426,0.0505,0.0,0.0,0.0,0.0,0.0,0.0,0.0,0.5476,0.0,0.0941,0.0,0.0547,0.0,0.0,0.0
ROC,0.0481,0.0,0.0,0.0,0.0,0.042,0.0961,0.5149,0.0,0.0455,0.042,0.0,0.0,0.139,0.0,0.0,0.0,0.0,0.0,0.0,0.0,0.0,0.1466,0.0,0.0,0.0,0.0,0.0,0.0,0.0,0.0481,0.0,0.04,0.0,0.137,0.0,0.09,0.0,0.0,0.0,0.0,0.04,0.1459,0.0,0.1677,0.3465,0.087,0.1742,0.0,0.0,0.0,0.0961,0.0481,0.0,0.0
LSB,0.3293,0.0,0.0,0.0,0.0,0.1879,0.0453,0.1017,0.0,0.2324,0.0461,0.2317,0.0911,0.1734,0.0,0.0,0.0,0.0,0.0,0.0,0.0,0.0523,0.0,0.0,0.0,0.0,0.0454,0.0905,0.045,0.1251,0.1914,0.0605,0.0,0.0605,0.0,0.0,0.0799,0.0,0.0,0.0,0.0453,0.0453,0.2835,0.0974,0.0467,0.0,0.0,0.5161,0.0,0.0453,0.0917,0.0,0.0981,0.0,0.0523
ECM,0.0524,0.0,0.0,0.0,0.0552,0.34,0.0952,0.4855,0.0,0.2157,0.0,0.058,0.058,0.2174,0.0,0.0,0.0,0.0441,0.0642,0.0,0.0,0.0,0.0,0.0,0.0,0.0,0.0,0.0,0.0,0.0,0.0,0.0,0.0,0.058,0.0,0.0,0.0,0.0,0.0,0.0,0.0,0.0,0.2097,0.1573,0.1412,0.0871,0.0,0.3155,0.0,0.0,0.0,0.0952,0.0,0.0,0.0
RLK,0.0943,0.0,0.0,0.0,0.0996,0.1003,0.144,0.0929,0.0,0.3459,0.0,0.0471,0.1618,0.1869,0.0,0.0,0.0459,0.0,0.0,0.0,0.0,0.0,0.0,0.0,0.0,0.0475,0.0482,0.0,0.0,0.0,0.0,0.1525,0.0,0.1602,0.0459,0.0996,0.0,0.0,0.0,0.0586,0.0,0.0,0.1421,0.1535,0.2101,0.0547,0.0462,0.345,0.0,0.0,0.0468,0.0,0.0471,0.0,0.0475
MNR,0.3499,0.0,0.0,0.0,0.0,0.0,0.0,0.0515,0.0,0.098,0.0497,0.0,0.0,0.1448,0.0,0.0,0.0,0.0,0.0,0.0,0.0,0.0,0.051,0.0,0.0,0.0,0.0,0.0963,0.198,0.0,0.1989,0.2107,0.0,0.3539,0.0,0.0,0.0,0.0,0.0,0.0,0.0,0.0,0.4453,0.1975,0.0,0.0,0.0,0.2483,0.0,0.0,0.099,0.0,0.0,0.0,0.0
EST,0.0974,0.0,0.0,0.0,0.0,0.0953,0.0989,0.1591,0.0,0.361,0.0,0.0946,0.0474,0.0471,0.0,0.0,0.0,0.0,0.0,0.0,0.0,0.0,0.0,0.0,0.0,0.0,0.051,0.1083,0.1452,0.0474,0.1998,0.0984,0.0,0.1423,0.0,0.1123,0.0496,0.0,0.0,0.0,0.0,0.0,0.0471,0.0481,0.1441,0.0,0.1594,0.5141,0.0,0.051,0.0991,0.0,0.0,0.0,0.0493
HRN,0.1565,0.0,0.0,0.0,0.0,0.215,0.05,0.4738,0.1002,0.3134,0.0,0.0469,0.0,0.5374,0.0465,0.0,0.0,0.0,0.0472,0.0,0.1538,0.0,0.0946,0.0,0.0472,0.0972,0.0474,0.0,0.1069,0.0,0.0,0.0,0.0,0.0,0.0,0.0,0.0512,0.0,0.0,0.0472,0.0,0.0,0.0,0.0,0.0,0.095,0.0,0.1007,0.0,0.0,0.0,0.1534,0.0,0.0,0.0
YGH,0.6251,0.0,0.0398,0.0,0.0425,0.109,0.0,0.0357,0.0,0.1768,0.0,0.1333,0.0,0.4626,0.0744,0.0,0.0835,0.0448,0.0,0.0,0.176,0.0,0.1803,0.2191,0.0,0.0,0.0,0.0,0.0,0.0,0.0,0.0,0.0,0.0987,0.0,0.0,0.0864,0.0,0.0,0.0,0.0,0.0,0.0,0.1143,0.0,0.0,0.0,0.1988,0.0,0.0425,0.0,0.0,0.0,0.0387,0.0
KDR,0.1597,0.0954,0.0,0.0,0.0,0.0945,0.1954,0.0465,0.0,0.3458,0.0,0.1122,0.1077,0.3951,0.0,0.0,0.0,0.0516,0.0,0.0481,0.0965,0.0,0.0947,0.0,0.0,0.0,0.0561,0.0,0.0,0.0,0.0,0.0484,0.0,0.0484,0.0561,0.0,0.1623,0.0,0.0,0.0561,0.0,0.0,0.0,0.0561,0.0,0.0,0.0561,0.2454,0.0576,0.0561,0.0,0.0468,0.0,0.0465,0.106
CSF,0.1337,0.0,0.0,0.0,0.0,0.135,0.1334,0.0886,0.044,0.0889,0.0,0.0449,0.0,0.6248,0.0,0.0,0.0,0.2232,0.0,0.0,0.0524,0.0514,0.145,0.0,0.0531,0.1006,0.1238,0.0,0.0,0.0,0.0,0.0442,0.0442,0.0735,0.0,0.0,0.0,0.0,0.0,0.0514,0.088,0.0,0.0445,0.049,0.0,0.0,0.0,0.0453,0.0,0.0,0.0,0.0,0.0,0.0,0.0
ENR,0.0517,0.0,0.0,0.0,0.0,0.3364,0.3359,0.2961,0.0,0.0491,0.0491,0.0,0.0,0.1675,0.0,0.0,0.0,0.0,0.0,0.0,0.0462,0.0,0.0,0.0,0.0,0.0,0.2758,0.0,0.0,0.0952,0.0,0.0,0.0,0.0466,0.0466,0.046,0.0,0.0,0.0926,0.0,0.0,0.0,0.0,0.0,0.048,0.0,0.0,0.1879,0.0,0.0,0.0,0.0934,0.0,0.0,0.0
PKM,0.2336,0.0,0.0,0.0,0.0,0.0473,0.0484,0.0484,0.0,0.0476,0.0,0.0978,0.0,0.5467,0.0949,0.0,0.0,0.0942,0.0464,0.0,0.0469,0.0,0.0957,0.2612,0.1417,0.0502,0.0,0.0,0.0484,0.0,0.0,0.0,0.0,0.0458,0.0457,0.0,0.0,0.0,0.0,0.0,0.0468,0.0,0.0502,0.0968,0.0,0.0,0.0,0.4343,0.0,0.0,0.0,0.0,0.0,0.0,0.0619
ELC,0.0492,0.0,0.0,0.0,0.098,0.0504,0.047,0.1448,0.0,0.387,0.0,0.0,0.176,0.0475,0.0,0.0,0.0471,0.0475,0.0,0.0,0.0,0.0,0.0,0.0,0.0,0.0,0.0,0.0501,0.047,0.0,0.0,0.0,0.0511,0.0504,0.0,0.1493,0.047,0.0475,0.0,0.0,0.0,0.0,0.0,0.0,0.1768,0.0488,0.146,0.6029,0.0,0.0,0.0,0.0,0.0,0.0,0.0
LMV,0.1015,0.0,0.0,0.0,0.052,0.0494,0.0512,0.298,0.0,0.0494,0.0,0.0,0.0494,0.052,0.0,0.0,0.0,0.0,0.0,0.0,0.0,0.0,0.0,0.0,0.0,0.0,0.0982,0.1462,0.302,0.0514,0.3554,0.1013,0.0,0.0481,0.0,0.0,0.0,0.0,0.0,0.0,0.0,0.0,0.0481,0.0504,0.048,0.0,0.0,0.3511,0.0,0.0532,0.198,0.0,0.0,0.0,0.0512
KBP,0.0507,0.0,0.0,0.0,0.0,0.0,0.0,0.1971,0.0,0.1507,0.0,0.0507,0.0,0.2007,0.0,0.0,0.0,0.0,0.0974,0.0,0.0,0.0,0.0,0.0,0.0,0.0,0.0,0.0,0.0,0.0,0.0,0.0,0.0,0.0,0.0487,0.0,0.1991,0.0,0.0,0.0,0.0,0.0,0.0473,0.0489,0.3471,0.7845,0.0488,0.352,0.0507,0.0,0.0,0.0,0.0484,0.0,0.0651
NMW,0.2532,0.0,0.0,0.0,0.0,0.2523,0.1967,0.2996,0.0,0.1973,0.0,0.0965,0.0,0.3503,0.0,0.0,0.0,0.0483,0.0,0.0982,0.0,0.0,0.0,0.0,0.0,0.0494,0.0,0.0,0.1045,0.0,0.0,0.0503,0.0,0.0,0.0,0.0,0.0485,0.0,0.0,0.0,0.0987,0.0987,0.0,0.0494,0.0,0.0,0.0,0.1993,0.0,0.0,0.0,0.0491,0.0979,0.0,0.0
ZBL,0.1511,0.0,0.0,0.0,0.0,0.0,0.054,0.1972,0.0,0.355,0.0,0.102,0.0498,0.049,0.0,0.0,0.0,0.0,0.0,0.0,0.0,0.0,0.0,0.0,0.0,0.0,0.0,0.0,0.2022,0.0497,0.1012,0.0497,0.0497,0.0499,0.0,0.0,0.054,0.0,0.0,0.0,0.0987,0.049,0.0,0.0,0.1019,0.0,0.1489,0.296,0.0,0.0499,0.1506,0.049,0.0522,0.0,0.0505
DTB,0.0,0.0,0.0,0.0,0.0,0.0439,0.0,0.3134,0.0,0.3163,0.0,0.0428,0.0,0.0474,0.0,0.0,0.0,0.0,0.0428,0.0,0.0,0.0,0.0,0.0,0.0,0.0,0.052,0.237,0.5705,0.0,0.2568,0.0,0.0,0.0,0.0,0.0,0.0,0.0,0.0,0.0,0.0,0.0,0.0459,0.0459,0.0,0.0,0.0,0.3925,0.0,0.0,0.1025,0.0,0.0,0.0,0.0
PKP,0.1889,0.0,0.0,0.0,0.0,0.1402,0.0,0.0701,0.0,0.2854,0.0,0.1404,0.0941,0.1436,0.0,0.0,0.0,0.0,0.0,0.0,0.0,0.0,0.0,0.0,0.0,0.0,0.0,0.0469,0.2118,0.0701,0.0,0.0701,0.1819,0.0,0.0,0.0,0.0,0.0,0.0,0.0,0.1945,0.1117,0.0649,0.0,0.0,0.0,0.0,0.1879,0.0,0.0,0.1418,0.0,0.1427,0.0,0.0
ZKC,0.0493,0.0,0.0,0.0,0.0475,0.0484,0.0496,0.1016,0.0,0.3995,0.0,0.0976,0.0964,0.0,0.0,0.0,0.2057,0.0,0.0,0.0,0.0,0.0,0.0,0.0,0.0,0.0,0.0,0.0,0.0968,0.0,0.0,0.0503,0.0503,0.0,0.0,0.0,0.0496,0.0,0.0,0.0,0.0503,0.0,0.0496,0.0496,0.1446,0.0,0.1025,0.3495,0.0,0.0,0.152,0.0552,0.0493,0.0,0.0476
HJL,0.0469,0.0469,0.0,0.0,0.0479,0.1399,0.521,0.2853,0.045,0.1436,0.0,0.0,0.0,0.1047,0.045,0.0,0.0,0.0,0.0,0.0,0.0,0.0,0.0,0.0,0.0,0.1047,0.0,0.0,0.0,0.0,0.0,0.0478,0.0,0.0478,0.0,0.0,0.0,0.0,0.0,0.0,0.0,0.0,0.1459,0.2483,0.0,0.0,0.0,0.1858,0.2364,0.0,0.1435,0.1453,0.0,0.0,0.0478
GRR,0.0945,0.0,0.0,0.0,0.0,0.1097,0.093,0.0505,0.0505,0.1905,0.0458,0.0,0.0474,0.5506,0.0,0.0,0.0,0.0931,0.0467,0.0,0.2469,0.0,0.0,0.0,0.0,0.1606,0.0974,0.0,0.1448,0.0,0.0,0.0,0.0,0.0,0.0,0.0,0.0,0.0,0.0496,0.0,0.0,0.0,0.0474,0.0474,0.0,0.0,0.0,0.3069,0.0,0.0465,0.0,0.0,0.0,0.0,0.0482
SPQ,0.0996,0.0,0.0,0.0,0.0,0.0,0.0,0.0478,0.0,0.0,0.0,0.0,0.0,0.0,0.0,0.0,0.0,0.0,0.0,0.0,0.0,0.0,0.0,0.0,0.0,0.0,0.0494,0.0,0.0983,0.1011,0.1936,0.4121,0.412,0.4019,0.0,0.0,0.0,0.0,0.0,0.0,0.105,0.0,0.0995,0.0505,0.0,0.0,0.0,0.0971,0.0,0.0476,0.0983,0.0,0.0,0.0,0.0
NCO,0.0985,0.0,0.0,0.0,0.0516,0.0,0.0496,0.1554,0.0,0.0,0.0,0.0,0.1011,0.2515,0.0,0.0,0.0,0.0,0.0,0.0,0.0,0.0,0.0,0.0,0.0,0.0,0.353,0.0,0.106,0.0982,0.0,0.3453,0.0967,0.4489,0.0,0.0,0.0,0.0,0.0,0.0,0.0478,0.0,0.0968,0.1993,0.0,0.0,0.1035,0.2022,0.0496,0.0496,0.0,0.0496,0.0,0.0,0.0
BJH,0.2611,0.0,0.0,0.0,0.0,0.0962,0.0999,0.0,0.0,0.2598,0.0485,0.1105,0.0,0.6901,0.0,0.0,0.0,0.0,0.0,0.1488,0.1982,0.0,0.048,0.0,0.0481,0.0,0.0,0.0,0.0,0.0,0.0,0.0,0.0,0.0,0.0,0.0,0.1589,0.0,0.0,0.0,0.0,0.0,0.0,0.0,0.0,0.0,0.0,0.349,0.1109,0.0,0.0,0.0,0.0481,0.0,0.0478
CMA,0.1075,0.0,0.0,0.0,0.0,0.0553,0.0,0.0,0.0,0.0996,0.2535,0.0553,0.0,0.6934,0.0,0.0,0.0,0.0498,0.0,0.2996,0.0,0.0,0.0,0.0,0.0,0.0,0.0472,0.0,0.0488,0.0,0.0,0.0,0.0,0.0529,0.3959,0.5031,0.1007,0.1016,0.2538,0.0,0.0,0.0,0.0,0.0487,0.0,0.0,0.0,0.6459,0.0,0.0,0.0,0.0,0.0475,0.0,0.0
SRY,0.2133,0.1455,0.0,0.0,0.041,0.222,0.2639,0.2527,0.0,0.3081,0.0,0.2044,0.0,0.1277,0.0,0.0,0.0,0.0,0.0,0.0,0.0,0.0398,0.0,0.0,0.0,0.0,0.0,0.0,0.0859,0.0,0.0,0.0,0.0,0.0,0.0,0.0,0.0807,0.0,0.0,0.0,0.0,0.0,0.041,0.1229,0.0398,0.0,0.0,0.1215,0.1263,0.0,0.0,0.082,0.082,0.0,0.0
SKU,0.2943,0.0,0.0,0.0,0.0,0.0,0.0,0.0,0.0,0.0,0.0,0.0,0.0,0.2497,0.0,0.0,0.0,0.0492,0.0,0.0509,0.0,0.0,0.0,0.0,0.0998,0.0,0.2055,0.0,0.0,0.0,0.0,0.3028,0.1982,0.2512,0.2504,0.1979,0.0,0.0492,0.1026,0.0,0.0992,0.0489,0.1481,0.0996,0.0505,0.0,0.0,0.1951,0.0,0.0,0.0,0.0,0.0,0.0,0.0527
JVF,0.0471,0.0,0.0,0.0,0.0518,0.2459,0.1931,0.4487,0.0509,0.0,0.0,0.0,0.0518,0.1448,0.0,0.0,0.0,0.0,0.0,0.0,0.0,0.0488,0.0,0.0,0.0,0.0,0.1009,0.0,0.0515,0.0,0.0,0.0,0.0,0.0,0.0,0.0,0.0,0.0,0.0,0.0,0.0,0.0,0.149,0.1006,0.0,0.1966,0.1451,0.5615,0.0948,0.0,0.0,0.358,0.0,0.0,0.0
JJF,0.1339,0.0,0.0,0.0,0.0,0.0493,0.0953,0.0,0.0,0.0929,0.0,0.0493,0.0,0.6949,0.0,0.0,0.0,0.0884,0.0435,0.0,0.0464,0.1568,0.1217,0.0,0.0501,0.1106,0.2194,0.0,0.0,0.0,0.0,0.0,0.0435,0.0466,0.0501,0.0,0.0,0.0,0.1486,0.1525,0.0435,0.0,0.0,0.0,0.0,0.0,0.0,0.1428,0.0,0.0472,0.0,0.0,0.0,0.0,0.0
LIM,0.4111,0.0,0.0,0.0519,0.0,0.0,0.0,0.0,0.0,0.0,0.0,0.0,0.0,0.0532,0.0,0.0,0.0,0.0569,0.0,0.0569,0.0,0.0,0.0,0.0,0.0,0.0,0.0435,0.0,0.0,0.3344,0.0,0.4924,0.3916,0.4392,0.0,0.0,0.0,0.0,0.0,0.0,0.0941,0.0,0.2346,0.1807,0.0,0.0,0.0462,0.0,0.0,0.0,0.0,0.0,0.0,0.0,0.1421
VOA,0.1404,0.0,0.0,0.0,0.0487,0.0466,0.0,0.0466,0.0,0.2902,0.0,0.0,0.0,0.4218,0.0,0.0,0.0,0.0,0.0,0.0,0.0,0.0,0.0,0.0,0.0,0.0,0.142,0.1147,0.0664,0.0,0.0471,0.0,0.0,0.0483,0.0,0.0,0.0,0.0,0.142,0.0,0.0456,0.0456,0.0,0.0,0.0921,0.0,0.1431,0.6572,0.0,0.0483,0.092,0.0,0.0,0.0,0.0
BRF,0.0942,0.0,0.0,0.0,0.0,0.0924,0.1081,0.0936,0.0429,0.0847,0.0,0.0417,0.0,0.5192,0.0425,0.0,0.0,0.2237,0.0,0.0,0.0484,0.1439,0.2002,0.0,0.0,0.0968,0.093,0.0,0.0,0.0,0.0,0.0436,0.0926,0.0445,0.0479,0.0,0.0,0.0,0.0,0.0807,0.1857,0.0,0.0931,0.1035,0.0,0.0,0.0,0.0434,0.0,0.0,0.0,0.0,0.0452,0.0,0.0
XMP,0.0,0.0,0.0,0.0,0.0,0.0488,0.0502,0.1026,0.0,0.1031,0.0,0.0,0.0,0.2056,0.0,0.0,0.0,0.0,0.0989,0.0,0.0,0.0,0.0,0.0,0.0,0.0,0.0493,0.0,0.0488,0.0,0.0,0.0493,0.0,0.0,0.0494,0.0,0.1521,0.0,0.0,0.0,0.0,0.0,0.0,0.0498,0.3055,0.8516,0.0495,0.3601,0.0,0.0,0.0,0.0,0.0496,0.0,0.0
PAW,0.1415,0.0,0.0,0.0,0.0,0.2133,0.0464,0.0903,0.0,0.1051,0.0,0.0,0.0,0.4529,0.0464,0.0,0.0,0.0893,0.0456,0.0,0.0909,0.0,0.2876,0.2085,0.0974,0.0,0.0,0.0,0.0464,0.0437,0.0,0.0437,0.0,0.1175,0.0438,0.0,0.0456,0.0,0.0,0.0,0.0,0.0,0.0464,0.0452,0.0,0.0,0.0,0.3232,0.0,0.0,0.1104,0.0,0.0,0.0,0.0
ZFC,0.3555,0.0534,0.0,0.0,0.0,0.0,0.0,0.098,0.0,0.0974,0.0,0.0,0.0,0.0488,0.0,0.0,0.0,0.0,0.0,0.0,0.0,0.0,0.0568,0.0,0.0,0.054,0.0,0.0482,0.0,0.0489,0.1088,0.2017,0.0,0.2017,0.0507,0.0,0.0,0.0,0.0,0.0,0.0,0.0,0.2924,0.0986,0.0492,0.0,0.0,0.3434,0.0,0.0,0.0492,0.0,0.0478,0.0,0.1581
UNF,0.062,0.0,0.0,0.0,0.0465,0.0,0.0465,0.0931,0.0,0.0969,0.0,0.0466,0.0,0.2425,0.0,0.0,0.0,0.0988,0.1453,0.0,0.0,0.0,0.0,0.0,0.0,0.047,0.2592,0.0,0.0476,0.0945,0.0476,0.4549,0.3012,0.2018,0.0,0.0,0.0,0.0,0.0468,0.0,0.0567,0.0,0.0534,0.0534,0.0,0.0466,0.0,0.3591,0.0,0.0465,0.0476,0.0,0.0,0.0,0.0
LEK,0.5442,0.1488,0.0,0.0,0.0,0.1509,0.0,0.0,0.0,0.0487,0.0,0.0487,0.0,0.7917,0.0,0.0502,0.0487,0.1478,0.0993,0.0,0.3505,0.0487,0.0,0.0,0.3443,0.0,0.0,0.0,0.0,0.0,0.0,0.0,0.0,0.0,0.1948,0.0984,0.0989,0.0,0.0502,0.0,0.0,0.0,0.0,0.0,0.0,0.0,0.0,0.3457,0.0,0.0,0.0,0.0,0.0,0.0,0.061
RUT,0.336,0.0,0.0,0.0544,0.0,0.0,0.0,0.0,0.0,0.0,0.0,0.0,0.0,0.1063,0.0,0.0,0.0,0.0553,0.0,0.0,0.0,0.0,0.0,0.0,0.0,0.0,0.0,0.0,0.0,0.2204,0.0,0.6123,0.413,0.8736,0.0,0.0,0.0,0.0,0.0,0.0,0.095,0.0,0.3408,0.2651,0.0,0.0,0.048,0.051,0.0,0.0,0.0,0.0,0.0,0.0,0.0446
VUB,0.1516,0.0,0.0,0.0,0.0,0.101,0.2037,0.2036,0.0,0.2017,0.0,0.0515,0.0,0.4448,0.0,0.0,0.0,0.049,0.1486,0.0,0.0973,0.0,0.1976,0.0,0.049,0.0,0.0,0.0,0.0,0.0501,0.0,0.0491,0.1506,0.0491,0.0,0.0,0.1511,0.0,0.0,0.0981,0.0,0.1005,0.0,0.0501,0.1029,0.1542,0.0,0.3544,0.1001,0.0,0.0,0.0516,0.049,0.1025,0.0491
FEL,0.0933,0.0,0.0,0.0,0.0,0.1917,0.1599,0.0479,0.0,0.0479,0.0,0.0,0.0,0.7059,0.1033,0.0,0.0,0.0933,0.0,0.0,0.0,0.0,0.0529,0.0,0.0,0.0468,0.0468,0.0,0.046,0.0,0.0,0.0524,0.0524,0.0525,0.0,0.0,0.0,0.1905,0.0468,0.0476,0.046,0.0,0.0525,0.0,0.0,0.0,0.0,0.1898,0.0472,0.0,0.0,0.0482,0.0,0.0,0.05
MZZ,0.0976,0.0,0.0,0.0427,0.0426,0.0981,0.0436,0.1487,0.0,0.1782,0.0,0.0446,0.0918,0.1739,0.0,0.0,0.0,0.0,0.0,0.0,0.0,0.0,0.0,0.0,0.0,0.0,0.0,0.0732,0.5076,0.0,0.0,0.0,0.0,0.0545,0.0,0.0,0.0,0.0,0.0,0.0,0.0,0.0,0.0545,0.0545,0.0,0.0,0.1201,0.4469,0.0533,0.0439,0.1078,0.0,0.0,0.0431,0.0
KFA,0.22,0.0,0.0,0.0,0.0,0.1009,0.0,0.049,0.0,0.3453,0.0969,0.1488,0.1065,0.1451,0.0,0.0,0.0,0.0,0.0,0.0,0.0,0.0,0.0,0.0,0.0465,0.0,0.0,0.0,0.2027,0.0,0.0,0.0471,0.0502,0.0,0.0502,0.0,0.0595,0.0,0.0,0.0,0.1003,0.0502,0.1066,0.0,0.0969,0.0,0.0,0.4396,0.0,0.0,0.0,0.0,0.0481,0.0,0.0
XMX,0.2078,0.0,0.0,0.0,0.0989,0.0524,0.104,0.3418,0.0,0.0511,0.0,0.0503,0.0,0.0478,0.0,0.0,0.0,0.0,0.0,0.0,0.0,0.0,0.0,0.0,0.0,0.0,0.0518,0.0478,0.2995,0.0532,0.3498,0.1472,0.0953,0.0524,0.0,0.0,0.0,0.0,0.0,0.0,0.0484,0.0,0.1026,0.0528,0.0466,0.0503,0.0,0.2504,0.0,0.103,0.1005,0.0,0.0,0.0,0.1058
ZFZ,0.0369,0.0,0.0,0.0,0.0,0.1203,0.086,0.0837,0.0339,0.0675,0.0,0.0336,0.0,0.467,0.0,0.0,0.0,0.1424,0.0,0.0,0.0583,0.0591,0.2093,0.0,0.073,0.1165,0.077,0.0,0.0,0.0,0.0,0.0642,0.0642,0.036,0.0499,0.0,0.0,0.0,0.0,0.0591,0.149,0.0,0.0498,0.0765,0.0,0.0,0.0,0.0413,0.0,0.0,0.0,0.0,0.0,0.0,0.0
UDP,0.4569,0.0,0.0,0.1567,0.0,0.0994,0.0,0.0946,0.0,0.0,0.0,0.0,0.0,0.0,0.0,0.0,0.0,0.0,0.0,0.0,0.0,0.0,0.0,0.0,0.0,0.0,0.0569,0.0,0.0507,0.0454,0.0476,0.5261,0.2469,0.636,0.0476,0.0,0.0,0.0,0.0,0.0,0.0996,0.0,0.2358,0.237,0.0,0.0,0.0,0.1046,0.0,0.0,0.0,0.0,0.0491,0.0,0.0446
INC,0.1511,0.0,0.0,0.0,0.1479,0.0,0.0496,0.0501,0.0,0.3979,0.0,0.0,0.0,0.0983,0.0503,0.0,0.0494,0.0,0.0,0.0,0.0,0.0,0.0,0.0,0.0,0.0,0.0,0.1,0.0993,0.0,0.0,0.1013,0.0,0.2028,0.0512,0.1521,0.0496,0.0,0.0,0.0,0.2019,0.0,0.1002,0.0,0.0,0.0,0.1992,0.399,0.0,0.0,0.0,0.0,0.0,0.0,0.0
JQG,0.1481,0.0,0.0,0.0,0.1012,0.0482,0.0973,0.1508,0.0,0.0,0.0,0.0,0.0521,0.254,0.0,0.0,0.0,0.0,0.0,0.0,0.0,0.0,0.0,0.0,0.0,0.0,0.4954,0.0,0.1482,0.0995,0.0496,0.408,0.2067,0.2968,0.0,0.0,0.0,0.0,0.0,0.0,0.1077,0.0,0.0485,0.151,0.0,0.0,0.0,0.4434,0.0,0.0,0.0496,0.0,0.0,0.0,0.0
PKB,0.2826,0.0,0.0,0.0,0.0,0.0,0.0,0.0773,0.0,0.5106,0.0,0.1413,0.0901,0.2336,0.0,0.0,0.0,0.0508,0.0,0.0,0.0,0.0,0.0,0.0,0.0,0.0,0.0,0.0,0.122,0.0773,0.0,0.0773,0.2363,0.0,0.0515,0.0,0.0515,0.0,0.0,0.0,0.2504,0.1082,0.1605,0.0,0.0,0.0,0.0,0.1853,0.0,0.0447,0.0,0.0,0.0,0.0,0.0454
HJH,0.1396,0.0,0.0,0.0,0.0497,0.197,0.0,0.0,0.0,0.3359,0.0,0.1029,0.1874,0.2939,0.0,0.0,0.0,0.0,0.0,0.0,0.0,0.0,0.0497,0.0,0.0,0.0,0.0,0.0536,0.1919,0.0,0.0,0.0,0.0,0.0928,0.0461,0.0,0.0,0.0489,0.0489,0.0,0.0497,0.0497,0.0461,0.0467,0.0475,0.0,0.0577,0.3586,0.0,0.0,0.0536,0.0,0.1564,0.0,0.0
GMU,0.3432,0.0,0.0,0.0489,0.0,0.0,0.0,0.0,0.0,0.0,0.0,0.0,0.0,0.0506,0.0,0.0,0.0,0.0506,0.0,0.0,0.0,0.0,0.0,0.0,0.0,0.0,0.0,0.0,0.0,0.152,0.0,0.5985,0.5496,0.6502,0.0,0.0,0.0,0.0,0.0,0.0,0.2489,0.0,0.1972,0.0526,0.0,0.0,0.0,0.0,0.0,0.0,0.0,0.0,0.0,0.0,0.0493
UVM,0.098,0.0,0.0,0.0,0.2524,0.0,0.0489,0.0992,0.0,0.344,0.0,0.0,0.0,0.0974,0.0,0.0,0.0485,0.0,0.0,0.0,0.0,0.0,0.0,0.0,0.0542,0.0,0.1088,0.0514,0.1516,0.0,0.0,0.0,0.0,0.2522,0.0542,0.1015,0.0542,0.0,0.0542,0.0,0.0,0.0,0.0,0.0542,0.0,0.0,0.2511,0.7487,0.0,0.0,0.0966,0.0,0.0,0.0495,0.0
EIS,0.1402,0.0,0.0,0.0,0.0,0.0456,0.0,0.1006,0.0,0.0,0.0,0.0502,0.0,0.0468,0.0,0.0,0.0,0.0,0.0,0.0,0.0,0.0,0.0,0.0,0.0,0.0,0.0922,0.0,0.1539,0.1608,0.1999,0.4283,0.3818,0.4338,0.0,0.0,0.0,0.0,0.0,0.0,0.1002,0.0,0.1408,0.1049,0.0,0.0502,0.0,0.1847,0.0,0.0458,0.1083,0.0,0.0,0.0,0.0483
QWB,0.0,0.0,0.0,0.0,0.1113,0.0519,0.0499,0.095,0.0,0.2466,0.0491,0.0492,0.0532,0.0964,0.0,0.0,0.0964,0.0472,0.0,0.0,0.0,0.0,0.0,0.0,0.0,0.0,0.0,0.0,0.049,0.0,0.0,0.0472,0.0472,0.0519,0.0,0.1113,0.0,0.0472,0.0,0.0,0.0472,0.0,0.099,0.0,0.2015,0.0,0.1079,0.2642,0.0,0.0,0.0968,0.0478,0.0,0.0,0.0478
HBY,0.047,0.047,0.0,0.0,0.047,0.0498,0.1877,0.0977,0.0478,0.0948,0.0,0.0,0.0,0.345,0.0,0.0,0.0,0.0985,0.0,0.0,0.0515,0.0474,0.2129,0.0,0.0535,0.0989,0.0,0.0,0.0,0.0,0.0,0.0512,0.0512,0.0,0.0506,0.0,0.0,0.0,0.0,0.0474,0.1499,0.0,0.0968,0.0578,0.0,0.0,0.0,0.0473,0.0,0.0,0.0,0.0,0.0,0.0,0.0573
PFP,0.1445,0.0,0.0,0.0,0.0495,0.0932,0.0466,0.2389,0.0961,0.29,0.0,0.0467,0.0468,0.3759,0.1993,0.1013,0.0,0.0465,0.0465,0.0,0.0465,0.0,0.0,0.0,0.0929,0.0,0.0,0.0,0.048,0.0,0.0,0.0477,0.0477,0.0,0.0498,0.0,0.0983,0.0,0.0,0.0,0.0,0.0,0.0464,0.0,0.0,0.0,0.0,0.2346,0.0,0.0,0.0,0.0,0.1013,0.0,0.137
HDK,0.2452,0.0,0.1471,0.0,0.0,0.0973,0.0479,0.0479,0.0,0.2961,0.0,0.095,0.0,0.3318,0.1955,0.0,0.047,0.0949,0.0,0.0,0.0471,0.0,0.0,0.0,0.0,0.0471,0.0,0.0,0.0479,0.0,0.0,0.048,0.048,0.0,0.2011,0.0,0.1961,0.0,0.0,0.0,0.048,0.0,0.0471,0.0951,0.0,0.0,0.0,0.2895,0.0,0.0,0.0,0.0,0.0,0.0,0.1186
LRQ,0.5993,0.1993,0.0,0.0,0.0502,0.2497,0.0,0.0,0.0,0.0,0.0492,0.0,0.0,0.7008,0.0,0.0504,0.0,0.1485,0.0995,0.0,0.3032,0.0,0.0,0.0,0.1505,0.0,0.0502,0.0,0.0492,0.0,0.0,0.0492,0.0989,0.0,0.0988,0.0504,0.0993,0.0,0.0504,0.0,0.0989,0.0,0.0493,0.0,0.0,0.0,0.0,0.2985,0.0,0.0,0.0,0.0,0.0,0.0,0.0
KLZ,0.043,0.0,0.0,0.0,0.0,0.0,0.0446,0.0834,0.0,0.3148,0.05,0.0429,0.0867,0.4543,0.0455,0.0,0.0,0.0,0.0,0.0,0.0444,0.0,0.0,0.0,0.0444,0.0865,0.2083,0.0438,0.1893,0.0,0.0,0.1576,0.1542,0.1126,0.0,0.0,0.0,0.0438,0.0438,0.0,0.1091,0.0,0.0,0.0433,0.0,0.0,0.0,0.351,0.0,0.0436,0.0,0.0,0.0,0.0,0.0
OFL,0.1776,0.0,0.0,0.0,0.0,0.3891,0.2473,0.3896,0.0929,0.0967,0.0,0.0462,0.0,0.5194,0.1035,0.0,0.0,0.0,0.0,0.0,0.0,0.0,0.0,0.0,0.0,0.0,0.0,0.0,0.098,0.0,0.0,0.0482,0.0,0.0,0.0942,0.0,0.0,0.0,0.0957,0.0,0.0,0.0,0.172,0.07,0.0,0.0,0.0,0.2836,0.0,0.0,0.0,0.1429,0.0,0.0,0.0
QTV,0.0995,0.0,0.0,0.0,0.0,0.0,0.0475,0.0,0.0,0.0498,0.0,0.0,0.0,0.0,0.0492,0.0,0.0,0.0,0.0,0.0,0.0,0.0,0.0494,0.0,0.0,0.0,0.0484,0.0,0.0503,0.0,0.0,0.203,0.3,0.1517,0.0,0.0,0.0,0.0,0.0501,0.0,0.3562,0.1561,0.0986,0.0494,0.0999,0.0,0.0,0.1483,0.0475,0.0,0.0475,0.0475,0.0,0.0,0.149
GZB,0.0523,0.0,0.0,0.0,0.0,0.0581,0.05,0.096,0.0,0.0497,0.0,0.1054,0.0532,0.0972,0.0652,0.0,0.0,0.0,0.0974,0.0,0.0,0.0,0.0,0.0,0.0,0.0,0.0,0.0,0.0581,0.0,0.0,0.0,0.0,0.0471,0.0487,0.0,0.1508,0.0,0.0,0.0,0.0,0.0,0.0,0.096,0.2845,0.6742,0.0947,0.2953,0.0,0.0,0.0,0.0,0.0489,0.0,0.0
TPS,0.0,0.0,0.0,0.0,0.0923,0.0919,0.0461,0.2909,0.0,0.1389,0.0,0.0,0.0466,0.0942,0.0,0.0,0.0,0.0,0.0,0.0,0.0,0.0,0.0,0.0,0.0,0.0,0.0,0.0,0.2397,0.0453,0.4016,0.0549,0.0,0.0952,0.048,0.0,0.048,0.0,0.0,0.0,0.0,0.0,0.0453,0.0489,0.0491,0.0,0.0,0.3375,0.0,0.1463,0.293,0.0484,0.0,0.0,0.0
LXW,0.0912,0.0,0.0,0.0,0.0469,0.2288,0.0461,0.1848,0.0946,0.0933,0.0453,0.0,0.0,0.35,0.0923,0.0,0.0,0.0466,0.0,0.0,0.0453,0.0,0.0467,0.0,0.1393,0.0919,0.0,0.0,0.0455,0.0,0.0,0.0475,0.0475,0.0,0.0459,0.0,0.0,0.0,0.0,0.0,0.0,0.0,0.0468,0.0,0.0,0.0925,0.0471,0.1846,0.0915,0.0,0.0,0.0,0.0,0.0,0.1199
FCD,0.0,0.0,0.0,0.0,0.0506,0.0529,0.1037,0.1993,0.0,0.2015,0.0,0.0,0.1022,0.0532,0.0,0.0,0.0,0.0,0.0,0.0,0.0,0.0,0.0,0.0,0.0,0.0,0.0,0.1026,0.1025,0.0,0.0965,0.1469,0.197,0.1449,0.0,0.0,0.0,0.0544,0.0,0.0,0.0984,0.0,0.0492,0.0,0.0487,0.0,0.0544,0.3035,0.0,0.0988,0.0,0.0,0.0,0.0,0.0
QES,0.0,0.0,0.0,0.0,0.1511,0.1961,0.0907,0.0,0.0,0.1339,0.0,0.0976,0.0,0.0976,0.0,0.0,0.0,0.0,0.0,0.0,0.045,0.0,0.0,0.0,0.0,0.0,0.0,0.0,0.1105,0.0,0.0489,0.0,0.0,0.0944,0.0,0.1051,0.0,0.0,0.0,0.0,0.0,0.0,0.0,0.0,0.0446,0.0,0.0596,0.1968,0.0,0.0,0.0961,0.0458,0.0,0.0,0.0
UWO,0.1533,0.0,0.0,0.0,0.0484,0.0467,0.0,0.0953,0.0,0.3315,0.0465,0.1385,0.1407,0.4673,0.0477,0.0,0.0,0.0,0.0,0.0,0.054,0.0,0.0,0.0,0.054,0.0462,0.0485,0.0489,0.1899,0.0,0.0497,0.0465,0.0,0.0949,0.0,0.0,0.0,0.0,0.0,0.0,0.0,0.0,0.054,0.0,0.0,0.0,0.0484,0.4594,0.0,0.0,0.0,0.0,0.0,0.0,0.0531
RUC,0.3908,0.0,0.0,0.0,0.0472,0.0435,0.0,0.0,0.0,0.6646,0.0,0.18,0.0884,0.144,0.0,0.0,0.0,0.0493,0.0,0.0,0.0,0.0,0.0,0.0,0.0,0.0,0.0497,0.0484,0.1005,0.0,0.0,0.0,0.0493,0.0,0.0,0.0,0.0,0.0,0.0,0.0,0.0493,0.0,0.1134,0.0,0.0472,0.0,0.0,0.3224,0.0,0.0874,0.0484,0.0,0.0,0.0,0.0
UYA,0.0653,0.0,0.0,0.0,0.0,0.0968,0.0493,0.0,0.0,0.1937,0.0,0.0,0.0476,0.4273,0.0,0.0,0.0932,0.0,0.0,0.0,0.0,0.0,0.0,0.0,0.0978,0.0,0.0519,0.0519,0.0,0.0,0.0457,0.1119,0.0466,0.1273,0.0,0.0,0.0,0.0,0.0,0.0,0.0,0.0,0.0466,0.2727,0.0,0.0,0.1423,0.2861,0.0,0.0,0.0,0.0,0.0,0.0,0.0
XWW,0.4922,0.0,0.0,0.0,0.0,0.0415,0.0,0.0415,0.0,0.6977,0.0,0.1769,0.0937,0.0904,0.0,0.0,0.0,0.0524,0.0,0.0,0.0,0.0,0.0,0.0,0.0,0.0,0.0448,0.0551,0.146,0.0,0.0,0.0,0.0524,0.0,0.0,0.0,0.0,0.0,0.0,0.0,0.0524,0.0,0.1214,0.0,0.0,0.0,0.0,0.3127,0.0,0.046,0.1395,0.0,0.0416,0.0,0.0
DIL,0.1556,0.0,0.0,0.0,0.0,0.0865,0.0429,0.0411,0.0,0.4301,0.0,0.2798,0.1235,0.2954,0.0,0.0,0.0426,0.0,0.0,0.0,0.0,0.0,0.0,0.0,0.0,0.0,0.0,0.0436,0.1861,0.0,0.0,0.0,0.0436,0.0,0.0,0.0,0.0429,0.0,0.0,0.0,0.0,0.0436,0.0,0.0,0.0,0.0,0.0,0.2173,0.0,0.0,0.1869,0.0,0.1147,0.0,0.0
ZMP,0.2382,0.0,0.0,0.0,0.0,0.096,0.1003,0.1481,0.0,0.0479,0.0,0.1442,0.0,0.3892,0.0491,0.0,0.0,0.0493,0.0,0.0,0.0482,0.0,0.1904,0.1471,0.0,0.0972,0.0,0.0,0.152,0.0,0.0,0.0493,0.1457,0.0481,0.0469,0.0,0.049,0.0,0.0,0.0,0.1457,0.0,0.0952,0.0966,0.0,0.0,0.0,0.3421,0.0,0.0,0.1466,0.0,0.0,0.0,0.078
NPN,0.5481,0.0,0.0,0.0,0.0,0.1466,0.0,0.151,0.0954,0.0967,0.0,0.0483,0.0,0.4555,0.0483,0.0,0.0,0.0564,0.0,0.0,0.104,0.0,0.2482,0.2541,0.0,0.0,0.0,0.0,0.0,0.0,0.0,0.0,0.0555,0.0,0.0,0.0,0.1468,0.0,0.0,0.0,0.0555,0.0555,0.0,0.0483,0.0479,0.0,0.0,0.2603,0.0,0.0511,0.0,0.0,0.0,0.0,0.049
BOB,0.0466,0.1044,0.0,0.0,0.0,0.0943,0.0,0.0938,0.0,0.2443,0.0,0.0,0.1245,0.3801,0.0,0.0,0.0,0.0989,0.0,0.0466,0.0,0.0,0.0,0.0,0.0,0.0461,0.1218,0.0,0.0485,0.0,0.0,0.0,0.0,0.0457,0.0756,0.0,0.0756,0.0,0.0,0.1255,0.0,0.0,0.0,0.1213,0.0,0.0,0.0756,0.1389,0.0,0.0756,0.0,0.0,0.0499,0.0,0.0
HAF,0.0,0.0,0.0,0.0,0.1474,0.0462,0.0,0.0,0.0,0.2442,0.0,0.0,0.0,0.0507,0.0,0.0,0.0,0.0,0.0,0.0,0.0,0.0,0.0,0.0,0.0,0.0,0.0525,0.4725,0.2827,0.0,0.0473,0.0,0.0,0.0456,0.0,0.0,0.0,0.0,0.0,0.0,0.0,0.0,0.0,0.0,0.0455,0.0,0.142,0.7272,0.0464,0.0,0.2445,0.0,0.0,0.0,0.0
TUD,0.2004,0.0,0.0,0.0,0.0,0.15,0.052,0.0,0.0,0.4011,0.0506,0.2996,0.1522,0.1978,0.0,0.0,0.0,0.0,0.0,0.0,0.0,0.0,0.0,0.0,0.0,0.0,0.0,0.0,0.2457,0.052,0.0,0.0,0.0,0.0,0.0,0.0,0.0,0.0,0.0,0.0,0.052,0.052,0.0502,0.0,0.0,0.0,0.0,0.4959,0.0,0.052,0.0489,0.0,0.1,0.0,0.0
BGB,0.3484,0.0,0.0,0.0,0.0,0.0,0.0,0.0,0.0,0.0,0.0,0.0,0.0,0.0,0.0,0.0,0.0,0.0455,0.0,0.0,0.0,0.0,0.0507,0.0,0.0,0.0,0.0,0.0,0.0,0.0,0.0,0.1433,0.095,0.0,0.0513,0.0,0.0,0.0,0.0,0.0607,0.4553,0.5394,0.0527,0.0482,0.0,0.0,0.0,0.0,0.0,0.0,0.0,0.0,0.0,0.0,0.2066
BGZ,0.0,0.0,0.0,0.0,0.0,0.0901,0.0443,0.1452,0.0,0.35,0.0,0.0438,0.094,0.1885,0.0,0.0,0.1882,0.0536,0.0,0.0,0.0,0.0,0.0,0.0,0.0,0.0,0.0,0.0,0.0484,0.0,0.0,0.0489,0.0489,0.0,0.0,0.0,0.0,0.0536,0.0,0.0,0.0489,0.0,0.0479,0.0479,0.2277,0.0,0.0945,0.3748,0.0,0.0,0.1444,0.048,0.0,0.0,0.0
OTE,0.1015,0.0,0.0,0.0,0.0,0.0989,0.0458,0.1437,0.0,0.2445,0.0,0.0467,0.0486,0.2064,0.0,0.0,0.0,0.0497,0.0,0.0,0.0,0.0,0.0,0.0,0.0,0.0,0.0,0.0496,0.0486,0.116,0.049,0.049,0.1558,0.1676,0.095,0.0,0.0,0.0497,0.0,0.0,0.1552,0.0,0.195,0.1076,0.1536,0.0,0.0496,0.2517,0.0,0.0,0.1031,0.0,0.0484,0.0,0.0525
UBZ,0.0976,0.0476,0.0,0.0,0.0,0.0961,0.2453,0.4422,0.0,0.248,0.0481,0.1495,0.0,0.2536,0.0,0.0,0.0,0.0,0.0,0.0,0.0,0.0,0.1014,0.0,0.0,0.109,0.0,0.0,0.0,0.0,0.0,0.0502,0.0,0.0502,0.0,0.0,0.0,0.0,0.0,0.0,0.0,0.0,0.0,0.1042,0.0516,0.0516,0.0,0.2037,0.0952,0.0,0.0952,0.0986,0.05,0.0,0.0502
ZZG,0.2708,0.0,0.0,0.0,0.0,0.1376,0.0,0.09,0.0,0.4587,0.0,0.0464,0.044,0.3666,0.0,0.0,0.0,0.0456,0.0,0.0472,0.0,0.0,0.0,0.0,0.0,0.0,0.0,0.274,0.091,0.0,0.046,0.0,0.0,0.0482,0.0,0.0,0.0,0.0,0.0456,0.0,0.0464,0.0,0.0892,0.0,0.0,0.0,0.0934,0.5478,0.0,0.0,0.1338,0.0,0.0,0.0896,0.0
IMA,0.0467,0.0,0.0,0.0,0.0,0.0411,0.0411,0.1254,0.0,0.1814,0.0,0.0,0.0,0.0418,0.0,0.0,0.0,0.0,0.0,0.0,0.0,0.0,0.0578,0.0,0.0,0.0,0.0,0.0,0.0435,0.0,0.0,0.1585,0.2252,0.0562,0.0,0.0,0.0,0.0,0.0467,0.0,0.3229,0.1482,0.0,0.0,0.2408,0.0839,0.0,0.2849,0.0,0.0,0.0,0.0,0.0,0.0826,0.1704
ULU,0.5494,0.0,0.0,0.0454,0.0,0.0,0.0,0.0,0.0,0.0,0.0,0.0,0.0,0.1566,0.0,0.0,0.0,0.0508,0.0,0.0,0.0,0.0,0.0,0.0,0.0,0.0,0.0,0.0,0.0,0.0968,0.0,0.4838,0.3993,0.7998,0.0,0.0,0.0,0.0,0.0,0.0,0.0944,0.0,0.192,0.1066,0.0,0.0,0.0,0.0,0.0,0.0,0.0,0.0,0.0,0.0,0.0451
QIQ,0.0,0.0,0.0,0.0,0.0936,0.0484,0.0936,0.046,0.0,0.1426,0.0,0.0,0.0484,0.2575,0.0,0.0,0.0,0.0991,0.2044,0.0,0.0,0.0,0.0,0.0,0.0,0.0,0.2989,0.0469,0.1442,0.0475,0.0,0.1544,0.1068,0.0985,0.0,0.0,0.0,0.0469,0.0,0.0475,0.1068,0.0,0.0,0.0,0.0,0.0,0.0469,0.345,0.0,0.046,0.0,0.0,0.0515,0.0,0.0515
VSE,0.0509,0.0,0.0,0.0,0.0,0.1984,0.047,0.0563,0.0,0.35,0.0,0.1466,0.103,0.301,0.0,0.0,0.0,0.0,0.0,0.0,0.0,0.0,0.0,0.0,0.0,0.0,0.0,0.0521,0.2624,0.0,0.0,0.0,0.0462,0.0,0.0,0.0,0.0,0.0,0.0485,0.0,0.0,0.0462,0.0,0.0462,0.0,0.0,0.0,0.3582,0.0,0.0,0.2144,0.0,0.0509,0.0,0.0
IJD,0.1439,0.0,0.0,0.0,0.0523,0.0,0.0456,0.091,0.0,0.3257,0.0,0.0468,0.0,0.0,0.0,0.0,0.0,0.0,0.0,0.0,0.0,0.0,0.0,0.0,0.0,0.0,0.045,0.0,0.0977,0.045,0.0,0.1991,0.1195,0.0,0.0652,0.0,0.0456,0.0509,0.0,0.0,0.2779,0.1186,0.0482,0.0,0.0,0.0,0.0,0.0972,0.0,0.0,0.0449,0.0449,0.0468,0.0,0.0
CLM,0.0,0.0,0.0,0.0,0.145,0.1219,0.1473,0.0,0.0,0.2383,0.0,0.1037,0.0947,0.1509,0.0,0.0,0.047,0.0,0.0,0.0,0.0497,0.0,0.0,0.0,0.0,0.0,0.0,0.0,0.151,0.0,0.0474,0.0474,0.0474,0.0473,0.0,0.0503,0.0489,0.0,0.0,0.0,0.0474,0.0474,0.0,0.0474,0.0,0.0,0.1446,0.288,0.0,0.0,0.149,0.0493,0.0,0.0,0.0
