RedJade Code,Green,Grassy,Cucumber,Tomato,Hay,Herbal,Mint,Woody,Pine,Floral,Jasmine,Rose,Honey,Fruity,Citrus,Lemon,Orange,Tropical,Berry,Peach,Apple,Sour,Fermented,Alcoholic,Winey,Rummy,Caramellic,Vanilla,Spicy,Coffee,Smoky,Roasted,Meaty,Nutty,Fatty,Coconut,Waxy,Dairy,Buttery,Cheesy,Sulfurous,Garlic,Earthy,Musty,Animal,Musk,Powdery,Sweet,Cooling,Sharp,Medicinal,Camphoreous,Metallic,Ozone,Fishy
OUY,0.7279,0.0425,0.0,0.0,0.0,0.0629,0.0,0.0,0.0,0.2241,0.0,0.0852,0.0,0.2283,0.0455,0.0,0.0455,0.1127,0.0,0.0417,0.0,0.0,0.0,0.0,0.0,0.0,0.0417,0.0,0.0,0.0,0.0,0.0706,0.1756,0.2286,0.4343,0.1689,0.0835,0.1137,0.0417,0.0,0.042,0.0,0.3136,0.0488,0.0,0.0,0.0,0.1691,0.0,0.0433,0.0,0.0,0.1431,0.0,0.0458
CWE,0.1915,0.0,0.0,0.0,0.0853,0.3678,0.1426,0.412,0.09,0.0938,0.0,0.0,0.1536,0.0408,0.0477,0.0511,0.0,0.0,0.0,0.0,0.0,0.0553,0.0,0.0,0.0,0.0,0.0,0.0,0.0,0.0,0.0,0.0,0.0,0.0,0.0,0.0,0.0,0.0,0.0,0.0,0.0,0.0,0.1816,0.0408,0.0,0.0,0.0,0.3327,0.0575,0.0525,0.0575,0.3533,0.0,0.0,0.0
XKL,0.6263,0.0,0.0,0.0,0.0,0.0,0.0,0.0626,0.0,0.0,0.0,0.0,0.0,0.8102,0.0,0.0,0.0,0.0446,0.0,0.0,0.3439,0.0,0.3585,0.2837,0.043,0.15,0.0,0.0,0.0,0.0,0.0,0.0,0.0,0.1518,0.0442,0.0,0.0,0.0,0.104,0.0,0.0,0.0,0.0509,0.0,0.0,0.0,0.0,0.1816,0.0,0.1515,0.0,0.0,0.0,0.0,0.0
DRR,0.2751,0.0,0.0,0.0,0.0477,0.0508,0.0,0.0608,0.0,0.1435,0.0,0.0985,0.0,0.1688,0.0,0.0,0.0,0.0,0.0,0.0,0.0,0.0,0.0435,0.0517,0.0,0.044,0.4193,0.0,0.0508,0.0517,0.0608,0.0456,0.044,0.0,0.0,0.0,0.0,0.0,0.0477,0.0,0.0,0.0,0.178,0.0517,0.0,0.0,0.0,0.2545,0.0,0.0,0.0,0.0,0.044,0.0,0.0
IEZ,0.0963,0.0,0.0,0.0,0.0592,0.053,0.0,0.0,0.0,0.0892,0.0,0.0,0.0,0.4727,0.0,0.0,0.0,0.0856,0.1291,0.0,0.1376,0.0,0.0,0.0,0.0984,0.106,0.2621,0.0,0.0,0.0,0.0,0.2724,0.0444,0.1627,0.043,0.0,0.0,0.0879,0.0,0.0,0.0,0.0,0.0549,0.0,0.0,0.0,0.0,0.242,0.0,0.0481,0.0,0.0,0.0,0.0,0.0615
PLC,0.1057,0.0,0.0,0.0,0.0,0.0,0.0,0.0568,0.0,0.0,0.0,0.0,0.0,0.3786,0.0,0.0,0.0,0.0392,0.0813,0.0,0.0,0.1874,0.0,0.0,0.0,0.0427,0.3641,0.0,0.3167,0.0,0.0,0.1355,0.0395,0.0387,0.0454,0.0,0.0,0.1052,0.0906,0.1718,0.0786,0.0,0.0387,0.1071,0.0,0.0,0.0,0.1841,0.0,0.144,0.0,0.0,0.0,0.0,0.0406
UGR,0.1041,0.0,0.0,0.0,0.1079,0.1579,0.0,0.0,0.0,0.1907,0.0,0.0,0.0504,0.0449,0.0,0.0,0.0888,0.0,0.0,0.0,0.0,0.0,0.0,0.0,0.0,0.0,0.0449,0.1916,0.0573,0.0632,0.0,0.0632,0.0456,0.0632,0.0443,0.043,0.0,0.0,0.0,0.0,0.0,0.0,0.1137,0.1718,0.1159,0.0,0.2019,0.5655,0.0,0.0,0.1137,0.0,0.0,0.0,0.0
HWH,0.1204,0.0,0.0,0.0,0.0,0.0844,0.0488,0.0402,0.0,0.3921,0.0,0.0,0.0881,0.052,0.0,0.0408,0.0,0.0399,0.0,0.0,0.0,0.0,0.0,0.0,0.0,0.0,0.0,0.0,0.0402,0.0864,0.0435,0.0837,0.1698,0.0462,0.0,0.0,0.0,0.0,0.0,0.0,0.2419,0.0435,0.1641,0.0828,0.3062,0.0,0.0,0.3061,0.0,0.0404,0.0954,0.107,0.0,0.0,0.0
QAK,0.0448,0.0,0.0,0.0,0.1794,0.0504,0.0445,0.0479,0.0,0.1339,0.0,0.0,0.0,0.3017,0.0,0.0,0.0,0.0,0.0,0.0,0.0,0.0,0.0,0.0,0.0,0.0,0.3073,0.0,0.1494,0.0,0.0,0.0442,0.0,0.129,0.0504,0.2339,0.0,0.0,0.0786,0.0,0.0,0.0,0.0,0.0,0.0446,0.0,0.0,0.4275,0.0,0.0,0.0,0.0,0.0,0.0,0.0
LZN,0.096,0.0,0.0,0.0,0.0463,0.096,0.0559,0.1024,0.0,0.3938,0.0,0.0,0.136,0.0535,0.0,0.0,0.0,0.0432,0.0,0.0,0.0,0.0,0.0,0.0,0.0,0.0,0.0,0.0,0.046,0.0439,0.046,0.0853,0.0856,0.1326,0.0,0.0,0.0,0.0,0.0,0.0,0.0856,0.0,0.1422,0.0963,0.3237,0.0,0.0463,0.2446,0.0,0.0428,0.078,0.1276,0.0,0.0,0.0
UMX,0.3846,0.0856,0.0,0.0,0.0404,0.0452,0.1727,0.1353,0.0,0.1052,0.0,0.0,0.0945,0.2263,0.0838,0.0648,0.0,0.2464,0.0,0.0,0.0,0.0,0.0397,0.0,0.0,0.0,0.0,0.0,0.0942,0.0,0.0,0.0796,0.2342,0.0,0.0884,0.0,0.0,0.0,0.0,0.0,0.4562,0.0911,0.1836,0.1408,0.0,0.0,0.0,0.0945,0.0926,0.0436,0.0,0.0436,0.0482,0.0,0.0
LPC,0.4669,0.0859,0.0,0.0,0.0,0.0,0.0,0.1249,0.0,0.0,0.0,0.0,0.0,0.0451,0.0,0.0,0.0,0.0,0.0,0.0,0.0,0.0,0.0,0.0,0.0,0.0,0.0,0.0,0.0,0.2327,0.0,0.6371,0.2359,0.5292,0.0,0.0,0.0,0.0,0.041,0.0,0.0514,0.0,0.2683,0.2622,0.0,0.0,0.0544,0.0451,0.0,0.0,0.0429,0.0,0.0,0.0,0.0944
SVD,0.0442,0.0433,0.0,0.0,0.0433,0.3047,0.466,0.2966,0.1672,0.086,0.0,0.0,0.0952,0.0913,0.0886,0.0,0.0,0.0,0.0471,0.0,0.0468,0.0,0.0,0.0,0.0,0.0,0.0,0.0,0.1616,0.0,0.0,0.0,0.0,0.0,0.0,0.0,0.0,0.0,0.0,0.0,0.0,0.0,0.0521,0.1025,0.0,0.0,0.0,0.2495,0.217,0.0442,0.0,0.3412,0.0,0.0562,0.0
LRH,0.0,0.0,0.0,0.0,0.1525,0.1971,0.0,0.1637,0.0,0.0,0.0,0.0,0.0,0.1838,0.0,0.0,0.0,0.0,0.0,0.0,0.0,0.0,0.0,0.0,0.0494,0.0,0.3908,0.0,0.0904,0.0976,0.0,0.1013,0.0,0.2298,0.0533,0.2271,0.0,0.0,0.2008,0.0,0.0,0.0,0.0,0.0,0.0,0.0,0.0,0.7058,0.0,0.0494,0.0,0.0,0.0,0.0,0.0
MTJ,0.0972,0.0,0.0,0.0,0.3592,0.1128,0.0,0.1032,0.0,0.1581,0.0,0.0,0.1034,0.055,0.0,0.0,0.0,0.0,0.0,0.0,0.0,0.0,0.0,0.0,0.0,0.0,0.0571,0.2598,0.0512,0.0,0.0,0.0,0.0,0.2457,0.0,0.2104,0.0,0.0,0.0,0.0,0.0,0.0,0.0,0.0,0.0,0.0,0.1502,0.7169,0.0,0.0,0.1027,0.0,0.0,0.0,0.0
KPZ,0.2104,0.0,0.0,0.0,0.0,0.0,0.0,0.0,0.0,0.0,0.0,0.0,0.0,0.0872,0.0,0.0,0.0,0.0,0.0445,0.0,0.0,0.0,0.0497,0.0466,0.0,0.0522,0.2215,0.0,0.0458,0.1863,0.156,0.2065,0.0966,0.4146,0.0453,0.0,0.0,0.0,0.0,0.0,0.0,0.0,0.05,0.2692,0.0,0.0,0.0,0.178,0.0,0.0,0.1123,0.0,0.0,0.0,0.1182
YGD,0.0892,0.0416,0.0,0.0,0.0,0.0483,0.0,0.0,0.0,0.2262,0.0,0.0,0.0,0.0504,0.0,0.0,0.0,0.0,0.0,0.0,0.0,0.0,0.0,0.0,0.0,0.0471,0.0,0.0436,0.045,0.1173,0.0861,0.1801,0.1175,0.204,0.0,0.0,0.0,0.0,0.0,0.0,0.1253,0.0,0.2329,0.1839,0.1928,0.0,0.0436,0.2937,0.0,0.0,0.0525,0.0,0.0,0.0,0.1363
VUO,0.2256,0.0,0.0,0.0406,0.0378,0.1366,0.0396,0.1366,0.0,0.0,0.0,0.0,0.0,0.0,0.0,0.0,0.0,0.0,0.0,0.0,0.0,0.0582,0.0,0.0,0.0,0.0374,0.0,0.0,0.0398,0.0579,0.1763,0.1978,0.1233,0.325,0.0,0.0,0.0,0.0,0.0,0.0,0.0579,0.0,0.0456,0.1534,0.0,0.0,0.0,0.3672,0.0,0.0,0.0,0.0,0.0555,0.0,0.2746
TTE,0.6278,0.0,0.0,0.0,0.0,0.1683,0.1079,0.1011,0.0,0.509,0.0,0.3549,0.0,0.0889,0.0427,0.0,0.0,0.0,0.0,0.0,0.0,0.0,0.0,0.0,0.0,0.0,0.0,0.0,0.0521,0.0,0.0,0.0,0.0,0.0,0.0,0.0,0.0521,0.0,0.0,0.0,0.0,0.0,0.0926,0.0,0.0,0.0,0.0,0.2149,0.0,0.0432,0.0,0.0,0.2422,0.0558,0.0423
YQW,0.4622,0.0,0.0,0.0,0.0,0.0468,0.0,0.0519,0.0,0.0461,0.0,0.0,0.0498,0.6613,0.0,0.0,0.0,0.1535,0.051,0.0,0.1966,0.0,0.0,0.0,0.1589,0.047,0.1919,0.0,0.0499,0.0469,0.0485,0.2472,0.0535,0.194,0.047,0.0,0.0,0.0,0.0,0.0,0.0535,0.0,0.1912,0.0464,0.0,0.0,0.0464,0.3929,0.0,0.0,0.0464,0.0,0.0498,0.0,0.0
STR,0.3954,0.0,0.046,0.0,0.0,0.0485,0.0456,0.0511,0.0,0.4331,0.0557,0.1874,0.0,0.2477,0.2405,0.0467,0.094,0.0,0.0,0.1016,0.0518,0.0,0.0,0.0,0.0,0.0,0.0,0.0,0.053,0.0,0.0,0.0,0.0,0.0,0.3067,0.0,0.2546,0.0,0.0,0.0,0.0,0.0,0.0,0.062,0.0,0.0,0.0,0.1392,0.0,0.0,0.0,0.0,0.1086,0.0511,0.0
YTJ,0.0453,0.0,0.0,0.0,0.1728,0.0456,0.0571,0.1408,0.0,0.0445,0.0,0.0,0.0453,0.1339,0.0,0.0,0.0,0.0,0.0445,0.0,0.0,0.0,0.0,0.0,0.0,0.0,0.1879,0.0,0.195,0.0,0.0,0.0,0.0,0.0441,0.0,0.3248,0.0,0.0,0.0441,0.0,0.0,0.0,0.0,0.0,0.0,0.0,0.1181,0.5098,0.0,0.0,0.0,0.0,0.0,0.0,0.0
JTA,0.0973,0.0,0.0,0.0,0.0,0.0,0.0,0.0586,0.0,0.1368,0.0,0.0882,0.0,0.0395,0.0,0.0,0.0,0.0,0.0,0.0,0.0,0.0,0.0,0.0,0.0,0.0,0.0,0.0382,0.2381,0.0994,0.4162,0.0792,0.0,0.0,0.0,0.0,0.0,0.0,0.0,0.0,0.0,0.0,0.0973,0.097,0.0433,0.0,0.0,0.2785,0.0,0.1277,0.3656,0.0,0.0,0.0,0.0
USG,0.2493,0.0,0.0,0.0,0.0,0.0443,0.0513,0.1555,0.0,0.2532,0.0,0.1056,0.0,0.2428,0.0,0.0,0.1011,0.0,0.0,0.0,0.0,0.0,0.0,0.0,0.0,0.0,0.0,0.0,0.0448,0.1082,0.0523,0.0499,0.0,0.1058,0.0499,0.0,0.0523,0.0,0.0,0.0,0.0,0.0,0.1939,0.0914,0.1918,0.0,0.0,0.2933,0.0,0.0431,0.0919,0.0,0.1028,0.0,0.1162
LUC,0.338,0.0,0.0,0.0,0.0,0.3466,0.0,0.0,0.0,0.5428,0.2561,0.1425,0.0476,0.7082,0.0,0.0,0.0,0.0935,0.0541,0.0536,0.1995,0.0,0.0,0.0,0.0961,0.0,0.0,0.0,0.1496,0.0,0.0,0.0,0.0,0.0,0.0,0.0,0.0,0.0,0.0,0.0,0.0,0.0,0.0,0.0,0.051,0.0,0.0,0.6541,0.0,0.0,0.0,0.0,0.0463,0.0,0.0
JVN,0.0427,0.0,0.0,0.0386,0.0518,0.0427,0.1228,0.0432,0.0,0.0,0.0,0.0,0.0,0.3812,0.0,0.0,0.0,0.0,0.0,0.0,0.0,0.0,0.1616,0.082,0.0811,0.0472,0.2147,0.0,0.0,0.0,0.0,0.0389,0.0386,0.0,0.0389,0.0,0.0,0.0,0.0,0.0,0.0386,0.0,0.0,0.0472,0.0,0.0,0.0,0.353,0.0401,0.0,0.0401,0.0839,0.0,0.0,0.0
JPS,0.2745,0.1223,0.0,0.0,0.0868,0.1995,0.4194,0.2081,0.0331,0.0868,0.0,0.0411,0.276,0.2381,0.1337,0.0,0.0,0.0411,0.0338,0.0,0.0,0.0,0.0,0.0,0.0,0.0372,0.0493,0.0,0.1998,0.0,0.0,0.0,0.0,0.0493,0.0355,0.0,0.0,0.0342,0.0,0.0,0.0,0.0,0.0,0.2383,0.0,0.0,0.0,0.3178,0.2282,0.126,0.0764,0.3183,0.0362,0.0,0.0
OVF,0.2438,0.0,0.0,0.0,0.0,0.1463,0.1494,0.1936,0.0508,0.4478,0.0,0.104,0.1036,0.599,0.0508,0.0,0.0508,0.0,0.1564,0.0471,0.1075,0.0465,0.0,0.0,0.0,0.0,0.0588,0.0491,0.0501,0.0,0.0,0.0,0.0,0.0,0.0,0.0,0.1027,0.0491,0.0,0.0,0.0,0.0,0.0,0.0,0.0,0.0,0.0,0.3577,0.1023,0.0,0.0,0.0,0.0,0.0,0.0
LXZ,0.1131,0.0,0.0,0.0,0.0458,0.0458,0.0,0.049,0.0,0.2043,0.0,0.0,0.2438,0.1446,0.0,0.0,0.0431,0.0,0.0498,0.0,0.0,0.0,0.0,0.0,0.0,0.0,0.0527,0.1877,0.2512,0.0,0.0429,0.0,0.0,0.202,0.0562,0.0458,0.0,0.0918,0.0491,0.0,0.0,0.0,0.0562,0.0431,0.0,0.0,0.0858,0.5749,0.0,0.0507,0.046,0.0,0.0,0.0,0.0
PXT,0.2329,0.0,0.0,0.0,0.0,0.051,0.044,0.0,0.0,0.0,0.0,0.0,0.0,0.8537,0.0549,0.0,0.0,0.1381,0.0,0.0,0.3878,0.0,0.0443,0.0501,0.0444,0.2245,0.048,0.0,0.0438,0.0,0.0,0.0,0.0,0.0,0.0,0.0,0.0445,0.0,0.1389,0.0,0.0,0.0,0.0,0.0,0.0,0.0,0.0,0.4604,0.0,0.0461,0.0,0.0,0.0942,0.0,0.0
JWQ,0.4422,0.0,0.0,0.0,0.0,0.1056,0.1875,0.0979,0.0,0.0444,0.0,0.0,0.045,0.2869,0.0558,0.0,0.0,0.0,0.0,0.0,0.0,0.0,0.0,0.0,0.0,0.0526,0.0994,0.0,0.1488,0.0,0.0,0.0454,0.0,0.0,0.051,0.0,0.0,0.0,0.0,0.0,0.0,0.0,0.0,0.0,0.0,0.0,0.0485,0.243,0.0441,0.0468,0.0441,0.199,0.0,0.0,0.0
YWZ,0.298,0.0,0.046,0.0471,0.0,0.095,0.0,0.0,0.0,0.1402,0.0,0.0,0.0,0.4012,0.2538,0.0,0.0,0.1964,0.0536,0.0554,0.0,0.0,0.0,0.0,0.0,0.0,0.0,0.0,0.0467,0.0,0.0,0.0,0.2586,0.05,0.2959,0.0,0.1052,0.0,0.0,0.0,0.21,0.0,0.0585,0.0,0.0,0.0,0.0,0.0938,0.0,0.0,0.0,0.0,0.0,0.0523,0.0
JLG,0.4469,0.0484,0.0,0.0556,0.0,0.0,0.0,0.0455,0.0,0.0,0.0,0.0,0.0,0.0551,0.0,0.0,0.0,0.0,0.0,0.0,0.0,0.0,0.0,0.0,0.0,0.0476,0.1332,0.0,0.0,0.2231,0.0423,0.4429,0.2003,0.6033,0.0423,0.0,0.0,0.0,0.0455,0.0,0.0423,0.0,0.215,0.3394,0.0,0.0,0.0,0.181,0.0,0.0,0.0,0.0,0.0,0.0,0.1599
QFO,0.6414,0.0468,0.0461,0.0995,0.0,0.0,0.0,0.0935,0.0,0.2121,0.0,0.0,0.0,0.1949,0.1068,0.0,0.0995,0.0,0.0,0.0,0.2437,0.046,0.0,0.0,0.0,0.0,0.046,0.0,0.2874,0.0,0.0,0.0525,0.0,0.0,0.0954,0.0,0.0601,0.0,0.0,0.046,0.0,0.0,0.0,0.0,0.0,0.0,0.0,0.1995,0.0,0.0525,0.0,0.0,0.0,0.0,0.0
ITH,0.6266,0.0,0.0,0.0,0.0,0.2124,0.148,0.0,0.0,0.2057,0.0,0.1071,0.0,0.4328,0.1437,0.0,0.0,0.0,0.0,0.0,0.0,0.0,0.2216,0.1022,0.0573,0.0938,0.0,0.0,0.0461,0.0,0.0,0.0,0.0437,0.0,0.0,0.0,0.0479,0.0,0.0,0.0,0.0,0.0,0.0873,0.0501,0.0,0.0,0.0,0.1613,0.0479,0.046,0.0,0.0494,0.0925,0.0,0.0
PRY,0.2426,0.0,0.0,0.0,0.0541,0.0,0.0,0.096,0.0,0.2824,0.094,0.0516,0.1022,0.4014,0.0,0.0,0.0,0.0,0.0,0.0,0.0973,0.0,0.0,0.0,0.0517,0.0465,0.0548,0.0476,0.0942,0.0,0.0,0.0,0.0,0.0,0.0516,0.0,0.0,0.0,0.0,0.0,0.0,0.0,0.0,0.0,0.1004,0.0516,0.0,0.4527,0.0,0.0,0.0,0.0,0.0,0.0,0.0
NUQ,0.1997,0.0,0.0,0.0,0.0,0.2553,0.0,0.1493,0.0,0.4976,0.0504,0.1076,0.104,0.3898,0.0,0.0,0.0964,0.048,0.1995,0.048,0.0,0.0,0.0,0.0,0.0572,0.0,0.0474,0.0,0.0463,0.0,0.0,0.0561,0.0,0.0,0.0,0.0,0.0,0.0,0.0,0.0,0.0,0.0,0.0,0.0,0.0578,0.0,0.1076,0.553,0.0,0.0,0.0491,0.0,0.1019,0.0,0.0
JMX,0.1837,0.0,0.0,0.0,0.0,0.0913,0.0,0.0466,0.0,0.1807,0.0,0.0885,0.0541,0.0473,0.0,0.0,0.0,0.0,0.0,0.0,0.0,0.0,0.0,0.0,0.0,0.0,0.0,0.0447,0.3236,0.0432,0.2205,0.0,0.0463,0.0,0.0,0.0,0.0,0.0,0.0,0.0,0.0,0.0,0.0884,0.048,0.1021,0.0,0.0,0.2443,0.0,0.0,0.3268,0.0566,0.0,0.0,0.0
EMK,0.3621,0.0,0.0,0.154,0.0,0.0515,0.0,0.0481,0.0,0.0,0.0,0.0,0.0474,0.3666,0.0,0.0,0.0,0.2679,0.0,0.0,0.0,0.0,0.0,0.0,0.0,0.0,0.0474,0.0474,0.0474,0.0,0.0,0.094,0.0493,0.1443,0.0,0.0,0.0,0.0,0.0,0.0515,0.4639,0.0977,0.0,0.0,0.0,0.0535,0.0,0.1957,0.0,0.0,0.0,0.0,0.0512,0.0,0.0
INK,0.3378,0.0,0.0,0.0,0.0,0.085,0.0,0.0,0.0,0.1982,0.0,0.2072,0.0,0.0378,0.1986,0.0,0.0771,0.0,0.0,0.0,0.0378,0.0,0.0,0.0,0.0,0.0,0.0,0.0,0.0,0.0,0.0,0.0,0.0,0.0,0.1992,0.0,0.3214,0.0393,0.0,0.0,0.0,0.0,0.0393,0.0,0.0,0.0,0.0,0.0927,0.0,0.0,0.0,0.0,0.0,0.0381,0.0
WCH,0.0,0.0,0.0,0.0,0.0,0.109,0.0453,0.0,0.0,0.2074,0.0,0.0597,0.0597,0.8262,0.0,0.0,0.096,0.0972,0.1907,0.0,0.1476,0.1186,0.0,0.0,0.0974,0.0488,0.2846,0.0,0.0,0.0,0.0,0.0521,0.0,0.1526,0.0454,0.0,0.0,0.0,0.1153,0.0,0.0,0.0,0.0,0.0974,0.0,0.0,0.0469,0.5219,0.0,0.046,0.0,0.0,0.0,0.0,0.0
TOY,0.7299,0.0,0.0,0.0,0.0,0.0,0.0,0.0,0.0,0.0909,0.0,0.0398,0.0,0.5462,0.0,0.0,0.0,0.0886,0.0,0.0,0.4542,0.0,0.0808,0.4145,0.0797,0.0398,0.0,0.0,0.1153,0.0,0.0,0.0,0.0,0.0398,0.0514,0.0,0.0,0.0,0.0,0.0,0.0,0.0,0.0,0.0,0.0,0.0,0.0,0.0,0.0,0.0,0.0,0.0,0.0,0.0,0.0
ZBS,0.1675,0.0,0.0,0.0,0.0445,0.2278,0.0449,0.3027,0.0,0.2519,0.0,0.0474,0.0,0.2037,0.0,0.0,0.0,0.0,0.0918,0.0,0.0,0.0,0.0,0.0,0.0,0.0,0.0,0.0,0.1513,0.0468,0.0499,0.1049,0.0503,0.1049,0.0,0.0445,0.0,0.0,0.0,0.0,0.0,0.0,0.2102,0.1049,0.0449,0.0499,0.0,0.1907,0.0,0.0,0.0912,0.0438,0.0515,0.0,0.0
VRJ,0.2626,0.0,0.0,0.0,0.0,0.0871,0.1755,0.2795,0.0,0.3629,0.0,0.1467,0.0438,0.0,0.0,0.0,0.0,0.0,0.0,0.0,0.0,0.0,0.0,0.0,0.0,0.0,0.0,0.0,0.0645,0.0,0.0,0.0,0.0,0.0,0.0,0.0,0.0,0.0,0.0,0.0,0.0,0.0,0.1862,0.0,0.0,0.0566,0.0,0.0864,0.0,0.0,0.1581,0.0911,0.0,0.0,0.0
GLM,0.1869,0.0746,0.0,0.0,0.1121,0.1234,0.1143,0.3716,0.0391,0.1863,0.0,0.0374,0.12,0.0752,0.0371,0.0,0.0,0.0374,0.0,0.0,0.0,0.0,0.0,0.0,0.0,0.0,0.0,0.0,0.3791,0.0426,0.211,0.0,0.0,0.0814,0.067,0.0,0.0,0.0,0.0,0.0,0.0,0.0,0.067,0.0377,0.0531,0.0,0.0814,0.2676,0.0377,0.0377,0.4256,0.1626,0.0429,0.0,0.0
ETS,0.043,0.0,0.0,0.0,0.0,0.0,0.0,0.0441,0.0,0.1248,0.0,0.0,0.0411,0.0884,0.1235,0.0,0.0412,0.0,0.0,0.0,0.0,0.0,0.0,0.0,0.0,0.0,0.0,0.0,0.0,0.0,0.0,0.0,0.2666,0.0,0.4743,0.0853,0.6052,0.0,0.0,0.0,0.2277,0.0,0.0411,0.0,0.0,0.0413,0.0,0.1334,0.0,0.0,0.0,0.0,0.0,0.0,0.0
YTH,0.5544,0.0,0.0,0.0,0.0,0.0403,0.0,0.0,0.0,0.0,0.0,0.0,0.0,0.9178,0.0556,0.0,0.0,0.0842,0.0398,0.0,0.3998,0.0409,0.0812,0.0403,0.1748,0.0564,0.1421,0.0,0.0,0.0,0.0,0.0498,0.0,0.2013,0.0564,0.0,0.0,0.0409,0.1888,0.0798,0.0,0.0,0.0,0.0403,0.0,0.0,0.0,0.26,0.0,0.0,0.0,0.0,0.0,0.0,0.0
HSX,0.1241,0.0,0.0,0.0,0.0,0.0,0.0,0.0,0.0,0.2322,0.0,0.0986,0.0326,0.1205,0.1725,0.0,0.0693,0.0939,0.0,0.0,0.0,0.0,0.0,0.0,0.0,0.0,0.0,0.0,0.0,0.0,0.0,0.1177,0.4617,0.0,0.4365,0.0326,0.3559,0.0,0.0,0.0,0.5149,0.0,0.1502,0.0,0.0,0.0,0.0,0.1839,0.0,0.0,0.0,0.0,0.0,0.0,0.0
KLS,0.1973,0.0,0.0,0.0,0.0,0.1468,0.0,0.1181,0.0,0.0527,0.0,0.0,0.0,0.1076,0.0,0.0,0.0432,0.0,0.0,0.0,0.0,0.0,0.0,0.0,0.0,0.0,0.0,0.0903,0.214,0.0,0.0724,0.0914,0.1634,0.2393,0.0441,0.0,0.0,0.0,0.0,0.0,0.0713,0.0,0.148,0.0473,0.0,0.0,0.0,0.2435,0.0,0.0,0.0991,0.0,0.0,0.0,0.0423
CYI,0.088,0.0,0.0,0.0,0.1719,0.131,0.0,0.0435,0.0,0.2844,0.0,0.12,0.0,0.0613,0.0,0.0,0.0,0.0,0.0,0.0,0.0,0.0,0.0,0.0,0.0,0.0,0.0,0.1179,0.3074,0.0,0.0,0.0,0.0,0.1017,0.0,0.0,0.0,0.0,0.0,0.0,0.0,0.0,0.0,0.051,0.0449,0.0,0.14,0.5627,0.0,0.0499,0.0476,0.0,0.0,0.0,0.0
VGG,0.435,0.0,0.0,0.0,0.0,0.0413,0.0,0.0,0.0,0.0545,0.0,0.0,0.0,0.2446,0.0,0.0,0.0,0.0,0.0,0.0,0.0,0.0,0.3064,0.2554,0.1534,0.0475,0.0,0.0,0.0,0.0,0.0,0.0509,0.0475,0.0,0.0509,0.0,0.0,0.0,0.0,0.0,0.0592,0.0,0.1363,0.1035,0.0,0.0,0.0,0.113,0.0,0.0,0.0502,0.0,0.0475,0.0,0.05
STM,0.0586,0.0,0.0,0.0,0.0934,0.066,0.0,0.142,0.0,0.3206,0.0,0.0,0.0,0.1393,0.0,0.0,0.0,0.0,0.0,0.0,0.0,0.0,0.0,0.0,0.0,0.0,0.0486,0.4544,0.2451,0.0,0.0459,0.0,0.0,0.0,0.0,0.0,0.0,0.0,0.0,0.0,0.0,0.0,0.0,0.0944,0.0485,0.0,0.0459,0.731,0.0,0.0,0.0,0.0,0.0459,0.0,0.0
PSA,0.1874,0.0,0.0,0.0,0.0,0.2038,0.1029,0.3373,0.1533,0.1397,0.0,0.0,0.0,0.0465,0.0,0.0,0.0,0.095,0.0,0.0,0.0,0.0471,0.0,0.0,0.0,0.0515,0.0,0.0,0.3074,0.0,0.0,0.0,0.0,0.0,0.0,0.0485,0.0,0.0485,0.0,0.0,0.0,0.0,0.0465,0.0476,0.0,0.0458,0.0,0.2425,0.0,0.0,0.0,0.2679,0.0,0.0942,0.0
XAY,0.1034,0.0,0.0,0.0,0.0921,0.0438,0.0,0.0,0.0,0.2423,0.0,0.0,0.0958,0.0434,0.0,0.0,0.138,0.0,0.0,0.0,0.0,0.0,0.0,0.0,0.0,0.0,0.0723,0.0884,0.1787,0.0444,0.0,0.0,0.0879,0.3067,0.0,0.0888,0.0,0.0,0.0,0.0,0.1792,0.0452,0.0461,0.0,0.0,0.0,0.0891,0.4662,0.0,0.0517,0.0,0.0,0.0,0.0,0.0
XOD,0.0927,0.0,0.0,0.0,0.0,0.0553,0.0553,0.5339,0.0,0.1402,0.047,0.0477,0.0,0.047,0.0,0.0,0.0,0.047,0.0,0.047,0.0,0.0,0.0,0.0,0.0,0.0,0.0,0.0,0.0,0.0,0.0,0.0,0.0,0.0,0.0456,0.0,0.0477,0.0,0.0,0.0,0.0,0.0,0.1058,0.0,0.2755,0.4506,0.1858,0.1457,0.0,0.0,0.0,0.0,0.0,0.1025,0.0506
QQE,0.2642,0.0,0.0,0.0,0.0,0.2581,0.0447,0.0867,0.0,0.3148,0.0,0.0959,0.0,0.2848,0.1497,0.0,0.2659,0.0,0.0467,0.0,0.0467,0.0,0.0863,0.0431,0.0,0.0,0.0,0.0,0.2862,0.0,0.0,0.0,0.0,0.0447,0.2039,0.0,0.35,0.1051,0.0,0.0615,0.0,0.0,0.187,0.1651,0.0,0.0,0.0,0.1363,0.0,0.0,0.0432,0.0,0.0,0.0,0.0
PZC,0.1524,0.0488,0.0,0.0,0.0,0.0522,0.0888,0.0,0.0,0.0,0.0,0.0,0.0,0.3092,0.0,0.0,0.0,0.0488,0.0,0.0,0.0,0.0,0.4679,0.1491,0.1637,0.0,0.0,0.0,0.0,0.0,0.0,0.0859,0.0847,0.0522,0.0859,0.0,0.0,0.0423,0.0934,0.0,0.0423,0.0847,0.0,0.0455,0.0,0.0,0.0,0.2427,0.0,0.0,0.0,0.0461,0.0,0.0,0.0455
ZHN,0.4978,0.0,0.2376,0.0,0.0,0.141,0.0,0.0477,0.0,0.2048,0.0,0.3094,0.0,0.2174,0.1559,0.0479,0.2814,0.0465,0.0,0.0,0.0,0.0477,0.0,0.0,0.0,0.0,0.0,0.0,0.0477,0.0,0.0,0.0,0.0,0.0,0.3951,0.0466,0.5604,0.0617,0.0,0.0617,0.0,0.0,0.141,0.1557,0.0,0.0,0.0,0.3908,0.0,0.0,0.0,0.0,0.0,0.0,0.0
JKT,0.3318,0.0,0.0,0.0,0.0,0.1851,0.0,0.0,0.0,0.1425,0.1015,0.0,0.0,0.6484,0.0,0.0,0.0,0.0996,0.0,0.0487,0.1436,0.1005,0.0,0.0,0.0,0.0,0.0555,0.0,0.0983,0.0,0.0,0.0,0.0,0.0,0.1586,0.0,0.0581,0.0,0.0614,0.0581,0.0,0.0,0.0461,0.0,0.0,0.0,0.0,0.2504,0.0,0.0,0.0,0.0,0.0459,0.0,0.0
GUG,0.3418,0.0,0.0,0.0,0.1575,0.3316,0.2371,0.599,0.3629,0.0471,0.0,0.0,0.0,0.0457,0.1031,0.0453,0.0,0.0,0.0,0.0,0.0449,0.0,0.0,0.0,0.0,0.0,0.0,0.0,0.0506,0.0,0.0,0.0452,0.0,0.0452,0.0,0.0,0.0,0.0,0.0,0.0,0.0,0.0,0.1005,0.0,0.0,0.0,0.0,0.2116,0.0,0.0553,0.0442,0.253,0.0,0.0,0.0
PTF,0.3431,0.0,0.0,0.0407,0.0,0.0392,0.0392,0.0,0.0,0.0,0.0925,0.0,0.0,0.8369,0.0,0.0,0.0,0.1631,0.0,0.0,0.2278,0.0,0.1328,0.0,0.0407,0.126,0.2144,0.0,0.0392,0.0,0.0,0.0393,0.039,0.0,0.0437,0.0,0.0,0.0,0.0,0.0404,0.0529,0.0,0.0,0.0482,0.0,0.0,0.0,0.5779,0.0,0.0,0.0,0.0,0.0,0.0,0.0
OHF,0.0576,0.0,0.0,0.0,0.0,0.1064,0.0,0.0,0.0,0.0576,0.0,0.0,0.0,0.6357,0.0,0.0,0.0,0.0477,0.0,0.1209,0.0,0.0527,0.2055,0.0,0.2505,0.0,0.0464,0.0,0.0,0.0462,0.0,0.0,0.0,0.0,0.2056,0.0,0.0661,0.1407,0.1736,0.0527,0.0,0.0,0.0,0.0,0.0,0.0,0.0,0.1676,0.0,0.0,0.0,0.0,0.0,0.0,0.0
MAR,0.0881,0.0,0.0,0.0,0.0,0.0,0.0,0.0,0.0,0.0,0.0,0.0,0.0,1.0,0.0,0.0,0.0,0.1535,0.0922,0.0,0.4755,0.0,0.114,0.0,0.2256,0.1369,0.2038,0.0,0.0,0.0,0.0,0.0,0.0,0.0,0.0,0.0,0.0,0.0,0.0,0.0,0.0,0.0,0.0,0.0,0.0,0.0,0.0,0.4974,0.0,0.0456,0.0,0.0,0.0,0.0,0.0
XCM,0.7017,0.0467,0.0,0.0,0.0,0.1942,0.0,0.0963,0.0,0.2603,0.0,0.2034,0.0,0.5437,0.1951,0.0,0.145,0.0,0.0,0.0471,0.0474,0.0,0.0941,0.2018,0.0938,0.0497,0.0,0.0,0.048,0.0,0.0,0.0,0.0,0.0,0.2025,0.0,0.2494,0.0,0.0,0.0,0.0,0.0,0.0,0.0,0.0,0.0,0.0,0.2554,0.0,0.0,0.0,0.0,0.0,0.0,0.0
DIJ,0.0451,0.0,0.0,0.0,0.0,0.046,0.0492,0.0,0.0,0.0,0.0,0.0,0.0466,0.8095,0.0,0.0,0.0,0.0457,0.0496,0.0,0.046,0.0,0.1247,0.0,0.3693,0.0484,0.1923,0.0,0.0,0.0,0.0,0.0,0.0,0.0507,0.0796,0.0,0.0,0.0,0.1965,0.0971,0.0,0.0,0.0,0.0,0.0,0.0,0.0,0.4947,0.0,0.0,0.0,0.0,0.0,0.0,0.0
XGE,0.2053,0.0,0.0,0.0,0.0,0.1664,0.105,0.1049,0.0,0.2053,0.0,0.0519,0.0,0.1643,0.0486,0.0,0.0,0.0471,0.0,0.0,0.0,0.0,0.121,0.0,0.0,0.047,0.0,0.0,0.1921,0.0,0.1924,0.0457,0.0,0.0,0.0529,0.0,0.0,0.0,0.0,0.0471,0.0,0.0,0.211,0.1846,0.0,0.0,0.0,0.2011,0.0543,0.0457,0.1432,0.0507,0.0471,0.0,0.0
JIC,0.144,0.0,0.0,0.0,0.0,0.047,0.0,0.0,0.0,0.5039,0.0435,0.1825,0.0483,0.4314,0.0437,0.0437,0.0,0.0446,0.0461,0.047,0.0,0.0,0.0,0.047,0.0,0.047,0.0533,0.2942,0.1843,0.0,0.047,0.0,0.0,0.0,0.0,0.0,0.1313,0.0,0.0979,0.0,0.0,0.0,0.0473,0.0,0.0,0.0,0.0533,0.6806,0.0,0.0,0.0,0.0,0.0,0.0,0.0
SVI,0.1463,0.0,0.0,0.0,0.0905,0.2724,0.0873,0.0913,0.0,0.2361,0.0,0.0,0.0,0.0938,0.0,0.0,0.0,0.0,0.0444,0.0,0.0,0.0,0.0,0.0,0.0,0.0,0.0,0.0,0.1081,0.1464,0.0642,0.2472,0.0434,0.2597,0.0439,0.0466,0.0,0.0,0.0,0.0,0.0,0.0,0.297,0.2499,0.0912,0.0439,0.0,0.1352,0.0,0.0,0.0445,0.0884,0.0,0.0,0.0
QZH,0.147,0.0,0.0,0.0,0.0,0.0,0.1412,0.0435,0.0,0.4541,0.1012,0.0,0.1996,0.2506,0.0,0.0,0.0,0.0,0.0,0.0,0.0,0.0609,0.0,0.0,0.0,0.0,0.0,0.0,0.2194,0.0,0.0435,0.0,0.0,0.0876,0.0484,0.0,0.0609,0.0412,0.0412,0.0,0.0,0.0,0.0484,0.0561,0.1057,0.0,0.0435,0.4388,0.0,0.0,0.0562,0.0,0.1012,0.0,0.0
ZEW,0.7309,0.1497,0.0,0.0,0.0,0.0,0.0,0.0,0.0,0.1983,0.0,0.0478,0.0478,0.3403,0.1488,0.0,0.0,0.0,0.0,0.0,0.1465,0.0,0.0,0.0,0.0,0.0,0.0,0.0,0.205,0.0,0.0,0.0,0.0,0.0,0.3386,0.0,0.0553,0.0,0.0,0.0,0.0,0.0,0.0471,0.0,0.0,0.0,0.0,0.3435,0.0505,0.0,0.0,0.0,0.0,0.0,0.0471
HUN,0.1915,0.0,0.0,0.0,0.0582,0.0,0.0,0.0,0.0,0.0964,0.0,0.0,0.0,0.491,0.0,0.0,0.0,0.0955,0.0955,0.0,0.095,0.0478,0.0,0.0,0.0476,0.0956,0.4092,0.0,0.0,0.0,0.0,0.3086,0.0969,0.2081,0.0,0.0,0.0,0.0,0.0478,0.0,0.0,0.0,0.0489,0.0,0.0,0.0,0.0,0.4451,0.0482,0.0483,0.0,0.0,0.0,0.0,0.0529
JFU,0.146,0.0459,0.0,0.0,0.0,0.0482,0.1473,0.0941,0.0,0.0,0.0,0.0,0.0,0.3924,0.0,0.0,0.0,0.0985,0.2009,0.0,0.1428,0.1051,0.0481,0.0,0.0,0.0,0.0,0.0,0.0459,0.0,0.0,0.0,0.0,0.0,0.0508,0.0,0.0,0.0508,0.0482,0.2507,0.0,0.0,0.0482,0.0523,0.0523,0.0,0.0,0.2886,0.0,0.0482,0.0,0.0,0.0504,0.0,0.0
LCC,0.1003,0.1068,0.0,0.0,0.0,0.1003,0.1018,0.1572,0.0,0.2451,0.0,0.0,0.0481,0.3288,0.0,0.0,0.0455,0.0446,0.0939,0.0,0.0,0.0,0.0483,0.0,0.0,0.0,0.0939,0.3044,0.2169,0.0,0.102,0.0483,0.0,0.0459,0.0463,0.0,0.0481,0.0486,0.0,0.0,0.0,0.0,0.0,0.0,0.0,0.0,0.1505,0.6619,0.0,0.0,0.0,0.0,0.0,0.0,0.0
MDD,0.1132,0.0,0.0,0.0,0.0573,0.0816,0.0,0.0857,0.0,0.2601,0.0466,0.0,0.0,0.0533,0.0,0.0,0.0,0.0,0.0,0.0,0.0,0.0,0.0,0.0392,0.0,0.0392,0.0397,0.5197,0.3452,0.0,0.0953,0.0583,0.0,0.0,0.0,0.0,0.0,0.0,0.0,0.0,0.0,0.0,0.0,0.0504,0.0489,0.0,0.0561,0.606,0.0,0.0,0.0,0.0,0.0561,0.0,0.0
UBT,0.3942,0.0,0.0,0.0657,0.0,0.1584,0.0927,0.0,0.0,0.2197,0.0,0.0,0.0,0.322,0.0,0.0,0.0,0.1381,0.0408,0.0,0.0,0.0,0.0,0.0,0.0431,0.0,0.0342,0.0,0.0431,0.0819,0.0,0.4283,0.1224,0.1162,0.1354,0.0,0.0,0.0382,0.0,0.0,0.3472,0.1198,0.0797,0.0431,0.0,0.0,0.0,0.0776,0.0,0.0,0.0,0.0,0.0786,0.0,0.0
SWE,0.0392,0.0,0.0,0.0,0.0,0.0416,0.0439,0.267,0.0,0.1718,0.0,0.0,0.0,0.1778,0.0,0.0,0.0,0.0,0.0,0.0,0.0,0.0,0.0,0.0,0.0416,0.0,0.1185,0.4082,0.4047,0.0,0.4527,0.0413,0.0,0.0,0.0,0.0,0.0,0.0,0.0,0.0,0.0,0.0,0.0786,0.081,0.0431,0.0,0.1372,0.4383,0.0,0.0,0.2684,0.0,0.0,0.0,0.0
YOP,0.5497,0.0,0.0,0.0,0.0426,0.0908,0.0543,0.0474,0.0,0.4322,0.0,0.5187,0.0,0.1609,0.0474,0.0,0.0,0.0,0.0,0.0,0.0,0.0,0.0,0.0,0.0,0.0,0.0,0.0,0.0543,0.0,0.0,0.0,0.0,0.0,0.0,0.0,0.0543,0.0,0.0,0.0,0.0,0.0,0.1489,0.0452,0.0426,0.0,0.0923,0.1019,0.0,0.0,0.0,0.0,0.3634,0.0,0.0
RSD,0.1615,0.0,0.0,0.0,0.0,0.1171,0.043,0.2067,0.0,0.2753,0.0,0.0,0.0,0.0495,0.0,0.0,0.0468,0.0,0.0,0.0,0.0,0.0,0.0,0.0,0.0,0.0,0.0,0.0959,0.4336,0.0,0.1875,0.0,0.0,0.256,0.0,0.0,0.0,0.0,0.0,0.0,0.0,0.0,0.3559,0.2708,0.0,0.0,0.0478,0.3283,0.0,0.0876,0.305,0.0,0.0,0.0,0.0
SOE,0.2476,0.0,0.0,0.0,0.0,0.0,0.0,0.0483,0.0,0.4627,0.0467,0.3171,0.3656,0.3392,0.0,0.0,0.0,0.0,0.0,0.0,0.0,0.0,0.0,0.0,0.0,0.0486,0.0,0.049,0.1491,0.0,0.049,0.0459,0.0,0.0932,0.0,0.0,0.0982,0.0,0.0,0.0,0.0,0.0,0.0911,0.0,0.0,0.0,0.0,0.5086,0.0,0.0525,0.0448,0.0,0.0,0.0,0.0
GGG,0.0,0.0,0.0,0.0,0.0,0.0663,0.0869,0.0,0.0,0.1187,0.0,0.0,0.1623,0.2119,0.0,0.0,0.0,0.0,0.0,0.0,0.0,0.0435,0.0,0.0,0.0,0.0,0.0,0.0425,0.1088,0.0,0.1281,0.0441,0.0,0.0497,0.0,0.0,0.0,0.0,0.0,0.0871,0.0,0.0,0.0,0.0405,0.0851,0.0,0.0403,0.2866,0.0,0.0441,0.179,0.0,0.0,0.0,0.0
IZX,0.1606,0.0,0.0,0.0,0.0,0.0489,0.0487,0.0,0.0,0.0,0.0,0.0,0.0,0.4085,0.0,0.0,0.0,0.0928,0.1895,0.0,0.0497,0.0559,0.2125,0.0489,0.1007,0.0,0.0,0.0,0.0,0.0,0.0,0.0,0.0434,0.0489,0.0986,0.0,0.0,0.0865,0.0434,0.15,0.0,0.0,0.0,0.1519,0.0,0.0,0.0,0.2394,0.0,0.0,0.0,0.0,0.1009,0.0,0.0
TDI,0.3611,0.0,0.0,0.0,0.0,0.1447,0.0,0.0,0.0,0.2997,0.0,0.1018,0.1895,0.1173,0.0,0.0,0.097,0.0,0.0,0.0,0.0,0.0,0.0,0.0,0.0,0.0,0.0,0.0,0.1003,0.0,0.0,0.0,0.0,0.0463,0.0,0.0,0.0,0.0,0.0,0.0,0.0,0.0,0.1011,0.0463,0.0,0.0,0.0507,0.1452,0.0,0.0,0.0521,0.0,0.1027,0.0,0.0
HLX,0.1699,0.0,0.0,0.0,0.0,0.0,0.0,0.0,0.0,0.505,0.0,0.1175,0.0,0.1319,0.0,0.0,0.0,0.0,0.0,0.0,0.0,0.0,0.0433,0.0,0.0,0.0,0.0957,0.0435,0.2825,0.0449,0.0991,0.0522,0.1441,0.095,0.0454,0.0,0.0,0.0,0.0,0.0,0.0882,0.0449,0.0,0.0,0.0,0.0,0.1201,0.6035,0.0,0.0,0.0,0.0,0.0,0.0497,0.0464
MMA,0.374,0.0,0.0,0.0,0.0,0.0591,0.0,0.0,0.0,0.2801,0.0591,0.0452,0.0,0.7548,0.0,0.0,0.0,0.1365,0.0,0.0,0.2502,0.0,0.0,0.0,0.4637,0.0,0.0,0.0,0.0,0.0,0.0,0.0,0.0,0.0,0.0458,0.0,0.1527,0.0,0.0557,0.0557,0.0,0.0,0.0,0.0,0.0,0.0,0.0,0.0464,0.0,0.0,0.0,0.0,0.0452,0.0,0.0
AUC,0.1437,0.0,0.0,0.0,0.0,0.0849,0.0,0.0,0.0,0.2263,0.0471,0.1271,0.2009,0.4287,0.0,0.0,0.0,0.0,0.046,0.0,0.0,0.0501,0.0,0.0,0.0,0.0,0.1514,0.0,0.0866,0.0,0.0,0.0,0.0,0.0,0.1383,0.0,0.0,0.0936,0.0936,0.0,0.0,0.0,0.0,0.0,0.0,0.0,0.0415,0.6088,0.0,0.0,0.0,0.0,0.0,0.0,0.0
BDW,0.354,0.0,0.0,0.0,0.0,0.0496,0.0,0.1421,0.0,0.3468,0.0499,0.1356,0.1025,0.3935,0.0,0.0,0.0,0.0436,0.0,0.0917,0.0,0.0,0.0,0.0,0.0,0.0,0.0446,0.0,0.0561,0.0,0.0,0.0461,0.0496,0.0496,0.0992,0.0496,0.0931,0.0496,0.0496,0.0446,0.0,0.0,0.1288,0.0,0.0,0.0,0.0,0.332,0.0,0.0454,0.0532,0.0,0.0,0.0,0.0428
JJH,0.2837,0.0,0.0,0.0,0.0,0.3921,0.0,0.145,0.0,0.6471,0.1421,0.0881,0.0769,0.5455,0.0527,0.0,0.1003,0.0,0.0898,0.0,0.0,0.0,0.0,0.0,0.0,0.0,0.0,0.0,0.156,0.0,0.0458,0.0,0.0,0.0,0.0,0.0,0.0,0.0,0.0,0.0,0.0,0.0,0.0,0.0488,0.0916,0.0,0.0441,0.4303,0.0,0.0,0.0,0.0,0.0904,0.0,0.0
KLW,0.0481,0.0,0.0,0.0,0.0,0.197,0.4307,0.5542,0.2518,0.0,0.0,0.0692,0.0,0.0508,0.0438,0.0438,0.0,0.0,0.0,0.0,0.0,0.0,0.0508,0.0,0.0,0.0,0.0,0.0,0.0949,0.0,0.0,0.0,0.0,0.0,0.0,0.0,0.0,0.0,0.0,0.0,0.0,0.0,0.2786,0.1919,0.0,0.0,0.0,0.1991,0.0,0.0411,0.1108,0.1849,0.0,0.0,0.0
FKB,0.1886,0.0,0.0,0.0,0.1254,0.1386,0.0979,0.1429,0.0,0.1424,0.0,0.0,0.1188,0.0,0.0,0.0,0.0,0.0,0.0,0.0,0.0,0.0,0.0,0.0,0.0,0.0,0.0,0.0815,0.4598,0.0433,0.1844,0.0,0.0,0.1188,0.0,0.0,0.0,0.0,0.0,0.0,0.0,0.0,0.0,0.1381,0.0454,0.0,0.0736,0.4823,0.0,0.0951,0.2232,0.0848,0.0501,0.0,0.0928
HXO,0.0451,0.0,0.0,0.0,0.0451,0.0,0.0,0.0,0.0,0.0455,0.0,0.0,0.0,0.5079,0.0,0.0,0.0,0.1529,0.0,0.0,0.1356,0.0438,0.0924,0.0451,0.0,0.0455,0.0,0.0,0.0,0.0,0.0,0.1397,0.1878,0.043,0.0,0.0,0.0,0.0883,0.0431,0.0989,0.3994,0.0,0.0,0.0,0.0,0.0,0.0,0.0889,0.0,0.1304,0.0,0.0,0.0448,0.0,0.0
QNI,0.2028,0.0,0.0,0.0428,0.1399,0.0878,0.0,0.0,0.0,0.3378,0.0,0.0,0.1463,0.0428,0.0,0.0,0.0913,0.0,0.0,0.0,0.0,0.0,0.0,0.0,0.0,0.0,0.0611,0.0872,0.0898,0.0512,0.0,0.0,0.0512,0.3441,0.0,0.1319,0.0,0.0,0.0,0.0,0.101,0.0,0.0498,0.0442,0.0,0.0,0.0868,0.3677,0.0,0.0578,0.0,0.0,0.0,0.0,0.0
TPN,0.5046,0.0,0.0,0.0,0.0,0.0,0.0,0.1605,0.0,0.1455,0.0,0.0543,0.0543,0.9034,0.0512,0.0,0.0,0.1987,0.0,0.0,0.5009,0.0979,0.1068,0.0,0.2059,0.0,0.0554,0.0,0.0,0.0,0.0,0.0,0.0,0.0512,0.1989,0.0481,0.2467,0.0,0.0486,0.0,0.0,0.0,0.0543,0.0,0.0582,0.0,0.0,0.1486,0.0,0.0471,0.0,0.0,0.0,0.0,0.0
HMD,0.301,0.0,0.0571,0.0,0.0,0.0481,0.0,0.0,0.0,0.1101,0.0,0.0,0.0488,0.8543,0.0474,0.0,0.0,0.192,0.1464,0.0,0.1951,0.0,0.0,0.0,0.1505,0.0979,0.2511,0.0,0.0,0.0,0.0,0.0,0.0,0.0,0.0571,0.044,0.0,0.0533,0.0489,0.0489,0.0989,0.0,0.044,0.0,0.0,0.0,0.0,0.2457,0.0,0.0,0.0,0.0,0.0,0.0,0.0
WTS,0.0988,0.0,0.0,0.0,0.1067,0.0482,0.2295,0.0926,0.0,0.0,0.0,0.0,0.0,0.3086,0.0,0.0,0.0,0.0431,0.0,0.0,0.04,0.0,0.0,0.0,0.0,0.0,0.3704,0.0,0.0439,0.0399,0.0,0.0588,0.0,0.2308,0.0636,0.0474,0.0,0.0,0.0474,0.0,0.0,0.0,0.0,0.1026,0.0,0.0,0.0,0.5531,0.0532,0.0,0.0532,0.0532,0.0,0.0,0.0
CIX,0.1918,0.0,0.0,0.0,0.0,0.0923,0.0548,0.0,0.0,0.1992,0.0488,0.0548,0.0,0.8943,0.0,0.0,0.0,0.048,0.0,0.2737,0.0449,0.0,0.0,0.0,0.0919,0.0,0.046,0.0,0.0,0.0,0.0,0.0,0.0,0.1036,0.1973,0.0945,0.1388,0.0467,0.1503,0.0,0.0,0.0,0.0,0.0,0.0,0.0,0.0,0.6717,0.0,0.0,0.0,0.0,0.0,0.0,0.0
RDB,0.0544,0.0544,0.0,0.0,0.1043,0.1174,0.0,0.2831,0.0,0.1115,0.0,0.0,0.0629,0.0977,0.0,0.0,0.0,0.0,0.0,0.0,0.0,0.0,0.0,0.0,0.0,0.0,0.0447,0.1417,0.3904,0.0444,0.1338,0.0,0.0,0.0444,0.0,0.0545,0.0,0.0,0.0,0.0,0.0,0.0,0.0921,0.0921,0.0,0.0,0.0477,0.3077,0.0,0.0,0.3028,0.0,0.0,0.0,0.0
OLM,0.185,0.0,0.0,0.0,0.0,0.0979,0.0504,0.0,0.0,0.3699,0.0,0.0859,0.1468,0.0928,0.0,0.0,0.0,0.0,0.0,0.0,0.0,0.0,0.0,0.0,0.0,0.0,0.0,0.0,0.0884,0.0418,0.0481,0.0418,0.0661,0.0418,0.0,0.0,0.0,0.0,0.0,0.0,0.0,0.0,0.181,0.0984,0.3904,0.0,0.0,0.3234,0.0,0.0,0.1602,0.1138,0.0,0.0,0.0
AYC,0.3544,0.0,0.0,0.0,0.0,0.0939,0.0,0.3268,0.0,0.5699,0.0,0.0,0.0485,0.1735,0.0948,0.0,0.0,0.0499,0.0,0.0,0.0,0.0,0.0,0.0,0.0,0.0,0.0,0.0,0.1506,0.0,0.0,0.0,0.0,0.0,0.0,0.0,0.0,0.0,0.0,0.0,0.048,0.0,0.0,0.0494,0.0,0.0,0.1484,0.3071,0.0,0.0,0.0,0.0,0.0,0.0,0.0
FSV,0.1843,0.0,0.0,0.0,0.0,0.0428,0.0,0.047,0.0,0.5968,0.0,0.1422,0.0913,0.7731,0.0,0.0,0.0445,0.0,0.0,0.0,0.0504,0.0,0.0,0.0,0.0545,0.047,0.0,0.0,0.1492,0.0,0.0,0.0,0.0,0.0,0.0,0.0,0.0,0.0,0.0,0.0,0.0,0.0,0.0,0.0972,0.0,0.0,0.0,0.5513,0.0,0.0,0.0,0.0,0.0,0.0,0.0
CLB,0.184,0.0,0.0,0.0,0.0432,0.041,0.4124,0.1522,0.0,0.0,0.0,0.0,0.0,0.2068,0.041,0.0,0.0,0.0,0.0,0.0,0.0,0.0,0.0,0.0,0.0,0.0,0.414,0.0,0.0,0.05,0.0,0.1409,0.0418,0.1095,0.0719,0.0,0.0,0.0,0.0418,0.0,0.0414,0.0832,0.0487,0.154,0.0445,0.0,0.0,0.3136,0.1156,0.0,0.0669,0.0669,0.0,0.0,0.0
QGE,0.149,0.0471,0.0,0.0,0.1971,0.1006,0.0471,0.1015,0.0,0.4076,0.0,0.0,0.1448,0.3008,0.0,0.0,0.0473,0.0,0.0988,0.0,0.0,0.0,0.0514,0.0,0.0,0.0,0.0963,0.1515,0.0638,0.0,0.0,0.0514,0.0,0.0987,0.0,0.0962,0.0,0.0,0.0,0.0,0.0,0.0,0.0,0.0,0.0,0.0,0.0943,0.7554,0.0,0.0488,0.0463,0.0494,0.0,0.0,0.0
FGW,0.0462,0.0,0.0,0.0,0.0,0.0,0.0503,0.0,0.0,0.0453,0.0,0.0,0.0,0.0,0.0,0.0,0.0,0.0,0.0,0.0,0.0,0.0,0.0,0.0,0.0,0.0,0.1962,0.0932,0.0982,0.3099,0.1609,0.3506,0.1967,0.2463,0.0532,0.0453,0.0,0.0,0.0,0.0503,0.4148,0.0,0.1426,0.0446,0.0,0.0,0.0932,0.3016,0.0,0.0,0.0,0.0,0.0,0.0,0.0
LBZ,0.1515,0.0,0.0,0.0,0.1515,0.2428,0.139,0.3555,0.3446,0.0,0.0,0.0,0.0,0.0,0.2423,0.1156,0.0439,0.0,0.0,0.0,0.0,0.0,0.0,0.0,0.0,0.0,0.0,0.0,0.0443,0.0,0.0,0.0,0.0,0.0,0.0,0.0,0.0,0.0,0.0,0.0,0.0,0.0,0.0947,0.0,0.0,0.0,0.0,0.1965,0.0437,0.051,0.0,0.1573,0.0,0.0,0.0
FLP,0.0573,0.0,0.0,0.0,0.0,0.0,0.0831,0.1186,0.0,0.3302,0.0,0.0,0.0,0.1869,0.0,0.0,0.2366,0.0,0.0,0.0,0.0,0.0,0.0,0.0,0.0418,0.0,0.0425,0.1449,0.2064,0.0618,0.0913,0.0,0.0,0.0618,0.0523,0.0,0.0,0.0,0.0,0.0,0.0,0.0,0.1097,0.0418,0.0,0.0,0.0988,0.3697,0.0,0.0,0.145,0.0,0.0573,0.0,0.0613
ZDX,0.3941,0.0,0.0,0.0,0.0468,0.3322,0.1566,0.2424,0.0,0.051,0.0,0.0,0.0481,0.0477,0.051,0.0,0.0,0.0955,0.0,0.0,0.0,0.0,0.0,0.0,0.0,0.0473,0.1499,0.0,0.0957,0.0,0.0,0.2132,0.1618,0.263,0.0,0.1404,0.0,0.0,0.0473,0.0,0.0955,0.0,0.1036,0.1528,0.0512,0.0,0.0,0.2339,0.0574,0.0,0.0,0.0461,0.0,0.0,0.0
DQI,0.3932,0.0,0.0,0.0,0.0,0.0,0.0,0.1047,0.0,0.0906,0.0458,0.0,0.0,0.3161,0.0,0.0,0.0,0.0,0.0,0.0,0.0,0.0,0.0,0.0,0.0,0.0,0.0,0.0,0.0,0.0521,0.0521,0.1416,0.0,0.2346,0.0,0.0,0.0521,0.0,0.045,0.0,0.0,0.0,0.4508,0.096,0.0458,0.0,0.0,0.2167,0.0,0.0,0.0,0.0,0.0,0.0,0.0
CGJ,0.2375,0.0856,0.0,0.0,0.1263,0.2927,0.3853,0.1672,0.0435,0.1732,0.0,0.0841,0.199,0.2411,0.1229,0.0,0.0,0.0831,0.045,0.0,0.0,0.0491,0.0,0.0,0.0,0.0,0.0455,0.0,0.1066,0.0,0.0,0.0,0.0416,0.0,0.0,0.0,0.0,0.0,0.0,0.0,0.0416,0.0,0.0416,0.2221,0.0,0.0,0.0,0.4192,0.1766,0.0719,0.0,0.2132,0.0,0.0,0.0
QBM,0.1962,0.0,0.0,0.0,0.0,0.0,0.0,0.0431,0.0,0.5652,0.0,0.1236,0.0408,0.2375,0.0,0.0,0.0,0.0,0.0,0.0,0.0,0.0,0.0,0.0,0.0,0.0,0.0,0.0,0.2834,0.0,0.0,0.0,0.0436,0.0,0.0,0.0,0.0,0.0,0.0,0.0,0.0,0.0,0.0,0.0,0.0,0.0,0.117,0.6421,0.0,0.0,0.0,0.0,0.0,0.0,0.0436
DSF,0.0,0.0,0.0,0.0,0.0,0.0595,0.0,0.0617,0.0,0.0,0.0,0.0,0.0,0.1115,0.0,0.0,0.0,0.0,0.0,0.0,0.0,0.1262,0.0,0.0,0.0,0.0,0.3654,0.0,0.1234,0.0,0.0,0.0,0.0,0.0929,0.0448,0.0,0.0,0.0,0.1148,0.1777,0.0,0.0,0.0502,0.0,0.0,0.0,0.0,0.1517,0.0,0.0396,0.0,0.0,0.0,0.0,0.0
ASY,0.151,0.0,0.0,0.0,0.095,0.0,0.0,0.1493,0.0,0.0978,0.0,0.0,0.0,0.0,0.0,0.0,0.0,0.0,0.0,0.0,0.0,0.0497,0.0,0.0,0.0,0.0,0.0472,0.0,0.1477,0.0458,0.1488,0.2446,0.0,0.3392,0.0453,0.0,0.0,0.0,0.0,0.0,0.0,0.0,0.0513,0.0905,0.0,0.0,0.0,0.4457,0.0,0.0542,0.0464,0.0,0.0,0.0,0.1494
XQA,0.1431,0.0,0.0,0.0,0.0956,0.234,0.1776,0.3105,0.0405,0.0399,0.0,0.0,0.2052,0.1627,0.0871,0.0,0.0,0.0472,0.0,0.0,0.0,0.0518,0.0,0.0489,0.0,0.0,0.0,0.0,0.0,0.0,0.0,0.0,0.0,0.0,0.0,0.0,0.0,0.0,0.0,0.0,0.0,0.0,0.1301,0.0795,0.0,0.0,0.0,0.4546,0.0817,0.1025,0.0,0.2149,0.0,0.0,0.0
GXK,0.358,0.0,0.0,0.0,0.0,0.0,0.0,0.0448,0.0,0.5743,0.1008,0.0,0.1447,0.6028,0.0,0.0,0.0,0.0,0.1707,0.0,0.0482,0.0,0.0,0.0,0.0,0.0,0.0,0.0,0.1921,0.0,0.0,0.0,0.0,0.0,0.0459,0.0,0.0,0.0,0.0,0.0,0.0,0.0,0.0986,0.0505,0.0,0.0,0.0,0.5462,0.0,0.0,0.0,0.0,0.0535,0.0,0.0
YOI,0.0,0.0,0.0,0.0,0.0523,0.0669,0.0,0.0,0.0,0.2977,0.0,0.0,0.0523,0.6065,0.0,0.0,0.0,0.0891,0.0454,0.0669,0.0,0.0,0.0,0.0,0.0,0.0,0.2424,0.3555,0.0908,0.0,0.0475,0.0631,0.0,0.0523,0.1004,0.0,0.0,0.0515,0.2355,0.0,0.0,0.0,0.0,0.0,0.0,0.0,0.2882,0.4908,0.0,0.0,0.0,0.0,0.0475,0.0,0.0
GRO,0.0973,0.0,0.0,0.0,0.0,0.1031,0.1089,0.1436,0.0,0.2045,0.0,0.0,0.0,0.5138,0.0,0.0,0.1031,0.0478,0.0478,0.0,0.0,0.0,0.0,0.0,0.1128,0.0,0.0523,0.0,0.1418,0.0445,0.1887,0.0973,0.0,0.1044,0.0,0.0,0.0,0.0,0.0,0.0,0.0,0.0,0.1051,0.2201,0.0,0.0,0.146,0.3451,0.0,0.0,0.0992,0.0,0.0,0.0,0.0
UUA,0.1946,0.0,0.0,0.0,0.0,0.3968,0.2381,0.7691,0.0985,0.048,0.0,0.0,0.0,0.1495,0.044,0.0,0.0,0.0729,0.0,0.0,0.0439,0.0494,0.0,0.0,0.0,0.0,0.0,0.0,0.1402,0.0,0.0,0.0,0.0,0.0,0.0,0.0,0.0,0.0,0.0,0.0,0.0,0.0,0.1834,0.0,0.0494,0.0467,0.0,0.135,0.0,0.0,0.0,0.0439,0.0,0.1199,0.0
PJK,0.4336,0.0,0.0,0.0,0.0,0.2833,0.0946,0.2809,0.144,0.2814,0.0,0.0,0.0,0.2548,0.0393,0.0,0.0,0.0425,0.0,0.0,0.0,0.0,0.0,0.0,0.0,0.0475,0.0,0.0,0.1786,0.0,0.0,0.0,0.0,0.0,0.0,0.0,0.0,0.0,0.0,0.0,0.0,0.0,0.0425,0.0,0.0,0.0,0.0,0.1848,0.0,0.0,0.0,0.1938,0.0,0.0922,0.0
XRT,0.5461,0.0,0.0,0.0,0.0462,0.1133,0.1113,0.0601,0.0,0.5413,0.0,0.2458,0.0,0.2699,0.0,0.0,0.0,0.0,0.1175,0.0,0.0,0.0,0.0,0.0,0.0,0.0,0.0,0.0,0.189,0.0,0.0,0.0,0.0,0.0,0.0,0.0,0.0512,0.0,0.0,0.0,0.0,0.0,0.1044,0.0473,0.0,0.0,0.0458,0.1099,0.0,0.0,0.0,0.0,0.2495,0.0,0.0
NUJ,0.2322,0.0,0.0,0.0,0.1548,0.0917,0.0561,0.3021,0.095,0.2037,0.0477,0.0477,0.046,0.154,0.0,0.0,0.0,0.0,0.0603,0.0,0.0,0.0,0.0,0.0,0.0,0.0,0.0,0.0,0.1556,0.0,0.0,0.0,0.0,0.0,0.0,0.3113,0.0,0.0,0.0,0.0,0.0,0.0,0.0,0.0,0.0,0.0,0.1025,0.5167,0.0,0.0,0.0,0.0438,0.0,0.0,0.0
KWA,0.0526,0.0,0.0,0.0,0.1427,0.0946,0.0938,0.1968,0.0,0.1474,0.0,0.0,0.0946,0.2545,0.0,0.0,0.0436,0.0,0.0,0.0,0.0,0.0,0.0,0.0,0.0436,0.0,0.0941,0.0961,0.1917,0.0,0.096,0.1632,0.1134,0.0988,0.0,0.0,0.0,0.0,0.0,0.0,0.049,0.0,0.104,0.1596,0.0,0.0,0.0938,0.4376,0.0,0.0,0.1463,0.0,0.0,0.0,0.0
UNS,0.3491,0.0,0.0,0.0,0.0,0.055,0.0,0.0505,0.0,0.4169,0.0,0.251,0.1452,0.0766,0.0,0.0,0.1615,0.0,0.0,0.0,0.0,0.0,0.0,0.0,0.0,0.0,0.0,0.0,0.0527,0.0,0.0,0.0,0.0,0.0862,0.0,0.0,0.0,0.0,0.0,0.0,0.0,0.0,0.1114,0.0,0.0989,0.0,0.1376,0.2376,0.0,0.0424,0.0527,0.0,0.2016,0.0,0.0
NMR,0.1371,0.0,0.0,0.0,0.0,0.2365,0.5707,0.4804,0.2126,0.0915,0.0,0.0514,0.0,0.0449,0.0,0.0,0.0,0.0505,0.0,0.0,0.0,0.0,0.0,0.0,0.0,0.0,0.0,0.0,0.0,0.0,0.0,0.0,0.0,0.0,0.0,0.0,0.0,0.0,0.0,0.0,0.0,0.0,0.3327,0.141,0.0,0.0464,0.0,0.2028,0.0,0.0,0.1182,0.1906,0.0,0.0505,0.0
NXT,0.0443,0.0443,0.0,0.0,0.0612,0.0443,0.0,0.0451,0.0,0.2519,0.0,0.0,0.0,0.1858,0.0,0.0,0.0442,0.0,0.0,0.0,0.0,0.0,0.0,0.0,0.0,0.0,0.1412,0.0661,0.053,0.0,0.053,0.2455,0.0661,0.2004,0.0,0.0612,0.0,0.0,0.0,0.0,0.0,0.0,0.0976,0.0976,0.0457,0.0,0.1135,0.4115,0.0,0.0,0.0925,0.0,0.0,0.0,0.0
UTG,0.238,0.0,0.0,0.0,0.0473,0.0,0.0,0.0373,0.0,0.5462,0.0,0.2296,0.1575,0.1239,0.0,0.0,0.0,0.0,0.0,0.0,0.0,0.0,0.0,0.0,0.0,0.0,0.0,0.0,0.1354,0.0,0.0589,0.0408,0.0,0.0785,0.0408,0.0,0.048,0.0,0.0,0.0,0.0,0.0,0.1206,0.0749,0.0821,0.0,0.0,0.3818,0.0,0.0367,0.0589,0.0,0.0,0.0,0.1569
PSK,0.0535,0.0,0.0,0.0,0.0414,0.1343,0.0414,0.1281,0.0,0.2697,0.0,0.0,0.0538,0.0888,0.0,0.0,0.0949,0.0,0.0,0.0,0.0,0.0,0.0,0.0,0.0,0.0,0.0,0.0,0.044,0.0843,0.044,0.0432,0.04,0.1759,0.0814,0.0,0.0,0.0,0.0,0.0,0.04,0.0,0.1867,0.0414,0.1839,0.0,0.0432,0.2665,0.0,0.0,0.0,0.0414,0.0535,0.0,0.0577
QQM,0.2695,0.0,0.0,0.0,0.052,0.052,0.0465,0.1469,0.0,0.0467,0.0,0.0,0.052,0.0919,0.0,0.0,0.0,0.0,0.0447,0.0,0.0,0.0,0.0,0.0,0.0,0.0447,0.1937,0.0,0.0531,0.1527,0.0465,0.2966,0.0463,0.4332,0.0,0.0,0.0,0.0,0.0,0.0,0.0501,0.0,0.0947,0.1878,0.0,0.0,0.0,0.276,0.0,0.0,0.0494,0.0,0.0,0.0,0.0964
XYD,0.1049,0.0,0.0,0.0,0.0,0.0542,0.0,0.0,0.0,0.3931,0.0,0.0,0.0,0.5497,0.0,0.0,0.0468,0.0,0.0,0.0,0.0,0.0,0.0,0.0,0.0,0.0,0.1892,0.0,0.0,0.0455,0.0,0.1033,0.0563,0.1518,0.0,0.0,0.0,0.0,0.0,0.0473,0.0563,0.0,0.0542,0.0515,0.0,0.0,0.0,0.3444,0.0,0.0,0.0,0.0,0.0,0.0,0.0
LGI,0.0421,0.0,0.0,0.0,0.0,0.5573,0.0421,0.7033,0.3766,0.0,0.0,0.0234,0.0,0.4445,0.0,0.0,0.0,0.0421,0.0527,0.0,0.0421,0.0,0.0,0.0,0.0,0.0,0.0,0.0,0.2026,0.0,0.0,0.0,0.0,0.2667,0.0,0.0,0.0,0.0,0.0,0.0,0.0,0.0,0.258,0.0,0.0,0.0,0.0,0.0845,0.0,0.0,0.0,0.381,0.0,0.0,0.0
CVI,0.197,0.0483,0.0,0.0,0.0,0.0,0.0,0.0,0.0,0.0956,0.0,0.0,0.0,0.5018,0.0486,0.0,0.0,0.1564,0.0,0.3986,0.0,0.0,0.0,0.0,0.0,0.0,0.052,0.0,0.0479,0.1004,0.0,0.1004,0.0532,0.1007,0.4011,0.4528,0.1945,0.1014,0.2541,0.0,0.1501,0.0472,0.0467,0.0,0.0472,0.0,0.0,0.4987,0.0,0.0,0.0,0.0,0.0,0.0,0.0
JYS,0.2382,0.0,0.0384,0.0,0.0912,0.0912,0.0,0.0534,0.0,0.2294,0.0637,0.0,0.0447,0.6557,0.0,0.0,0.0,0.1044,0.0854,0.0,0.2315,0.0,0.0399,0.0,0.0399,0.1052,0.0,0.0,0.0378,0.0,0.0,0.0,0.0,0.0,0.1412,0.1441,0.052,0.065,0.0,0.0399,0.0,0.0,0.0413,0.1088,0.0383,0.0,0.0,0.5291,0.0,0.0,0.0477,0.0,0.0637,0.0,0.0
MHM,0.1779,0.0,0.0,0.0,0.0,0.0,0.0,0.0,0.0,0.0447,0.0,0.0,0.0,0.9284,0.0,0.0,0.0,0.0447,0.0447,0.0,0.3239,0.0,0.0427,0.0398,0.0429,0.184,0.1038,0.0,0.0,0.0,0.0,0.0,0.0,0.0398,0.0,0.0,0.0,0.0,0.1893,0.0,0.0,0.0,0.0398,0.0,0.0,0.0,0.0,0.546,0.0,0.1348,0.0,0.0,0.0,0.0,0.0
OXW,0.0,0.0,0.0,0.0,0.0,0.0,0.0,0.0,0.0,0.0442,0.0,0.0,0.0,0.1248,0.0,0.0,0.0,0.0,0.0,0.0,0.0,0.0,0.0,0.0,0.0,0.0,0.688,0.0,0.0598,0.1967,0.0,0.2445,0.0483,0.1989,0.0,0.0,0.0,0.0598,0.039,0.0,0.0483,0.0,0.0442,0.0,0.0,0.0,0.0,0.6815,0.0,0.0,0.0,0.0,0.0,0.0,0.0
TEU,0.4222,0.0509,0.0,0.0461,0.0,0.0456,0.0,0.0966,0.0,0.0,0.0,0.0,0.0,0.1006,0.0,0.0,0.0,0.0,0.0,0.0,0.0,0.0,0.0,0.0,0.0,0.096,0.2515,0.0,0.0,0.1574,0.0456,0.5769,0.3303,0.5131,0.0,0.0,0.0,0.0,0.0905,0.0,0.1027,0.0,0.0898,0.1435,0.0,0.0,0.0444,0.2807,0.0,0.0,0.0509,0.0,0.1002,0.0,0.2729
OQR,0.1122,0.0,0.0,0.0,0.0,0.0,0.0,0.0482,0.0,0.181,0.0893,0.0521,0.1142,0.2754,0.0,0.0,0.0,0.0,0.0896,0.0,0.0,0.0,0.0,0.0,0.0,0.0,0.1087,0.0,0.1492,0.0,0.0,0.0,0.0,0.0,0.0521,0.0,0.0,0.0,0.0,0.0,0.0,0.0,0.0,0.0,0.0434,0.0521,0.0,0.6497,0.0,0.0,0.0,0.0448,0.0,0.0,0.0
VWR,0.2137,0.0,0.0,0.0,0.0363,0.0,0.0,0.0799,0.0,0.3706,0.0,0.2023,0.0363,0.1214,0.0,0.0,0.0,0.0,0.0,0.0,0.0,0.0,0.0,0.0,0.0,0.0,0.0,0.0788,0.2437,0.0,0.1643,0.0,0.0,0.0363,0.0,0.0,0.0355,0.0,0.0,0.0,0.0,0.0,0.1728,0.0431,0.0,0.0,0.0363,0.5096,0.0,0.0,0.1238,0.0,0.0,0.0,0.0
RIP,0.1448,0.0785,0.0,0.0,0.041,0.2445,0.3987,0.1284,0.0468,0.2696,0.0,0.0,0.0,0.263,0.0,0.0,0.0,0.0,0.0,0.0,0.0,0.0,0.2938,0.0858,0.0,0.0611,0.0,0.0,0.0397,0.0,0.0,0.0,0.0,0.0,0.0,0.0,0.0,0.0,0.0,0.0,0.0,0.0,0.1324,0.234,0.0,0.0,0.0,0.082,0.0838,0.0,0.0477,0.2118,0.0,0.0,0.0
WCF,0.3423,0.0,0.0,0.0,0.0,0.2473,0.0603,0.2468,0.0,0.492,0.0,0.0476,0.0,0.4622,0.2421,0.0,0.0,0.0476,0.0496,0.0,0.0511,0.0,0.0,0.0,0.0511,0.0,0.0,0.0,0.1209,0.0,0.0,0.0,0.0,0.0,0.0,0.0,0.0,0.0,0.0,0.0,0.0,0.0,0.0,0.0,0.0463,0.0,0.0,0.2052,0.0,0.0,0.0514,0.0,0.0,0.0,0.0
PBI,0.1468,0.1023,0.0,0.0,0.1023,0.2379,0.3026,0.3192,0.2282,0.1511,0.0,0.0525,0.0634,0.1015,0.0986,0.0,0.0,0.0525,0.0,0.0,0.0,0.0,0.0,0.0463,0.0,0.0,0.0,0.0,0.0,0.0,0.0,0.0,0.0,0.0,0.0,0.0,0.0,0.0,0.0,0.0,0.0,0.0,0.2076,0.0,0.0,0.0,0.0,0.2354,0.0676,0.1413,0.0,0.3194,0.0,0.0,0.0
XLB,0.0,0.0,0.0,0.0,0.0,0.1441,0.0566,0.0566,0.0,0.0,0.0,0.0,0.0,0.1419,0.0,0.0,0.0,0.044,0.0,0.0,0.0,0.1313,0.0979,0.0,0.0,0.0,0.0,0.0,0.044,0.0502,0.0,0.2105,0.2454,0.0,0.0,0.0,0.0,0.1033,0.0543,0.1803,0.3472,0.0986,0.1002,0.0,0.0,0.0,0.0,0.0,0.0,0.0476,0.0,0.0,0.0,0.0,0.0
AXO,0.2667,0.1495,0.0462,0.0,0.0,0.2017,0.0937,0.0877,0.0,0.4893,0.0619,0.1867,0.0,0.2516,0.0417,0.0,0.1743,0.0,0.0,0.0,0.0,0.0462,0.0616,0.0,0.0,0.0,0.0,0.0,0.0986,0.0,0.0,0.0,0.0,0.0,0.225,0.0,0.1839,0.0417,0.0,0.0417,0.0,0.0,0.1422,0.1308,0.0,0.0,0.0,0.0,0.0,0.0,0.0,0.0,0.042,0.0414,0.0
JMR,0.1411,0.0,0.0,0.0,0.0,0.0484,0.0,0.0961,0.0,0.3077,0.0,0.0,0.0,0.4559,0.0,0.0,0.1053,0.0,0.047,0.0,0.0,0.0,0.0,0.0,0.0994,0.0,0.0953,0.0,0.048,0.0,0.048,0.1915,0.0,0.1444,0.0,0.0,0.0,0.0,0.0,0.0,0.0,0.0,0.2367,0.0994,0.0,0.0,0.0989,0.317,0.0,0.0,0.0,0.0,0.0,0.0,0.0
DFF,0.1864,0.0,0.0,0.0,0.0437,0.4587,0.2034,0.1983,0.0,0.2638,0.0,0.0678,0.0,0.2633,0.0678,0.0,0.0,0.0,0.0,0.0,0.0,0.0505,0.0511,0.0511,0.0,0.0,0.0,0.0,0.1209,0.0,0.0,0.0,0.0,0.0,0.1397,0.0,0.0,0.0,0.0,0.0,0.0,0.0,0.2307,0.2793,0.0,0.0,0.0,0.2498,0.0,0.0,0.0,0.0437,0.0,0.0,0.0
KTQ,0.5532,0.0499,0.0,0.0,0.0,0.2045,0.0,0.1494,0.0,0.244,0.0499,0.0,0.0,0.4973,0.0,0.0,0.0494,0.0494,0.0505,0.0479,0.1033,0.0,0.0,0.0,0.0,0.0484,0.0479,0.0,0.1523,0.0,0.0,0.0,0.0,0.0,0.4561,0.3482,0.1487,0.0503,0.0479,0.0,0.0,0.0,0.1009,0.0482,0.0,0.0,0.0,0.3479,0.0,0.0,0.0,0.0,0.0506,0.0482,0.0
YGY,0.3015,0.0,0.0,0.0,0.0,0.2178,0.2655,0.4173,0.0495,0.0461,0.0459,0.0,0.0,0.4511,0.0,0.0,0.0,0.0483,0.0512,0.0,0.098,0.0,0.0512,0.0,0.0512,0.0461,0.048,0.0,0.0457,0.0,0.0,0.0,0.0,0.0961,0.0,0.0914,0.0532,0.0,0.0,0.0512,0.0,0.0,0.0,0.0,0.0497,0.0,0.0,0.2632,0.0,0.0,0.0,0.0973,0.0485,0.0649,0.0
QQJ,0.147,0.0,0.0,0.0,0.0,0.0,0.0,0.0,0.0,0.1809,0.0,0.0999,0.1724,0.1085,0.0,0.0,0.0,0.0,0.0,0.0,0.0,0.0997,0.0,0.0,0.0,0.0,0.0728,0.0,0.2955,0.0,0.0,0.0,0.0,0.0,0.0652,0.0,0.0353,0.0,0.0,0.0366,0.0,0.0,0.0,0.0,0.0353,0.0652,0.0742,0.7639,0.0,0.0,0.035,0.0,0.0,0.0,0.0
MWN,0.2967,0.0,0.0,0.0,0.0,0.0,0.0,0.0485,0.0,0.2345,0.0,0.0473,0.0,0.2843,0.0,0.0,0.0,0.0966,0.0,0.0,0.0,0.0,0.0538,0.0,0.0,0.0,0.1715,0.0484,0.1394,0.0923,0.0484,0.267,0.2899,0.1761,0.1054,0.0,0.0,0.0,0.0,0.0451,0.1917,0.0,0.1986,0.0,0.0,0.0,0.0451,0.2869,0.0,0.0451,0.0,0.0,0.0458,0.0,0.0
OCC,0.1029,0.0,0.0,0.0,0.047,0.0,0.0496,0.0711,0.0,0.3861,0.0949,0.0449,0.0916,0.3609,0.0,0.0,0.105,0.0,0.0,0.0,0.0,0.0,0.0488,0.0,0.0,0.0,0.0,0.0509,0.0504,0.0512,0.0,0.0,0.0,0.097,0.0,0.0,0.0,0.0,0.0,0.0,0.0488,0.0,0.191,0.0949,0.1445,0.0,0.0,0.3648,0.0,0.0,0.0,0.0,0.0,0.0,0.0
MAV,0.0493,0.0,0.0,0.0,0.0505,0.0474,0.3033,0.0447,0.0,0.0,0.0,0.0,0.0,0.1559,0.0,0.0,0.0,0.0,0.0,0.0,0.0,0.0462,0.0,0.0,0.0,0.056,0.1957,0.0,0.1454,0.0,0.0467,0.2028,0.0,0.1528,0.0,0.0,0.0,0.0,0.056,0.0,0.0,0.0,0.0456,0.1486,0.0517,0.0,0.0,0.3166,0.0951,0.0,0.0,0.0,0.0,0.0,0.1001
OPG,0.0,0.0,0.0,0.0,0.217,0.096,0.1567,0.2846,0.0,0.3595,0.0516,0.0516,0.0909,0.1045,0.0,0.0,0.0,0.0,0.0,0.0,0.0,0.0,0.0,0.0,0.0,0.0,0.0543,0.0966,0.3448,0.0876,0.2503,0.0,0.0543,0.1463,0.0,0.0,0.0,0.0,0.0,0.0442,0.0543,0.0543,0.0447,0.0451,0.0,0.0,0.0539,0.5915,0.0,0.102,0.2562,0.0514,0.0,0.0,0.0
UXQ,0.0943,0.0,0.0,0.0,0.0428,0.0,0.0,0.0465,0.0,0.5987,0.0,0.1094,0.047,0.2602,0.0,0.0,0.1083,0.0,0.0586,0.0,0.0,0.0,0.0,0.0,0.0,0.0,0.0572,0.283,0.3356,0.0,0.0,0.0,0.0,0.0469,0.0,0.0,0.0,0.0,0.0572,0.0,0.0,0.0,0.0,0.0,0.0,0.0617,0.1474,0.6994,0.0,0.0,0.0,0.0,0.0,0.0428,0.0
PLK,0.2288,0.0,0.0,0.0,0.0431,0.0435,0.0,0.0506,0.0,0.358,0.0422,0.0857,0.1318,0.307,0.0,0.0,0.0,0.0423,0.0,0.0,0.0,0.0,0.0,0.0,0.0452,0.0,0.0,0.0859,0.1355,0.0903,0.0,0.2002,0.3312,0.3226,0.151,0.0,0.0,0.0,0.0,0.0,0.0903,0.0452,0.048,0.0,0.0,0.0,0.1334,0.4417,0.0,0.0,0.0,0.0,0.0,0.0,0.0
WKM,0.6491,0.042,0.0,0.0938,0.0597,0.0,0.0,0.0,0.0,0.0426,0.0,0.0426,0.0,0.5379,0.173,0.0,0.0938,0.0415,0.0,0.0,0.0938,0.0401,0.0897,0.0853,0.0,0.0431,0.0401,0.0,0.0,0.0,0.0,0.0,0.0846,0.0,0.0401,0.0,0.0,0.0,0.0999,0.0401,0.0415,0.0415,0.0862,0.0,0.0,0.0,0.0,0.1694,0.0,0.0592,0.0,0.0,0.1296,0.0,0.0
SNA,0.1868,0.0,0.038,0.0,0.0,0.0556,0.0,0.0,0.0,0.0878,0.0,0.0,0.0,0.8799,0.0977,0.0,0.0,0.0371,0.0719,0.0,0.2765,0.0351,0.0,0.0,0.3974,0.0394,0.2231,0.0,0.0,0.0,0.0,0.0,0.0,0.0,0.0413,0.0,0.074,0.0764,0.0786,0.0351,0.0371,0.0,0.0,0.0,0.0,0.0,0.0,0.2091,0.0,0.0,0.0,0.0,0.0,0.0,0.0
MGO,0.2424,0.0,0.0,0.0,0.0,0.1424,0.0465,0.0931,0.0,0.1491,0.0,0.0,0.0,0.4474,0.1958,0.0,0.1027,0.0,0.0,0.0,0.0468,0.0,0.0,0.0,0.2088,0.0509,0.0,0.0,0.0465,0.0,0.0,0.0,0.0,0.0,0.5962,0.0597,0.6001,0.0,0.0477,0.0,0.0,0.0,0.0499,0.0431,0.0,0.0,0.0,0.303,0.0,0.0537,0.0,0.0,0.0,0.0,0.0
IYX,0.7669,0.0,0.0,0.0,0.0,0.1238,0.1003,0.1257,0.0457,0.0444,0.0,0.0,0.0,0.4026,0.0922,0.0,0.0,0.0,0.0,0.0,0.0944,0.0,0.5008,0.356,0.0,0.0882,0.0,0.0,0.0,0.0,0.0,0.0,0.0,0.0,0.0437,0.0,0.0,0.0,0.0,0.0,0.0,0.0,0.0794,0.0,0.0,0.0,0.0,0.0915,0.0,0.0,0.0,0.0,0.0,0.0,0.0
KNA,0.1892,0.0,0.0,0.0,0.0527,0.0469,0.0,0.1075,0.0,0.2304,0.0,0.0,0.054,0.0,0.0,0.0,0.054,0.0,0.0,0.0,0.0,0.0,0.0,0.0,0.0,0.0,0.0,0.0436,0.3951,0.045,0.0,0.045,0.0,0.1114,0.0,0.0436,0.0,0.0,0.0,0.0,0.0,0.0,0.0,0.0,0.0,0.0,0.0976,0.624,0.0,0.0,0.0,0.0,0.0,0.0473,0.0
JJP,0.475,0.0,0.0,0.0,0.0463,0.0463,0.0,0.0,0.0,0.147,0.0,0.1354,0.0,0.7725,0.0921,0.0,0.0,0.1908,0.0,0.0,0.1729,0.0,0.0,0.0,0.3135,0.0,0.0,0.0,0.0,0.0,0.0,0.0,0.0,0.0695,0.5167,0.0,0.5788,0.0471,0.0,0.0,0.0,0.0,0.0471,0.0,0.0,0.0,0.0,0.2847,0.0,0.0,0.0,0.0,0.0,0.0,0.0
TJU,0.5159,0.0,0.0,0.0,0.0,0.048,0.0576,0.0,0.0,0.4465,0.0,0.1998,0.1395,0.3469,0.0,0.0,0.0,0.0,0.0,0.0508,0.0,0.0,0.0,0.0,0.0,0.0,0.0955,0.0,0.1408,0.0,0.0447,0.0423,0.0,0.0,0.0,0.0,0.0576,0.0,0.0,0.0,0.0447,0.0,0.1672,0.0,0.0,0.0,0.0,0.3741,0.0,0.0,0.0,0.0,0.302,0.0,0.0
BIF,0.0451,0.0,0.042,0.0,0.0,0.126,0.0922,0.0,0.0,0.0,0.0,0.0,0.0,0.0403,0.0725,0.053,0.0,0.0,0.0,0.0,0.0,0.0,0.0907,0.0,0.0,0.0,0.0,0.0,0.0405,0.0,0.0,0.0432,0.0513,0.0432,0.0,0.0,0.0,0.0,0.0,0.0,0.0,0.0513,0.0,0.0,0.0,0.0,0.0,0.0631,0.0,0.0,0.0,0.0503,0.0,0.0,0.0432
GSC,0.1807,0.0,0.0,0.0,0.0,0.0,0.0,0.0442,0.0,0.3991,0.0,0.1679,0.0,0.0468,0.0,0.0,0.0,0.0,0.0,0.0,0.0,0.0,0.0,0.0,0.0,0.0,0.0453,0.2351,0.2745,0.0,0.0863,0.0,0.0452,0.0431,0.0,0.0,0.0,0.0,0.0,0.0,0.0,0.0,0.0,0.0,0.0,0.0,0.0932,0.6977,0.0,0.0468,0.0,0.0,0.0,0.0439,0.0452
RJI,0.0483,0.0,0.0,0.0,0.0,0.0819,0.0337,0.0328,0.0,0.3684,0.0,0.0,0.039,0.159,0.0,0.0,0.0,0.0,0.0,0.0,0.0,0.0,0.0,0.0,0.0,0.0,0.0,0.0,0.045,0.1213,0.0788,0.1154,0.0857,0.1253,0.0,0.0,0.0,0.0,0.0,0.0,0.133,0.0,0.1598,0.0904,0.4828,0.0,0.0,0.2308,0.0,0.0337,0.119,0.0431,0.0,0.0,0.0
EVV,0.1642,0.0,0.0,0.0,0.0,0.1017,0.0537,0.1023,0.0,0.3061,0.0,0.108,0.0537,0.3876,0.0557,0.0,0.0,0.1414,0.1535,0.0,0.0475,0.0,0.0,0.0,0.0448,0.0471,0.0,0.0,0.1527,0.0,0.0478,0.0,0.0,0.0,0.0475,0.0,0.0,0.0,0.0,0.0499,0.0,0.0,0.0,0.0,0.0,0.0,0.0,0.2403,0.0,0.097,0.0478,0.0478,0.0499,0.0,0.0
ZWN,0.0535,0.0,0.0,0.0,0.0,0.0478,0.0,0.1987,0.0,0.1403,0.0459,0.0,0.0462,0.249,0.0,0.0,0.0928,0.0,0.0,0.0,0.0,0.0,0.0,0.0,0.0945,0.0,0.0469,0.3181,0.3529,0.0,0.2367,0.0468,0.0,0.0504,0.0,0.0,0.0,0.0,0.0,0.0,0.0,0.0,0.0961,0.1901,0.092,0.0,0.1919,0.5565,0.0,0.0,0.0926,0.0,0.0,0.0,0.0
IVM,0.4567,0.0,0.0,0.0,0.0,0.0857,0.0,0.1316,0.0,0.7366,0.0447,0.1297,0.0429,0.5464,0.0428,0.0,0.0428,0.0873,0.0,0.088,0.0861,0.0,0.0,0.0,0.0428,0.0,0.0,0.0,0.042,0.0,0.0,0.0,0.0,0.0,0.0888,0.0,0.0429,0.0,0.0425,0.0,0.0,0.0,0.0428,0.0885,0.0,0.0,0.0,0.5437,0.0,0.0,0.0,0.0,0.0425,0.0,0.0
MLL,0.3088,0.0351,0.0,0.0,0.0,0.1396,0.0854,0.0397,0.0,0.0401,0.0,0.0,0.0,0.5775,0.0,0.0,0.0,0.0351,0.0,0.0,0.0,0.0,0.507,0.1731,0.0357,0.0,0.0418,0.0,0.0,0.0,0.0,0.0357,0.0,0.0658,0.0357,0.0,0.0,0.0341,0.0,0.0,0.0,0.0,0.2456,0.0811,0.0,0.0,0.0,0.1653,0.0,0.0,0.0379,0.0,0.0,0.0,0.0337
KBU,0.3226,0.0,0.0,0.0,0.0,0.114,0.0,0.0958,0.0,0.2797,0.0,0.0,0.0807,0.8063,0.0,0.0,0.0,0.0847,0.0957,0.0757,0.3152,0.0,0.096,0.0,0.096,0.0354,0.0,0.0,0.0,0.0,0.0,0.0,0.0,0.0371,0.083,0.1565,0.1522,0.04,0.0368,0.0596,0.0,0.0,0.0,0.0512,0.036,0.0,0.0,0.709,0.0,0.0,0.0,0.0,0.0,0.0,0.0
PTB,0.4974,0.0486,0.0483,0.0485,0.0,0.0,0.0,0.0486,0.0,0.1517,0.0,0.0,0.0994,0.6946,0.0543,0.0,0.0,0.0979,0.0,0.0,0.0,0.0,0.0,0.0,0.0,0.0961,0.0534,0.1011,0.3022,0.0,0.0,0.11,0.0,0.2561,0.1032,0.0,0.0,0.0,0.0,0.0,0.0,0.0,0.1056,0.0489,0.0,0.0,0.0,0.3539,0.0,0.1438,0.0,0.0,0.0,0.0,0.0
BHW,0.3598,0.0,0.0,0.0471,0.0,0.0,0.0,0.0,0.0,0.0,0.0,0.0,0.0,0.3982,0.0,0.0,0.0,0.306,0.0,0.0,0.0,0.0,0.0,0.0,0.0,0.0,0.0,0.0,0.0,0.0465,0.0,0.1431,0.1421,0.2427,0.0,0.0,0.0,0.0539,0.0,0.0978,0.5025,0.1974,0.0,0.048,0.0,0.0,0.0,0.2026,0.0,0.0,0.0,0.0,0.0471,0.0,0.0
KOP,0.436,0.0,0.0,0.0,0.0496,0.2802,0.0881,0.045,0.0,0.4912,0.0,0.1088,0.0526,0.1343,0.0781,0.0,0.0,0.0,0.0,0.0,0.0,0.0,0.0,0.0,0.0,0.0,0.0,0.0561,0.4177,0.0,0.0,0.0,0.0,0.0496,0.0396,0.0,0.0,0.0,0.0,0.0,0.0,0.0,0.0,0.0,0.0,0.0,0.2392,0.6833,0.0,0.0,0.0453,0.0,0.0,0.0,0.0
BAN,0.0907,0.0497,0.0,0.0,0.0,0.0,0.0,0.1334,0.0,0.1498,0.0,0.0,0.0864,0.2511,0.0,0.0,0.0,0.0,0.0,0.0,0.0,0.0464,0.0,0.0,0.0,0.0,0.1044,0.2581,0.5005,0.0906,0.0,0.0496,0.0,0.2718,0.0,0.0411,0.0464,0.0,0.0,0.0,0.0496,0.0496,0.0,0.0819,0.0464,0.0,0.0,0.443,0.0,0.0,0.0,0.0,0.0,0.0,0.0
HSR,0.0942,0.0,0.0,0.0,0.0,0.1028,0.1073,0.7238,0.0,0.1375,0.0,0.0,0.0,0.0889,0.135,0.0,0.0,0.0444,0.0,0.0,0.0,0.0,0.0,0.0,0.0,0.0,0.0,0.0,0.0,0.0,0.0,0.0,0.0,0.0,0.0892,0.0,0.045,0.0,0.0,0.0,0.0,0.0,0.0,0.0,0.0446,0.2294,0.0,0.1029,0.0,0.0,0.0,0.0,0.0,0.1075,0.0494
IRW,0.2507,0.0,0.0,0.0,0.0,0.2507,0.0,0.1548,0.0,0.4047,0.0507,0.1025,0.0506,0.5542,0.0483,0.0,0.0,0.0,0.1031,0.0483,0.1053,0.0,0.0501,0.0,0.1002,0.0,0.0485,0.0478,0.2016,0.0,0.0,0.0,0.0,0.0,0.0981,0.0,0.0506,0.0478,0.0956,0.098,0.0,0.0,0.0501,0.0,0.0,0.0528,0.0,0.3413,0.0,0.0,0.0,0.0494,0.0,0.0,0.0
PNH,0.1027,0.0,0.0,0.0,0.0,0.05,0.0,0.0,0.0,0.1572,0.0,0.0,0.0,0.5477,0.0,0.0,0.0,0.1931,0.1053,0.0,0.1494,0.0,0.0472,0.0,0.0961,0.0,0.3467,0.0,0.0,0.0,0.0,0.0537,0.0,0.0476,0.0973,0.1027,0.0,0.0973,0.0,0.0,0.0,0.0,0.0542,0.0489,0.0,0.0,0.0,0.4483,0.0,0.0,0.0,0.0,0.0,0.0,0.0
XXL,0.3015,0.0,0.0,0.0,0.0,0.1834,0.158,0.0,0.0,0.0,0.0,0.0,0.0,0.8156,0.1264,0.0,0.0,0.174,0.0,0.0,0.1759,0.0,0.0467,0.0581,0.0824,0.0576,0.0,0.0,0.0779,0.0,0.0,0.0,0.0,0.0581,0.0,0.0,0.0,0.0384,0.0,0.0,0.0569,0.0,0.0401,0.115,0.0,0.0,0.0,0.2246,0.0,0.077,0.0,0.0,0.0569,0.0,0.0
IIO,0.0,0.0,0.0,0.0,0.1374,0.0465,0.0,0.0,0.0,0.0909,0.0,0.0,0.0893,0.0473,0.0,0.0,0.0,0.0,0.0,0.0,0.0,0.0,0.0,0.0,0.0,0.0,0.0942,0.2878,0.1933,0.0428,0.0855,0.0428,0.0,0.0424,0.0,0.0428,0.0,0.0,0.0,0.0,0.0,0.0,0.0,0.0425,0.0,0.0,0.1416,0.6274,0.0993,0.0855,0.3078,0.0,0.0,0.0,0.0
ACG,0.0633,0.0,0.0,0.0,0.0,0.0499,0.0,0.0,0.0,0.045,0.0,0.0,0.0446,0.7693,0.0,0.0,0.0,0.0479,0.0,0.0,0.1132,0.1073,0.0475,0.0,0.3109,0.0,0.0954,0.0,0.0,0.0,0.0,0.0,0.0,0.0,0.206,0.0,0.0512,0.0,0.1014,0.0512,0.0,0.0,0.0,0.0,0.0,0.0,0.0,0.3384,0.0,0.0,0.0,0.0,0.0,0.0,0.0
AJN,0.3267,0.0,0.0,0.0,0.0,0.0484,0.0,0.0633,0.0633,0.1937,0.05,0.0501,0.0501,0.8058,0.0459,0.0,0.0,0.1614,0.0653,0.0459,0.2611,0.0,0.0993,0.0,0.2404,0.0,0.29,0.0,0.0,0.0,0.0,0.0564,0.0,0.0,0.0484,0.0,0.0484,0.048,0.0,0.0,0.0,0.0,0.0,0.0,0.0,0.0,0.0,0.5227,0.0,0.0,0.0,0.0,0.0,0.0,0.0
YCD,0.0431,0.0,0.0,0.0,0.037,0.0987,0.0,0.0,0.0,0.2606,0.0,0.0,0.0,0.0579,0.0,0.0,0.0,0.0,0.0,0.0,0.0,0.0,0.0,0.0,0.0,0.0,0.0,0.0,0.0,0.1236,0.0368,0.1963,0.0823,0.3125,0.0,0.037,0.0,0.0,0.0,0.0,0.142,0.0,0.1886,0.174,0.3175,0.0,0.037,0.3211,0.0,0.0,0.0531,0.0,0.0,0.0,0.0
ZOY,0.0479,0.0,0.0,0.0,0.057,0.165,0.0,0.0917,0.0,0.4847,0.0479,0.0434,0.0884,0.1879,0.0,0.0,0.0,0.0,0.0,0.0,0.0,0.0,0.0,0.0,0.0,0.0,0.0,0.1779,0.3853,0.0,0.0,0.0,0.0,0.0,0.0,0.0,0.0,0.0,0.0,0.0,0.0,0.0,0.0,0.0923,0.0,0.0,0.0423,0.5252,0.0,0.057,0.0425,0.0,0.0,0.0,0.0
QSM,0.371,0.0,0.0,0.0,0.0,0.0,0.0,0.0964,0.0,0.0933,0.0,0.0,0.0,0.0955,0.0,0.0,0.0,0.0,0.0,0.0,0.0,0.0,0.0,0.0,0.0955,0.0,0.0444,0.2978,0.053,0.0,0.0,0.199,0.0,0.3952,0.0,0.0,0.0,0.0,0.0,0.0,0.0,0.0,0.514,0.1678,0.0,0.0,0.0,0.3906,0.0,0.051,0.0424,0.0,0.0,0.0,0.0
EXX,0.1947,0.0401,0.0,0.0,0.0,0.0791,0.1126,0.0,0.0,0.1636,0.0,0.0,0.0,0.4359,0.0,0.0,0.0,0.1926,0.2573,0.0,0.0,0.0,0.0835,0.0401,0.0438,0.0,0.0,0.0,0.0,0.0,0.0,0.0396,0.0857,0.0,0.1149,0.0,0.0,0.1172,0.046,0.1415,0.0819,0.0,0.0,0.0438,0.0,0.0,0.0,0.2602,0.0,0.0401,0.0,0.0,0.115,0.0,0.0
VAU,0.3775,0.0,0.0,0.044,0.0431,0.3821,0.4137,0.2664,0.0,0.1849,0.0,0.0437,0.0,0.3706,0.0544,0.0,0.0,0.0,0.0471,0.0,0.0,0.0,0.0,0.0,0.0,0.0,0.0,0.0,0.0,0.0,0.0,0.0,0.0,0.0,0.0,0.0,0.0,0.0,0.0,0.0,0.0,0.0,0.0,0.0,0.0,0.0,0.0,0.2323,0.0462,0.0,0.0,0.1313,0.0,0.0452,0.0
JDM,0.2347,0.0,0.0,0.0,0.0,0.0807,0.0523,0.0,0.0,0.0,0.0,0.0,0.0401,0.8607,0.0,0.0,0.0,0.0996,0.053,0.0,0.5658,0.0469,0.0401,0.0,0.0935,0.0897,0.0806,0.0,0.0523,0.0,0.0,0.0469,0.0,0.0,0.0501,0.0,0.0,0.0,0.1304,0.053,0.0469,0.0,0.0405,0.0,0.0,0.0,0.0,0.5658,0.0,0.0,0.0,0.0,0.0,0.0,0.0
STF,0.0895,0.0,0.0,0.0,0.1149,0.051,0.0,0.2583,0.0,0.256,0.0,0.0,0.0483,0.0667,0.0,0.0,0.0,0.0,0.0,0.0,0.0,0.0,0.0,0.0,0.0,0.0,0.0,0.0869,0.2389,0.0,0.1861,0.0386,0.0,0.3606,0.0385,0.0,0.0,0.0,0.0,0.0,0.0,0.0,0.2768,0.193,0.0,0.0,0.1079,0.4224,0.0,0.0386,0.3674,0.0,0.0,0.0,0.0
XEU,0.8683,0.0,0.0,0.0,0.0,0.0,0.0,0.0401,0.0,0.0,0.0,0.0,0.1076,0.9567,0.0423,0.0,0.0,0.2886,0.0578,0.0,0.3221,0.0386,0.0,0.0,0.0855,0.1049,0.0505,0.0,0.0,0.0,0.0,0.0505,0.0,0.0,0.0,0.0,0.0376,0.0,0.0,0.0,0.0,0.0,0.0,0.0,0.0,0.0,0.0,0.5343,0.0,0.0,0.0,0.0,0.0665,0.0,0.0
VFA,0.0456,0.0,0.0,0.0,0.1762,0.0456,0.0438,0.31,0.0,0.3588,0.0,0.0,0.0556,0.2206,0.0,0.0,0.0,0.0,0.0,0.0,0.0,0.0,0.0456,0.0,0.0,0.0,0.0527,0.2706,0.2186,0.0,0.1288,0.0925,0.0,0.1318,0.0,0.0456,0.0,0.0596,0.0,0.0,0.0,0.0,0.0,0.0,0.0,0.0,0.1562,0.6393,0.0,0.0,0.1342,0.0,0.0,0.0,0.0
TRH,0.145,0.0,0.0,0.0,0.0,0.1548,0.204,0.4747,0.0,0.1542,0.0,0.1454,0.0,0.0,0.0,0.0,0.0,0.0532,0.0,0.0,0.0,0.0,0.0,0.0,0.0,0.0,0.0,0.0,0.0,0.0,0.0,0.0902,0.0,0.0902,0.0,0.0,0.0517,0.0,0.0,0.0,0.0,0.0,0.0941,0.0465,0.1072,0.1564,0.0,0.0551,0.0,0.0,0.0,0.0532,0.0,0.1108,0.0
HFX,0.4012,0.0,0.0,0.0,0.1577,0.3407,0.2464,0.5577,0.3534,0.0498,0.0,0.0,0.0,0.1481,0.1049,0.0465,0.0,0.0,0.0,0.0,0.0458,0.0,0.0,0.0,0.0,0.0,0.0,0.0,0.0511,0.0,0.0,0.0,0.0,0.0,0.0,0.0,0.0,0.0,0.0,0.0,0.0,0.0,0.0495,0.0,0.0,0.0,0.0,0.2534,0.0,0.0495,0.0,0.2522,0.0,0.0,0.0
JYM,0.255,0.0,0.0,0.0,0.0517,0.0481,0.0,0.057,0.0,0.2548,0.0,0.0,0.1037,0.1482,0.0,0.0,0.0,0.0,0.0,0.0,0.0,0.0,0.0,0.0,0.0,0.0,0.0971,0.0974,0.3003,0.0,0.0,0.0,0.0,0.0989,0.0508,0.0517,0.0,0.0547,0.0547,0.0,0.0,0.0,0.0508,0.0969,0.0,0.0,0.0517,0.3039,0.0503,0.0,0.0989,0.0,0.0,0.0,0.0
OZP,0.6125,0.0,0.0,0.0374,0.0,0.0,0.0,0.0,0.0,0.0404,0.0,0.0,0.0,0.4639,0.1589,0.0,0.0,0.0,0.039,0.0,0.0,0.0396,0.2242,0.0926,0.039,0.0,0.0396,0.0,0.0766,0.0,0.0,0.05,0.0468,0.0,0.039,0.0,0.0,0.0,0.0374,0.077,0.0468,0.0,0.0374,0.039,0.0,0.0,0.0,0.1768,0.0,0.1112,0.0,0.0,0.1366,0.0,0.0
ZIH,0.0,0.0,0.0,0.0,0.0,0.0,0.047,0.0956,0.0,0.0,0.0,0.0,0.0,0.4292,0.0,0.0,0.0,0.0553,0.0,0.0,0.0,0.0492,0.0,0.0,0.0,0.0,0.1476,0.0,0.0,0.0,0.0,0.0,0.0,0.102,0.0492,0.0,0.0,0.0453,0.0939,0.2368,0.0,0.0,0.0,0.0,0.0,0.0,0.0,0.1382,0.0,0.0,0.0433,0.0,0.0553,0.0,0.0
VIT,0.0448,0.0,0.0,0.0,0.0,0.0949,0.0458,0.0861,0.0,0.4697,0.0,0.0,0.0458,0.3698,0.0,0.0,0.0,0.0,0.0478,0.0,0.0,0.0,0.0,0.0,0.05,0.0,0.0609,0.1624,0.2193,0.0,0.0437,0.0,0.0,0.0523,0.0,0.0,0.0,0.0,0.0,0.0,0.0,0.0,0.0,0.0,0.0,0.0,0.0,0.5915,0.0,0.0,0.0475,0.0,0.0,0.0,0.0
LOL,0.1477,0.0965,0.0,0.0,0.0,0.1619,0.2343,0.328,0.1404,0.2446,0.0,0.0563,0.054,0.1589,0.1078,0.1078,0.0,0.0,0.0,0.0,0.0,0.0,0.1076,0.0609,0.0,0.049,0.0,0.0,0.0,0.0,0.0,0.0,0.0,0.0,0.0,0.0,0.0,0.0,0.0,0.0,0.0,0.0,0.1543,0.0961,0.0,0.0,0.0,0.1666,0.0543,0.0438,0.0,0.2757,0.0563,0.0,0.0
DUO,0.1975,0.0,0.0,0.0,0.0,0.0969,0.0,0.0923,0.0,0.4826,0.0479,0.1166,0.2185,0.3073,0.0,0.0,0.0,0.0,0.0,0.0,0.0,0.0,0.0,0.0,0.0,0.0,0.0435,0.05,0.1389,0.0,0.0506,0.0,0.0455,0.0608,0.0606,0.0,0.0421,0.0,0.0,0.0,0.0,0.0,0.0,0.0,0.0635,0.0606,0.0,0.7037,0.0,0.0,0.0506,0.0,0.0,0.0,0.0455
XEN,0.1119,0.0,0.0,0.0491,0.0,0.0,0.0,0.0,0.0,0.0,0.0,0.0,0.0,0.3068,0.0,0.0,0.0,0.1819,0.0,0.0,0.0,0.1583,0.0,0.0,0.0,0.0,0.151,0.0,0.107,0.0,0.0,0.1687,0.3199,0.085,0.0,0.0,0.0,0.0513,0.0512,0.14,0.4294,0.0468,0.0,0.0513,0.0,0.0,0.0,0.044,0.0,0.1069,0.0,0.0,0.0,0.0,0.0
FKM,0.6351,0.0,0.0,0.0,0.0481,0.1945,0.0,0.0,0.0,0.492,0.0469,0.1533,0.0581,0.1004,0.0943,0.0,0.0,0.0,0.0,0.0,0.0,0.0,0.0,0.0,0.0,0.0,0.0,0.0,0.0,0.0,0.0,0.0,0.0609,0.0,0.0,0.0,0.0,0.0,0.0,0.0,0.0,0.0,0.2476,0.0491,0.1974,0.0,0.0,0.1552,0.0,0.0495,0.0,0.0,0.0979,0.0,0.0517
WUG,0.1471,0.0,0.0,0.0,0.0,0.0485,0.0,0.102,0.0,0.1943,0.0,0.1005,0.0466,0.1,0.0,0.0,0.0924,0.0,0.0,0.0,0.0,0.0,0.0,0.0,0.0,0.0,0.0,0.0,0.2937,0.1017,0.0,0.0507,0.0,0.1017,0.0,0.0,0.0,0.0,0.0,0.0,0.0,0.0,0.0971,0.0985,0.0985,0.0,0.0466,0.5019,0.0,0.0,0.0967,0.0,0.0987,0.0,0.0545
WCQ,0.3333,0.0,0.0,0.0,0.0,0.0945,0.0,0.1081,0.0,0.3723,0.0422,0.1332,0.0422,0.0888,0.0,0.0,0.0,0.0,0.0,0.0,0.0,0.0,0.0,0.0,0.0,0.0,0.0,0.051,0.3895,0.0,0.0,0.0,0.0,0.0,0.0467,0.0,0.0,0.0,0.0,0.0457,0.0,0.0,0.0,0.0,0.0,0.0467,0.0,0.4727,0.0,0.0,0.0,0.0,0.0,0.0475,0.0
PVA,0.0,0.0,0.0,0.0,0.0483,0.0589,0.0,0.0455,0.0,0.4541,0.0442,0.0607,0.0956,0.7093,0.0,0.0,0.0,0.0,0.1616,0.0589,0.0,0.0,0.0,0.0,0.0473,0.0,0.1924,0.303,0.1852,0.0,0.0,0.0,0.0,0.0483,0.0604,0.0,0.0,0.0,0.1394,0.0,0.0,0.0,0.0,0.0,0.0,0.0,0.1593,0.6098,0.0,0.0,0.0,0.0,0.0,0.0,0.0
ACR,0.1966,0.0,0.0,0.0501,0.0,0.2153,0.2011,0.0486,0.0,0.1415,0.0,0.0,0.0,0.2042,0.0,0.0,0.0,0.0501,0.0486,0.0996,0.0,0.0,0.0575,0.0,0.0,0.0,0.2057,0.0,0.0528,0.0972,0.0,0.4409,0.146,0.3479,0.0,0.0,0.0,0.0501,0.0,0.0,0.0495,0.0,0.1488,0.1438,0.0,0.0,0.0,0.0593,0.0,0.0,0.0,0.0,0.0,0.0,0.0524
IXF,0.2922,0.0476,0.0,0.0,0.0,0.0,0.0,0.0474,0.0,0.0947,0.0,0.0,0.0,0.0,0.0,0.0,0.0,0.0,0.0,0.0,0.1432,0.0,0.0982,0.0982,0.0,0.0,0.0,0.0,0.0,0.0,0.0,0.0,0.0992,0.0,0.3436,0.0,0.4165,0.0,0.0,0.0,0.0,0.0,0.0,0.0,0.0,0.0474,0.0,0.0499,0.0,0.0,0.0,0.0,0.0,0.0,0.0
GEJ,0.2068,0.0,0.0,0.0,0.0,0.0581,0.0,0.0458,0.0,0.3596,0.0581,0.0458,0.0,0.7279,0.0,0.0,0.0,0.0463,0.0458,0.0828,0.1562,0.0,0.0,0.0,0.1653,0.0,0.0,0.0,0.0458,0.0,0.0,0.0,0.0,0.0,0.0412,0.0,0.2479,0.0,0.1857,0.0588,0.0,0.0,0.0,0.0,0.0,0.0,0.0,0.0423,0.0,0.0,0.0,0.0,0.0,0.0,0.0
DAO,0.3994,0.0,0.0,0.0,0.0,0.2476,0.0681,0.537,0.1035,0.3513,0.3238,0.0837,0.0,0.7345,0.0,0.0,0.0,0.0733,0.0,0.1616,0.0,0.0,0.0,0.0,0.0,0.0,0.0,0.0,0.0,0.0,0.0,0.0,0.0,0.0,0.0,0.0,0.0,0.0,0.0,0.0,0.0,0.0,0.0,0.0,0.0,0.0,0.0588,0.2572,0.0,0.0,0.0,0.0,0.0,0.0,0.0
RQY,0.5263,0.0,0.0,0.0,0.0,0.0515,0.0,0.0519,0.0,0.042,0.0,0.0,0.0,1.0,0.0675,0.0,0.0,0.1201,0.0968,0.0,0.2863,0.0,0.1955,0.0,0.2562,0.0526,0.1867,0.0,0.0,0.0,0.0,0.0427,0.0,0.0,0.0526,0.0,0.0,0.0,0.0,0.0,0.0,0.0,0.0515,0.0,0.0,0.0,0.0,0.3018,0.0,0.0,0.0,0.0,0.0,0.0,0.0
NLM,0.4457,0.0,0.0,0.0,0.0,0.0,0.0,0.1454,0.0,0.0,0.0,0.0,0.0,0.0816,0.0,0.0,0.0,0.0,0.0,0.0,0.0,0.0,0.0,0.0,0.0,0.1071,0.0946,0.0,0.0,0.3238,0.0,0.5651,0.4321,0.6348,0.0,0.0,0.0,0.0,0.0,0.0,0.04,0.0,0.2058,0.363,0.0,0.0,0.0404,0.1257,0.0,0.0,0.0,0.0,0.0,0.0,0.0936
SEO,0.0471,0.0,0.0,0.0,0.0,0.1214,0.0515,0.093,0.0,0.2023,0.0,0.0,0.0,0.4389,0.0,0.0,0.098,0.089,0.0904,0.0,0.0,0.0,0.0,0.0,0.1479,0.0,0.1108,0.0,0.0458,0.047,0.0458,0.1949,0.0,0.1936,0.0443,0.0,0.0,0.0,0.0,0.0,0.0,0.0,0.0447,0.1022,0.0,0.0,0.0933,0.2044,0.0,0.0,0.0,0.0,0.0,0.0,0.0
JTT,0.1034,0.0,0.0,0.0,0.0515,0.2747,0.5087,0.2109,0.0,0.1994,0.053,0.0451,0.0,0.1433,0.0,0.0,0.0427,0.0,0.0,0.0,0.0,0.0,0.0485,0.0,0.0,0.0,0.0,0.0,0.0712,0.0,0.0,0.0,0.0,0.0,0.0427,0.0,0.0427,0.0,0.0,0.0,0.0,0.0,0.14,0.1971,0.0,0.0,0.0,0.1562,0.0515,0.0,0.0,0.1603,0.0,0.0533,0.0
FEI,0.1402,0.0,0.0,0.0,0.0,0.1071,0.0,0.0503,0.0,0.1907,0.0956,0.0,0.0,0.3994,0.0,0.0,0.0,0.0451,0.0,0.0,0.0,0.047,0.101,0.0,0.2614,0.0,0.0438,0.0,0.0966,0.0481,0.0,0.0,0.0,0.0,0.1907,0.0,0.0441,0.0,0.0616,0.1057,0.0,0.0,0.0,0.0,0.0,0.0468,0.0468,0.1624,0.0,0.0,0.0,0.0,0.0,0.0,0.0
SQP,0.0967,0.0,0.0,0.0,0.0,0.0476,0.048,0.0,0.0,0.1915,0.0,0.0933,0.0,0.045,0.0,0.0,0.0,0.0498,0.0,0.0,0.0,0.0,0.0,0.0,0.0,0.0,0.048,0.0,0.0476,0.096,0.2743,0.1903,0.1892,0.0,0.0,0.0,0.0,0.0,0.0,0.0,0.1428,0.093,0.1447,0.0,0.0832,0.0,0.0,0.1905,0.0,0.0972,0.2264,0.0,0.0,0.0,0.0464
EPW,0.0,0.0,0.0,0.0,0.0,0.0,0.0,0.0,0.0,0.0473,0.0473,0.0,0.0,0.8335,0.0,0.0,0.0,0.0,0.0,0.0,0.0,0.1149,0.0367,0.0,0.2498,0.0,0.0837,0.0,0.0,0.0,0.0,0.0,0.0,0.0,0.2405,0.0,0.0741,0.0762,0.1982,0.1129,0.0,0.0,0.0,0.0,0.0,0.0,0.0,0.2899,0.0,0.0,0.0,0.0,0.0,0.0,0.0
AQF,0.1398,0.0,0.0,0.0,0.089,0.086,0.0,0.0853,0.0,0.5601,0.0,0.0,0.0,0.1412,0.0,0.0495,0.0,0.0421,0.0421,0.0,0.0,0.0,0.0,0.0,0.0,0.0,0.0,0.198,0.3294,0.0,0.0436,0.0,0.0,0.0,0.0461,0.0,0.0,0.0513,0.0,0.0,0.0,0.0,0.0,0.0,0.0,0.0,0.1371,0.6673,0.0,0.0,0.0,0.0,0.0436,0.1451,0.0
UOS,0.0582,0.0,0.0,0.0,0.0,0.0466,0.0467,0.045,0.0,0.3519,0.0,0.0,0.0,0.3566,0.0,0.0,0.0,0.0,0.0,0.0,0.0,0.0,0.0,0.0,0.0466,0.0,0.0454,0.1427,0.4534,0.0,0.259,0.0479,0.0479,0.0485,0.0,0.0,0.0,0.0,0.0,0.0,0.0,0.0,0.0,0.0466,0.0532,0.0,0.045,0.4099,0.0,0.0,0.0,0.0,0.0,0.0,0.0
PQG,0.4506,0.0,0.0,0.0,0.0,0.2406,0.0,0.1057,0.0,0.1473,0.0,0.0,0.0,0.8398,0.0,0.0,0.0,0.0,0.0959,0.0431,0.1865,0.0,0.1435,0.177,0.1472,0.1201,0.0512,0.0,0.0897,0.0,0.0,0.0,0.0,0.1079,0.0456,0.0,0.0,0.0,0.0857,0.0431,0.0,0.0,0.0957,0.0662,0.0,0.0,0.0,0.3007,0.0,0.0869,0.0,0.0,0.0,0.0,0.0
CTT,0.2241,0.0,0.0,0.0,0.0,0.0483,0.0,0.0,0.0,0.0437,0.0,0.0,0.0,0.8653,0.0,0.0,0.0,0.3316,0.0,0.0,0.1435,0.0,0.0,0.0,0.3319,0.0476,0.1405,0.0,0.0431,0.0,0.0,0.0,0.0,0.0,0.0,0.0,0.0437,0.0,0.0,0.0,0.0438,0.0,0.0,0.0,0.0,0.0,0.0,0.1835,0.0,0.0,0.0,0.0,0.0438,0.0,0.0
JHZ,0.4394,0.0,0.0,0.0,0.0,0.18,0.0,0.0914,0.0,0.2654,0.0922,0.0404,0.0,0.2248,0.0898,0.0497,0.0,0.0,0.0,0.0,0.0,0.0,0.0,0.0,0.0,0.0,0.0,0.0445,0.2909,0.0,0.052,0.0,0.0415,0.132,0.0,0.0,0.0,0.0,0.0,0.0483,0.0,0.0,0.0,0.0,0.0,0.0,0.0445,0.3976,0.0,0.0,0.0926,0.0,0.0804,0.0,0.0415
TZN,0.1501,0.0,0.0,0.0,0.0,0.2021,0.1002,0.4441,0.1013,0.2448,0.0,0.0528,0.0473,0.2508,0.099,0.0,0.0,0.0473,0.0,0.0,0.0,0.0,0.0,0.0,0.0,0.0,0.0,0.0,0.2006,0.0,0.0,0.0,0.0,0.0,0.0981,0.2009,0.0,0.0,0.0,0.0,0.0,0.0,0.0,0.0,0.0479,0.0,0.048,0.3014,0.0,0.0,0.0,0.0474,0.0503,0.0985,0.0
TVX,0.4453,0.0,0.0,0.0,0.0,0.3907,0.3094,0.562,0.0466,0.039,0.0441,0.0407,0.0,0.3508,0.0443,0.0,0.0441,0.0446,0.0472,0.0386,0.0,0.0,0.0,0.0,0.0,0.039,0.0,0.0,0.0,0.0,0.0,0.0,0.0,0.0,0.0402,0.0441,0.0,0.0,0.0,0.0,0.0,0.0,0.0,0.0,0.0,0.0,0.0,0.2131,0.0,0.0,0.0,0.0497,0.1004,0.1741,0.0
QKU,0.291,0.0,0.0,0.0,0.0,0.0462,0.0608,0.0,0.0,0.0984,0.0,0.0608,0.0,0.3368,0.1429,0.0,0.0,0.0,0.0,0.0448,0.0436,0.0533,0.0,0.0,0.0,0.0,0.0,0.0,0.0462,0.0,0.0,0.0,0.0456,0.0501,0.628,0.0479,0.4339,0.1469,0.0435,0.1513,0.0,0.0,0.0,0.0,0.0,0.0,0.0,0.1928,0.0,0.0,0.0,0.0,0.0495,0.0,0.0
GON,0.0745,0.0,0.0,0.0,0.0446,0.0,0.0,0.0439,0.0,0.2444,0.0563,0.0469,0.1876,0.2748,0.0,0.0,0.0436,0.058,0.0,0.0,0.0,0.0,0.096,0.0,0.0,0.0,0.0941,0.0873,0.0897,0.0,0.0576,0.2453,0.2453,0.0924,0.0,0.0,0.0,0.0462,0.0462,0.0,0.246,0.0518,0.0,0.049,0.0,0.0,0.0436,0.2721,0.0,0.0745,0.0459,0.0,0.0563,0.0,0.0
XOU,0.1676,0.0,0.0,0.0,0.0,0.0,0.0,0.0806,0.0,0.6131,0.0397,0.331,0.0417,0.1565,0.0,0.0,0.0,0.0,0.0,0.0,0.0,0.0,0.0,0.0,0.0,0.0,0.0,0.0823,0.1638,0.0,0.0878,0.0,0.0436,0.038,0.0,0.038,0.0951,0.0,0.0,0.0,0.0,0.0,0.0885,0.0,0.0,0.0,0.0,0.4131,0.0,0.0,0.0848,0.0,0.0,0.0,0.0951
GBW,0.1419,0.0435,0.0,0.0,0.0,0.0,0.0,0.1492,0.0,0.229,0.0,0.0,0.049,0.6447,0.1336,0.0,0.0,0.0,0.0475,0.0566,0.0,0.0,0.0,0.0,0.0,0.0,0.0,0.0,0.1928,0.0,0.0,0.0,0.0,0.0,0.0,0.0,0.102,0.0,0.0,0.0,0.0,0.0,0.0,0.0,0.0,0.0,0.0,0.6428,0.0,0.0435,0.0,0.0,0.045,0.0,0.0
YOQ,0.2667,0.0,0.0,0.0,0.0,0.0776,0.0,0.1568,0.0,0.2124,0.0,0.0332,0.0,0.9201,0.0,0.0,0.0,0.0,0.19,0.034,0.4152,0.0,0.0934,0.0,0.0934,0.0,0.045,0.0,0.0332,0.0,0.0,0.0,0.0,0.0,0.0336,0.0,0.1041,0.0,0.0,0.1264,0.0,0.0,0.0,0.0,0.0,0.0,0.0,0.4627,0.0337,0.0,0.0,0.0,0.0337,0.0,0.0
ECV,0.2501,0.0,0.0,0.0,0.0,0.0705,0.0336,0.0336,0.0,0.0356,0.0,0.0,0.0,0.5405,0.0,0.033,0.0,0.0,0.0,0.0,0.1522,0.0,0.0356,0.0356,0.0,0.0344,0.0,0.0,0.0,0.0,0.0,0.0,0.0,0.2666,0.1292,0.0,0.0344,0.0484,0.13,0.0464,0.0,0.0,0.0,0.0,0.0,0.0,0.0,0.2792,0.0,0.039,0.0,0.0336,0.2666,0.0,0.0
OAE,0.2694,0.0,0.0,0.0,0.0455,0.0,0.0,0.0,0.0,0.0,0.0,0.0,0.0,0.3606,0.0,0.0,0.0,0.0,0.0,0.0,0.0601,0.1007,0.0,0.0,0.0488,0.0,0.0942,0.0,0.0,0.0,0.0,0.0,0.047,0.1064,0.2606,0.0,0.0,0.0454,0.1967,0.2129,0.0,0.0,0.0,0.0,0.0,0.0,0.0,0.26,0.0,0.0,0.0,0.0,0.0,0.0,0.0
MUK,0.0,0.0,0.0,0.0,0.0,0.0,0.1936,0.0523,0.0,0.0,0.0,0.0,0.0,0.267,0.0,0.0,0.0,0.0,0.0523,0.0,0.0,0.0,0.05,0.0,0.0,0.0665,0.3062,0.0,0.0,0.0431,0.0,0.2104,0.0431,0.1637,0.0453,0.0,0.0,0.0453,0.2015,0.0,0.0954,0.0463,0.0535,0.0972,0.0449,0.0,0.0,0.3598,0.0535,0.051,0.0,0.0581,0.0,0.0,0.0
LKX,0.4007,0.0438,0.0,0.0545,0.0,0.0599,0.0,0.1037,0.0,0.0,0.0,0.0,0.0,0.0,0.0,0.0,0.0,0.0,0.0,0.0,0.0,0.0468,0.0,0.0,0.0,0.0964,0.1339,0.0,0.0428,0.0964,0.1028,0.4801,0.2874,0.5052,0.0,0.0,0.0,0.0,0.0902,0.0,0.1015,0.0,0.0858,0.1765,0.0,0.0,0.0,0.3181,0.0,0.0,0.0438,0.0,0.121,0.0,0.3045
LIV,0.4692,0.0,0.0,0.0,0.0,0.0467,0.0,0.0,0.0,0.3354,0.0569,0.1034,0.0465,0.241,0.0,0.0,0.0,0.0,0.0,0.0,0.0,0.0,0.0,0.0,0.0,0.0,0.0,0.0,0.1835,0.0,0.0,0.0524,0.0892,0.0945,0.0467,0.0,0.0,0.0,0.0,0.0,0.0,0.0,0.2189,0.0,0.0,0.0,0.0877,0.5675,0.0,0.0634,0.0,0.0,0.0569,0.0,0.1082
TKH,0.044,0.0,0.0,0.0,0.0421,0.0,0.0,0.0,0.0,0.0,0.0,0.0,0.0,0.1495,0.0,0.0,0.0,0.0,0.0429,0.0,0.0,0.0,0.0,0.0452,0.0421,0.0,0.3302,0.0,0.0,0.1358,0.0,0.1912,0.0557,0.3847,0.0421,0.0,0.0421,0.0,0.0421,0.0557,0.0985,0.0,0.0,0.1867,0.0,0.0,0.0,0.1802,0.0,0.0,0.0,0.0,0.0,0.0,0.0
IKN,0.3196,0.0,0.0,0.0,0.0,0.0497,0.0,0.0,0.0,0.1743,0.0,0.0,0.0,0.8633,0.0571,0.0,0.0,0.6245,0.0435,0.0571,0.0438,0.0,0.0,0.0,0.0964,0.0,0.0,0.0,0.099,0.0,0.0,0.0,0.0,0.0,0.1331,0.0,0.0996,0.0,0.0,0.0,0.4244,0.0,0.0879,0.0,0.0,0.0,0.0,0.2281,0.0,0.0,0.0,0.0,0.0,0.0,0.0
TLT,0.105,0.0,0.0,0.0,0.1398,0.0461,0.0,0.0,0.0,0.6194,0.0,0.0466,0.0,0.4199,0.0,0.0,0.0,0.0,0.0466,0.0461,0.0,0.0,0.0,0.0,0.0,0.0,0.0489,0.341,0.3864,0.0,0.0,0.0,0.0,0.0539,0.0444,0.0,0.0,0.0,0.0489,0.0,0.0,0.0,0.0,0.0,0.0,0.0,0.0949,0.5898,0.0,0.0441,0.0,0.0,0.0,0.046,0.0
ZIV,0.3656,0.0793,0.0,0.0395,0.0,0.0424,0.0,0.1252,0.0,0.0,0.0,0.0,0.0,0.0,0.0,0.0,0.0,0.0,0.0,0.0,0.0,0.1043,0.0,0.0,0.0,0.0544,0.0468,0.0,0.0443,0.0855,0.1293,0.3743,0.1656,0.4215,0.0,0.0,0.0,0.0,0.0416,0.0,0.0768,0.0,0.0916,0.2513,0.0,0.0,0.0,0.232,0.0,0.0,0.0412,0.0,0.0418,0.0,0.308
MAB,0.0404,0.0,0.0,0.0,0.1962,0.1823,0.0491,0.1805,0.0,0.1277,0.0,0.0,0.1463,0.0397,0.0,0.0,0.0,0.0,0.0,0.0,0.0,0.0,0.0,0.0,0.0,0.0,0.1474,0.2112,0.3332,0.0,0.0813,0.0,0.0,0.0444,0.0,0.0,0.0,0.0,0.0,0.0,0.0,0.0,0.0,0.0,0.0,0.0,0.0444,0.6354,0.0,0.0491,0.2138,0.0416,0.0387,0.0,0.0
FFD,0.1659,0.0,0.0,0.0,0.0496,0.044,0.0,0.088,0.0,0.5816,0.0,0.1498,0.1026,0.4182,0.0,0.0,0.0,0.0907,0.0443,0.0,0.0,0.0,0.0,0.0473,0.0,0.0473,0.0,0.2043,0.1971,0.0,0.1034,0.0415,0.0,0.0,0.0,0.0,0.045,0.0,0.0457,0.0,0.0,0.0,0.0,0.0,0.0,0.0,0.0561,0.543,0.0,0.0,0.0,0.0,0.0561,0.0,0.0
LMM,0.1922,0.0494,0.0,0.0,0.0,0.1859,0.1358,0.0,0.0,0.0,0.0,0.0,0.0,0.4478,0.0,0.0,0.0,0.0494,0.0,0.0,0.0,0.0,0.3611,0.0958,0.0958,0.0605,0.1408,0.0,0.0,0.0,0.0,0.0954,0.0,0.0931,0.0503,0.0,0.0,0.0,0.0463,0.0,0.0,0.0,0.1053,0.0605,0.0,0.0,0.0,0.048,0.0598,0.0,0.0,0.076,0.0,0.0,0.1418
ECI,0.4331,0.0,0.0,0.0455,0.0,0.0593,0.0551,0.0562,0.0,0.3998,0.0,0.3026,0.1384,0.1007,0.0,0.0,0.0,0.0,0.0,0.0,0.0,0.0,0.0,0.0,0.0,0.0,0.0,0.0,0.1466,0.0,0.0,0.0,0.0,0.0,0.0,0.0,0.0551,0.0,0.0,0.0,0.0,0.0,0.0909,0.0,0.041,0.0,0.0,0.1901,0.0,0.0421,0.045,0.0,0.2328,0.0,0.0
AFB,0.1532,0.0,0.0,0.0,0.0,0.0888,0.2342,0.043,0.0,0.0,0.0,0.0,0.0446,0.4703,0.0,0.0,0.0,0.0623,0.0,0.0562,0.0945,0.0592,0.1038,0.043,0.0,0.0,0.05,0.0,0.1985,0.0,0.0,0.043,0.043,0.0586,0.0562,0.0,0.0,0.097,0.0,0.1721,0.043,0.0,0.0864,0.1958,0.0,0.0,0.0,0.2532,0.0,0.0471,0.0,0.0,0.0,0.0,0.0449
LZG,0.0806,0.0,0.0,0.0,0.0398,0.0924,0.1016,0.0,0.0,0.1485,0.0,0.0,0.0924,0.246,0.0,0.0,0.0533,0.0,0.0,0.0,0.0,0.0,0.0,0.0,0.0533,0.0,0.0,0.1204,0.1684,0.0,0.0379,0.0,0.0,0.0942,0.038,0.0,0.0,0.0,0.0,0.0,0.0,0.0,0.079,0.1997,0.0,0.0,0.1344,0.4473,0.0,0.0,0.0789,0.0,0.0,0.0,0.0
MIO,0.4557,0.0,0.0,0.0,0.0,0.4568,0.4347,0.4157,0.1656,0.1529,0.0,0.0435,0.0,0.2955,0.1011,0.0,0.0,0.0,0.0,0.0,0.0,0.0,0.0534,0.0,0.0,0.0499,0.0,0.0,0.0,0.0,0.0,0.0,0.0,0.0,0.0,0.0,0.0,0.0,0.0,0.0,0.0,0.0,0.0436,0.0499,0.0,0.0,0.0,0.1935,0.0442,0.0,0.1627,0.1469,0.0,0.0,0.0
WHV,0.4034,0.0,0.0,0.0,0.0,0.0369,0.0973,0.0,0.0,0.0362,0.0429,0.0,0.0362,0.7866,0.0,0.0,0.0,0.0987,0.0588,0.0,0.5574,0.038,0.1269,0.0,0.0957,0.0531,0.1638,0.0,0.0973,0.0,0.0,0.038,0.0,0.0,0.0531,0.0,0.0,0.0,0.0866,0.0588,0.038,0.0,0.0369,0.0,0.0,0.0,0.0,0.5124,0.0,0.0,0.0,0.0,0.0,0.0,0.0
DOX,0.0447,0.0,0.0,0.0,0.0,0.1044,0.0,0.052,0.0,0.3652,0.0846,0.1267,0.0409,0.2377,0.0,0.0,0.0,0.0413,0.1023,0.0,0.0,0.0,0.0,0.0,0.0,0.0,0.0,0.0,0.0,0.0,0.0,0.075,0.0,0.0415,0.0,0.0,0.0,0.0,0.0,0.0,0.0,0.0,0.1347,0.0508,0.052,0.0,0.0478,0.2381,0.0,0.0,0.0,0.0,0.0447,0.0,0.0
ZZF,0.3394,0.0,0.0,0.0,0.0492,0.0963,0.0465,0.0,0.0,0.1551,0.0,0.0,0.0,0.194,0.0,0.0,0.0,0.0,0.0,0.0,0.0,0.0477,0.265,0.2168,0.0504,0.0443,0.0456,0.0,0.0,0.0,0.0,0.0,0.0443,0.0447,0.0,0.0,0.0,0.0933,0.1395,0.0477,0.0515,0.0,0.0886,0.0622,0.0,0.0,0.0,0.2186,0.0,0.0,0.0515,0.0,0.0443,0.0,0.0
UGH,0.0732,0.0,0.0,0.0,0.0,0.1897,0.1458,0.0755,0.0,0.3688,0.0,0.0,0.0,0.5769,0.0,0.0,0.1445,0.0,0.0,0.0,0.0,0.0,0.0,0.0,0.2012,0.0,0.035,0.0,0.1442,0.0,0.1484,0.0,0.0,0.0,0.0,0.0,0.0,0.0,0.0,0.0,0.0,0.0,0.0401,0.2791,0.0372,0.0,0.1149,0.3529,0.0,0.0,0.0755,0.0,0.0,0.0,0.0
GZI,0.5444,0.0,0.0,0.0,0.0,0.2024,0.0456,0.0,0.0,0.7529,0.2065,0.1474,0.0,0.2518,0.0494,0.0494,0.0,0.0551,0.0551,0.0,0.0,0.0,0.0,0.0,0.0,0.0,0.0,0.0,0.0456,0.0,0.0,0.0,0.0464,0.0499,0.0963,0.0,0.2495,0.0,0.0,0.0,0.0,0.0,0.0491,0.0,0.0,0.0,0.0,0.2078,0.0,0.0,0.0,0.0,0.046,0.0,0.0
ZBG,0.7052,0.0,0.0,0.0,0.0445,0.0506,0.0,0.0456,0.0,0.473,0.0545,0.2473,0.0732,0.3669,0.0437,0.0,0.0,0.0504,0.0,0.0732,0.0,0.0,0.0,0.0,0.0,0.0,0.0732,0.0,0.0,0.0,0.0,0.0538,0.0,0.0,0.0,0.0,0.0931,0.0,0.0,0.0,0.0,0.0,0.0944,0.0,0.0445,0.0,0.0,0.2618,0.0504,0.0503,0.0,0.0,0.2932,0.0,0.0538
RYY,0.4795,0.0,0.0,0.0,0.0,0.095,0.0722,0.0,0.0,0.4404,0.0,0.4369,0.0,0.1009,0.0,0.0,0.0,0.0,0.0,0.0,0.0,0.0,0.0,0.0,0.0,0.0,0.0,0.0,0.1568,0.0,0.0,0.0,0.0,0.0,0.0,0.0,0.0722,0.0,0.0,0.0,0.0,0.0,0.0813,0.0,0.0,0.0,0.055,0.1084,0.0,0.0,0.0465,0.0,0.3421,0.0406,0.0
AJU,0.2462,0.0,0.0,0.0,0.0463,0.0487,0.0,0.1421,0.0,0.553,0.0575,0.0925,0.1918,0.754,0.0,0.0,0.0,0.0673,0.1034,0.0,0.1041,0.0,0.0,0.0,0.0,0.0493,0.0,0.0459,0.1976,0.0,0.0,0.0,0.0,0.0463,0.0,0.0,0.0,0.0,0.0673,0.0,0.0,0.0,0.0575,0.0,0.0,0.0,0.1422,0.6604,0.0,0.0,0.0,0.0,0.0,0.0,0.0
UBS,0.192,0.0,0.0,0.0,0.0554,0.0,0.0,0.0431,0.0,0.6211,0.0503,0.0453,0.1953,0.4138,0.0,0.0,0.0,0.0,0.0905,0.0,0.0503,0.0,0.0,0.0,0.0,0.0907,0.0,0.0431,0.2636,0.0,0.0,0.0,0.0,0.0,0.0,0.0,0.0,0.0,0.0,0.0,0.0,0.0,0.0482,0.0,0.1124,0.0,0.0473,0.5407,0.0,0.0554,0.0,0.0,0.0,0.0,0.0
INN,0.0476,0.0,0.0,0.0,0.0,0.0503,0.0,0.1148,0.0,0.0928,0.0464,0.0525,0.0928,0.6071,0.0476,0.0,0.0,0.0575,0.0472,0.0,0.0,0.0,0.0,0.0,0.1077,0.0,0.0472,0.0464,0.3,0.0,0.0,0.0,0.0,0.0,0.0,0.0,0.1064,0.0,0.1001,0.0537,0.0,0.0,0.0,0.0,0.0,0.0,0.0,0.4021,0.0,0.0,0.0,0.0,0.0,0.0,0.0
GYM,0.5613,0.0,0.0516,0.0,0.0,0.153,0.0,0.0,0.0,0.2531,0.0472,0.1575,0.0,0.2372,0.0989,0.0,0.0513,0.0,0.0,0.0472,0.0473,0.0,0.0,0.0,0.0,0.0,0.0472,0.0,0.0,0.0,0.0,0.0,0.0,0.0,0.4607,0.2351,0.2858,0.0,0.0935,0.0,0.0,0.0,0.0468,0.0474,0.0,0.0,0.0,0.2354,0.0,0.0,0.0,0.0,0.0479,0.0,0.0
TDC,0.1066,0.0,0.0,0.0,0.0,0.0666,0.0407,0.5411,0.0,0.0,0.0,0.0407,0.0,0.0,0.0,0.0,0.0,0.0,0.0,0.0,0.0,0.0,0.0,0.0,0.0,0.0,0.0,0.0,0.1389,0.0,0.0,0.0,0.0,0.0,0.0398,0.0,0.0,0.0,0.0,0.0,0.0,0.0,0.6217,0.2417,0.0,0.0,0.068,0.2043,0.0,0.0,0.0,0.178,0.0,0.0,0.0
NZX,0.0,0.0,0.0,0.0,0.0472,0.0963,0.0493,0.2104,0.0476,0.0,0.0,0.0,0.0472,0.0977,0.048,0.048,0.0,0.0,0.0,0.0,0.0,0.0,0.0,0.0,0.0,0.0,0.0977,0.0,0.3213,0.1101,0.1791,0.0458,0.0458,0.1388,0.0476,0.0,0.0,0.0,0.0,0.0,0.0458,0.0,0.0904,0.0923,0.0,0.0,0.0937,0.0948,0.0,0.0493,0.2807,0.1499,0.0458,0.0,0.0
BCQ,0.046,0.0,0.0,0.0,0.0,0.0,0.0,0.2513,0.0,0.2495,0.0,0.0,0.0,0.0578,0.046,0.0,0.0,0.0,0.0,0.0,0.0,0.0,0.0,0.0,0.0,0.0,0.0596,0.5621,0.1982,0.0,0.2574,0.0961,0.0,0.0447,0.0,0.0,0.0,0.0459,0.0,0.0,0.0,0.0,0.1441,0.0,0.0,0.0,0.1555,0.5592,0.0,0.0,0.1464,0.0,0.0,0.0,0.0
ETK,0.0408,0.0,0.0,0.0,0.0,0.0,0.0,0.0713,0.0,0.239,0.0,0.0527,0.0663,0.2399,0.2477,0.0,0.042,0.0,0.0,0.0,0.0,0.0,0.0,0.0,0.0,0.0,0.0,0.0,0.0,0.0,0.0,0.0,0.0,0.0,0.5574,0.1348,0.6823,0.0,0.0,0.0,0.0,0.0,0.0663,0.0,0.0,0.042,0.0,0.0713,0.0,0.0,0.0,0.0,0.0,0.0,0.0
NNS,0.704,0.2135,0.0767,0.0,0.0,0.1616,0.0,0.0389,0.0,0.154,0.0,0.0,0.0,0.2117,0.0,0.0,0.0,0.0,0.0,0.0,0.0,0.0,0.0,0.0,0.0,0.0,0.0,0.0,0.0,0.0,0.0,0.0,0.0,0.1846,0.6683,0.0,0.2059,0.0983,0.0,0.1454,0.0,0.0,0.2562,0.0389,0.0,0.0,0.0,0.0846,0.0,0.0,0.0,0.0,0.0,0.0,0.0
XHR,0.3882,0.0,0.0,0.0,0.0,0.3481,0.1027,0.3073,0.0,0.3505,0.0478,0.1962,0.0,0.1487,0.0959,0.0472,0.0959,0.0555,0.0,0.0,0.0,0.0,0.0,0.0,0.0,0.0,0.0,0.0,0.0,0.0488,0.0,0.0488,0.0,0.0488,0.1438,0.0,0.0,0.0,0.0,0.0,0.0,0.0,0.1449,0.1037,0.1006,0.0482,0.0,0.1427,0.0,0.0,0.0,0.0555,0.047,0.1014,0.0
XBH,0.1294,0.0,0.0,0.0,0.0,0.2001,0.2708,0.4779,0.2662,0.0,0.0,0.0,0.0,0.0,0.0422,0.0,0.0,0.0,0.0,0.0,0.0,0.0,0.0,0.0,0.0,0.0,0.0,0.0,0.0421,0.0,0.0,0.0,0.0,0.0,0.0,0.0,0.0,0.0,0.0,0.0,0.0,0.0,0.3712,0.2569,0.0,0.0,0.0,0.207,0.0421,0.0,0.1042,0.1715,0.0,0.0421,0.0
ODU,0.1333,0.0,0.0,0.0,0.1333,0.1997,0.3897,0.5094,0.3641,0.044,0.0,0.0,0.0,0.048,0.0451,0.0,0.0,0.0,0.0,0.0,0.0,0.0,0.048,0.0,0.0,0.0,0.0,0.0,0.0,0.0,0.0,0.0,0.0,0.0,0.0,0.0,0.044,0.0,0.0,0.0,0.0,0.0,0.1471,0.0436,0.0,0.0,0.0,0.1767,0.0,0.0432,0.0,0.2995,0.0,0.0,0.0
GLI,0.0902,0.0,0.0,0.0,0.0,0.0,0.0,0.1374,0.0,0.0,0.0,0.0,0.0,0.0441,0.0,0.0,0.0,0.0,0.0,0.0,0.0,0.0,0.0,0.0,0.0,0.0,0.0493,0.0,0.14,0.096,0.091,0.2308,0.0,0.3169,0.0458,0.0,0.0,0.0,0.0417,0.0,0.0,0.0,0.0441,0.092,0.0,0.0,0.0441,0.3411,0.0468,0.0687,0.0895,0.0,0.0,0.0,0.0
LBR,0.2858,0.0483,0.0,0.0,0.0,0.1895,0.1413,0.0972,0.0,0.3791,0.0,0.4033,0.0,0.261,0.2021,0.0,0.0,0.0,0.0,0.0,0.0,0.0,0.0,0.0483,0.0,0.0,0.0,0.0,0.048,0.0,0.0,0.0,0.0,0.0,0.0,0.0,0.0,0.0,0.0,0.0,0.0,0.0,0.0,0.0,0.0,0.0,0.0,0.1534,0.0466,0.0483,0.0,0.0,0.0465,0.0,0.0479
UVW,0.1454,0.0,0.0,0.0,0.0406,0.3244,0.1257,0.0851,0.0,0.1663,0.0,0.0674,0.0,0.3887,0.0674,0.0,0.0,0.0,0.0443,0.0,0.0443,0.0535,0.0542,0.1061,0.0,0.0,0.0,0.0,0.1322,0.0,0.0,0.0,0.0,0.0469,0.0535,0.0,0.0,0.0,0.0469,0.0,0.0,0.0,0.1833,0.2893,0.0,0.0,0.0,0.2936,0.0406,0.0,0.0,0.0811,0.0,0.0,0.0
JGN,0.1922,0.0,0.0,0.0,0.0,0.0991,0.0985,0.0991,0.0,0.0,0.0,0.0,0.0,0.4056,0.0,0.0,0.0,0.0,0.0,0.0,0.0,0.0499,0.1636,0.0458,0.0458,0.0,0.0917,0.0,0.0917,0.0,0.0,0.0,0.0,0.0,0.0,0.0,0.0,0.0,0.0,0.1514,0.0,0.0,0.2057,0.0,0.0,0.0,0.0,0.0459,0.0,0.0,0.0,0.0,0.0,0.0,0.0
WGR,0.1409,0.0,0.0,0.0,0.0,0.183,0.1,0.0,0.0,0.0965,0.0,0.0461,0.0,0.1277,0.1181,0.0947,0.0,0.0,0.0,0.0,0.0,0.0,0.1332,0.0,0.0,0.0441,0.0,0.0,0.0475,0.0,0.0,0.0483,0.0497,0.0483,0.0,0.0,0.0461,0.0,0.0,0.0,0.0,0.0497,0.0,0.0441,0.0,0.0,0.0,0.06,0.0461,0.0,0.0,0.0495,0.0,0.0,0.0483
SHH,0.236,0.0,0.0,0.0,0.0,0.092,0.0523,0.1561,0.0,0.2992,0.0473,0.1038,0.0476,0.5518,0.0552,0.0,0.0,0.0,0.0,0.0552,0.0,0.0,0.1404,0.0912,0.0493,0.0,0.0,0.0,0.1053,0.0,0.0,0.0,0.0,0.0,0.0493,0.0,0.0947,0.0,0.0,0.0,0.0,0.0,0.0,0.0,0.0,0.1121,0.0457,0.2415,0.0523,0.0542,0.0,0.054,0.0,0.0,0.0
AOH,0.4003,0.0,0.0,0.0,0.0,0.1979,0.0541,0.0541,0.0,0.5112,0.1375,0.0888,0.0982,0.5313,0.0,0.0,0.0,0.0907,0.1022,0.0426,0.0443,0.0,0.0,0.0,0.0,0.0,0.0,0.0,0.0,0.0,0.0,0.0,0.0,0.0,0.0,0.0,0.0,0.0,0.0,0.0,0.0,0.0,0.0,0.0,0.0,0.0,0.0,0.3852,0.0,0.0,0.0,0.0,0.0,0.0424,0.0
FQX,0.0466,0.0,0.0,0.0,0.0,0.0466,0.0,0.1595,0.0,0.0,0.0,0.0,0.0471,0.1008,0.0,0.0,0.0,0.0,0.0,0.0,0.0,0.0,0.0,0.0,0.0,0.0,0.183,0.0471,0.1416,0.0445,0.0,0.2163,0.1661,0.2953,0.0494,0.0627,0.0,0.0,0.0,0.0,0.0475,0.0475,0.0524,0.0,0.0,0.0,0.0,0.301,0.0,0.0,0.0465,0.0,0.0,0.0,0.0
OPX,0.2495,0.0,0.0,0.0,0.0,0.0508,0.0,0.0473,0.0,0.1077,0.0,0.0508,0.0487,0.8971,0.0,0.0,0.0,0.0993,0.0487,0.0,0.0939,0.0,0.0978,0.0,0.2064,0.0458,0.2009,0.0,0.0,0.046,0.0,0.0,0.0,0.0529,0.0519,0.0,0.0948,0.0,0.0487,0.0,0.0,0.0,0.0,0.0,0.0,0.0,0.0,0.0932,0.0,0.0,0.0,0.0,0.0,0.0,0.0
RNU,0.5534,0.0514,0.0,0.0,0.0,0.0379,0.1314,0.1442,0.0,0.0,0.0,0.0,0.0,0.5056,0.0379,0.0,0.0,0.0,0.0,0.0,0.0,0.0,0.0467,0.0554,0.1021,0.0402,0.1132,0.0,0.0,0.0802,0.0,0.2878,0.2086,0.3507,0.0,0.0,0.0,0.0514,0.0925,0.0,0.0,0.0,0.1204,0.2275,0.0,0.0,0.0,0.1806,0.0,0.0,0.0,0.0,0.0,0.0,0.0
QLX,0.1488,0.0,0.0,0.0,0.0,0.0483,0.0,0.5426,0.0,0.2423,0.0,0.0,0.0,0.1442,0.0,0.0,0.0,0.0497,0.0,0.0,0.0,0.0,0.0,0.0,0.0,0.0,0.0,0.0,0.0976,0.0,0.0,0.0,0.0,0.0,0.0,0.0,0.0488,0.0,0.0,0.0,0.0,0.0,0.1496,0.0,0.0602,0.2041,0.1438,0.2904,0.0,0.0,0.0,0.0655,0.0,0.0,0.0
EGW,0.1911,0.0,0.0,0.0,0.0,0.5309,0.0616,0.7521,0.059,0.0472,0.0,0.0,0.0,0.1595,0.1451,0.0,0.0,0.0,0.0,0.0,0.0,0.0,0.0,0.0,0.0,0.0,0.0,0.0,0.095,0.0,0.0,0.0,0.0,0.0,0.0449,0.0,0.0567,0.0,0.0,0.0,0.0,0.0,0.1245,0.0,0.0482,0.0,0.0499,0.2389,0.0,0.0,0.0,0.063,0.0,0.0,0.0
MCZ,0.1714,0.0,0.0,0.0,0.097,0.054,0.0,0.0944,0.0,0.4226,0.0,0.0,0.0415,0.0,0.0,0.0,0.0,0.0,0.0,0.0,0.0,0.0,0.0,0.0,0.0,0.0,0.0,0.3002,0.3668,0.0,0.0,0.0,0.0,0.1599,0.0,0.2073,0.0,0.0,0.0,0.0,0.0,0.0,0.0,0.0,0.0,0.0,0.2115,0.788,0.0,0.0415,0.0,0.0,0.0,0.0,0.0
WXH,0.463,0.0428,0.0,0.0,0.0428,0.3174,0.3863,0.386,0.0443,0.0853,0.0,0.0,0.0447,0.273,0.0907,0.0,0.0,0.0,0.0517,0.0,0.0687,0.0,0.0,0.0,0.0,0.0,0.0479,0.0,0.0517,0.0,0.0,0.0,0.0,0.0,0.0443,0.0,0.0,0.0,0.0,0.0,0.0,0.0,0.0453,0.0,0.0,0.0,0.0,0.0896,0.043,0.0,0.043,0.3239,0.0,0.0,0.0
MEH,0.1477,0.0,0.0,0.0,0.0478,0.0,0.0451,0.0908,0.0,0.0941,0.0,0.0,0.0,0.0451,0.0,0.0,0.0,0.0,0.0,0.0,0.0,0.0,0.0,0.0,0.0,0.0,0.1105,0.0,0.1623,0.0,0.1041,0.3733,0.1442,0.4589,0.045,0.0478,0.0,0.0,0.0,0.0,0.0501,0.0,0.2012,0.0923,0.0,0.0,0.0,0.4407,0.0,0.0,0.0,0.0,0.0945,0.0,0.0991
BGA,0.7593,0.0,0.0,0.0,0.0,0.1131,0.0502,0.0533,0.0,0.1487,0.0,0.161,0.0,0.3975,0.0475,0.0,0.0476,0.191,0.0,0.0,0.0501,0.0,0.0979,0.0,0.0478,0.0,0.0,0.0,0.0506,0.0,0.0,0.0,0.0,0.0,0.0487,0.0,0.1031,0.0,0.0,0.0,0.1434,0.0478,0.0506,0.0988,0.0,0.0,0.0506,0.0501,0.0,0.0506,0.0,0.0533,0.2143,0.0,0.0476
UXK,0.1982,0.0,0.0,0.0,0.0,0.1085,0.342,0.0536,0.0,0.0445,0.0,0.0,0.1493,0.3637,0.0634,0.0445,0.0,0.0465,0.0,0.0,0.0,0.0583,0.0,0.0,0.0,0.0,0.2499,0.0,0.1428,0.0,0.0,0.0,0.0465,0.0476,0.0446,0.0,0.0,0.0981,0.0,0.0583,0.0465,0.0,0.0444,0.2434,0.0,0.0,0.0,0.2887,0.1451,0.0987,0.0467,0.1003,0.0,0.0,0.0
ZUJ,0.0834,0.0,0.0,0.042,0.0,0.0,0.0489,0.0,0.0,0.1065,0.0,0.0,0.0628,0.0,0.0,0.0,0.0,0.0,0.0,0.0,0.0,0.0,0.0,0.0,0.0,0.0,0.1419,0.0,0.0489,0.2819,0.0427,0.2878,0.2221,0.6267,0.0427,0.0,0.0,0.0,0.0,0.0489,0.3234,0.0,0.0865,0.0956,0.0,0.0,0.0,0.1573,0.0,0.0,0.0,0.0,0.0,0.0,0.0411
DJJ,0.1889,0.0,0.0,0.0,0.0,0.0471,0.098,0.0489,0.0,0.2382,0.0,0.0,0.0,0.2418,0.0,0.0,0.0,0.0,0.0,0.0,0.0,0.0,0.0,0.0,0.0,0.0,0.0,0.0,0.1546,0.0462,0.0,0.0489,0.0,0.2028,0.0478,0.0,0.0,0.0,0.0,0.0,0.0,0.0,0.0478,0.0504,0.0,0.0,0.0,0.2886,0.0593,0.0,0.1071,0.0,0.0,0.0,0.0
VZY,0.404,0.0743,0.0,0.0,0.0385,0.1367,0.1879,0.0947,0.0,0.083,0.0,0.0,0.0,0.3795,0.0358,0.0445,0.0,0.0,0.0,0.039,0.0,0.0,0.2727,0.2058,0.124,0.0403,0.0,0.0,0.1809,0.0,0.0,0.1017,0.1017,0.0,0.0747,0.0,0.0,0.0444,0.0,0.039,0.1017,0.0,0.0758,0.1559,0.0,0.0,0.0,0.294,0.0387,0.0444,0.0,0.0,0.0,0.0,0.0
JOZ,0.5461,0.0413,0.0,0.0,0.0,0.0428,0.0351,0.0359,0.0,0.1533,0.0,0.038,0.0742,0.0366,0.0,0.0,0.0,0.0,0.0,0.0,0.0,0.0525,0.0,0.0,0.0,0.0639,0.0,0.0,0.0557,0.0,0.1354,0.1216,0.0,0.1216,0.0,0.0,0.0,0.0,0.0,0.0,0.0,0.0,0.2527,0.0411,0.0,0.0,0.0366,0.482,0.0,0.0733,0.0,0.0,0.0,0.0,0.2995
PCT,0.2356,0.0,0.0,0.0,0.046,0.0966,0.2011,0.0,0.0,0.0938,0.0,0.0435,0.0,0.3212,0.0,0.0,0.0,0.0827,0.0503,0.0,0.0,0.0436,0.0495,0.0,0.0,0.0,0.1548,0.0,0.0932,0.0,0.0,0.105,0.0,0.0,0.0,0.0465,0.0,0.0436,0.046,0.1263,0.0,0.0,0.0465,0.0451,0.0451,0.0,0.0,0.25,0.0489,0.0453,0.0,0.0,0.0827,0.0,0.0
MGC,0.0485,0.0,0.0,0.0,0.0,0.0,0.0,0.246,0.0,0.2054,0.0,0.0606,0.0,0.0,0.0,0.0,0.0,0.0,0.0,0.0,0.0,0.0,0.0,0.0479,0.0,0.0479,0.1008,0.5466,0.2898,0.0,0.1408,0.0525,0.0,0.1009,0.0,0.0,0.0,0.0,0.0,0.0,0.0,0.0,0.1508,0.0485,0.0,0.0,0.0467,0.6847,0.0,0.0,0.0,0.0,0.0,0.0,0.0
XFN,0.0,0.0,0.0,0.0,0.0939,0.0,0.0,0.1474,0.0,0.0467,0.0,0.0,0.0,0.1497,0.0,0.0,0.0,0.0,0.059,0.0,0.0,0.0,0.0,0.0,0.0,0.0,0.103,0.0,0.0928,0.0445,0.1032,0.0535,0.0,0.3019,0.053,0.0,0.0,0.0,0.0,0.0,0.0,0.0,0.0,0.1019,0.0,0.0,0.0,0.3087,0.0477,0.0,0.204,0.0,0.0,0.0,0.0
PLF,0.549,0.0,0.0,0.0,0.0476,0.1506,0.0,0.1025,0.0,0.5041,0.0526,0.1513,0.1465,0.2952,0.0478,0.0478,0.0,0.0,0.0,0.0979,0.0,0.0,0.0,0.0,0.0479,0.0,0.0495,0.0,0.0,0.0,0.0,0.0502,0.0,0.0,0.0,0.0,0.099,0.0,0.0,0.0,0.0,0.0,0.103,0.0552,0.0476,0.0,0.0,0.4514,0.0,0.0,0.0,0.0,0.0528,0.0,0.0
ZJR,0.0936,0.0,0.0,0.0,0.0173,0.2104,0.0173,0.441,0.0,0.5133,0.0,0.0,0.0,0.262,0.4303,0.0203,0.0,0.3115,0.0198,0.0157,0.0198,0.0,0.0,0.0,0.0,0.0,0.0,0.0,0.3689,0.0,0.0,0.0,0.0,0.0203,0.0,0.0203,0.0,0.0,0.0,0.0,0.0,0.0,0.0159,0.0,0.0,0.0,0.0,0.4073,0.0,0.1337,0.0,0.0,0.0158,0.0,0.0
BFD,0.4236,0.0,0.0,0.0,0.0,0.2598,0.1569,0.2073,0.043,0.0,0.0,0.0,0.0,0.4115,0.0444,0.0,0.043,0.043,0.0,0.0,0.0861,0.0,0.1677,0.1009,0.0525,0.0586,0.0475,0.0,0.057,0.0,0.0,0.0,0.0,0.0443,0.0521,0.0,0.0,0.0,0.0987,0.0,0.0,0.0,0.0,0.043,0.0,0.0,0.0,0.0905,0.043,0.0466,0.0,0.1415,0.0,0.0,0.0
ZUZ,0.049,0.0,0.0,0.0,0.0469,0.0,0.0,0.3046,0.0,0.3062,0.0,0.0,0.1163,0.1001,0.0,0.0,0.0444,0.0,0.0,0.0,0.0,0.0,0.0,0.0,0.0,0.0,0.0963,0.3016,0.4468,0.0,0.2061,0.0565,0.0,0.049,0.049,0.0,0.0,0.0974,0.0505,0.0,0.0,0.0,0.049,0.0,0.0,0.0,0.1442,0.7028,0.0,0.0,0.0981,0.0,0.0,0.0,0.0
TRC,0.297,0.0,0.0,0.0,0.0,0.1517,0.0647,0.0452,0.0,0.0,0.0,0.0,0.0,0.8031,0.0476,0.0,0.0,0.1064,0.0459,0.0,0.1425,0.0467,0.0,0.1057,0.0452,0.0924,0.0,0.0,0.0491,0.0,0.0,0.0,0.0,0.1008,0.0,0.0,0.0,0.1403,0.0,0.0,0.0,0.0,0.0935,0.0472,0.0,0.0,0.0,0.3482,0.0,0.1112,0.0,0.0,0.0,0.0,0.0
SIE,0.1482,0.0,0.0,0.0,0.2553,0.0534,0.0,0.0489,0.0,0.193,0.0469,0.0,0.2078,0.0939,0.0,0.0,0.0,0.0,0.0,0.0,0.0469,0.0,0.0,0.0,0.0,0.0,0.2995,0.1033,0.0552,0.0981,0.0,0.1005,0.0,0.2581,0.0,0.0946,0.0,0.0,0.0,0.0,0.0,0.0,0.0521,0.0489,0.0,0.0,0.105,0.7524,0.0,0.0,0.0482,0.0,0.0,0.0,0.0
ROO,0.4934,0.0,0.0,0.0,0.0,0.0,0.0,0.1532,0.0,0.0,0.0,0.0,0.0,0.0988,0.0,0.0,0.0,0.0,0.0,0.0,0.0,0.0,0.0,0.0,0.0,0.0533,0.1009,0.0,0.0,0.324,0.0,0.585,0.4369,0.6814,0.0,0.0,0.0,0.0,0.0,0.0,0.0391,0.0,0.2235,0.4231,0.0,0.0,0.0459,0.1439,0.0,0.0,0.0,0.0,0.0,0.0,0.0489
ADL,0.0898,0.0,0.0,0.0,0.0,0.0,0.0,0.1558,0.0,0.2792,0.0,0.0443,0.0,0.1346,0.0,0.0,0.0,0.0,0.0,0.0,0.0,0.0,0.0,0.0,0.0,0.0,0.0842,0.5127,0.366,0.0,0.2603,0.0696,0.0,0.0457,0.0,0.0457,0.0,0.0,0.0,0.0,0.0,0.0,0.0,0.0,0.0,0.0,0.1336,0.7602,0.0,0.0,0.0872,0.0,0.0,0.0,0.0
TGU,0.0617,0.0,0.0,0.0,0.0,0.0992,0.0407,0.0743,0.0,0.3335,0.0,0.0,0.0,0.0785,0.0,0.0,0.0378,0.0,0.0,0.0,0.0,0.0,0.0,0.0,0.0,0.0,0.0,0.0404,0.1112,0.1214,0.1112,0.1252,0.1294,0.2129,0.0,0.0,0.0,0.0,0.0,0.0,0.0463,0.0,0.2039,0.225,0.2868,0.0,0.0404,0.2531,0.0,0.0,0.0906,0.0515,0.0,0.0,0.044
ARL,0.247,0.0,0.0,0.0,0.0,0.1465,0.0,0.0947,0.0,0.2948,0.0,0.0467,0.0,0.0467,0.0526,0.0,0.0,0.0,0.0,0.0,0.0,0.0,0.0,0.0,0.0,0.0,0.0,0.198,0.6587,0.0,0.1536,0.0498,0.0498,0.0,0.0,0.0,0.0,0.0,0.0,0.0,0.0,0.0,0.0991,0.1613,0.0,0.0,0.0974,0.4462,0.0,0.0503,0.0,0.0,0.0,0.0473,0.0
RVX,0.0372,0.0,0.0,0.0,0.0,0.0,0.0372,0.098,0.0,0.0,0.0,0.0,0.0,0.0,0.0,0.0,0.0,0.0,0.0,0.0,0.0,0.0,0.0518,0.0,0.0,0.0,0.1177,0.0,0.0458,0.1838,0.0,0.3139,0.0751,0.3732,0.0,0.1238,0.0,0.0,0.0,0.0,0.1558,0.0375,0.0,0.0561,0.0,0.0,0.0,0.2317,0.0,0.042,0.0,0.0,0.0,0.0,0.0751
ESF,0.2428,0.047,0.0,0.0,0.0,0.1579,0.0,0.0463,0.0,0.0,0.0,0.0,0.0,0.4368,0.0,0.0,0.0,0.047,0.0,0.0,0.0,0.0,0.0968,0.1125,0.0537,0.0,0.3094,0.0,0.0927,0.0588,0.0,0.0,0.0,0.1427,0.0452,0.0,0.0,0.0452,0.1528,0.1123,0.0,0.0485,0.1075,0.0588,0.0,0.0,0.0,0.2394,0.0,0.0,0.0,0.0444,0.0,0.0,0.0
NGL,0.6206,0.0387,0.0,0.0,0.0,0.0,0.0602,0.0494,0.0,0.0,0.0,0.0,0.0,0.0,0.0,0.0,0.0,0.0,0.0,0.0,0.0,0.0,0.0,0.0,0.0,0.0863,0.0681,0.0,0.0438,0.1925,0.1556,0.3621,0.227,0.3652,0.0,0.0,0.0,0.0,0.0,0.0,0.0843,0.0478,0.2967,0.2229,0.0,0.0,0.0387,0.1075,0.0,0.0,0.0423,0.0,0.0365,0.0,0.3315
KRN,0.0995,0.0,0.0,0.0,0.0894,0.0465,0.0,0.0,0.0,0.3842,0.0,0.0,0.0918,0.0947,0.0,0.0,0.0974,0.0,0.0,0.0,0.0,0.0,0.0,0.0,0.0,0.0,0.0,0.0472,0.1417,0.047,0.0,0.047,0.047,0.0549,0.0,0.0472,0.0,0.0,0.0,0.0,0.0,0.0,0.1542,0.0452,0.0,0.0,0.1497,0.5101,0.0,0.0442,0.0486,0.0,0.0549,0.0,0.0
GFG,0.0473,0.0,0.0,0.0,0.0,0.0991,0.0,0.0459,0.0,0.2771,0.0,0.107,0.1787,0.1616,0.0,0.0,0.0,0.0,0.0,0.0,0.0,0.0451,0.0,0.0,0.0,0.0,0.0,0.0947,0.149,0.0,0.0543,0.0,0.0658,0.0,0.0491,0.0488,0.0,0.0,0.0,0.0,0.0,0.0,0.0,0.0,0.0783,0.0491,0.0488,0.5319,0.0,0.0,0.0991,0.0,0.0,0.0,0.0658
EMF,0.4626,0.0,0.0,0.0,0.1369,0.0,0.0883,0.1925,0.0,0.1277,0.0,0.0,0.0911,0.1276,0.0,0.0,0.0,0.0,0.0,0.0,0.0,0.0,0.0,0.0,0.0,0.0,0.0,0.0511,0.2378,0.0427,0.0427,0.0,0.0,0.0486,0.0,0.0,0.0,0.0,0.0,0.0,0.0,0.0,0.0908,0.0481,0.0,0.0,0.1275,0.3591,0.0,0.1339,0.0876,0.0,0.0,0.0,0.0481
WAI,0.1531,0.0,0.0,0.0,0.0,0.1878,0.1381,0.5752,0.0451,0.1039,0.0,0.0,0.0,0.0986,0.2879,0.1344,0.0,0.0445,0.0449,0.0,0.0,0.0,0.0,0.0,0.0,0.0,0.0535,0.0,0.3433,0.0,0.0893,0.0,0.0,0.0535,0.0438,0.0,0.0,0.0,0.0,0.0,0.0,0.0,0.0546,0.0,0.0,0.0,0.0,0.3196,0.0,0.0,0.0896,0.0897,0.0,0.0,0.0778
YXB,0.1522,0.0,0.0,0.0,0.0889,0.0435,0.0454,0.0454,0.0,0.2854,0.0489,0.0,0.0435,0.0977,0.0,0.0,0.0,0.0,0.0,0.0,0.0489,0.0,0.0,0.0,0.0,0.0,0.2061,0.0491,0.0491,0.0594,0.0,0.231,0.0437,0.3278,0.0,0.0,0.0,0.0,0.0,0.0,0.048,0.0,0.0924,0.0,0.0449,0.0,0.0,0.3376,0.0,0.0454,0.0,0.0,0.0,0.0,0.0
LMH,0.3144,0.0,0.0,0.0,0.1579,0.1264,0.1083,0.1519,0.0,0.2345,0.0,0.0,0.0929,0.0428,0.0448,0.0,0.0,0.0,0.0,0.0,0.0,0.0,0.0,0.0,0.0,0.0,0.0466,0.134,0.4487,0.0406,0.1259,0.0,0.0,0.0513,0.0,0.0,0.0,0.0,0.0,0.0,0.0,0.0,0.0,0.0877,0.0,0.0,0.0513,0.4689,0.0,0.1459,0.1633,0.0412,0.0445,0.0,0.0889
DRX,0.0421,0.0,0.0,0.0,0.0,0.1879,0.0494,0.15,0.0,0.0491,0.0,0.0,0.0485,0.0491,0.0,0.0,0.0,0.0494,0.0,0.0,0.0,0.0,0.0,0.0,0.0,0.0,0.0438,0.0,0.0437,0.0724,0.0,0.5226,0.104,0.3842,0.0,0.0,0.0,0.0,0.0,0.0515,0.0,0.0,0.3321,0.2327,0.0965,0.0,0.0,0.0,0.0,0.0,0.0,0.0494,0.0,0.0,0.0
OBA,0.2065,0.0,0.0654,0.0,0.0,0.134,0.0559,0.0477,0.0,0.5066,0.0,0.0,0.0441,0.6152,0.0,0.0,0.0,0.0,0.0,0.0,0.0443,0.0,0.0,0.0,0.0887,0.0,0.1073,0.0,0.1036,0.0,0.0477,0.0951,0.0,0.0497,0.1108,0.0,0.0,0.0,0.0,0.0,0.0,0.0,0.0443,0.0893,0.0444,0.0,0.0477,0.4292,0.0,0.0,0.0,0.0,0.0453,0.0,0.0
YPH,0.2945,0.0,0.0,0.0,0.0,0.1323,0.1075,0.0,0.0,0.1572,0.0,0.1487,0.0,0.2685,0.0456,0.0,0.1412,0.0,0.0,0.0,0.0,0.0,0.2852,0.1371,0.0,0.0463,0.0,0.0,0.0451,0.0,0.0,0.0447,0.0,0.0447,0.0471,0.0,0.1914,0.0456,0.0,0.0456,0.0,0.0,0.0451,0.1403,0.0,0.0,0.0,0.0929,0.0531,0.0,0.0475,0.0505,0.0,0.0,0.1487
TWI,0.0,0.0,0.0,0.0,0.0,0.0,0.0,0.0912,0.0,0.0,0.0,0.0,0.0,0.3897,0.0,0.0,0.0,0.1036,0.0,0.0,0.0,0.132,0.0,0.0,0.0,0.0,0.0835,0.0,0.0,0.0,0.0,0.0,0.0,0.0927,0.0414,0.0,0.0,0.0485,0.0414,0.3398,0.0,0.0,0.0,0.0,0.0,0.0,0.0,0.0444,0.0,0.0,0.0,0.0,0.1036,0.0,0.0
BXX,0.6039,0.0,0.0,0.0,0.0,0.1383,0.0,0.1383,0.0,0.626,0.0444,0.4246,0.0446,0.2406,0.0,0.0,0.0,0.0,0.0,0.0,0.0,0.0,0.0,0.0,0.0,0.0,0.0,0.0446,0.0464,0.0,0.0,0.0,0.0,0.0,0.0,0.0,0.0446,0.0,0.0,0.0,0.0,0.0,0.1382,0.0,0.0,0.0,0.0,0.4303,0.0,0.0,0.0,0.0,0.0936,0.0,0.0524
GOL,0.3952,0.0,0.0,0.0,0.0,0.0494,0.0,0.0546,0.0,0.3449,0.0,0.0481,0.0481,0.2452,0.0472,0.0,0.0,0.0958,0.0,0.0,0.0,0.0,0.0497,0.0,0.0,0.0,0.0524,0.0,0.0959,0.1022,0.0,0.2084,0.2017,0.149,0.097,0.0,0.0,0.0,0.0,0.0,0.1433,0.0,0.1456,0.0,0.0,0.0,0.0,0.2474,0.0,0.0,0.0,0.0,0.0478,0.0,0.0
RMP,0.0807,0.0,0.0,0.0,0.0,0.0,0.0,0.1,0.0,0.0492,0.0,0.0,0.0,0.0363,0.0,0.0,0.0,0.0,0.0,0.0,0.0,0.0,0.0,0.0378,0.0363,0.0,0.2479,0.0,0.142,0.1684,0.0603,0.4974,0.0,0.6144,0.0,0.0,0.0,0.0,0.0,0.0,0.0366,0.0,0.1296,0.1246,0.0,0.0,0.0,0.4226,0.0,0.0,0.0,0.0,0.0,0.0,0.0
HIX,0.2308,0.0,0.0,0.0,0.0,0.0424,0.0,0.0446,0.0,0.0495,0.0,0.0,0.0,0.0931,0.0,0.0,0.0,0.0,0.0,0.0,0.0,0.0,0.0,0.0,0.0,0.0,0.1255,0.0,0.0922,0.0436,0.0,0.6041,0.0422,0.5302,0.0,0.0539,0.0,0.0,0.0446,0.0422,0.0,0.0,0.2719,0.2607,0.0,0.0,0.0,0.0495,0.0,0.0,0.0,0.0,0.0,0.0,0.0599
KHQ,0.1465,0.0,0.0,0.0,0.0485,0.0492,0.0,0.0472,0.0,0.4509,0.0,0.0,0.1399,0.045,0.0,0.0,0.2142,0.0,0.0,0.0,0.0,0.0,0.0,0.0,0.0,0.0,0.0,0.0488,0.1419,0.0494,0.0453,0.0494,0.0,0.1685,0.0,0.0485,0.0,0.0,0.0,0.0,0.0,0.0,0.0,0.0948,0.0942,0.0,0.0991,0.4531,0.0,0.0486,0.0,0.0,0.0,0.0,0.0
MQG,0.2412,0.0,0.0,0.0,0.0446,0.044,0.0451,0.105,0.0,0.2426,0.0,0.0462,0.0,0.2234,0.0,0.0,0.1056,0.0,0.0,0.0,0.0,0.0,0.0,0.0,0.0,0.0,0.0,0.0,0.0,0.2187,0.0568,0.1406,0.0,0.3023,0.0952,0.0,0.0568,0.0,0.048,0.0,0.0,0.0,0.2839,0.1371,0.1361,0.0,0.0,0.2409,0.0,0.0,0.047,0.0,0.0462,0.0,0.1156
TYB,0.238,0.0,0.0,0.0,0.0,0.1387,0.0,0.0,0.0,0.0,0.0,0.0,0.0,0.6941,0.1002,0.0,0.0,0.1311,0.0773,0.0,0.352,0.0506,0.094,0.0882,0.2022,0.0,0.094,0.0,0.0,0.0,0.0,0.0,0.0,0.1388,0.0398,0.0,0.0,0.0904,0.14,0.0,0.0,0.0,0.0,0.0882,0.0,0.0,0.0,0.3594,0.0,0.0497,0.0,0.0,0.0375,0.0,0.0
ROC,0.4199,0.0,0.0433,0.0,0.0,0.2973,0.1543,0.086,0.0,0.1971,0.0,0.1447,0.0,0.3466,0.0869,0.0,0.1343,0.0,0.0,0.0,0.0,0.0433,0.3161,0.1394,0.0427,0.0466,0.0,0.0,0.1304,0.0,0.0,0.0,0.0,0.0427,0.1303,0.0,0.1451,0.0442,0.0,0.0442,0.0,0.0,0.1304,0.134,0.0,0.0,0.0,0.1326,0.0546,0.0,0.0929,0.0561,0.0,0.0,0.0
LSB,0.5698,0.0,0.0,0.0,0.0,0.0462,0.0,0.0475,0.0,0.3458,0.0987,0.2433,0.1102,0.1628,0.0,0.0,0.0,0.0,0.0,0.0,0.0,0.0,0.0,0.0,0.0,0.0,0.0,0.0,0.1489,0.1176,0.0693,0.0934,0.0483,0.0969,0.0,0.0,0.1291,0.0,0.0,0.0,0.0483,0.0,0.2596,0.0485,0.0477,0.0,0.0,0.3059,0.0,0.046,0.0,0.0,0.1514,0.0,0.0498
ECM,0.0418,0.0,0.0,0.0,0.0,0.1322,0.0,0.1331,0.0,0.0869,0.0,0.0,0.0427,0.3663,0.0418,0.0,0.0,0.102,0.045,0.0,0.0,0.0953,0.0,0.0,0.0,0.0,0.095,0.0,0.0496,0.0,0.0,0.0,0.0,0.0496,0.0,0.0,0.0,0.0525,0.0,0.24,0.0,0.0,0.0,0.0,0.0427,0.0,0.0496,0.2383,0.0,0.0,0.0,0.0,0.102,0.0,0.0
RLK,0.2247,0.0509,0.0,0.0,0.0,0.0427,0.042,0.0406,0.0,0.1931,0.0,0.0,0.0501,0.0524,0.0,0.0,0.0,0.0,0.0,0.0,0.0,0.0,0.0,0.0,0.0,0.0,0.0,0.0,0.0,0.1344,0.0402,0.3588,0.0489,0.3046,0.0,0.0,0.0,0.0,0.0,0.0435,0.0923,0.0,0.4348,0.2156,0.2919,0.0,0.0,0.1664,0.0,0.0,0.0487,0.0,0.0,0.0,0.0509
MNR,0.1305,0.0,0.0,0.0,0.0,0.1249,0.0412,0.0855,0.0,0.1471,0.0,0.0,0.0,0.3272,0.0,0.0,0.0895,0.0,0.0,0.0,0.0,0.0,0.0,0.0,0.0997,0.0,0.0,0.0,0.0407,0.0,0.0855,0.2749,0.0,0.3254,0.0,0.0,0.0,0.0,0.0,0.0,0.0,0.0,0.296,0.1532,0.0,0.0,0.1316,0.2536,0.0,0.0,0.0448,0.0,0.0,0.0,0.0
EST,0.0,0.0,0.0,0.0,0.0471,0.0,0.0,0.0953,0.0,0.3398,0.0,0.0,0.0,0.0454,0.0,0.0,0.09,0.0,0.0,0.0,0.0,0.0,0.0,0.0,0.0,0.0,0.0471,0.1119,0.0999,0.1369,0.0553,0.188,0.1152,0.2369,0.0,0.0924,0.0,0.0,0.0,0.0,0.0486,0.0,0.0933,0.0931,0.0952,0.0,0.1119,0.314,0.0,0.0,0.0,0.0,0.0,0.0,0.0
HRN,0.1883,0.0,0.0,0.0,0.0,0.1836,0.0939,0.0457,0.0,0.2818,0.1411,0.0462,0.0,0.5439,0.0,0.0,0.0,0.0479,0.0,0.0,0.0,0.0489,0.0,0.0,0.1903,0.0,0.0,0.0,0.0457,0.0,0.0,0.0,0.0,0.0,0.0567,0.0,0.1501,0.0489,0.1708,0.1675,0.0,0.0,0.0,0.0,0.0,0.0,0.0,0.3992,0.0929,0.0,0.0,0.0,0.0,0.0,0.0
YGH,0.356,0.0,0.0,0.0427,0.0,0.0426,0.0,0.0,0.0,0.0,0.0,0.0,0.0,0.5916,0.0,0.0,0.0,0.3569,0.0,0.0,0.0,0.0,0.174,0.1593,0.0,0.0,0.0,0.0,0.0,0.0,0.0,0.0702,0.173,0.1555,0.0,0.0,0.0,0.0427,0.0,0.1423,0.2993,0.1382,0.0,0.0994,0.0,0.0,0.0,0.233,0.0,0.084,0.0,0.0,0.0,0.0,0.0521
KDR,0.6073,0.0,0.0,0.0,0.0,0.234,0.2234,0.0457,0.0,0.1802,0.0,0.0487,0.0,0.2638,0.0471,0.0,0.0,0.0,0.0435,0.0,0.0,0.0,0.1766,0.1024,0.0538,0.048,0.0,0.0,0.0,0.0,0.0,0.0446,0.0,0.0446,0.0,0.0,0.0487,0.0,0.0,0.0,0.0,0.0,0.0,0.048,0.0,0.0,0.0,0.1024,0.0487,0.0,0.0,0.0462,0.0435,0.0,0.0446
CSF,0.0426,0.0,0.0,0.0,0.0,0.0846,0.0,0.0,0.0,0.0637,0.0,0.0,0.0,0.7304,0.0,0.0,0.0,0.1749,0.0425,0.0,0.2521,0.0,0.0,0.0,0.0,0.2394,0.2241,0.0,0.0559,0.0,0.0,0.0,0.051,0.1188,0.1317,0.0,0.0,0.0425,0.1784,0.039,0.051,0.0,0.0,0.0,0.0,0.0,0.0,0.1876,0.0,0.1009,0.0,0.0,0.0,0.0,0.0
ENR,0.0429,0.0,0.0,0.0,0.0486,0.0486,0.0,0.0486,0.0,0.0428,0.0,0.0,0.0,0.4118,0.0,0.0,0.0,0.0,0.0,0.0,0.0,0.0,0.0,0.0,0.0,0.0,0.527,0.0,0.0,0.1516,0.0,0.1889,0.0,0.2689,0.0,0.0569,0.0,0.0,0.1163,0.0,0.0403,0.0,0.0428,0.0,0.0,0.0,0.0,0.571,0.0,0.0,0.0,0.0,0.0,0.0,0.0
PKM,0.7065,0.0457,0.0,0.0,0.0,0.2035,0.0,0.0,0.0,0.2026,0.0,0.0484,0.0,0.3925,0.0484,0.0,0.0975,0.0491,0.0,0.0,0.0448,0.0,0.0,0.2615,0.0,0.0,0.0,0.0,0.0,0.0,0.0,0.0,0.0,0.0547,0.0,0.0,0.0484,0.0,0.0,0.0,0.0,0.0,0.2409,0.1408,0.0,0.0,0.0,0.3075,0.0,0.0448,0.0,0.0,0.0,0.0484,0.0
ELC,0.1021,0.0,0.0,0.0,0.2104,0.0573,0.0476,0.0474,0.0,0.1018,0.0,0.0,0.0495,0.0463,0.0,0.0,0.0493,0.0,0.0463,0.0,0.0,0.0,0.0,0.0,0.0,0.0,0.0495,0.1559,0.2456,0.0,0.0,0.0,0.0,0.165,0.0,0.305,0.0,0.0,0.0,0.0,0.0,0.0,0.0,0.0,0.0,0.0,0.1996,0.6067,0.0,0.0,0.0,0.0,0.0,0.0,0.0
LMV,0.0451,0.0,0.0,0.0,0.0,0.0,0.0,0.1458,0.0,0.0,0.0,0.0,0.0,0.2495,0.0,0.0,0.0,0.0,0.0456,0.0,0.0,0.0,0.0451,0.0,0.0,0.0,0.2017,0.1509,0.1559,0.0507,0.2629,0.1141,0.0,0.0973,0.0494,0.0,0.0,0.0,0.0,0.0,0.0,0.0,0.0,0.0,0.0,0.0,0.0,0.3532,0.0,0.0619,0.1559,0.0,0.0,0.0,0.0
KBP,0.631,0.0906,0.0,0.0,0.0,0.0904,0.1617,0.0476,0.0,0.3081,0.0,0.1905,0.0,0.2743,0.0502,0.0,0.0,0.0,0.0,0.0,0.0453,0.0545,0.0899,0.0978,0.0529,0.0,0.0,0.0,0.0545,0.0,0.0,0.0,0.0,0.0545,0.1446,0.0,0.0956,0.0,0.0,0.0,0.0,0.0,0.0929,0.0887,0.0,0.0,0.0,0.1495,0.0956,0.0437,0.0,0.0,0.0,0.0,0.093
NMW,0.2479,0.0,0.0,0.0,0.0,0.5463,0.0983,0.6989,0.0,0.0,0.0,0.0506,0.0,0.2439,0.1057,0.0,0.0551,0.0,0.0,0.0,0.0,0.0,0.0,0.0,0.0,0.0,0.0,0.0,0.148,0.0,0.0,0.0,0.0,0.0,0.0,0.0,0.0562,0.0,0.0,0.0,0.0,0.0,0.0,0.0,0.0,0.0,0.0,0.2571,0.0,0.0,0.0,0.0485,0.0504,0.0498,0.0
ZBL,0.2328,0.0,0.0,0.0,0.1655,0.0,0.0621,0.2163,0.0435,0.3403,0.0427,0.0427,0.0,0.1948,0.0435,0.0435,0.0,0.0,0.0,0.0,0.0,0.0,0.0,0.0,0.0,0.0,0.0,0.0,0.2064,0.0,0.1082,0.1327,0.0857,0.2454,0.087,0.0479,0.0,0.0,0.0,0.0,0.1386,0.0934,0.0436,0.0,0.0,0.0,0.1072,0.5181,0.0,0.0451,0.1673,0.0,0.0452,0.0,0.0
DTB,0.0387,0.0,0.0,0.0,0.0,0.0679,0.0,0.1981,0.0,0.2561,0.0,0.0,0.0,0.0784,0.0,0.0,0.0,0.0,0.0,0.0,0.0,0.0,0.0,0.0,0.0,0.0,0.0504,0.0397,0.7517,0.0,0.4142,0.0457,0.0457,0.0,0.0,0.0,0.0,0.0,0.0,0.0,0.0,0.0,0.0913,0.0858,0.0396,0.0,0.0,0.2798,0.0,0.0,0.1251,0.0,0.0,0.0,0.0
PKP,0.4105,0.0,0.0,0.0,0.0,0.0893,0.0,0.0395,0.0,0.3951,0.0407,0.0414,0.0414,0.0392,0.0,0.0,0.0,0.0,0.0,0.0,0.0,0.0,0.0,0.0,0.0,0.0,0.0,0.0,0.6362,0.0,0.0401,0.0,0.0,0.0,0.0,0.0,0.0,0.0,0.0,0.0392,0.0,0.0,0.0,0.0,0.0,0.0,0.0814,0.4467,0.0,0.0,0.0401,0.0,0.0,0.0478,0.0
ZKC,0.1461,0.0,0.0,0.0,0.0,0.1842,0.051,0.0883,0.0,0.2109,0.0,0.045,0.0409,0.0466,0.0,0.0,0.086,0.0,0.0,0.0,0.0,0.0,0.0,0.0,0.0,0.0,0.0,0.0,0.0824,0.046,0.0443,0.0843,0.0414,0.0841,0.0,0.0,0.0,0.0,0.0,0.0,0.0,0.0,0.1378,0.1498,0.2935,0.0,0.0395,0.2428,0.0,0.0,0.2144,0.1929,0.045,0.0,0.0
HJL,0.2264,0.0,0.0,0.0,0.1281,0.2075,0.1927,0.2143,0.2207,0.0884,0.0,0.0445,0.0,0.1758,0.1333,0.1095,0.0,0.0,0.0,0.0,0.0,0.0,0.1014,0.0,0.0,0.0711,0.0,0.0,0.0498,0.0,0.0,0.0496,0.0499,0.0496,0.0,0.0,0.0,0.0,0.0,0.0,0.0423,0.0922,0.0438,0.1209,0.0,0.0,0.0,0.088,0.0985,0.0,0.0487,0.0991,0.0445,0.0,0.0496
GRR,0.3933,0.0431,0.0,0.0,0.0695,0.0,0.0,0.0933,0.0,0.0433,0.0,0.0,0.0,0.4035,0.0,0.0,0.0,0.0,0.0,0.0,0.106,0.0,0.0,0.1601,0.0418,0.1505,0.2787,0.0,0.0,0.0426,0.0,0.1359,0.0914,0.3259,0.0479,0.0,0.0,0.0431,0.2308,0.0479,0.0,0.0,0.0,0.0933,0.0,0.0,0.0,0.3723,0.0,0.1693,0.0,0.0,0.0,0.0,0.0
SPQ,0.0,0.0,0.0,0.0,0.0439,0.0439,0.0,0.1562,0.0,0.0587,0.0,0.0,0.1466,0.0,0.0,0.0,0.0,0.0,0.0,0.0,0.0,0.0,0.046,0.0,0.0,0.0,0.1358,0.044,0.09,0.046,0.0,0.3121,0.2592,0.4932,0.0,0.0,0.0,0.0,0.0,0.0,0.2011,0.0,0.0,0.044,0.0,0.0,0.0,0.3076,0.0,0.0,0.0482,0.0,0.0,0.0,0.0
NCO,0.2537,0.0,0.0,0.0,0.0407,0.0407,0.0,0.1576,0.0,0.0564,0.0,0.0,0.0,0.2513,0.0,0.0,0.0,0.0,0.0,0.0,0.0,0.0,0.0,0.0,0.0,0.0,0.2554,0.0,0.0,0.1587,0.0,0.4079,0.1514,0.6733,0.0,0.0449,0.0,0.0,0.121,0.0,0.0,0.0,0.0564,0.1597,0.0,0.0,0.0,0.4421,0.0,0.0,0.0,0.0,0.0,0.0,0.0
BJH,0.6488,0.0,0.0,0.0,0.0,0.2056,0.2435,0.0937,0.0,0.1497,0.0,0.0486,0.0,0.3772,0.0487,0.0,0.0,0.0,0.0452,0.0,0.0,0.0452,0.1536,0.0,0.1008,0.0,0.0457,0.0,0.0452,0.0,0.0,0.0,0.0,0.0452,0.098,0.0,0.0486,0.0,0.0,0.0,0.0,0.0,0.0,0.0452,0.0,0.0,0.0,0.1016,0.0486,0.0,0.0,0.0463,0.0452,0.0,0.0469
CMA,0.3629,0.0,0.0442,0.0,0.0,0.0936,0.0,0.1203,0.0,0.3581,0.3946,0.0954,0.0,0.5159,0.2584,0.0,0.2763,0.0759,0.0,0.1285,0.0526,0.0,0.0,0.0,0.0,0.0,0.0,0.0,0.0881,0.0,0.0,0.0,0.0413,0.0423,0.3537,0.2404,0.3124,0.0889,0.0,0.0,0.0,0.0,0.0423,0.0,0.0,0.0,0.0,0.09,0.0,0.0,0.0,0.0,0.0434,0.1568,0.0
SRY,0.1545,0.1082,0.0,0.0,0.0,0.4276,0.0,0.2476,0.0399,0.3403,0.0376,0.0633,0.0,0.2074,0.0796,0.0,0.0,0.0,0.0,0.0,0.0,0.0771,0.0,0.0,0.0,0.0,0.0,0.0,0.3502,0.0,0.0,0.0,0.0,0.0,0.1176,0.0376,0.1396,0.0,0.0,0.0385,0.0,0.0,0.0797,0.0402,0.1808,0.0,0.0,0.1162,0.0382,0.0,0.0,0.0394,0.0,0.0,0.0
SKU,0.3939,0.057,0.0,0.0,0.0423,0.0846,0.0404,0.1899,0.0,0.0,0.0,0.0,0.0,0.4045,0.0,0.0,0.0,0.0,0.0,0.0,0.0408,0.0,0.0,0.0489,0.0489,0.0792,0.151,0.0,0.0,0.0946,0.0,0.2902,0.1338,0.399,0.0,0.1269,0.0,0.057,0.1342,0.0,0.0,0.0,0.094,0.2416,0.0,0.0,0.0,0.4011,0.0,0.0,0.0,0.0,0.0,0.0,0.0
JVF,0.0529,0.0,0.0,0.0,0.122,0.1885,0.0952,0.2067,0.0423,0.0,0.0,0.0,0.1225,0.0865,0.0,0.0,0.0,0.0,0.0,0.0,0.0,0.0709,0.0,0.0,0.0,0.0,0.2811,0.0,0.0395,0.0395,0.0,0.0,0.0,0.0521,0.0411,0.0,0.0,0.0395,0.0411,0.0,0.0,0.0,0.0847,0.1114,0.0,0.0,0.0,0.7229,0.0,0.0686,0.0,0.132,0.0,0.0,0.0
JJF,0.0459,0.0,0.0,0.0,0.0,0.0475,0.0419,0.0,0.0,0.0,0.0,0.0,0.0566,0.818,0.0,0.0,0.0,0.05,0.0,0.0,0.135,0.0,0.1337,0.0,0.3246,0.0853,0.2579,0.0,0.0,0.0,0.0,0.0,0.0,0.0,0.0921,0.0,0.0,0.0419,0.0,0.0,0.0,0.0,0.0,0.0,0.0,0.0,0.0,0.3616,0.0,0.0,0.0,0.0,0.0,0.0,0.0
LIM,0.2049,0.0,0.0,0.0516,0.0,0.0,0.0428,0.0,0.0,0.042,0.0,0.0,0.042,0.0,0.0,0.0,0.0,0.0,0.0,0.0,0.0,0.0,0.0,0.0,0.0,0.0,0.0407,0.0,0.0428,0.3549,0.0407,0.4812,0.4435,0.5811,0.0407,0.0,0.0,0.0,0.0,0.0428,0.2964,0.0,0.1484,0.1021,0.0,0.0,0.0,0.042,0.0,0.0,0.0,0.0,0.0,0.0,0.05
VOA,0.053,0.0,0.0,0.0,0.0395,0.053,0.0,0.0,0.0,0.3468,0.0471,0.0515,0.1332,0.7684,0.0,0.0,0.0,0.0,0.0515,0.081,0.0,0.0,0.0,0.0,0.0524,0.0,0.1876,0.0975,0.1334,0.0,0.0,0.0,0.0,0.0395,0.0608,0.0,0.0,0.0,0.1464,0.0,0.0,0.0,0.0,0.0,0.0,0.0,0.137,0.7286,0.0,0.0,0.0,0.0,0.0,0.0,0.0
BRF,0.197,0.0,0.0,0.0,0.0,0.0872,0.2554,0.0,0.0,0.0425,0.0,0.0,0.0406,0.5317,0.0445,0.0425,0.0,0.0419,0.0,0.0,0.0,0.2354,0.0817,0.0376,0.0376,0.0338,0.0748,0.0,0.1561,0.0,0.0,0.0386,0.0805,0.0,0.0,0.0,0.0,0.1175,0.0362,0.1982,0.0805,0.0,0.0406,0.1154,0.0,0.0,0.0,0.156,0.0,0.1148,0.0,0.0,0.0,0.0,0.0
XMP,0.4179,0.0,0.0,0.0,0.0,0.0775,0.0444,0.0511,0.0,0.0,0.0,0.0,0.0444,0.1819,0.0,0.0,0.0,0.0,0.0,0.0,0.0892,0.0,0.1456,0.1442,0.0,0.0,0.1101,0.0,0.1295,0.0,0.0435,0.3097,0.0,0.3247,0.0,0.0486,0.0,0.0,0.0957,0.0,0.0,0.0,0.1366,0.139,0.0,0.0,0.0,0.0446,0.0,0.0,0.0,0.0,0.0,0.0,0.0572
PAW,0.3703,0.0,0.0,0.0,0.0575,0.0,0.0,0.0,0.0,0.0433,0.0,0.0,0.0,0.1823,0.0,0.0,0.0,0.0,0.0,0.0,0.0475,0.0,0.2052,0.2074,0.0,0.0599,0.0985,0.0,0.0,0.0438,0.0,0.0,0.103,0.0,0.0,0.0,0.0,0.0965,0.1596,0.0,0.0431,0.0,0.1198,0.0871,0.0,0.0,0.0,0.1993,0.0,0.0,0.0536,0.0,0.0599,0.0,0.0
ZFC,0.3039,0.0439,0.0,0.0,0.0,0.0,0.0,0.0401,0.0,0.0392,0.0,0.0,0.0,0.0868,0.0,0.0,0.0,0.0,0.0,0.0,0.0,0.0,0.0,0.0,0.0,0.0,0.0,0.0,0.0,0.0439,0.0,0.4337,0.0,0.5328,0.0,0.0,0.0,0.0,0.0471,0.0,0.0,0.0,0.4337,0.1283,0.0,0.0,0.0,0.1237,0.0,0.0,0.0,0.0,0.0,0.0,0.0
UNF,0.0473,0.0,0.0,0.0,0.11,0.0544,0.0,0.1463,0.0,0.0436,0.0,0.0,0.0,0.1877,0.0,0.0,0.0,0.0,0.0,0.0,0.0,0.0,0.0,0.0,0.0,0.0,0.3333,0.0,0.2056,0.1343,0.0502,0.2308,0.0485,0.5518,0.0472,0.0,0.0,0.0,0.0425,0.0,0.0,0.0,0.0921,0.1429,0.0,0.0,0.0,0.7016,0.0,0.0,0.0,0.0,0.0461,0.0,0.0
LEK,0.5417,0.0,0.0,0.0,0.0,0.1913,0.0,0.0946,0.0,0.1456,0.0,0.0494,0.0,0.9513,0.0,0.0,0.0,0.2015,0.0567,0.047,0.4307,0.0,0.0473,0.0494,0.202,0.0987,0.0,0.0,0.1448,0.0,0.0,0.0,0.0,0.0,0.2377,0.0,0.0501,0.0,0.0,0.0,0.0,0.0,0.0493,0.0,0.0,0.0,0.0,0.298,0.0,0.0,0.0,0.0,0.0,0.0,0.0
RUT,0.1981,0.0,0.0,0.0404,0.0,0.0,0.0475,0.0,0.0,0.0482,0.0,0.0,0.0482,0.0,0.0,0.0,0.0,0.0,0.0,0.0,0.0,0.0,0.0,0.0,0.0,0.0,0.0,0.0,0.0882,0.1876,0.0,0.4385,0.3959,0.769,0.0,0.0,0.0,0.0,0.0,0.0475,0.2649,0.0,0.1736,0.1787,0.0,0.0,0.0,0.0482,0.0,0.0,0.0,0.0,0.0,0.0,0.0506
VUB,0.3039,0.0,0.0,0.0,0.0,0.0489,0.0,0.0513,0.0,0.3534,0.1481,0.1511,0.0,0.652,0.0,0.0,0.0,0.1018,0.0,0.1992,0.0971,0.0,0.1543,0.0527,0.0942,0.0,0.1036,0.0,0.0,0.0,0.0,0.0,0.0,0.0527,0.1977,0.1959,0.0976,0.0463,0.0,0.0,0.0478,0.0,0.0536,0.0,0.0,0.0,0.0,0.3997,0.0,0.0518,0.0,0.0,0.0,0.0,0.0
FEL,0.4667,0.0,0.0,0.0,0.0,0.0886,0.0,0.0,0.0,0.0,0.0,0.0,0.0,0.8046,0.0,0.0,0.0,0.2967,0.1048,0.0,0.1069,0.0,0.1435,0.1435,0.0548,0.0483,0.0,0.0,0.0,0.0,0.0,0.0,0.0,0.0,0.0485,0.0,0.0,0.0596,0.0,0.0533,0.0,0.0,0.0,0.0,0.0,0.0,0.0,0.449,0.0,0.0488,0.0,0.0,0.0,0.0,0.0
MZZ,0.097,0.0,0.0,0.0467,0.0,0.0487,0.0,0.2026,0.0,0.3536,0.0,0.0472,0.0,0.3072,0.0,0.0,0.0,0.0,0.0603,0.0,0.0,0.0,0.0,0.0,0.0,0.0,0.0482,0.147,0.2986,0.0,0.0475,0.0,0.0,0.0462,0.0,0.0,0.0,0.0,0.0,0.0,0.0,0.0,0.0,0.0476,0.0,0.0,0.0,0.6581,0.0,0.0,0.0,0.0,0.0,0.0,0.0
KFA,0.0928,0.0,0.0,0.0,0.0471,0.049,0.0,0.1615,0.0,0.046,0.0,0.0,0.0,0.1604,0.0,0.0,0.0,0.0,0.0468,0.0,0.0,0.0,0.0,0.0,0.0468,0.0,0.1467,0.0,0.0981,0.0975,0.0,0.203,0.1452,0.1493,0.0,0.0,0.0,0.0554,0.0,0.0,0.1465,0.0512,0.046,0.0,0.0,0.0,0.0,0.1608,0.0,0.0,0.0,0.0,0.0,0.0,0.0
XMX,0.511,0.0,0.0,0.0,0.0,0.0376,0.0547,0.0893,0.0,0.0,0.0,0.0,0.0,0.0358,0.0,0.0,0.0,0.0,0.0,0.0,0.0,0.0,0.0,0.0,0.0,0.095,0.0,0.0,0.0,0.2154,0.0922,0.3285,0.2909,0.3702,0.0,0.0,0.0,0.0,0.0,0.0,0.0768,0.0,0.3347,0.2471,0.0,0.0,0.0,0.1122,0.0,0.0,0.0,0.0,0.0,0.0,0.1777
ZFZ,0.2525,0.0,0.0,0.0,0.0,0.1918,0.1274,0.0932,0.0,0.0914,0.0,0.0432,0.0471,0.9131,0.0735,0.0,0.0,0.1511,0.0938,0.0,0.3689,0.0,0.0,0.0,0.0,0.1898,0.0398,0.0,0.0,0.0,0.0,0.0,0.0,0.0,0.0,0.0,0.0,0.0,0.0398,0.0,0.0405,0.0,0.0534,0.0,0.0,0.0,0.0,0.452,0.0,0.0398,0.0,0.0,0.0,0.0,0.0
UDP,0.3534,0.0,0.0,0.1548,0.0,0.0427,0.0478,0.0,0.0,0.0,0.0,0.0,0.0,0.0,0.0,0.0,0.0,0.0,0.0,0.0,0.0,0.0,0.0,0.0,0.0,0.0,0.0606,0.0,0.0905,0.2744,0.0,0.2807,0.3557,0.674,0.0,0.0,0.0,0.0,0.0,0.0478,0.1675,0.0,0.106,0.1347,0.0,0.0,0.0,0.0782,0.0,0.0,0.0,0.0,0.0,0.0,0.0816
INC,0.2254,0.0,0.0,0.0484,0.0,0.0,0.0,0.044,0.0,0.0,0.0,0.0,0.0,0.1009,0.0,0.0,0.0,0.0,0.0573,0.0,0.0,0.0,0.0,0.0,0.0,0.0463,0.2815,0.0,0.0,0.102,0.0,0.5672,0.3191,0.3583,0.0,0.0,0.0,0.0449,0.1067,0.0449,0.3508,0.0,0.0463,0.0,0.0,0.0,0.0,0.2111,0.0,0.0,0.0,0.0,0.0604,0.0,0.1305
JQG,0.0,0.0,0.0,0.0,0.1633,0.0434,0.0656,0.1138,0.0,0.0,0.0,0.0,0.1633,0.1361,0.0,0.0,0.0,0.0,0.0,0.0,0.0,0.0485,0.0,0.0,0.0,0.0,0.534,0.0,0.1453,0.1387,0.0939,0.054,0.0,0.1097,0.0,0.0,0.0,0.0514,0.0,0.0,0.0,0.0,0.0,0.1075,0.0,0.0,0.0558,0.5084,0.0,0.0656,0.0939,0.0,0.0,0.0,0.0
PKB,0.4043,0.0,0.0,0.0896,0.0,0.0,0.0,0.0447,0.0,0.2287,0.0,0.1319,0.0,0.3246,0.0,0.0,0.0,0.0532,0.045,0.0,0.0,0.0,0.0,0.0,0.0,0.0,0.0,0.0,0.0,0.0,0.0449,0.239,0.1419,0.0532,0.0487,0.0,0.0,0.0,0.0,0.0,0.3068,0.0441,0.132,0.0,0.0,0.0,0.0,0.0888,0.0,0.0432,0.0,0.0,0.1268,0.0,0.0
HJH,0.3016,0.0,0.0,0.0,0.0537,0.0,0.0,0.041,0.0,0.6792,0.0,0.1907,0.2689,0.1595,0.0,0.0,0.0,0.0,0.0,0.0,0.0,0.0,0.0,0.0,0.0,0.0,0.0,0.0,0.2375,0.0,0.0864,0.041,0.0,0.0961,0.0432,0.0,0.0518,0.0468,0.0468,0.0,0.0,0.0,0.1296,0.0529,0.0,0.0,0.0,0.4492,0.0,0.0554,0.0454,0.0,0.0,0.0,0.0
GMU,0.1415,0.0,0.0,0.0468,0.0,0.0,0.0461,0.0,0.0,0.0553,0.0,0.0,0.0553,0.0,0.0,0.0,0.0,0.0,0.0,0.0,0.0,0.0,0.0,0.0,0.0,0.0,0.0446,0.0,0.0461,0.1944,0.0,0.3674,0.4231,0.6229,0.0,0.0,0.0,0.0,0.0,0.0461,0.2633,0.0,0.0946,0.0521,0.0,0.0,0.0,0.0553,0.0,0.0,0.0,0.0,0.0,0.0,0.0896
UVM,0.1933,0.0,0.0,0.0,0.0979,0.0,0.0,0.1929,0.0,0.195,0.0,0.0,0.0,0.2505,0.0,0.0,0.0,0.0,0.0,0.0,0.0,0.0,0.0,0.0,0.0494,0.0,0.2011,0.2592,0.0468,0.0513,0.0468,0.0,0.0,0.0491,0.0494,0.0,0.0494,0.0,0.0494,0.0,0.0,0.0,0.0,0.1058,0.0,0.0,0.0,0.2955,0.0,0.0,0.0,0.0,0.0,0.0,0.0
EIS,0.6206,0.0924,0.0,0.113,0.0,0.1383,0.0909,0.0568,0.0,0.1351,0.0,0.0,0.0,0.1066,0.0451,0.0451,0.1351,0.1066,0.0,0.0,0.0,0.0,0.0457,0.0,0.0,0.0,0.0451,0.0,0.0,0.0,0.0568,0.2721,0.1014,0.3786,0.1052,0.0,0.0,0.0,0.0,0.0,0.1582,0.0,0.2069,0.0,0.0,0.0,0.0,0.1353,0.0,0.0,0.0,0.0,0.0913,0.0,0.0
QWB,0.0,0.0,0.0,0.0,0.0509,0.0451,0.097,0.0,0.0,0.2869,0.0,0.0,0.0411,0.0459,0.0,0.0,0.0,0.0,0.0,0.0,0.0,0.0,0.0,0.0,0.0,0.0,0.0,0.0442,0.0849,0.0499,0.0473,0.13,0.0499,0.0929,0.0,0.0509,0.0,0.0,0.0,0.0,0.1505,0.0,0.1902,0.0407,0.1978,0.0,0.0509,0.3955,0.0,0.0418,0.0,0.0457,0.0,0.0,0.0
HBY,0.2757,0.0,0.0,0.0,0.0459,0.1507,0.0569,0.0569,0.0,0.0,0.0,0.0,0.0,0.3728,0.0,0.0,0.0,0.0,0.0,0.0,0.0,0.0,0.3907,0.2273,0.1396,0.0,0.0,0.0,0.0,0.0,0.0,0.0443,0.0,0.0418,0.0443,0.0,0.0,0.0,0.0623,0.0,0.0444,0.0,0.2214,0.0408,0.0,0.0,0.0,0.1728,0.0,0.1082,0.0,0.0,0.0,0.0,0.0401
PFP,0.2964,0.0,0.0,0.0451,0.0437,0.0461,0.0,0.0448,0.0,0.0441,0.0,0.0,0.0,0.6174,0.0,0.0,0.0,0.0515,0.0,0.0652,0.1338,0.0,0.0,0.0448,0.046,0.0895,0.0,0.0,0.1128,0.0,0.0,0.0,0.0,0.069,0.0652,0.0,0.0,0.0,0.0,0.109,0.0,0.0,0.046,0.0,0.0,0.0,0.0,0.4423,0.0,0.0438,0.0,0.0,0.0,0.0,0.1781
HDK,0.8155,0.4103,0.046,0.2189,0.0,0.1456,0.0,0.0,0.0,0.1424,0.0,0.0,0.0,0.4612,0.0,0.0,0.0,0.0,0.0,0.0,0.3206,0.0,0.0,0.0,0.0,0.0,0.0,0.0,0.0,0.0,0.0,0.0,0.0,0.0,0.3075,0.0,0.0,0.0,0.0,0.0,0.0,0.0,0.0474,0.0492,0.0,0.0,0.0,0.0462,0.0,0.0,0.0,0.0,0.0492,0.0,0.1354
LRQ,0.2722,0.0,0.0,0.0,0.0,0.0,0.0,0.0,0.0,0.0,0.0,0.0409,0.0,0.8509,0.0,0.0,0.0,0.0468,0.0531,0.0,0.1775,0.0454,0.0538,0.0409,0.0818,0.2989,0.0876,0.0,0.0,0.0,0.0,0.0,0.0451,0.0483,0.1285,0.0,0.0,0.0,0.0876,0.0877,0.0,0.0,0.0,0.0,0.0422,0.0,0.0,0.3291,0.0,0.0422,0.0,0.0,0.0,0.0,0.0
KLZ,0.0445,0.0,0.0,0.0,0.0,0.1089,0.0512,0.0,0.0,0.5331,0.0,0.0,0.0,0.6451,0.0,0.0,0.0,0.0,0.0499,0.0,0.0,0.0,0.0,0.0,0.0454,0.0,0.156,0.0,0.0512,0.0558,0.0,0.0503,0.0563,0.1049,0.0,0.0,0.0,0.0,0.0,0.0499,0.0563,0.0,0.0635,0.0531,0.0,0.0,0.0,0.5011,0.0,0.0,0.0,0.0,0.0,0.0,0.0
OFL,0.245,0.0,0.0,0.0,0.0,0.0,0.1285,0.0928,0.0928,0.1301,0.0,0.0424,0.0424,0.6865,0.0469,0.0,0.0,0.2378,0.0,0.0,0.2557,0.0,0.0417,0.0,0.0431,0.0609,0.2495,0.0,0.0436,0.0,0.0,0.0459,0.0459,0.1293,0.0585,0.0,0.0,0.0,0.0869,0.0,0.0459,0.0,0.0469,0.0,0.0,0.0,0.0,0.4436,0.0,0.0,0.0,0.0,0.0,0.0,0.0
QTV,0.1472,0.0,0.0,0.0,0.0967,0.0936,0.0,0.0468,0.0,0.0,0.0,0.0,0.0,0.103,0.0,0.0,0.0,0.0472,0.0,0.0,0.0,0.0,0.0,0.0,0.0467,0.0,0.1024,0.0,0.1061,0.0482,0.0,0.3071,0.2013,0.4094,0.0465,0.2462,0.0,0.0,0.1941,0.0,0.1053,0.1092,0.0482,0.0482,0.0,0.0,0.0,0.237,0.0,0.0467,0.0,0.0,0.0,0.0,0.0543
GZB,0.4499,0.0866,0.0,0.0,0.0,0.1365,0.2085,0.0479,0.0,0.505,0.0,0.2611,0.0,0.1789,0.0464,0.0,0.0,0.0,0.0442,0.0,0.0875,0.0448,0.0478,0.0,0.0,0.0,0.0,0.0,0.0884,0.0,0.0,0.0,0.0,0.0448,0.0433,0.0,0.1208,0.0,0.0,0.0,0.0428,0.0,0.0912,0.0573,0.0,0.0,0.0,0.09,0.0758,0.0,0.0,0.0,0.0428,0.0,0.1375
TPS,0.0451,0.0,0.0,0.0,0.0,0.0484,0.0931,0.1586,0.0,0.2372,0.0,0.0456,0.0484,0.2806,0.0,0.0,0.0495,0.0,0.0,0.0,0.0,0.0,0.0,0.0,0.0495,0.0,0.0439,0.2893,0.3694,0.0,0.2521,0.0446,0.0,0.0,0.0,0.0,0.0456,0.0,0.0,0.0,0.0,0.0,0.0,0.0955,0.0,0.0,0.0495,0.5347,0.0,0.0,0.1977,0.0,0.0,0.0,0.0
LXW,0.3165,0.0,0.0,0.0,0.0,0.0,0.0,0.0,0.0,0.1143,0.0,0.0,0.0,0.5985,0.0,0.0,0.0,0.0433,0.0,0.0,0.0941,0.044,0.0443,0.0952,0.201,0.2665,0.0486,0.0,0.0438,0.0,0.0,0.0,0.0,0.1346,0.0,0.0,0.0,0.044,0.044,0.044,0.0,0.0,0.0443,0.0,0.0,0.0,0.0,0.3292,0.0,0.0551,0.0,0.0,0.0,0.0,0.15
FCD,0.0,0.0,0.0,0.0,0.0431,0.0524,0.0,0.0986,0.0,0.0524,0.0,0.0,0.1221,0.0439,0.0,0.0,0.0,0.0,0.0,0.0,0.0,0.0,0.0,0.0,0.0,0.0,0.1981,0.0697,0.1221,0.0,0.0,0.3014,0.3677,0.2908,0.0438,0.0431,0.0,0.0,0.0,0.0,0.0977,0.0,0.0439,0.0431,0.0,0.0,0.0,0.208,0.0,0.0,0.0,0.0,0.0,0.0,0.0
QES,0.0452,0.0452,0.0,0.0,0.1752,0.088,0.0,0.0,0.0,0.0889,0.0,0.0,0.0,0.0898,0.0,0.0,0.0952,0.0,0.0,0.0,0.0,0.0,0.0,0.0,0.0,0.0,0.048,0.0482,0.0943,0.0434,0.0,0.0914,0.049,0.1404,0.0,0.1273,0.0,0.0,0.0,0.0,0.0,0.0,0.0941,0.1349,0.0,0.0,0.0927,0.2206,0.0,0.0,0.0451,0.0,0.0,0.0,0.0
UWO,0.0437,0.0,0.0,0.0,0.1186,0.0403,0.0,0.0449,0.0,0.4344,0.0483,0.2588,0.3487,0.6993,0.0,0.0,0.0,0.0,0.0892,0.0,0.0672,0.0,0.0,0.0,0.107,0.0823,0.0383,0.0449,0.1811,0.0,0.0,0.0,0.0,0.0497,0.0,0.0,0.0,0.0,0.0,0.0,0.0,0.0,0.0,0.0,0.0689,0.0,0.1337,0.5015,0.0,0.0,0.0,0.0,0.0,0.0,0.0
RUC,0.2638,0.0,0.0,0.0,0.0,0.0,0.0,0.0,0.0,0.5858,0.0461,0.3405,0.0923,0.0924,0.1042,0.054,0.0,0.0,0.0,0.0,0.0,0.0,0.0,0.0,0.0,0.0,0.0,0.046,0.0471,0.0,0.046,0.0,0.0,0.0,0.0,0.0,0.1429,0.0,0.0,0.0,0.0,0.0,0.07,0.0,0.0,0.0,0.0,0.4055,0.0,0.0,0.0,0.0,0.0,0.0,0.0
UYA,0.1731,0.0,0.0,0.0,0.0553,0.0,0.0,0.0424,0.0,0.0776,0.0,0.0,0.0,0.3625,0.0,0.0,0.0,0.0,0.0568,0.0,0.0,0.0,0.0,0.0,0.1815,0.0,0.2185,0.0424,0.0424,0.0379,0.0424,0.3032,0.0,0.3052,0.0381,0.0,0.0,0.0502,0.0,0.0,0.0,0.0,0.2155,0.0462,0.0,0.0,0.0,0.3561,0.0,0.0,0.0424,0.0,0.0,0.0,0.037
XWW,0.1405,0.0,0.0,0.0406,0.0506,0.0,0.0453,0.0,0.0,0.4824,0.0,0.1344,0.0864,0.2758,0.0,0.0,0.0417,0.0,0.0,0.0,0.0,0.0,0.0403,0.0,0.0,0.0,0.05,0.0883,0.1702,0.0,0.0594,0.0,0.0,0.0901,0.0,0.0,0.0,0.0,0.0469,0.0,0.0403,0.0403,0.0453,0.0432,0.0453,0.0,0.0,0.3714,0.0,0.0,0.1137,0.0469,0.0,0.0,0.0
DIL,0.2795,0.0,0.0,0.041,0.0,0.0429,0.0424,0.0428,0.0,0.3263,0.0,0.2729,0.1679,0.1556,0.0,0.0,0.1375,0.0,0.0,0.0,0.0,0.0,0.0,0.0,0.0,0.0,0.0,0.0,0.218,0.0,0.0,0.0,0.0,0.0403,0.0,0.0,0.0424,0.0,0.0,0.0,0.0,0.0,0.042,0.0403,0.0,0.0,0.0936,0.1715,0.0,0.0,0.136,0.0,0.1839,0.0,0.0
ZMP,0.2555,0.0472,0.0,0.0,0.0661,0.0689,0.0,0.0503,0.0,0.0503,0.0,0.0,0.0,0.5482,0.0,0.0,0.0,0.0472,0.0503,0.0,0.0425,0.0,0.2033,0.1596,0.0871,0.0425,0.0668,0.0,0.0,0.0,0.0,0.0,0.0,0.1188,0.0,0.0,0.0,0.0,0.0,0.0,0.0,0.0431,0.0455,0.0,0.0,0.0,0.0,0.2224,0.0,0.0661,0.0,0.0438,0.0,0.0,0.0957
NPN,0.6867,0.0,0.0,0.0,0.0,0.0559,0.0,0.0,0.0,0.0904,0.0,0.1539,0.0,0.188,0.1013,0.0,0.0,0.0,0.0,0.0,0.0923,0.0,0.3545,0.3946,0.0,0.0,0.0,0.0,0.0,0.0,0.0,0.0,0.0,0.0443,0.0445,0.0,0.0512,0.0,0.0,0.0,0.0,0.0,0.0,0.0,0.0,0.0,0.0,0.1397,0.0,0.0,0.0,0.0,0.0,0.0,0.1137
BOB,0.0476,0.0,0.0,0.0,0.0,0.0,0.0394,0.0,0.0,0.0,0.0,0.0,0.0,0.413,0.0,0.0,0.0,0.0,0.0421,0.0,0.0,0.1913,0.0,0.0,0.0,0.0,0.2386,0.0,0.108,0.0,0.0,0.1089,0.0485,0.0818,0.0,0.0484,0.0,0.0897,0.1189,0.1701,0.0485,0.0,0.0421,0.0872,0.0,0.0,0.0,0.1365,0.0394,0.1309,0.0394,0.0394,0.0,0.0,0.0
HAF,0.0,0.0,0.0,0.0,0.0485,0.0,0.0,0.1953,0.0,0.2381,0.0,0.0,0.0,0.0909,0.0,0.0,0.0,0.0,0.0,0.0,0.0,0.0,0.0,0.0,0.0,0.0,0.057,0.5223,0.2342,0.0,0.1865,0.0516,0.0,0.0423,0.0,0.0423,0.0,0.0692,0.0,0.0,0.0,0.0,0.0,0.0,0.0,0.0,0.1763,0.78,0.0,0.0,0.1225,0.0,0.0,0.0,0.0
TUD,0.2975,0.0,0.0,0.0,0.0,0.1496,0.0,0.0474,0.0,0.4954,0.0,0.1645,0.1652,0.0954,0.0482,0.0482,0.0,0.0,0.0,0.0,0.0477,0.0,0.0,0.0,0.0,0.0,0.0,0.0,0.1508,0.0,0.0,0.0482,0.0,0.0,0.0,0.0,0.0,0.0,0.0,0.0,0.0,0.0,0.0478,0.0478,0.0,0.0,0.0475,0.4569,0.0,0.0,0.0,0.0,0.0,0.0476,0.0
BGB,0.2595,0.0,0.0,0.0455,0.0,0.0,0.0,0.0,0.0,0.0,0.0,0.0,0.0,0.0459,0.0,0.0,0.0,0.1339,0.0,0.0,0.0,0.0,0.0,0.0,0.0,0.0,0.0,0.0,0.0,0.0,0.0,0.1449,0.0433,0.0531,0.0482,0.0,0.0,0.0,0.0,0.0493,0.6349,0.7081,0.0655,0.0,0.0,0.0,0.0,0.0,0.0,0.0,0.0,0.0,0.1533,0.0,0.0
BGZ,0.0903,0.0,0.0,0.0,0.0528,0.1042,0.0,0.0,0.0,0.2853,0.0,0.0452,0.1042,0.095,0.0,0.0,0.047,0.0,0.0,0.0,0.0,0.0,0.0,0.0,0.0,0.0,0.0,0.0487,0.1056,0.0,0.0,0.0471,0.0958,0.0534,0.0,0.0,0.0,0.0,0.0,0.0,0.0,0.0,0.1375,0.0,0.1154,0.0,0.0487,0.2456,0.0,0.0,0.0926,0.0,0.0,0.0,0.0
OTE,0.0422,0.0,0.0,0.0,0.0441,0.0,0.0,0.0547,0.0,0.1407,0.0,0.0,0.0,0.0432,0.0,0.0,0.0433,0.0,0.0,0.0,0.0,0.0,0.0,0.0,0.0,0.0,0.0438,0.0521,0.0,0.1821,0.0547,0.1906,0.2429,0.4141,0.0547,0.0441,0.0,0.0,0.0,0.0,0.3154,0.0595,0.1406,0.1306,0.0912,0.0,0.0962,0.1858,0.0,0.0,0.0459,0.0,0.0,0.0,0.0
UBZ,0.3664,0.0467,0.0,0.0,0.0,0.0481,0.0985,0.0,0.0,0.0,0.0,0.0,0.0,0.5327,0.0,0.0,0.0,0.0,0.0474,0.0,0.0,0.0,0.1884,0.0911,0.096,0.0,0.055,0.0,0.0,0.0,0.0,0.0915,0.0449,0.0915,0.0474,0.0,0.0,0.0467,0.0467,0.0,0.0,0.0,0.0,0.0474,0.0,0.0,0.0,0.2363,0.0,0.0,0.0,0.0,0.0474,0.0,0.138
ZZG,0.3378,0.0,0.0,0.0,0.0,0.0596,0.0,0.1017,0.0,0.5936,0.0988,0.201,0.0449,0.3356,0.0472,0.0,0.0,0.0,0.0,0.0,0.0,0.0,0.0,0.0456,0.0,0.0456,0.0,0.1416,0.3696,0.0,0.0456,0.0,0.0,0.0,0.0,0.0,0.0,0.0,0.0,0.0,0.0,0.0,0.1515,0.0596,0.0,0.0,0.0,0.4002,0.0,0.102,0.0,0.0,0.0,0.0,0.0
IMA,0.0395,0.0,0.0,0.0963,0.0,0.0,0.0,0.0,0.0,0.0589,0.0,0.0,0.0,0.0,0.0,0.0,0.0,0.0,0.0,0.0,0.0,0.0,0.0774,0.0,0.0,0.0,0.0,0.0,0.0,0.0476,0.041,0.1563,0.3676,0.077,0.0,0.0,0.0,0.0,0.0,0.0365,0.4659,0.338,0.0395,0.0395,0.0952,0.0,0.0,0.1868,0.0,0.0,0.0,0.0,0.0,0.0,0.1539
ULU,0.3971,0.0,0.0,0.0489,0.0,0.0991,0.0,0.0,0.0,0.0,0.0,0.0,0.0,0.0,0.0,0.0,0.0,0.0461,0.0,0.0461,0.0,0.0,0.0,0.0,0.0,0.0,0.0471,0.0,0.0489,0.1033,0.0,0.3967,0.5139,0.6571,0.0492,0.0,0.0,0.0,0.0,0.0,0.1511,0.0,0.1445,0.1026,0.0,0.0,0.0,0.0546,0.0,0.0,0.0,0.0,0.0,0.0,0.0552
QIQ,0.0602,0.0,0.0,0.0,0.0584,0.0584,0.0,0.0,0.0,0.0462,0.0,0.0,0.0584,0.1614,0.0,0.0,0.0,0.0,0.0509,0.0,0.0,0.0,0.0,0.0,0.0,0.0,0.365,0.0,0.0,0.0981,0.0,0.1872,0.0443,0.3385,0.0,0.0,0.0,0.0,0.0,0.0,0.0498,0.0,0.096,0.1392,0.0,0.0,0.0,0.4521,0.0,0.0,0.0,0.0,0.0,0.0,0.0
VSE,0.0,0.0,0.0,0.0,0.0419,0.0419,0.0,0.0544,0.0,0.0,0.0,0.0,0.0419,0.2273,0.0,0.0,0.0,0.0,0.0629,0.0,0.0,0.0,0.0,0.0434,0.0,0.0,0.3763,0.0966,0.153,0.0832,0.0544,0.0,0.0,0.0816,0.0,0.0,0.0,0.0,0.0,0.0,0.0,0.0,0.0,0.1671,0.0,0.0,0.0,0.3353,0.0594,0.0,0.2883,0.0,0.0,0.0,0.0
IJD,0.0786,0.0,0.0,0.0,0.0,0.0,0.0399,0.0916,0.0,0.0,0.0,0.0,0.0,0.0,0.0,0.0,0.0,0.0,0.0,0.0,0.0,0.0,0.0462,0.0,0.0,0.0,0.046,0.0,0.0823,0.1465,0.0371,0.3479,0.0824,0.3133,0.0,0.0954,0.0,0.0,0.0387,0.0,0.1583,0.1536,0.0,0.0586,0.0,0.0,0.0,0.1838,0.0,0.0424,0.0,0.0,0.0,0.0,0.0437
CLM,0.1411,0.0824,0.0,0.0,0.1789,0.3587,0.2332,0.2896,0.0,0.3084,0.0,0.0832,0.1086,0.1762,0.041,0.0,0.0,0.0413,0.0923,0.0,0.0519,0.0,0.0,0.0,0.0,0.0,0.0,0.0,0.1485,0.0,0.0,0.0,0.0,0.0522,0.0,0.0443,0.0,0.0,0.0,0.0,0.0,0.0,0.0,0.0,0.0,0.047,0.0522,0.2363,0.0,0.0393,0.0837,0.1526,0.0511,0.0,0.0
