SubjectCode,Triplet,Rep,RedJade Code A,roleA,RedJade Code B,roleB,Roles,Perceptual Distance,Structural Distance
P1,018 067 165,2,JBL,anchor,SOE,struct_cliff,anchor.to.struct_cliff,70.24369936,0.9230769230769232
P1,018 067 165,2,JBL,anchor,JKT,label_cliff,anchor.to.label_cliff,118.7476269,0.59375
P1,018 067 165,2,SOE,struct_cliff,JKT,label_cliff,struct_cliff.to.label_cliff,48.81937525,0.9347826086956522
P1,018 067 165,1,JBL,anchor,SOE,struct_cliff,anchor.to.struct_cliff,61.07622123,0.9230769230769232
P1,018 067 165,1,JBL,anchor,JKT,label_cliff,anchor.to.label_cliff,96.88255829,0.59375
P1,018 067 165,1,SOE,struct_cliff,JKT,label_cliff,struct_cliff.to.label_cliff,35.8063472,0.9347826086956522
P10,018 067 165,2,JBL,anchor,SOE,struct_cliff,anchor.to.struct_cliff,10.75548697,0.9230769230769232
P10,018 067 165,2,JBL,anchor,JKT,label_cliff,anchor.to.label_cliff,45.02927936,0.59375
P10,018 067 165,2,SOE,struct_cliff,JKT,label_cliff,struct_cliff.to.label_cliff,44.40094706,0.9347826086956522
P10,018 067 165,1,JBL,anchor,SOE,struct_cliff,anchor.to.struct_cliff,19.37522645,0.9230769230769232
P10,018 067 165,1,JBL,anchor,JKT,label_cliff,anchor.to.label_cliff,40.9403957,0.59375
P10,018 067 165,1,SOE,struct_cliff,JKT,label_cliff,struct_cliff.to.label_cliff,21.57168978,0.9347826086956522
P11,018 067 165,2,JBL,anchor,SOE,struct_cliff,anchor.to.struct_cliff,53.06554815,0.9230769230769232
P11,018 067 165,2,JBL,anchor,JKT,label_cliff,anchor.to.label_cliff,101.6257143,0.59375
P11,018 067 165,2,SOE,struct_cliff,JKT,label_cliff,struct_cliff.to.label_cliff,49.45684381,0.9347826086956522
P11,018 067 165,1,JBL,anchor,SOE,struct_cliff,anchor.to.struct_cliff,21.70119121,0.9230769230769232
P11,018 067 165,1,JBL,anchor,JKT,label_cliff,anchor.to.label_cliff,15.74487218,0.59375
P11,018 067 165,1,SOE,struct_cliff,JKT,label_cliff,struct_cliff.to.label_cliff,37.20102821,0.9347826086956522
P13,018 067 165,1,JBL,anchor,SOE,struct_cliff,anchor.to.struct_cliff,84.46668988,0.9230769230769232
P13,018 067 165,1,JBL,anchor,JKT,label_cliff,anchor.to.label_cliff,46.88620799,0.59375
P13,018 067 165,1,SOE,struct_cliff,JKT,label_cliff,struct_cliff.to.label_cliff,72.49852136,0.9347826086956522
P14,018 067 165,2,JBL,anchor,SOE,struct_cliff,anchor.to.struct_cliff,17.59010233,0.9230769230769232
P14,018 067 165,2,JBL,anchor,JKT,label_cliff,anchor.to.label_cliff,102.22946,0.59375
P14,018 067 165,2,SOE,struct_cliff,JKT,label_cliff,struct_cliff.to.label_cliff,87.42063944,0.9347826086956522
P14,018 067 165,1,JBL,anchor,SOE,struct_cliff,anchor.to.struct_cliff,22.94125541,0.9230769230769232
P14,018 067 165,1,JBL,anchor,JKT,label_cliff,anchor.to.label_cliff,100.8603614,0.59375
P14,018 067 165,1,SOE,struct_cliff,JKT,label_cliff,struct_cliff.to.label_cliff,114.701908,0.9347826086956522
P19,018 067 165,2,JBL,anchor,SOE,struct_cliff,anchor.to.struct_cliff,65.02099661,0.9230769230769232
P19,018 067 165,2,JBL,anchor,JKT,label_cliff,anchor.to.label_cliff,131.7059285,0.59375
P19,018 067 165,2,SOE,struct_cliff,JKT,label_cliff,struct_cliff.to.label_cliff,97.51092657,0.9347826086956522
P19,018 067 165,1,JBL,anchor,SOE,struct_cliff,anchor.to.struct_cliff,61.47068407,0.9230769230769232
P19,018 067 165,1,JBL,anchor,JKT,label_cliff,anchor.to.label_cliff,129.2606174,0.59375
P19,018 067 165,1,SOE,struct_cliff,JKT,label_cliff,struct_cliff.to.label_cliff,96.17119839,0.9347826086956522
P2,018 067 165,2,JBL,anchor,SOE,struct_cliff,anchor.to.struct_cliff,96.14391348,0.9230769230769232
P2,018 067 165,2,JBL,anchor,JKT,label_cliff,anchor.to.label_cliff,74.13250637,0.59375
P2,018 067 165,2,SOE,struct_cliff,JKT,label_cliff,struct_cliff.to.label_cliff,101.0660497,0.9347826086956522
P2,018 067 165,1,JBL,anchor,SOE,struct_cliff,anchor.to.struct_cliff,68.61461652,0.9230769230769232
P2,018 067 165,1,JBL,anchor,JKT,label_cliff,anchor.to.label_cliff,98.82403959,0.59375
P2,018 067 165,1,SOE,struct_cliff,JKT,label_cliff,struct_cliff.to.label_cliff,97.42263597,0.9347826086956522
P23,018 067 165,1,JBL,anchor,SOE,struct_cliff,anchor.to.struct_cliff,102.276488,0.9230769230769232
P23,018 067 165,1,JBL,anchor,JKT,label_cliff,anchor.to.label_cliff,91.10178099,0.59375
P23,018 067 165,1,SOE,struct_cliff,JKT,label_cliff,struct_cliff.to.label_cliff,83.37830953,0.9347826086956522
P25,018 067 165,2,JBL,anchor,SOE,struct_cliff,anchor.to.struct_cliff,60.90194742,0.9230769230769232
P25,018 067 165,2,JBL,anchor,JKT,label_cliff,anchor.to.label_cliff,41.04438573,0.59375
P25,018 067 165,2,SOE,struct_cliff,JKT,label_cliff,struct_cliff.to.label_cliff,41.94191221,0.9347826086956522
P25,018 067 165,1,JBL,anchor,SOE,struct_cliff,anchor.to.struct_cliff,16.34001224,0.9230769230769232
P25,018 067 165,1,JBL,anchor,JKT,label_cliff,anchor.to.label_cliff,56.50552539,0.59375
P25,018 067 165,1,SOE,struct_cliff,JKT,label_cliff,struct_cliff.to.label_cliff,45.48112576,0.9347826086956522
P26,018 067 165,2,JBL,anchor,SOE,struct_cliff,anchor.to.struct_cliff,31.09029431,0.9230769230769232
P26,018 067 165,2,JBL,anchor,JKT,label_cliff,anchor.to.label_cliff,69.75936998,0.59375
P26,018 067 165,2,SOE,struct_cliff,JKT,label_cliff,struct_cliff.to.label_cliff,39.4211428,0.9347826086956522
P26,018 067 165,1,JBL,anchor,SOE,struct_cliff,anchor.to.struct_cliff,18.45243886,0.9230769230769232
P26,018 067 165,1,JBL,anchor,JKT,label_cliff,anchor.to.label_cliff,79.70581033,0.59375
P26,018 067 165,1,SOE,struct_cliff,JKT,label_cliff,struct_cliff.to.label_cliff,61.27380272,0.9347826086956522
P27,018 067 165,2,JBL,anchor,SOE,struct_cliff,anchor.to.struct_cliff,132.4976755,0.9230769230769232
P27,018 067 165,2,JBL,anchor,JKT,label_cliff,anchor.to.label_cliff,95.82722473,0.59375
P27,018 067 165,2,SOE,struct_cliff,JKT,label_cliff,struct_cliff.to.label_cliff,71.31168347,0.9347826086956522
P27,018 067 165,1,JBL,anchor,SOE,struct_cliff,anchor.to.struct_cliff,33.09007404,0.9230769230769232
P27,018 067 165,1,JBL,anchor,JKT,label_cliff,anchor.to.label_cliff,107.0616687,0.59375
P27,018 067 165,1,SOE,struct_cliff,JKT,label_cliff,struct_cliff.to.label_cliff,127.9085896,0.9347826086956522
P28,018 067 165,2,JBL,anchor,SOE,struct_cliff,anchor.to.struct_cliff,44.92592347,0.9230769230769232
P28,018 067 165,2,JBL,anchor,JKT,label_cliff,anchor.to.label_cliff,96.62731084,0.59375
P28,018 067 165,2,SOE,struct_cliff,JKT,label_cliff,struct_cliff.to.label_cliff,86.5789732,0.9347826086956522
P28,018 067 165,1,JBL,anchor,SOE,struct_cliff,anchor.to.struct_cliff,72.78158558,0.9230769230769232
P28,018 067 165,1,JBL,anchor,JKT,label_cliff,anchor.to.label_cliff,88.82268911,0.59375
P28,018 067 165,1,SOE,struct_cliff,JKT,label_cliff,struct_cliff.to.label_cliff,34.62447834,0.9347826086956522
P31,018 067 165,2,JBL,anchor,SOE,struct_cliff,anchor.to.struct_cliff,117.4758805,0.9230769230769232
P31,018 067 165,2,JBL,anchor,JKT,label_cliff,anchor.to.label_cliff,13.97200057,0.59375
P31,018 067 165,2,SOE,struct_cliff,JKT,label_cliff,struct_cliff.to.label_cliff,103.6833858,0.9347826086956522
P31,018 067 165,1,JBL,anchor,SOE,struct_cliff,anchor.to.struct_cliff,90.46504076,0.9230769230769232
P31,018 067 165,1,JBL,anchor,JKT,label_cliff,anchor.to.label_cliff,10.28453694,0.59375
P31,018 067 165,1,SOE,struct_cliff,JKT,label_cliff,struct_cliff.to.label_cliff,96.57696672,0.9347826086956522
P32,018 067 165,2,JBL,anchor,SOE,struct_cliff,anchor.to.struct_cliff,56.58955116,0.9230769230769232
P32,018 067 165,2,JBL,anchor,JKT,label_cliff,anchor.to.label_cliff,25.38700455,0.59375
P32,018 067 165,2,SOE,struct_cliff,JKT,label_cliff,struct_cliff.to.label_cliff,51.4891843,0.9347826086956522
P32,018 067 165,1,JBL,anchor,SOE,struct_cliff,anchor.to.struct_cliff,48.46294461,0.9230769230769232
P32,018 067 165,1,JBL,anchor,JKT,label_cliff,anchor.to.label_cliff,63.74569005,0.59375
P32,018 067 165,1,SOE,struct_cliff,JKT,label_cliff,struct_cliff.to.label_cliff,30.42444412,0.9347826086956522
P5,018 067 165,2,JBL,anchor,SOE,struct_cliff,anchor.to.struct_cliff,34.00065441,0.9230769230769232
P5,018 067 165,2,JBL,anchor,JKT,label_cliff,anchor.to.label_cliff,108.9754183,0.59375
P5,018 067 165,2,SOE,struct_cliff,JKT,label_cliff,struct_cliff.to.label_cliff,75.19312535,0.9347826086956522
P5,018 067 165,1,JBL,anchor,SOE,struct_cliff,anchor.to.struct_cliff,26.67237147,0.9230769230769232
P5,018 067 165,1,JBL,anchor,JKT,label_cliff,anchor.to.label_cliff,111.9552647,0.59375
P5,018 067 165,1,SOE,struct_cliff,JKT,label_cliff,struct_cliff.to.label_cliff,85.3690629,0.9347826086956522
P6,018 067 165,2,JBL,anchor,SOE,struct_cliff,anchor.to.struct_cliff,54.25780865,0.9230769230769232
P6,018 067 165,2,JBL,anchor,JKT,label_cliff,anchor.to.label_cliff,80.71404463,0.59375
P6,018 067 165,2,SOE,struct_cliff,JKT,label_cliff,struct_cliff.to.label_cliff,31.96220268,0.9347826086956522
P6,018 067 165,1,JBL,anchor,SOE,struct_cliff,anchor.to.struct_cliff,32.58711402,0.9230769230769232
P6,018 067 165,1,JBL,anchor,JKT,label_cliff,anchor.to.label_cliff,62.28323129,0.59375
P6,018 067 165,1,SOE,struct_cliff,JKT,label_cliff,struct_cliff.to.label_cliff,32.12190685,0.9347826086956522
P9,018 067 165,2,JBL,anchor,SOE,struct_cliff,anchor.to.struct_cliff,45.25782253,0.9230769230769232
P9,018 067 165,2,JBL,anchor,JKT,label_cliff,anchor.to.label_cliff,53.15736732,0.59375
P9,018 067 165,2,SOE,struct_cliff,JKT,label_cliff,struct_cliff.to.label_cliff,46.11785988,0.9347826086956522
P9,018 067 165,1,JBL,anchor,SOE,struct_cliff,anchor.to.struct_cliff,72.21957699,0.9230769230769232
P9,018 067 165,1,JBL,anchor,JKT,label_cliff,anchor.to.label_cliff,36.45364865,0.59375
P9,018 067 165,1,SOE,struct_cliff,JKT,label_cliff,struct_cliff.to.label_cliff,73.87639948,0.9347826086956522
P1,036 471 813,2,FAC,anchor,MMA,struct_cliff,anchor.to.struct_cliff,126.8134961,0.8529411764705882
P1,036 471 813,2,FAC,anchor,MDD,label_cliff,anchor.to.label_cliff,46.69518284,0.5625
P1,036 471 813,2,MMA,struct_cliff,MDD,label_cliff,struct_cliff.to.label_cliff,80.18228794,0.8809523809523809
P1,036 471 813,1,FAC,anchor,MMA,struct_cliff,anchor.to.struct_cliff,56.07875979,0.8529411764705882
P1,036 471 813,1,FAC,anchor,MDD,label_cliff,anchor.to.label_cliff,25.25800071,0.5625
P1,036 471 813,1,MMA,struct_cliff,MDD,label_cliff,struct_cliff.to.label_cliff,30.86349462,0.8809523809523809
P10,036 471 813,2,FAC,anchor,MMA,struct_cliff,anchor.to.struct_cliff,51.80406355,0.8529411764705882
P10,036 471 813,2,FAC,anchor,MDD,label_cliff,anchor.to.label_cliff,9.650497397,0.5625
P10,036 471 813,2,MMA,struct_cliff,MDD,label_cliff,struct_cliff.to.label_cliff,60.71526744,0.8809523809523809
P10,036 471 813,1,FAC,anchor,MMA,struct_cliff,anchor.to.struct_cliff,47.3580595,0.8529411764705882
P10,036 471 813,1,FAC,anchor,MDD,label_cliff,anchor.to.label_cliff,7.103104955,0.5625
P10,036 471 813,1,MMA,struct_cliff,MDD,label_cliff,struct_cliff.to.label_cliff,47.43643431,0.8809523809523809
P11,036 471 813,2,FAC,anchor,MMA,struct_cliff,anchor.to.struct_cliff,20.29408781,0.8529411764705882
P11,036 471 813,2,FAC,anchor,MDD,label_cliff,anchor.to.label_cliff,33.95864691,0.5625
P11,036 471 813,2,MMA,struct_cliff,MDD,label_cliff,struct_cliff.to.label_cliff,53.43579044,0.8809523809523809
P11,036 471 813,1,FAC,anchor,MMA,struct_cliff,anchor.to.struct_cliff,100.7254814,0.8529411764705882
P11,036 471 813,1,FAC,anchor,MDD,label_cliff,anchor.to.label_cliff,114.915465,0.5625
P11,036 471 813,1,MMA,struct_cliff,MDD,label_cliff,struct_cliff.to.label_cliff,14.2049604,0.8809523809523809
P13,036 471 813,1,FAC,anchor,MMA,struct_cliff,anchor.to.struct_cliff,91.66160428,0.8529411764705882
P13,036 471 813,1,FAC,anchor,MDD,label_cliff,anchor.to.label_cliff,88.70583408,0.5625
P13,036 471 813,1,MMA,struct_cliff,MDD,label_cliff,struct_cliff.to.label_cliff,77.59015724,0.8809523809523809
P14,036 471 813,2,FAC,anchor,MMA,struct_cliff,anchor.to.struct_cliff,22.30976468,0.8529411764705882
P14,036 471 813,2,FAC,anchor,MDD,label_cliff,anchor.to.label_cliff,67.18415364,0.5625
P14,036 471 813,2,MMA,struct_cliff,MDD,label_cliff,struct_cliff.to.label_cliff,68.13995377,0.8809523809523809
P14,036 471 813,1,FAC,anchor,MMA,struct_cliff,anchor.to.struct_cliff,27.67594082,0.8529411764705882
P14,036 471 813,1,FAC,anchor,MDD,label_cliff,anchor.to.label_cliff,120.817656,0.5625
P14,036 471 813,1,MMA,struct_cliff,MDD,label_cliff,struct_cliff.to.label_cliff,102.0827571,0.8809523809523809
P19,036 471 813,2,FAC,anchor,MMA,struct_cliff,anchor.to.struct_cliff,4.497554891,0.8529411764705882
P19,036 471 813,2,FAC,anchor,MDD,label_cliff,anchor.to.label_cliff,9.383757243,0.5625
P19,036 471 813,2,MMA,struct_cliff,MDD,label_cliff,struct_cliff.to.label_cliff,13.88055114,0.8809523809523809
P19,036 471 813,1,FAC,anchor,MMA,struct_cliff,anchor.to.struct_cliff,10.15583576,0.8529411764705882
P19,036 471 813,1,FAC,anchor,MDD,label_cliff,anchor.to.label_cliff,13.69044192,0.5625
P19,036 471 813,1,MMA,struct_cliff,MDD,label_cliff,struct_cliff.to.label_cliff,13.869708,0.8809523809523809
P2,036 471 813,2,FAC,anchor,MMA,struct_cliff,anchor.to.struct_cliff,54.42890868,0.8529411764705882
P2,036 471 813,2,FAC,anchor,MDD,label_cliff,anchor.to.label_cliff,116.3523751,0.5625
P2,036 471 813,2,MMA,struct_cliff,MDD,label_cliff,struct_cliff.to.label_cliff,104.9852585,0.8809523809523809
P2,036 471 813,1,FAC,anchor,MMA,struct_cliff,anchor.to.struct_cliff,67.01871455,0.8529411764705882
P2,036 471 813,1,FAC,anchor,MDD,label_cliff,anchor.to.label_cliff,49.79943474,0.5625
P2,036 471 813,1,MMA,struct_cliff,MDD,label_cliff,struct_cliff.to.label_cliff,91.06992918,0.8809523809523809
P23,036 471 813,2,FAC,anchor,MMA,struct_cliff,anchor.to.struct_cliff,97.45140994,0.8529411764705882
P23,036 471 813,2,FAC,anchor,MDD,label_cliff,anchor.to.label_cliff,89.61393697,0.5625
P23,036 471 813,2,MMA,struct_cliff,MDD,label_cliff,struct_cliff.to.label_cliff,84.87007129,0.8809523809523809
P23,036 471 813,1,FAC,anchor,MMA,struct_cliff,anchor.to.struct_cliff,87.75463634,0.8529411764705882
P23,036 471 813,1,FAC,anchor,MDD,label_cliff,anchor.to.label_cliff,91.65893792,0.5625
P23,036 471 813,1,MMA,struct_cliff,MDD,label_cliff,struct_cliff.to.label_cliff,98.32647507,0.8809523809523809
P25,036 471 813,2,FAC,anchor,MMA,struct_cliff,anchor.to.struct_cliff,28.17283976,0.8529411764705882
P25,036 471 813,2,FAC,anchor,MDD,label_cliff,anchor.to.label_cliff,38.19600634,0.5625
P25,036 471 813,2,MMA,struct_cliff,MDD,label_cliff,struct_cliff.to.label_cliff,37.7550341,0.8809523809523809
P25,036 471 813,1,FAC,anchor,MMA,struct_cliff,anchor.to.struct_cliff,28.4838779,0.8529411764705882
P25,036 471 813,1,FAC,anchor,MDD,label_cliff,anchor.to.label_cliff,46.99657541,0.5625
P25,036 471 813,1,MMA,struct_cliff,MDD,label_cliff,struct_cliff.to.label_cliff,67.92226292,0.8809523809523809
P26,036 471 813,2,FAC,anchor,MMA,struct_cliff,anchor.to.struct_cliff,21.37716539,0.8529411764705882
P26,036 471 813,2,FAC,anchor,MDD,label_cliff,anchor.to.label_cliff,21.44391988,0.5625
P26,036 471 813,2,MMA,struct_cliff,MDD,label_cliff,struct_cliff.to.label_cliff,42.81258343,0.8809523809523809
P26,036 471 813,1,FAC,anchor,MMA,struct_cliff,anchor.to.struct_cliff,81.4117252,0.8529411764705882
P26,036 471 813,1,FAC,anchor,MDD,label_cliff,anchor.to.label_cliff,123.4254808,0.5625
P26,036 471 813,1,MMA,struct_cliff,MDD,label_cliff,struct_cliff.to.label_cliff,93.51030799,0.8809523809523809
P27,036 471 813,2,FAC,anchor,MMA,struct_cliff,anchor.to.struct_cliff,3.803011964,0.8529411764705882
P27,036 471 813,2,FAC,anchor,MDD,label_cliff,anchor.to.label_cliff,120.4902195,0.5625
P27,036 471 813,2,MMA,struct_cliff,MDD,label_cliff,struct_cliff.to.label_cliff,118.2982405,0.8809523809523809
P27,036 471 813,1,FAC,anchor,MMA,struct_cliff,anchor.to.struct_cliff,16.57958383,0.8529411764705882
P27,036 471 813,1,FAC,anchor,MDD,label_cliff,anchor.to.label_cliff,115.0730312,0.5625
P27,036 471 813,1,MMA,struct_cliff,MDD,label_cliff,struct_cliff.to.label_cliff,126.9328425,0.8809523809523809
P28,036 471 813,2,FAC,anchor,MMA,struct_cliff,anchor.to.struct_cliff,97.62175833,0.8529411764705882
P28,036 471 813,2,FAC,anchor,MDD,label_cliff,anchor.to.label_cliff,15.45758713,0.5625
P28,036 471 813,2,MMA,struct_cliff,MDD,label_cliff,struct_cliff.to.label_cliff,93.4741146,0.8809523809523809
P28,036 471 813,1,FAC,anchor,MMA,struct_cliff,anchor.to.struct_cliff,86.6153872,0.8529411764705882
P28,036 471 813,1,FAC,anchor,MDD,label_cliff,anchor.to.label_cliff,14.56377012,0.5625
P28,036 471 813,1,MMA,struct_cliff,MDD,label_cliff,struct_cliff.to.label_cliff,89.99526043,0.8809523809523809
P31,036 471 813,2,FAC,anchor,MMA,struct_cliff,anchor.to.struct_cliff,32.04026373,0.8529411764705882
P31,036 471 813,2,FAC,anchor,MDD,label_cliff,anchor.to.label_cliff,74.02261276,0.5625
P31,036 471 813,2,MMA,struct_cliff,MDD,label_cliff,struct_cliff.to.label_cliff,74.66284283,0.8809523809523809
P31,036 471 813,1,FAC,anchor,MMA,struct_cliff,anchor.to.struct_cliff,18.87597944,0.8529411764705882
P31,036 471 813,1,FAC,anchor,MDD,label_cliff,anchor.to.label_cliff,49.1723347,0.5625
P31,036 471 813,1,MMA,struct_cliff,MDD,label_cliff,struct_cliff.to.label_cliff,48.16040801,0.8809523809523809
P32,036 471 813,2,FAC,anchor,MMA,struct_cliff,anchor.to.struct_cliff,58.98992626,0.8529411764705882
P32,036 471 813,2,FAC,anchor,MDD,label_cliff,anchor.to.label_cliff,23.50302108,0.5625
P32,036 471 813,2,MMA,struct_cliff,MDD,label_cliff,struct_cliff.to.label_cliff,61.70643564,0.8809523809523809
P32,036 471 813,1,FAC,anchor,MMA,struct_cliff,anchor.to.struct_cliff,72.14950104,0.8529411764705882
P32,036 471 813,1,FAC,anchor,MDD,label_cliff,anchor.to.label_cliff,14.09441379,0.5625
P32,036 471 813,1,MMA,struct_cliff,MDD,label_cliff,struct_cliff.to.label_cliff,75.41696891,0.8809523809523809
P5,036 471 813,2,FAC,anchor,MMA,struct_cliff,anchor.to.struct_cliff,31.90142944,0.8529411764705882
P5,036 471 813,2,FAC,anchor,MDD,label_cliff,anchor.to.label_cliff,84.09133725,0.5625
P5,036 471 813,2,MMA,struct_cliff,MDD,label_cliff,struct_cliff.to.label_cliff,115.9886244,0.8809523809523809
P5,036 471 813,1,FAC,anchor,MMA,struct_cliff,anchor.to.struct_cliff,43.0022325,0.8529411764705882
P5,036 471 813,1,FAC,anchor,MDD,label_cliff,anchor.to.label_cliff,114.641267,0.5625
P5,036 471 813,1,MMA,struct_cliff,MDD,label_cliff,struct_cliff.to.label_cliff,72.11802063,0.8809523809523809
P6,036 471 813,2,FAC,anchor,MMA,struct_cliff,anchor.to.struct_cliff,50.81297669,0.8529411764705882
P6,036 471 813,2,FAC,anchor,MDD,label_cliff,anchor.to.label_cliff,25.94518067,0.5625
P6,036 471 813,2,MMA,struct_cliff,MDD,label_cliff,struct_cliff.to.label_cliff,68.82864665,0.8809523809523809
P6,036 471 813,1,FAC,anchor,MMA,struct_cliff,anchor.to.struct_cliff,58.3395869,0.8529411764705882
P6,036 471 813,1,FAC,anchor,MDD,label_cliff,anchor.to.label_cliff,44.35182973,0.5625
P6,036 471 813,1,MMA,struct_cliff,MDD,label_cliff,struct_cliff.to.label_cliff,56.71990303,0.8809523809523809
P9,036 471 813,2,FAC,anchor,MMA,struct_cliff,anchor.to.struct_cliff,65.11295186,0.8529411764705882
P9,036 471 813,2,FAC,anchor,MDD,label_cliff,anchor.to.label_cliff,30.84533838,0.5625
P9,036 471 813,2,MMA,struct_cliff,MDD,label_cliff,struct_cliff.to.label_cliff,34.29578691,0.8809523809523809
P9,036 471 813,1,FAC,anchor,MMA,struct_cliff,anchor.to.struct_cliff,22.15845662,0.8529411764705882
P9,036 471 813,1,FAC,anchor,MDD,label_cliff,anchor.to.label_cliff,25.49829798,0.5625
P9,036 471 813,1,MMA,struct_cliff,MDD,label_cliff,struct_cliff.to.label_cliff,27.22661198,0.8809523809523809
P1,036 789 834,2,ZTW,anchor,XCM,struct_cliff,anchor.to.struct_cliff,22.14443497,0.9411764705882352
P1,036 789 834,2,ZTW,anchor,MDD,label_cliff,anchor.to.label_cliff,35.38614418,0.5714285714285714
P1,036 789 834,2,XCM,struct_cliff,MDD,label_cliff,struct_cliff.to.label_cliff,13.2438665,0.9473684210526316
P1,036 789 834,1,ZTW,anchor,XCM,struct_cliff,anchor.to.struct_cliff,9.43847975,0.9411764705882352
P1,036 789 834,1,ZTW,anchor,MDD,label_cliff,anchor.to.label_cliff,23.28912622,0.5714285714285714
P1,036 789 834,1,XCM,struct_cliff,MDD,label_cliff,struct_cliff.to.label_cliff,17.28161161,0.9473684210526316
P10,036 789 834,2,ZTW,anchor,XCM,struct_cliff,anchor.to.struct_cliff,13.48037091,0.9411764705882352
P10,036 789 834,2,ZTW,anchor,MDD,label_cliff,anchor.to.label_cliff,38.58807717,0.5714285714285714
P10,036 789 834,2,XCM,struct_cliff,MDD,label_cliff,struct_cliff.to.label_cliff,37.64103745,0.9473684210526316
P10,036 789 834,1,ZTW,anchor,XCM,struct_cliff,anchor.to.struct_cliff,14.89592226,0.9411764705882352
P10,036 789 834,1,ZTW,anchor,MDD,label_cliff,anchor.to.label_cliff,30.9286744,0.5714285714285714
P10,036 789 834,1,XCM,struct_cliff,MDD,label_cliff,struct_cliff.to.label_cliff,26.6004812,0.9473684210526316
P11,036 789 834,2,ZTW,anchor,XCM,struct_cliff,anchor.to.struct_cliff,55.88937645,0.9411764705882352
P11,036 789 834,2,ZTW,anchor,MDD,label_cliff,anchor.to.label_cliff,28.73731546,0.5714285714285714
P11,036 789 834,2,XCM,struct_cliff,MDD,label_cliff,struct_cliff.to.label_cliff,27.25220908,0.9473684210526316
P11,036 789 834,1,ZTW,anchor,XCM,struct_cliff,anchor.to.struct_cliff,61.30457079,0.9411764705882352
P11,036 789 834,1,ZTW,anchor,MDD,label_cliff,anchor.to.label_cliff,37.66293934,0.5714285714285714
P11,036 789 834,1,XCM,struct_cliff,MDD,label_cliff,struct_cliff.to.label_cliff,24.59870322,0.9473684210526316
P13,036 789 834,1,ZTW,anchor,XCM,struct_cliff,anchor.to.struct_cliff,81.5664073,0.9411764705882352
P13,036 789 834,1,ZTW,anchor,MDD,label_cliff,anchor.to.label_cliff,86.31769807,0.5714285714285714
P13,036 789 834,1,XCM,struct_cliff,MDD,label_cliff,struct_cliff.to.label_cliff,63.10271785,0.9473684210526316
P14,036 789 834,2,ZTW,anchor,XCM,struct_cliff,anchor.to.struct_cliff,83.86963038,0.9411764705882352
P14,036 789 834,2,ZTW,anchor,MDD,label_cliff,anchor.to.label_cliff,84.88362504,0.5714285714285714
P14,036 789 834,2,XCM,struct_cliff,MDD,label_cliff,struct_cliff.to.label_cliff,33.73452979,0.9473684210526316
P14,036 789 834,1,ZTW,anchor,XCM,struct_cliff,anchor.to.struct_cliff,122.4551673,0.9411764705882352
P14,036 789 834,1,ZTW,anchor,MDD,label_cliff,anchor.to.label_cliff,103.8342381,0.5714285714285714
P14,036 789 834,1,XCM,struct_cliff,MDD,label_cliff,struct_cliff.to.label_cliff,30.37120017,0.9473684210526316
P19,036 789 834,2,ZTW,anchor,XCM,struct_cliff,anchor.to.struct_cliff,13.43664393,0.9411764705882352
P19,036 789 834,2,ZTW,anchor,MDD,label_cliff,anchor.to.label_cliff,12.5960073,0.5714285714285714
P19,036 789 834,2,XCM,struct_cliff,MDD,label_cliff,struct_cliff.to.label_cliff,25.97488787,0.9473684210526316
P19,036 789 834,1,ZTW,anchor,XCM,struct_cliff,anchor.to.struct_cliff,34.4003968,0.9411764705882352
P19,036 789 834,1,ZTW,anchor,MDD,label_cliff,anchor.to.label_cliff,68.11012406,0.5714285714285714
P19,036 789 834,1,XCM,struct_cliff,MDD,label_cliff,struct_cliff.to.label_cliff,102.4532074,0.9473684210526316
P2,036 789 834,2,ZTW,anchor,XCM,struct_cliff,anchor.to.struct_cliff,101.9886293,0.9411764705882352
P2,036 789 834,2,ZTW,anchor,MDD,label_cliff,anchor.to.label_cliff,100.7444554,0.5714285714285714
P2,036 789 834,2,XCM,struct_cliff,MDD,label_cliff,struct_cliff.to.label_cliff,71.49062316,0.9473684210526316
P2,036 789 834,1,ZTW,anchor,XCM,struct_cliff,anchor.to.struct_cliff,41.78231683,0.9411764705882352
P2,036 789 834,1,ZTW,anchor,MDD,label_cliff,anchor.to.label_cliff,89.76332937,0.5714285714285714
P2,036 789 834,1,XCM,struct_cliff,MDD,label_cliff,struct_cliff.to.label_cliff,117.3458994,0.9473684210526316
P23,036 789 834,1,ZTW,anchor,XCM,struct_cliff,anchor.to.struct_cliff,62.0987681,0.9411764705882352
P23,036 789 834,1,ZTW,anchor,MDD,label_cliff,anchor.to.label_cliff,92.91937634,0.5714285714285714
P23,036 789 834,1,XCM,struct_cliff,MDD,label_cliff,struct_cliff.to.label_cliff,100.369729,0.9473684210526316
P25,036 789 834,2,ZTW,anchor,XCM,struct_cliff,anchor.to.struct_cliff,67.26155291,0.9411764705882352
P25,036 789 834,2,ZTW,anchor,MDD,label_cliff,anchor.to.label_cliff,39.03286436,0.5714285714285714
P25,036 789 834,2,XCM,struct_cliff,MDD,label_cliff,struct_cliff.to.label_cliff,68.0986226,0.9473684210526316
P25,036 789 834,1,ZTW,anchor,XCM,struct_cliff,anchor.to.struct_cliff,28.85362022,0.9411764705882352
P25,036 789 834,1,ZTW,anchor,MDD,label_cliff,anchor.to.label_cliff,20.00016,0.5714285714285714
P25,036 789 834,1,XCM,struct_cliff,MDD,label_cliff,struct_cliff.to.label_cliff,36.97465348,0.9473684210526316
P26,036 789 834,2,ZTW,anchor,XCM,struct_cliff,anchor.to.struct_cliff,11.62705896,0.9411764705882352
P26,036 789 834,2,ZTW,anchor,MDD,label_cliff,anchor.to.label_cliff,15.68089921,0.5714285714285714
P26,036 789 834,2,XCM,struct_cliff,MDD,label_cliff,struct_cliff.to.label_cliff,13.77275935,0.9473684210526316
P26,036 789 834,1,ZTW,anchor,XCM,struct_cliff,anchor.to.struct_cliff,63.49770153,0.9411764705882352
P26,036 789 834,1,ZTW,anchor,MDD,label_cliff,anchor.to.label_cliff,40.81529248,0.5714285714285714
P26,036 789 834,1,XCM,struct_cliff,MDD,label_cliff,struct_cliff.to.label_cliff,22.81594618,0.9473684210526316
P27,036 789 834,2,ZTW,anchor,XCM,struct_cliff,anchor.to.struct_cliff,130.5537043,0.9411764705882352
P27,036 789 834,2,ZTW,anchor,MDD,label_cliff,anchor.to.label_cliff,74.43698342,0.5714285714285714
P27,036 789 834,2,XCM,struct_cliff,MDD,label_cliff,struct_cliff.to.label_cliff,56.61315218,0.9473684210526316
P27,036 789 834,1,ZTW,anchor,XCM,struct_cliff,anchor.to.struct_cliff,92.52405201,0.9411764705882352
P27,036 789 834,1,ZTW,anchor,MDD,label_cliff,anchor.to.label_cliff,61.96145415,0.5714285714285714
P27,036 789 834,1,XCM,struct_cliff,MDD,label_cliff,struct_cliff.to.label_cliff,72.54562702,0.9473684210526316
P28,036 789 834,2,ZTW,anchor,XCM,struct_cliff,anchor.to.struct_cliff,76.95942307,0.9411764705882352
P28,036 789 834,2,ZTW,anchor,MDD,label_cliff,anchor.to.label_cliff,103.3782496,0.5714285714285714
P28,036 789 834,2,XCM,struct_cliff,MDD,label_cliff,struct_cliff.to.label_cliff,82.17053791,0.9473684210526316
P28,036 789 834,1,ZTW,anchor,XCM,struct_cliff,anchor.to.struct_cliff,56.92663085,0.9411764705882352
P28,036 789 834,1,ZTW,anchor,MDD,label_cliff,anchor.to.label_cliff,73.47120933,0.5714285714285714
P28,036 789 834,1,XCM,struct_cliff,MDD,label_cliff,struct_cliff.to.label_cliff,80.94484851,0.9473684210526316
P31,036 789 834,2,ZTW,anchor,XCM,struct_cliff,anchor.to.struct_cliff,12.32091717,0.9411764705882352
P31,036 789 834,2,ZTW,anchor,MDD,label_cliff,anchor.to.label_cliff,79.07220814,0.5714285714285714
P31,036 789 834,2,XCM,struct_cliff,MDD,label_cliff,struct_cliff.to.label_cliff,79.05092346,0.9473684210526316
P31,036 789 834,1,ZTW,anchor,XCM,struct_cliff,anchor.to.struct_cliff,17.07168709,0.9411764705882352
P31,036 789 834,1,ZTW,anchor,MDD,label_cliff,anchor.to.label_cliff,33.88330858,0.5714285714285714
P31,036 789 834,1,XCM,struct_cliff,MDD,label_cliff,struct_cliff.to.label_cliff,33.5726749,0.9473684210526316
P32,036 789 834,2,ZTW,anchor,XCM,struct_cliff,anchor.to.struct_cliff,46.02937866,0.9411764705882352
P32,036 789 834,2,ZTW,anchor,MDD,label_cliff,anchor.to.label_cliff,20.55533264,0.5714285714285714
P32,036 789 834,2,XCM,struct_cliff,MDD,label_cliff,struct_cliff.to.label_cliff,63.11854561,0.9473684210526316
P32,036 789 834,1,ZTW,anchor,XCM,struct_cliff,anchor.to.struct_cliff,20.34664592,0.9411764705882352
P32,036 789 834,1,ZTW,anchor,MDD,label_cliff,anchor.to.label_cliff,50.15035992,0.5714285714285714
P32,036 789 834,1,XCM,struct_cliff,MDD,label_cliff,struct_cliff.to.label_cliff,53.56453491,0.9473684210526316
P5,036 789 834,2,ZTW,anchor,XCM,struct_cliff,anchor.to.struct_cliff,17.61512135,0.9411764705882352
P5,036 789 834,2,ZTW,anchor,MDD,label_cliff,anchor.to.label_cliff,120.5972359,0.5714285714285714
P5,036 789 834,2,XCM,struct_cliff,MDD,label_cliff,struct_cliff.to.label_cliff,103.035556,0.9473684210526316
P5,036 789 834,1,ZTW,anchor,XCM,struct_cliff,anchor.to.struct_cliff,22.39394561,0.9411764705882352
P5,036 789 834,1,ZTW,anchor,MDD,label_cliff,anchor.to.label_cliff,121.0872599,0.5714285714285714
P5,036 789 834,1,XCM,struct_cliff,MDD,label_cliff,struct_cliff.to.label_cliff,99.18589466,0.9473684210526316
P6,036 789 834,2,ZTW,anchor,XCM,struct_cliff,anchor.to.struct_cliff,33.89953687,0.9411764705882352
P6,036 789 834,2,ZTW,anchor,MDD,label_cliff,anchor.to.label_cliff,35.09906267,0.5714285714285714
P6,036 789 834,2,XCM,struct_cliff,MDD,label_cliff,struct_cliff.to.label_cliff,59.2897293,0.9473684210526316
P6,036 789 834,1,ZTW,anchor,XCM,struct_cliff,anchor.to.struct_cliff,22.83534979,0.9411764705882352
P6,036 789 834,1,ZTW,anchor,MDD,label_cliff,anchor.to.label_cliff,26.40419096,0.5714285714285714
P6,036 789 834,1,XCM,struct_cliff,MDD,label_cliff,struct_cliff.to.label_cliff,41.00954157,0.9473684210526316
P9,036 789 834,2,ZTW,anchor,XCM,struct_cliff,anchor.to.struct_cliff,44.39434423,0.9411764705882352
P9,036 789 834,2,ZTW,anchor,MDD,label_cliff,anchor.to.label_cliff,29.87189314,0.5714285714285714
P9,036 789 834,2,XCM,struct_cliff,MDD,label_cliff,struct_cliff.to.label_cliff,53.18323232,0.9473684210526316
P9,036 789 834,1,ZTW,anchor,XCM,struct_cliff,anchor.to.struct_cliff,56.64876433,0.9411764705882352
P9,036 789 834,1,ZTW,anchor,MDD,label_cliff,anchor.to.label_cliff,50.79645854,0.5714285714285714
P9,036 789 834,1,XCM,struct_cliff,MDD,label_cliff,struct_cliff.to.label_cliff,35.70696431,0.9473684210526316
P1,262 544 594,2,AHP,anchor,IZX,struct_cliff,anchor.to.struct_cliff,94.2415349,1.0
P1,262 544 594,2,AHP,anchor,WTS,label_cliff,anchor.to.label_cliff,32.64839659,0.4666666666666667
P1,262 544 594,2,IZX,struct_cliff,WTS,label_cliff,struct_cliff.to.label_cliff,87.72353675,1.0
P1,262 544 594,1,AHP,anchor,IZX,struct_cliff,anchor.to.struct_cliff,113.5041964,1.0
P1,262 544 594,1,AHP,anchor,WTS,label_cliff,anchor.to.label_cliff,50.21503361,0.4666666666666667
P1,262 544 594,1,IZX,struct_cliff,WTS,label_cliff,struct_cliff.to.label_cliff,63.59959277,1.0
P10,262 544 594,2,AHP,anchor,IZX,struct_cliff,anchor.to.struct_cliff,10.4246103,1.0
P10,262 544 594,2,AHP,anchor,WTS,label_cliff,anchor.to.label_cliff,30.05960911,0.4666666666666667
P10,262 544 594,2,IZX,struct_cliff,WTS,label_cliff,struct_cliff.to.label_cliff,31.85977401,1.0
P10,262 544 594,1,AHP,anchor,IZX,struct_cliff,anchor.to.struct_cliff,46.90864526,1.0
P10,262 544 594,1,AHP,anchor,WTS,label_cliff,anchor.to.label_cliff,45.44002751,0.4666666666666667
P10,262 544 594,1,IZX,struct_cliff,WTS,label_cliff,struct_cliff.to.label_cliff,45.31808579,1.0
P11,262 544 594,2,AHP,anchor,IZX,struct_cliff,anchor.to.struct_cliff,39.08018424,1.0
P11,262 544 594,2,AHP,anchor,WTS,label_cliff,anchor.to.label_cliff,68.41147638,0.4666666666666667
P11,262 544 594,2,IZX,struct_cliff,WTS,label_cliff,struct_cliff.to.label_cliff,30.39291529,1.0
P11,262 544 594,1,AHP,anchor,IZX,struct_cliff,anchor.to.struct_cliff,29.65152947,1.0
P11,262 544 594,1,AHP,anchor,WTS,label_cliff,anchor.to.label_cliff,40.20791091,0.4666666666666667
P11,262 544 594,1,IZX,struct_cliff,WTS,label_cliff,struct_cliff.to.label_cliff,17.51395158,1.0
P13,262 544 594,1,AHP,anchor,IZX,struct_cliff,anchor.to.struct_cliff,87.40562968,1.0
P13,262 544 594,1,AHP,anchor,WTS,label_cliff,anchor.to.label_cliff,86.23798061,0.4666666666666667
P13,262 544 594,1,IZX,struct_cliff,WTS,label_cliff,struct_cliff.to.label_cliff,73.32682183,1.0
P14,262 544 594,2,AHP,anchor,IZX,struct_cliff,anchor.to.struct_cliff,82.02155387,1.0
P14,262 544 594,2,AHP,anchor,WTS,label_cliff,anchor.to.label_cliff,83.82509052,0.4666666666666667
P14,262 544 594,2,IZX,struct_cliff,WTS,label_cliff,struct_cliff.to.label_cliff,90.15410196,1.0
P14,262 544 594,1,AHP,anchor,IZX,struct_cliff,anchor.to.struct_cliff,9.782310566,1.0
P14,262 544 594,1,AHP,anchor,WTS,label_cliff,anchor.to.label_cliff,95.12920267,0.4666666666666667
P14,262 544 594,1,IZX,struct_cliff,WTS,label_cliff,struct_cliff.to.label_cliff,98.780656,1.0
P19,262 544 594,2,AHP,anchor,IZX,struct_cliff,anchor.to.struct_cliff,38.52469857,1.0
P19,262 544 594,2,AHP,anchor,WTS,label_cliff,anchor.to.label_cliff,20.06741139,0.4666666666666667
P19,262 544 594,2,IZX,struct_cliff,WTS,label_cliff,struct_cliff.to.label_cliff,18.45800098,1.0
P19,262 544 594,1,AHP,anchor,IZX,struct_cliff,anchor.to.struct_cliff,131.9680435,1.0
P19,262 544 594,1,AHP,anchor,WTS,label_cliff,anchor.to.label_cliff,93.41013703,0.4666666666666667
P19,262 544 594,1,IZX,struct_cliff,WTS,label_cliff,struct_cliff.to.label_cliff,92.85023748,1.0
P2,262 544 594,2,AHP,anchor,IZX,struct_cliff,anchor.to.struct_cliff,63.12571029,1.0
P2,262 544 594,2,AHP,anchor,WTS,label_cliff,anchor.to.label_cliff,106.2266299,0.4666666666666667
P2,262 544 594,2,IZX,struct_cliff,WTS,label_cliff,struct_cliff.to.label_cliff,102.452062,1.0
P2,262 544 594,1,AHP,anchor,IZX,struct_cliff,anchor.to.struct_cliff,14.53330657,1.0
P2,262 544 594,1,AHP,anchor,WTS,label_cliff,anchor.to.label_cliff,105.2490551,0.4666666666666667
P2,262 544 594,1,IZX,struct_cliff,WTS,label_cliff,struct_cliff.to.label_cliff,98.8700531,1.0
P23,262 544 594,1,AHP,anchor,IZX,struct_cliff,anchor.to.struct_cliff,90.54780671,1.0
P23,262 544 594,1,AHP,anchor,WTS,label_cliff,anchor.to.label_cliff,89.46576217,0.4666666666666667
P23,262 544 594,1,IZX,struct_cliff,WTS,label_cliff,struct_cliff.to.label_cliff,69.09195684,1.0
P25,262 544 594,2,AHP,anchor,IZX,struct_cliff,anchor.to.struct_cliff,33.09102144,1.0
P25,262 544 594,2,AHP,anchor,WTS,label_cliff,anchor.to.label_cliff,57.40934157,0.4666666666666667
P25,262 544 594,2,IZX,struct_cliff,WTS,label_cliff,struct_cliff.to.label_cliff,55.69441803,1.0
P25,262 544 594,1,AHP,anchor,IZX,struct_cliff,anchor.to.struct_cliff,22.20810663,1.0
P25,262 544 594,1,AHP,anchor,WTS,label_cliff,anchor.to.label_cliff,34.0701629,0.4666666666666667
P25,262 544 594,1,IZX,struct_cliff,WTS,label_cliff,struct_cliff.to.label_cliff,34.11521655,1.0
P26,262 544 594,2,AHP,anchor,IZX,struct_cliff,anchor.to.struct_cliff,66.65399763,1.0
P26,262 544 594,2,AHP,anchor,WTS,label_cliff,anchor.to.label_cliff,86.47134843,0.4666666666666667
P26,262 544 594,2,IZX,struct_cliff,WTS,label_cliff,struct_cliff.to.label_cliff,120.8958349,1.0
P26,262 544 594,1,AHP,anchor,IZX,struct_cliff,anchor.to.struct_cliff,33.94022982,1.0
P26,262 544 594,1,AHP,anchor,WTS,label_cliff,anchor.to.label_cliff,5.90330416,0.4666666666666667
P26,262 544 594,1,IZX,struct_cliff,WTS,label_cliff,struct_cliff.to.label_cliff,28.04652207,1.0
P27,262 544 594,2,AHP,anchor,IZX,struct_cliff,anchor.to.struct_cliff,91.96146639,1.0
P27,262 544 594,2,AHP,anchor,WTS,label_cliff,anchor.to.label_cliff,107.6257242,0.4666666666666667
P27,262 544 594,2,IZX,struct_cliff,WTS,label_cliff,struct_cliff.to.label_cliff,98.27735853,1.0
P27,262 544 594,1,AHP,anchor,IZX,struct_cliff,anchor.to.struct_cliff,7.431137194,1.0
P27,262 544 594,1,AHP,anchor,WTS,label_cliff,anchor.to.label_cliff,112.2336866,0.4666666666666667
P27,262 544 594,1,IZX,struct_cliff,WTS,label_cliff,struct_cliff.to.label_cliff,117.8412975,1.0
P28,262 544 594,2,AHP,anchor,IZX,struct_cliff,anchor.to.struct_cliff,83.4742625,1.0
P28,262 544 594,2,AHP,anchor,WTS,label_cliff,anchor.to.label_cliff,47.5573601,0.4666666666666667
P28,262 544 594,2,IZX,struct_cliff,WTS,label_cliff,struct_cliff.to.label_cliff,66.30415522,1.0
P28,262 544 594,1,AHP,anchor,IZX,struct_cliff,anchor.to.struct_cliff,77.67587141,1.0
P28,262 544 594,1,AHP,anchor,WTS,label_cliff,anchor.to.label_cliff,89.90146884,0.4666666666666667
P28,262 544 594,1,IZX,struct_cliff,WTS,label_cliff,struct_cliff.to.label_cliff,57.14825019,1.0
P31,262 544 594,2,AHP,anchor,IZX,struct_cliff,anchor.to.struct_cliff,10.99702687,1.0
P31,262 544 594,2,AHP,anchor,WTS,label_cliff,anchor.to.label_cliff,95.57871102,0.4666666666666667
P31,262 544 594,2,IZX,struct_cliff,WTS,label_cliff,struct_cliff.to.label_cliff,98.41301235,1.0
P31,262 544 594,1,AHP,anchor,IZX,struct_cliff,anchor.to.struct_cliff,13.20363965,1.0
P31,262 544 594,1,AHP,anchor,WTS,label_cliff,anchor.to.label_cliff,57.96884163,0.4666666666666667
P31,262 544 594,1,IZX,struct_cliff,WTS,label_cliff,struct_cliff.to.label_cliff,66.45797544,1.0
P32,262 544 594,2,AHP,anchor,IZX,struct_cliff,anchor.to.struct_cliff,33.50274616,1.0
P32,262 544 594,2,AHP,anchor,WTS,label_cliff,anchor.to.label_cliff,12.98579224,0.4666666666666667
P32,262 544 594,2,IZX,struct_cliff,WTS,label_cliff,struct_cliff.to.label_cliff,32.30966419,1.0
P32,262 544 594,1,AHP,anchor,IZX,struct_cliff,anchor.to.struct_cliff,19.48396777,1.0
P32,262 544 594,1,AHP,anchor,WTS,label_cliff,anchor.to.label_cliff,11.93094296,0.4666666666666667
P32,262 544 594,1,IZX,struct_cliff,WTS,label_cliff,struct_cliff.to.label_cliff,23.56366695,1.0
P5,262 544 594,2,AHP,anchor,IZX,struct_cliff,anchor.to.struct_cliff,30.32076846,1.0
P5,262 544 594,2,AHP,anchor,WTS,label_cliff,anchor.to.label_cliff,47.15290553,0.4666666666666667
P5,262 544 594,2,IZX,struct_cliff,WTS,label_cliff,struct_cliff.to.label_cliff,77.45967532,1.0
P5,262 544 594,1,AHP,anchor,IZX,struct_cliff,anchor.to.struct_cliff,121.7447531,1.0
P5,262 544 594,1,AHP,anchor,WTS,label_cliff,anchor.to.label_cliff,16.78502309,0.4666666666666667
P5,262 544 594,1,IZX,struct_cliff,WTS,label_cliff,struct_cliff.to.label_cliff,105.0449223,1.0
P6,262 544 594,2,AHP,anchor,IZX,struct_cliff,anchor.to.struct_cliff,32.7606166,1.0
P6,262 544 594,2,AHP,anchor,WTS,label_cliff,anchor.to.label_cliff,30.85174387,0.4666666666666667
P6,262 544 594,2,IZX,struct_cliff,WTS,label_cliff,struct_cliff.to.label_cliff,61.9532025,1.0
P6,262 544 594,1,AHP,anchor,IZX,struct_cliff,anchor.to.struct_cliff,19.37483935,1.0
P6,262 544 594,1,AHP,anchor,WTS,label_cliff,anchor.to.label_cliff,40.61925652,0.4666666666666667
P6,262 544 594,1,IZX,struct_cliff,WTS,label_cliff,struct_cliff.to.label_cliff,57.0166046,1.0
P9,262 544 594,2,AHP,anchor,IZX,struct_cliff,anchor.to.struct_cliff,34.85146338,1.0
P9,262 544 594,2,AHP,anchor,WTS,label_cliff,anchor.to.label_cliff,54.44943067,0.4666666666666667
P9,262 544 594,2,IZX,struct_cliff,WTS,label_cliff,struct_cliff.to.label_cliff,70.82984258,1.0
P9,262 544 594,1,AHP,anchor,IZX,struct_cliff,anchor.to.struct_cliff,34.14845824,1.0
P9,262 544 594,1,AHP,anchor,WTS,label_cliff,anchor.to.label_cliff,71.57353212,0.4666666666666667
P9,262 544 594,1,IZX,struct_cliff,WTS,label_cliff,struct_cliff.to.label_cliff,70.1809383,1.0
P1,262 594 745,2,AHP,anchor,PBI,struct_cliff,anchor.to.struct_cliff,79.27706478,1.0
P1,262 594 745,2,AHP,anchor,WTS,label_cliff,anchor.to.label_cliff,63.04316775,0.4666666666666667
P1,262 594 745,2,PBI,struct_cliff,WTS,label_cliff,struct_cliff.to.label_cliff,60.10557378,1.0
P1,262 594 745,1,AHP,anchor,PBI,struct_cliff,anchor.to.struct_cliff,43.87005585,1.0
P1,262 594 745,1,AHP,anchor,WTS,label_cliff,anchor.to.label_cliff,72.32783143,0.4666666666666667
P1,262 594 745,1,PBI,struct_cliff,WTS,label_cliff,struct_cliff.to.label_cliff,71.72144589,1.0
P10,262 594 745,2,AHP,anchor,PBI,struct_cliff,anchor.to.struct_cliff,9.790617958,1.0
P10,262 594 745,2,AHP,anchor,WTS,label_cliff,anchor.to.label_cliff,22.69604591,0.4666666666666667
P10,262 594 745,2,PBI,struct_cliff,WTS,label_cliff,struct_cliff.to.label_cliff,20.84725641,1.0
P10,262 594 745,1,AHP,anchor,PBI,struct_cliff,anchor.to.struct_cliff,60.45391385,1.0
P10,262 594 745,1,AHP,anchor,WTS,label_cliff,anchor.to.label_cliff,10.59179399,0.4666666666666667
P10,262 594 745,1,PBI,struct_cliff,WTS,label_cliff,struct_cliff.to.label_cliff,65.23502893,1.0
P11,262 594 745,2,AHP,anchor,PBI,struct_cliff,anchor.to.struct_cliff,25.9834659,1.0
P11,262 594 745,2,AHP,anchor,WTS,label_cliff,anchor.to.label_cliff,69.60747733,0.4666666666666667
P11,262 594 745,2,PBI,struct_cliff,WTS,label_cliff,struct_cliff.to.label_cliff,44.00922858,1.0
P11,262 594 745,1,AHP,anchor,PBI,struct_cliff,anchor.to.struct_cliff,27.53494144,1.0
P11,262 594 745,1,AHP,anchor,WTS,label_cliff,anchor.to.label_cliff,36.77506356,0.4666666666666667
P11,262 594 745,1,PBI,struct_cliff,WTS,label_cliff,struct_cliff.to.label_cliff,50.57954231,1.0
P13,262 594 745,1,AHP,anchor,PBI,struct_cliff,anchor.to.struct_cliff,73.72776478,1.0
P13,262 594 745,1,AHP,anchor,WTS,label_cliff,anchor.to.label_cliff,72.41486381,0.4666666666666667
P13,262 594 745,1,PBI,struct_cliff,WTS,label_cliff,struct_cliff.to.label_cliff,109.6484099,1.0
P14,262 594 745,2,AHP,anchor,PBI,struct_cliff,anchor.to.struct_cliff,84.19081304,1.0
P14,262 594 745,2,AHP,anchor,WTS,label_cliff,anchor.to.label_cliff,111.4993534,0.4666666666666667
P14,262 594 745,2,PBI,struct_cliff,WTS,label_cliff,struct_cliff.to.label_cliff,74.17070311,1.0
P14,262 594 745,1,AHP,anchor,PBI,struct_cliff,anchor.to.struct_cliff,71.07679931,1.0
P14,262 594 745,1,AHP,anchor,WTS,label_cliff,anchor.to.label_cliff,74.48997315,0.4666666666666667
P14,262 594 745,1,PBI,struct_cliff,WTS,label_cliff,struct_cliff.to.label_cliff,71.88652795,1.0
P19,262 594 745,2,AHP,anchor,PBI,struct_cliff,anchor.to.struct_cliff,130.7158889,1.0
P19,262 594 745,2,AHP,anchor,WTS,label_cliff,anchor.to.label_cliff,56.25057955,0.4666666666666667
P19,262 594 745,2,PBI,struct_cliff,WTS,label_cliff,struct_cliff.to.label_cliff,74.46541815,1.0
P19,262 594 745,1,AHP,anchor,PBI,struct_cliff,anchor.to.struct_cliff,61.01242169,1.0
P19,262 594 745,1,AHP,anchor,WTS,label_cliff,anchor.to.label_cliff,70.78625855,0.4666666666666667
P19,262 594 745,1,PBI,struct_cliff,WTS,label_cliff,struct_cliff.to.label_cliff,131.7624059,1.0
P2,262 594 745,2,AHP,anchor,PBI,struct_cliff,anchor.to.struct_cliff,72.44789162,1.0
P2,262 594 745,2,AHP,anchor,WTS,label_cliff,anchor.to.label_cliff,96.8322183,0.4666666666666667
P2,262 594 745,2,PBI,struct_cliff,WTS,label_cliff,struct_cliff.to.label_cliff,107.4624646,1.0
P2,262 594 745,1,AHP,anchor,PBI,struct_cliff,anchor.to.struct_cliff,102.7743713,1.0
P2,262 594 745,1,AHP,anchor,WTS,label_cliff,anchor.to.label_cliff,101.2361818,0.4666666666666667
P2,262 594 745,1,PBI,struct_cliff,WTS,label_cliff,struct_cliff.to.label_cliff,87.38227109,1.0
P23,262 594 745,1,AHP,anchor,PBI,struct_cliff,anchor.to.struct_cliff,91.23814115,1.0
P23,262 594 745,1,AHP,anchor,WTS,label_cliff,anchor.to.label_cliff,73.20306619,0.4666666666666667
P23,262 594 745,1,PBI,struct_cliff,WTS,label_cliff,struct_cliff.to.label_cliff,95.38953035,1.0
P25,262 594 745,2,AHP,anchor,PBI,struct_cliff,anchor.to.struct_cliff,45.86141297,1.0
P25,262 594 745,2,AHP,anchor,WTS,label_cliff,anchor.to.label_cliff,74.72060559,0.4666666666666667
P25,262 594 745,2,PBI,struct_cliff,WTS,label_cliff,struct_cliff.to.label_cliff,68.83552644,1.0
P25,262 594 745,1,AHP,anchor,PBI,struct_cliff,anchor.to.struct_cliff,32.01438739,1.0
P25,262 594 745,1,AHP,anchor,WTS,label_cliff,anchor.to.label_cliff,71.74313208,0.4666666666666667
P25,262 594 745,1,PBI,struct_cliff,WTS,label_cliff,struct_cliff.to.label_cliff,96.43442539,1.0
P26,262 594 745,2,AHP,anchor,PBI,struct_cliff,anchor.to.struct_cliff,106.979269,1.0
P26,262 594 745,2,AHP,anchor,WTS,label_cliff,anchor.to.label_cliff,12.36656783,0.4666666666666667
P26,262 594 745,2,PBI,struct_cliff,WTS,label_cliff,struct_cliff.to.label_cliff,95.96307623,1.0
P26,262 594 745,1,AHP,anchor,PBI,struct_cliff,anchor.to.struct_cliff,125.7552552,1.0
P26,262 594 745,1,AHP,anchor,WTS,label_cliff,anchor.to.label_cliff,9.950246228,0.4666666666666667
P26,262 594 745,1,PBI,struct_cliff,WTS,label_cliff,struct_cliff.to.label_cliff,119.1848195,1.0
P27,262 594 745,2,AHP,anchor,PBI,struct_cliff,anchor.to.struct_cliff,52.63881458,1.0
P27,262 594 745,2,AHP,anchor,WTS,label_cliff,anchor.to.label_cliff,84.23838614,0.4666666666666667
P27,262 594 745,2,PBI,struct_cliff,WTS,label_cliff,struct_cliff.to.label_cliff,133.2277542,1.0
P27,262 594 745,1,AHP,anchor,PBI,struct_cliff,anchor.to.struct_cliff,100.2841214,1.0
P27,262 594 745,1,AHP,anchor,WTS,label_cliff,anchor.to.label_cliff,90.27600789,0.4666666666666667
P27,262 594 745,1,PBI,struct_cliff,WTS,label_cliff,struct_cliff.to.label_cliff,101.5725839,1.0
P28,262 594 745,2,AHP,anchor,PBI,struct_cliff,anchor.to.struct_cliff,78.85947819,1.0
P28,262 594 745,2,AHP,anchor,WTS,label_cliff,anchor.to.label_cliff,38.65838201,0.4666666666666667
P28,262 594 745,2,PBI,struct_cliff,WTS,label_cliff,struct_cliff.to.label_cliff,77.59422788,1.0
P28,262 594 745,1,AHP,anchor,PBI,struct_cliff,anchor.to.struct_cliff,43.22007404,1.0
P28,262 594 745,1,AHP,anchor,WTS,label_cliff,anchor.to.label_cliff,20.55208505,0.4666666666666667
P28,262 594 745,1,PBI,struct_cliff,WTS,label_cliff,struct_cliff.to.label_cliff,46.09847069,1.0
P31,262 594 745,2,AHP,anchor,PBI,struct_cliff,anchor.to.struct_cliff,7.680104166,1.0
P31,262 594 745,2,AHP,anchor,WTS,label_cliff,anchor.to.label_cliff,126.7419331,0.4666666666666667
P31,262 594 745,2,PBI,struct_cliff,WTS,label_cliff,struct_cliff.to.label_cliff,134.4084313,1.0
P31,262 594 745,1,AHP,anchor,PBI,struct_cliff,anchor.to.struct_cliff,10.87911761,1.0
P31,262 594 745,1,AHP,anchor,WTS,label_cliff,anchor.to.label_cliff,65.83368515,0.4666666666666667
P31,262 594 745,1,PBI,struct_cliff,WTS,label_cliff,struct_cliff.to.label_cliff,75.93825189,1.0
P32,262 594 745,2,AHP,anchor,PBI,struct_cliff,anchor.to.struct_cliff,14.50691215,1.0
P32,262 594 745,2,AHP,anchor,WTS,label_cliff,anchor.to.label_cliff,55.63853431,0.4666666666666667
P32,262 594 745,2,PBI,struct_cliff,WTS,label_cliff,struct_cliff.to.label_cliff,67.56103315,1.0
P32,262 594 745,1,AHP,anchor,PBI,struct_cliff,anchor.to.struct_cliff,12.47213294,1.0
P32,262 594 745,1,AHP,anchor,WTS,label_cliff,anchor.to.label_cliff,42.40479336,0.4666666666666667
P32,262 594 745,1,PBI,struct_cliff,WTS,label_cliff,struct_cliff.to.label_cliff,46.86051643,1.0
P5,262 594 745,2,AHP,anchor,PBI,struct_cliff,anchor.to.struct_cliff,13.97143514,1.0
P5,262 594 745,2,AHP,anchor,WTS,label_cliff,anchor.to.label_cliff,103.5576424,0.4666666666666667
P5,262 594 745,2,PBI,struct_cliff,WTS,label_cliff,struct_cliff.to.label_cliff,117.0642853,1.0
P5,262 594 745,1,AHP,anchor,PBI,struct_cliff,anchor.to.struct_cliff,35.97578213,1.0
P5,262 594 745,1,AHP,anchor,WTS,label_cliff,anchor.to.label_cliff,91.93262859,0.4666666666666667
P5,262 594 745,1,PBI,struct_cliff,WTS,label_cliff,struct_cliff.to.label_cliff,127.8695918,1.0
P6,262 594 745,2,AHP,anchor,PBI,struct_cliff,anchor.to.struct_cliff,54.00624038,1.0
P6,262 594 745,2,AHP,anchor,WTS,label_cliff,anchor.to.label_cliff,49.2329666,0.4666666666666667
P6,262 594 745,2,PBI,struct_cliff,WTS,label_cliff,struct_cliff.to.label_cliff,43.8610465,1.0
P6,262 594 745,1,AHP,anchor,PBI,struct_cliff,anchor.to.struct_cliff,21.7678869,1.0
P6,262 594 745,1,AHP,anchor,WTS,label_cliff,anchor.to.label_cliff,56.70322125,0.4666666666666667
P6,262 594 745,1,PBI,struct_cliff,WTS,label_cliff,struct_cliff.to.label_cliff,37.03246414,1.0
P9,262 594 745,2,AHP,anchor,PBI,struct_cliff,anchor.to.struct_cliff,36.31254604,1.0
P9,262 594 745,2,AHP,anchor,WTS,label_cliff,anchor.to.label_cliff,73.28698998,0.4666666666666667
P9,262 594 745,2,PBI,struct_cliff,WTS,label_cliff,struct_cliff.to.label_cliff,36.98842116,1.0
P9,262 594 745,1,AHP,anchor,PBI,struct_cliff,anchor.to.struct_cliff,32.83910017,1.0
P9,262 594 745,1,AHP,anchor,WTS,label_cliff,anchor.to.label_cliff,70.34282124,0.4666666666666667
P9,262 594 745,1,PBI,struct_cliff,WTS,label_cliff,struct_cliff.to.label_cliff,62.52134516,1.0
P1,036 813 834,2,FAC,anchor,XCM,struct_cliff,anchor.to.struct_cliff,72.66696223,0.9333333333333332
P1,036 813 834,2,FAC,anchor,MDD,label_cliff,anchor.to.label_cliff,26.65,0.5625
P1,036 813 834,2,XCM,struct_cliff,MDD,label_cliff,struct_cliff.to.label_cliff,46.02678459,0.9473684210526316
P1,036 813 834,1,FAC,anchor,XCM,struct_cliff,anchor.to.struct_cliff,71.26817523,0.9333333333333332
P1,036 813 834,1,FAC,anchor,MDD,label_cliff,anchor.to.label_cliff,66.23580452,0.5625
P1,036 813 834,1,XCM,struct_cliff,MDD,label_cliff,struct_cliff.to.label_cliff,28.8974774,0.9473684210526316
P10,036 813 834,2,FAC,anchor,XCM,struct_cliff,anchor.to.struct_cliff,15.95877188,0.9333333333333332
P10,036 813 834,2,FAC,anchor,MDD,label_cliff,anchor.to.label_cliff,53.56214055,0.5625
P10,036 813 834,2,XCM,struct_cliff,MDD,label_cliff,struct_cliff.to.label_cliff,37.66521074,0.9473684210526316
P10,036 813 834,1,FAC,anchor,XCM,struct_cliff,anchor.to.struct_cliff,20.63535316,0.9333333333333332
P10,036 813 834,1,FAC,anchor,MDD,label_cliff,anchor.to.label_cliff,21.04906649,0.5625
P10,036 813 834,1,XCM,struct_cliff,MDD,label_cliff,struct_cliff.to.label_cliff,21.20066508,0.9473684210526316
P11,036 813 834,2,FAC,anchor,XCM,struct_cliff,anchor.to.struct_cliff,16.00793866,0.9333333333333332
P11,036 813 834,2,FAC,anchor,MDD,label_cliff,anchor.to.label_cliff,38.40094009,0.5625
P11,036 813 834,2,XCM,struct_cliff,MDD,label_cliff,struct_cliff.to.label_cliff,22.52554328,0.9473684210526316
P11,036 813 834,1,FAC,anchor,XCM,struct_cliff,anchor.to.struct_cliff,27.90017921,0.9333333333333332
P11,036 813 834,1,FAC,anchor,MDD,label_cliff,anchor.to.label_cliff,46.3438723,0.5625
P11,036 813 834,1,XCM,struct_cliff,MDD,label_cliff,struct_cliff.to.label_cliff,30.48567696,0.9473684210526316
P13,036 813 834,1,FAC,anchor,XCM,struct_cliff,anchor.to.struct_cliff,34.95666603,0.9333333333333332
P13,036 813 834,1,FAC,anchor,MDD,label_cliff,anchor.to.label_cliff,66.16914387,0.5625
P13,036 813 834,1,XCM,struct_cliff,MDD,label_cliff,struct_cliff.to.label_cliff,53.38371756,0.9473684210526316
P14,036 813 834,2,FAC,anchor,XCM,struct_cliff,anchor.to.struct_cliff,85.77138975,0.9333333333333332
P14,036 813 834,2,FAC,anchor,MDD,label_cliff,anchor.to.label_cliff,84.48620834,0.5625
P14,036 813 834,2,XCM,struct_cliff,MDD,label_cliff,struct_cliff.to.label_cliff,27.23660955,0.9473684210526316
P14,036 813 834,1,FAC,anchor,XCM,struct_cliff,anchor.to.struct_cliff,92.6877883,0.9333333333333332
P14,036 813 834,1,FAC,anchor,MDD,label_cliff,anchor.to.label_cliff,78.77061,0.5625
P14,036 813 834,1,XCM,struct_cliff,MDD,label_cliff,struct_cliff.to.label_cliff,14.14351088,0.9473684210526316
P19,036 813 834,2,FAC,anchor,XCM,struct_cliff,anchor.to.struct_cliff,16.88789211,0.9333333333333332
P19,036 813 834,2,FAC,anchor,MDD,label_cliff,anchor.to.label_cliff,13.85781007,0.5625
P19,036 813 834,2,XCM,struct_cliff,MDD,label_cliff,struct_cliff.to.label_cliff,30.69812046,0.9473684210526316
P19,036 813 834,1,FAC,anchor,XCM,struct_cliff,anchor.to.struct_cliff,131.8412428,0.9333333333333332
P19,036 813 834,1,FAC,anchor,MDD,label_cliff,anchor.to.label_cliff,52.25002679,0.5625
P19,036 813 834,1,XCM,struct_cliff,MDD,label_cliff,struct_cliff.to.label_cliff,79.73622138,0.9473684210526316
P2,036 813 834,2,FAC,anchor,XCM,struct_cliff,anchor.to.struct_cliff,104.0867379,0.9333333333333332
P2,036 813 834,2,FAC,anchor,MDD,label_cliff,anchor.to.label_cliff,101.6316535,0.5625
P2,036 813 834,2,XCM,struct_cliff,MDD,label_cliff,struct_cliff.to.label_cliff,63.7623243,0.9473684210526316
P2,036 813 834,1,FAC,anchor,XCM,struct_cliff,anchor.to.struct_cliff,82.61558267,0.9333333333333332
P2,036 813 834,1,FAC,anchor,MDD,label_cliff,anchor.to.label_cliff,93.74647567,0.5625
P2,036 813 834,1,XCM,struct_cliff,MDD,label_cliff,struct_cliff.to.label_cliff,96.33664308,0.9473684210526316
P23,036 813 834,1,FAC,anchor,XCM,struct_cliff,anchor.to.struct_cliff,94.05347415,0.9333333333333332
P23,036 813 834,1,FAC,anchor,MDD,label_cliff,anchor.to.label_cliff,90.88209615,0.5625
P23,036 813 834,1,XCM,struct_cliff,MDD,label_cliff,struct_cliff.to.label_cliff,70.87031113,0.9473684210526316
P25,036 813 834,2,FAC,anchor,XCM,struct_cliff,anchor.to.struct_cliff,58.4103775,0.9333333333333332
P25,036 813 834,2,FAC,anchor,MDD,label_cliff,anchor.to.label_cliff,84.89027565,0.5625
P25,036 813 834,2,XCM,struct_cliff,MDD,label_cliff,struct_cliff.to.label_cliff,49.31715422,0.9473684210526316
P25,036 813 834,1,FAC,anchor,XCM,struct_cliff,anchor.to.struct_cliff,56.96877741,0.9333333333333332
P25,036 813 834,1,FAC,anchor,MDD,label_cliff,anchor.to.label_cliff,34.32468645,0.5625
P25,036 813 834,1,XCM,struct_cliff,MDD,label_cliff,struct_cliff.to.label_cliff,62.88928764,0.9473684210526316
P26,036 813 834,2,FAC,anchor,XCM,struct_cliff,anchor.to.struct_cliff,24.42924477,0.9333333333333332
P26,036 813 834,2,FAC,anchor,MDD,label_cliff,anchor.to.label_cliff,40.22532163,0.5625
P26,036 813 834,2,XCM,struct_cliff,MDD,label_cliff,struct_cliff.to.label_cliff,44.42093313,0.9473684210526316
P26,036 813 834,1,FAC,anchor,XCM,struct_cliff,anchor.to.struct_cliff,55.64373909,0.9333333333333332
P26,036 813 834,1,FAC,anchor,MDD,label_cliff,anchor.to.label_cliff,5.500445437,0.5625
P26,036 813 834,1,XCM,struct_cliff,MDD,label_cliff,struct_cliff.to.label_cliff,54.99504705,0.9473684210526316
P27,036 813 834,2,FAC,anchor,XCM,struct_cliff,anchor.to.struct_cliff,101.3429687,0.9333333333333332
P27,036 813 834,2,FAC,anchor,MDD,label_cliff,anchor.to.label_cliff,102.088969,0.5625
P27,036 813 834,2,XCM,struct_cliff,MDD,label_cliff,struct_cliff.to.label_cliff,65.89497174,0.9473684210526316
P27,036 813 834,1,FAC,anchor,XCM,struct_cliff,anchor.to.struct_cliff,61.16177319,0.9333333333333332
P27,036 813 834,1,FAC,anchor,MDD,label_cliff,anchor.to.label_cliff,21.47269196,0.5625
P27,036 813 834,1,XCM,struct_cliff,MDD,label_cliff,struct_cliff.to.label_cliff,82.63435121,0.9473684210526316
P28,036 813 834,2,FAC,anchor,XCM,struct_cliff,anchor.to.struct_cliff,47.74605429,0.9333333333333332
P28,036 813 834,2,FAC,anchor,MDD,label_cliff,anchor.to.label_cliff,15.71712442,0.5625
P28,036 813 834,2,XCM,struct_cliff,MDD,label_cliff,struct_cliff.to.label_cliff,50.06493883,0.9473684210526316
P28,036 813 834,1,FAC,anchor,XCM,struct_cliff,anchor.to.struct_cliff,84.32737752,0.9333333333333332
P28,036 813 834,1,FAC,anchor,MDD,label_cliff,anchor.to.label_cliff,14.72520628,0.5625
P28,036 813 834,1,XCM,struct_cliff,MDD,label_cliff,struct_cliff.to.label_cliff,93.97436938,0.9473684210526316
P31,036 813 834,2,FAC,anchor,XCM,struct_cliff,anchor.to.struct_cliff,18.23300579,0.9333333333333332
P31,036 813 834,2,FAC,anchor,MDD,label_cliff,anchor.to.label_cliff,99.38095693,0.5625
P31,036 813 834,2,XCM,struct_cliff,MDD,label_cliff,struct_cliff.to.label_cliff,91.98530372,0.9473684210526316
P31,036 813 834,1,FAC,anchor,XCM,struct_cliff,anchor.to.struct_cliff,93.17986102,0.9333333333333332
P31,036 813 834,1,FAC,anchor,MDD,label_cliff,anchor.to.label_cliff,12.0549409,0.5625
P31,036 813 834,1,XCM,struct_cliff,MDD,label_cliff,struct_cliff.to.label_cliff,85.17416099,0.9473684210526316
P32,036 813 834,2,FAC,anchor,XCM,struct_cliff,anchor.to.struct_cliff,32.6700551,0.9333333333333332
P32,036 813 834,2,FAC,anchor,MDD,label_cliff,anchor.to.label_cliff,10.95102735,0.5625
P32,036 813 834,2,XCM,struct_cliff,MDD,label_cliff,struct_cliff.to.label_cliff,40.12184567,0.9473684210526316
P32,036 813 834,1,FAC,anchor,XCM,struct_cliff,anchor.to.struct_cliff,15.13814388,0.9333333333333332
P32,036 813 834,1,FAC,anchor,MDD,label_cliff,anchor.to.label_cliff,9.683868029,0.5625
P32,036 813 834,1,XCM,struct_cliff,MDD,label_cliff,struct_cliff.to.label_cliff,24.63073081,0.9473684210526316
P5,036 813 834,2,FAC,anchor,XCM,struct_cliff,anchor.to.struct_cliff,85.63220422,0.9333333333333332
P5,036 813 834,2,FAC,anchor,MDD,label_cliff,anchor.to.label_cliff,28.1794198,0.5625
P5,036 813 834,2,XCM,struct_cliff,MDD,label_cliff,struct_cliff.to.label_cliff,57.46977031,0.9473684210526316
P5,036 813 834,1,FAC,anchor,XCM,struct_cliff,anchor.to.struct_cliff,17.67163264,0.9333333333333332
P5,036 813 834,1,FAC,anchor,MDD,label_cliff,anchor.to.label_cliff,123.9734883,0.5625
P5,036 813 834,1,XCM,struct_cliff,MDD,label_cliff,struct_cliff.to.label_cliff,106.4487294,0.9473684210526316
P6,036 813 834,2,FAC,anchor,XCM,struct_cliff,anchor.to.struct_cliff,28.03236166,0.9333333333333332
P6,036 813 834,2,FAC,anchor,MDD,label_cliff,anchor.to.label_cliff,35.58588765,0.5625
P6,036 813 834,2,XCM,struct_cliff,MDD,label_cliff,struct_cliff.to.label_cliff,61.15703475,0.9473684210526316
P6,036 813 834,1,FAC,anchor,XCM,struct_cliff,anchor.to.struct_cliff,28.75167126,0.9333333333333332
P6,036 813 834,1,FAC,anchor,MDD,label_cliff,anchor.to.label_cliff,58.58821469,0.5625
P6,036 813 834,1,XCM,struct_cliff,MDD,label_cliff,struct_cliff.to.label_cliff,48.43545086,0.9473684210526316
P9,036 813 834,2,FAC,anchor,XCM,struct_cliff,anchor.to.struct_cliff,47.02470946,0.9333333333333332
P9,036 813 834,2,FAC,anchor,MDD,label_cliff,anchor.to.label_cliff,55.02626009,0.5625
P9,036 813 834,2,XCM,struct_cliff,MDD,label_cliff,struct_cliff.to.label_cliff,31.25124318,0.9473684210526316
P9,036 813 834,1,FAC,anchor,XCM,struct_cliff,anchor.to.struct_cliff,52.42910737,0.9333333333333332
P9,036 813 834,1,FAC,anchor,MDD,label_cliff,anchor.to.label_cliff,26.66495078,0.5625
P9,036 813 834,1,XCM,struct_cliff,MDD,label_cliff,struct_cliff.to.label_cliff,46.73289313,0.9473684210526316
P1,036 457 813,2,FAC,anchor,XRT,struct_cliff,anchor.to.struct_cliff,81.67586241,0.7941176470588236
P1,036 457 813,2,FAC,anchor,MDD,label_cliff,anchor.to.label_cliff,85.52520623,0.5625
P1,036 457 813,2,XRT,struct_cliff,MDD,label_cliff,struct_cliff.to.label_cliff,59.06135454,0.9111111111111112
P1,036 457 813,1,FAC,anchor,XRT,struct_cliff,anchor.to.struct_cliff,79.41069009,0.7941176470588236
P1,036 457 813,1,FAC,anchor,MDD,label_cliff,anchor.to.label_cliff,31.10761482,0.5625
P1,036 457 813,1,XRT,struct_cliff,MDD,label_cliff,struct_cliff.to.label_cliff,48.45805196,0.9111111111111112
P10,036 457 813,2,FAC,anchor,XRT,struct_cliff,anchor.to.struct_cliff,32.14089607,0.7941176470588236
P10,036 457 813,2,FAC,anchor,MDD,label_cliff,anchor.to.label_cliff,26.7004794,0.5625
P10,036 457 813,2,XRT,struct_cliff,MDD,label_cliff,struct_cliff.to.label_cliff,33.27461495,0.9111111111111112
P10,036 457 813,1,FAC,anchor,XRT,struct_cliff,anchor.to.struct_cliff,55.07409191,0.7941176470588236
P10,036 457 813,1,FAC,anchor,MDD,label_cliff,anchor.to.label_cliff,74.84648622,0.5625
P10,036 457 813,1,XRT,struct_cliff,MDD,label_cliff,struct_cliff.to.label_cliff,21.5051459,0.9111111111111112
P11,036 457 813,2,FAC,anchor,XRT,struct_cliff,anchor.to.struct_cliff,20.86784368,0.7941176470588236
P11,036 457 813,2,FAC,anchor,MDD,label_cliff,anchor.to.label_cliff,21.16675932,0.5625
P11,036 457 813,2,XRT,struct_cliff,MDD,label_cliff,struct_cliff.to.label_cliff,15.06662537,0.9111111111111112
P11,036 457 813,1,FAC,anchor,XRT,struct_cliff,anchor.to.struct_cliff,75.14666726,0.7941176470588236
P11,036 457 813,1,FAC,anchor,MDD,label_cliff,anchor.to.label_cliff,94.63585843,0.5625
P11,036 457 813,1,XRT,struct_cliff,MDD,label_cliff,struct_cliff.to.label_cliff,19.53930654,0.9111111111111112
P13,036 457 813,1,FAC,anchor,XRT,struct_cliff,anchor.to.struct_cliff,1.099863628,0.7941176470588236
P13,036 457 813,1,FAC,anchor,MDD,label_cliff,anchor.to.label_cliff,81.07448736,0.5625
P13,036 457 813,1,XRT,struct_cliff,MDD,label_cliff,struct_cliff.to.label_cliff,80.01478488,0.9111111111111112
P14,036 457 813,2,FAC,anchor,XRT,struct_cliff,anchor.to.struct_cliff,101.0556846,0.7941176470588236
P14,036 457 813,2,FAC,anchor,MDD,label_cliff,anchor.to.label_cliff,108.1543198,0.5625
P14,036 457 813,2,XRT,struct_cliff,MDD,label_cliff,struct_cliff.to.label_cliff,11.83817976,0.9111111111111112
P14,036 457 813,1,FAC,anchor,XRT,struct_cliff,anchor.to.struct_cliff,77.96380827,0.7941176470588236
P14,036 457 813,1,FAC,anchor,MDD,label_cliff,anchor.to.label_cliff,112.0623398,0.5625
P14,036 457 813,1,XRT,struct_cliff,MDD,label_cliff,struct_cliff.to.label_cliff,34.89385333,0.9111111111111112
P19,036 457 813,2,FAC,anchor,XRT,struct_cliff,anchor.to.struct_cliff,120.7400066,0.7941176470588236
P19,036 457 813,2,FAC,anchor,MDD,label_cliff,anchor.to.label_cliff,10.98814816,0.5625
P19,036 457 813,2,XRT,struct_cliff,MDD,label_cliff,struct_cliff.to.label_cliff,131.1128407,0.9111111111111112
P19,036 457 813,1,FAC,anchor,XRT,struct_cliff,anchor.to.struct_cliff,128.9284565,0.7941176470588236
P19,036 457 813,1,FAC,anchor,MDD,label_cliff,anchor.to.label_cliff,11.11897927,0.5625
P19,036 457 813,1,XRT,struct_cliff,MDD,label_cliff,struct_cliff.to.label_cliff,117.8613219,0.9111111111111112
P2,036 457 813,2,FAC,anchor,XRT,struct_cliff,anchor.to.struct_cliff,105.0037795,0.7941176470588236
P2,036 457 813,2,FAC,anchor,MDD,label_cliff,anchor.to.label_cliff,71.731254,0.5625
P2,036 457 813,2,XRT,struct_cliff,MDD,label_cliff,struct_cliff.to.label_cliff,88.70331279,0.9111111111111112
P2,036 457 813,1,FAC,anchor,XRT,struct_cliff,anchor.to.struct_cliff,92.99903655,0.7941176470588236
P2,036 457 813,1,FAC,anchor,MDD,label_cliff,anchor.to.label_cliff,57.16683829,0.5625
P2,036 457 813,1,XRT,struct_cliff,MDD,label_cliff,struct_cliff.to.label_cliff,53.02547501,0.9111111111111112
P23,036 457 813,1,FAC,anchor,XRT,struct_cliff,anchor.to.struct_cliff,91.96985702,0.7941176470588236
P23,036 457 813,1,FAC,anchor,MDD,label_cliff,anchor.to.label_cliff,84.92993642,0.5625
P23,036 457 813,1,XRT,struct_cliff,MDD,label_cliff,struct_cliff.to.label_cliff,70.67859436,0.9111111111111112
P25,036 457 813,2,FAC,anchor,XRT,struct_cliff,anchor.to.struct_cliff,13.40722193,0.7941176470588236
P25,036 457 813,2,FAC,anchor,MDD,label_cliff,anchor.to.label_cliff,48.71690672,0.5625
P25,036 457 813,2,XRT,struct_cliff,MDD,label_cliff,struct_cliff.to.label_cliff,39.55143739,0.9111111111111112
P25,036 457 813,1,FAC,anchor,XRT,struct_cliff,anchor.to.struct_cliff,51.98393983,0.7941176470588236
P25,036 457 813,1,FAC,anchor,MDD,label_cliff,anchor.to.label_cliff,33.84332283,0.5625
P25,036 457 813,1,XRT,struct_cliff,MDD,label_cliff,struct_cliff.to.label_cliff,51.95923883,0.9111111111111112
P26,036 457 813,2,FAC,anchor,XRT,struct_cliff,anchor.to.struct_cliff,36.66146205,0.7941176470588236
P26,036 457 813,2,FAC,anchor,MDD,label_cliff,anchor.to.label_cliff,33.1664077,0.5625
P26,036 457 813,2,XRT,struct_cliff,MDD,label_cliff,struct_cliff.to.label_cliff,61.15179311,0.9111111111111112
P26,036 457 813,1,FAC,anchor,XRT,struct_cliff,anchor.to.struct_cliff,19.7377405,0.7941176470588236
P26,036 457 813,1,FAC,anchor,MDD,label_cliff,anchor.to.label_cliff,64.10816173,0.5625
P26,036 457 813,1,XRT,struct_cliff,MDD,label_cliff,struct_cliff.to.label_cliff,69.81210497,0.9111111111111112
P27,036 457 813,2,FAC,anchor,XRT,struct_cliff,anchor.to.struct_cliff,16.60335508,0.7941176470588236
P27,036 457 813,2,FAC,anchor,MDD,label_cliff,anchor.to.label_cliff,116.8178039,0.5625
P27,036 457 813,2,XRT,struct_cliff,MDD,label_cliff,struct_cliff.to.label_cliff,106.9958359,0.9111111111111112
P27,036 457 813,1,FAC,anchor,XRT,struct_cliff,anchor.to.struct_cliff,36.13116383,0.7941176470588236
P27,036 457 813,1,FAC,anchor,MDD,label_cliff,anchor.to.label_cliff,39.61913805,0.5625
P27,036 457 813,1,XRT,struct_cliff,MDD,label_cliff,struct_cliff.to.label_cliff,15.84303317,0.9111111111111112
P28,036 457 813,2,FAC,anchor,XRT,struct_cliff,anchor.to.struct_cliff,23.5809351,0.7941176470588236
P28,036 457 813,2,FAC,anchor,MDD,label_cliff,anchor.to.label_cliff,26.68662774,0.5625
P28,036 457 813,2,XRT,struct_cliff,MDD,label_cliff,struct_cliff.to.label_cliff,23.67431097,0.9111111111111112
P28,036 457 813,1,FAC,anchor,XRT,struct_cliff,anchor.to.struct_cliff,27.77308949,0.7941176470588236
P28,036 457 813,1,FAC,anchor,MDD,label_cliff,anchor.to.label_cliff,18.07682494,0.5625
P28,036 457 813,1,XRT,struct_cliff,MDD,label_cliff,struct_cliff.to.label_cliff,29.25526448,0.9111111111111112
P31,036 457 813,2,FAC,anchor,XRT,struct_cliff,anchor.to.struct_cliff,11.94805423,0.7941176470588236
P31,036 457 813,2,FAC,anchor,MDD,label_cliff,anchor.to.label_cliff,120.8977043,0.5625
P31,036 457 813,2,XRT,struct_cliff,MDD,label_cliff,struct_cliff.to.label_cliff,108.9802702,0.9111111111111112
P31,036 457 813,1,FAC,anchor,XRT,struct_cliff,anchor.to.struct_cliff,58.98573556,0.7941176470588236
P31,036 457 813,1,FAC,anchor,MDD,label_cliff,anchor.to.label_cliff,11.41035495,0.5625
P31,036 457 813,1,XRT,struct_cliff,MDD,label_cliff,struct_cliff.to.label_cliff,54.84964904,0.9111111111111112
P32,036 457 813,2,FAC,anchor,XRT,struct_cliff,anchor.to.struct_cliff,36.1073649,0.7941176470588236
P32,036 457 813,2,FAC,anchor,MDD,label_cliff,anchor.to.label_cliff,18.48084955,0.5625
P32,036 457 813,2,XRT,struct_cliff,MDD,label_cliff,struct_cliff.to.label_cliff,28.03711825,0.9111111111111112
P32,036 457 813,1,FAC,anchor,XRT,struct_cliff,anchor.to.struct_cliff,22.80541164,0.7941176470588236
P32,036 457 813,1,FAC,anchor,MDD,label_cliff,anchor.to.label_cliff,8.296915089,0.5625
P32,036 457 813,1,XRT,struct_cliff,MDD,label_cliff,struct_cliff.to.label_cliff,20.43113311,0.9111111111111112
P5,036 457 813,2,FAC,anchor,XRT,struct_cliff,anchor.to.struct_cliff,26.45572339,0.7941176470588236
P5,036 457 813,2,FAC,anchor,MDD,label_cliff,anchor.to.label_cliff,114.7551642,0.5625
P5,036 457 813,2,XRT,struct_cliff,MDD,label_cliff,struct_cliff.to.label_cliff,88.37950102,0.9111111111111112
P5,036 457 813,1,FAC,anchor,XRT,struct_cliff,anchor.to.struct_cliff,52.10378873,0.7941176470588236
P5,036 457 813,1,FAC,anchor,MDD,label_cliff,anchor.to.label_cliff,52.0782277,0.5625
P5,036 457 813,1,XRT,struct_cliff,MDD,label_cliff,struct_cliff.to.label_cliff,104.0421463,0.9111111111111112
P6,036 457 813,2,FAC,anchor,XRT,struct_cliff,anchor.to.struct_cliff,54.49607784,0.7941176470588236
P6,036 457 813,2,FAC,anchor,MDD,label_cliff,anchor.to.label_cliff,42.73449309,0.5625
P6,036 457 813,2,XRT,struct_cliff,MDD,label_cliff,struct_cliff.to.label_cliff,14.98215605,0.9111111111111112
P6,036 457 813,1,FAC,anchor,XRT,struct_cliff,anchor.to.struct_cliff,47.93698885,0.7941176470588236
P6,036 457 813,1,FAC,anchor,MDD,label_cliff,anchor.to.label_cliff,36.61401371,0.5625
P6,036 457 813,1,XRT,struct_cliff,MDD,label_cliff,struct_cliff.to.label_cliff,17.51395158,0.9111111111111112
P9,036 457 813,2,FAC,anchor,XRT,struct_cliff,anchor.to.struct_cliff,40.90430906,0.7941176470588236
P9,036 457 813,2,FAC,anchor,MDD,label_cliff,anchor.to.label_cliff,37.05400653,0.5625
P9,036 457 813,2,XRT,struct_cliff,MDD,label_cliff,struct_cliff.to.label_cliff,36.24239093,0.9111111111111112
P9,036 457 813,1,FAC,anchor,XRT,struct_cliff,anchor.to.struct_cliff,38.46940733,0.7941176470588236
P9,036 457 813,1,FAC,anchor,MDD,label_cliff,anchor.to.label_cliff,30.26844066,0.5625
P9,036 457 813,1,XRT,struct_cliff,MDD,label_cliff,struct_cliff.to.label_cliff,36.23693144,0.9111111111111112
P1,174 273 985,2,MJC,anchor,TDI,struct_cliff,anchor.to.struct_cliff,97.93919389,0.8421052631578947
P1,174 273 985,2,MJC,anchor,FSV,label_cliff,anchor.to.label_cliff,93.59323159,0.5675675675675675
P1,174 273 985,2,TDI,struct_cliff,FSV,label_cliff,struct_cliff.to.label_cliff,80.94831993,0.8723404255319149
P1,174 273 985,1,MJC,anchor,TDI,struct_cliff,anchor.to.struct_cliff,122.8774251,0.8421052631578947
P1,174 273 985,1,MJC,anchor,FSV,label_cliff,anchor.to.label_cliff,62.00473692,0.5675675675675675
P1,174 273 985,1,TDI,struct_cliff,FSV,label_cliff,struct_cliff.to.label_cliff,61.12203694,0.8723404255319149
P10,174 273 985,2,MJC,anchor,TDI,struct_cliff,anchor.to.struct_cliff,26.29409249,0.8421052631578947
P10,174 273 985,2,MJC,anchor,FSV,label_cliff,anchor.to.label_cliff,53.72912153,0.5675675675675675
P10,174 273 985,2,TDI,struct_cliff,FSV,label_cliff,struct_cliff.to.label_cliff,36.22897459,0.8723404255319149
P10,174 273 985,1,MJC,anchor,TDI,struct_cliff,anchor.to.struct_cliff,16.04980062,0.8421052631578947
P10,174 273 985,1,MJC,anchor,FSV,label_cliff,anchor.to.label_cliff,19.08089096,0.5675675675675675
P10,174 273 985,1,TDI,struct_cliff,FSV,label_cliff,struct_cliff.to.label_cliff,7.541120606,0.8723404255319149
P11,174 273 985,2,MJC,anchor,TDI,struct_cliff,anchor.to.struct_cliff,72.14235372,0.8421052631578947
P11,174 273 985,2,MJC,anchor,FSV,label_cliff,anchor.to.label_cliff,42.00610075,0.5675675675675675
P11,174 273 985,2,TDI,struct_cliff,FSV,label_cliff,struct_cliff.to.label_cliff,111.5949107,0.8723404255319149
P11,174 273 985,1,MJC,anchor,TDI,struct_cliff,anchor.to.struct_cliff,18.22223916,0.8421052631578947
P11,174 273 985,1,MJC,anchor,FSV,label_cliff,anchor.to.label_cliff,59.90757965,0.5675675675675675
P11,174 273 985,1,TDI,struct_cliff,FSV,label_cliff,struct_cliff.to.label_cliff,74.58481414,0.8723404255319149
P13,174 273 985,1,MJC,anchor,TDI,struct_cliff,anchor.to.struct_cliff,102.0153052,0.8421052631578947
P13,174 273 985,1,MJC,anchor,FSV,label_cliff,anchor.to.label_cliff,59.22028791,0.5675675675675675
P13,174 273 985,1,TDI,struct_cliff,FSV,label_cliff,struct_cliff.to.label_cliff,85.84102749,0.8723404255319149
P14,174 273 985,2,MJC,anchor,TDI,struct_cliff,anchor.to.struct_cliff,9.43076349,0.8421052631578947
P14,174 273 985,2,MJC,anchor,FSV,label_cliff,anchor.to.label_cliff,113.5420931,0.5675675675675675
P14,174 273 985,2,TDI,struct_cliff,FSV,label_cliff,struct_cliff.to.label_cliff,110.4028279,0.8723404255319149
P14,174 273 985,1,MJC,anchor,TDI,struct_cliff,anchor.to.struct_cliff,85.00796727,0.8421052631578947
P14,174 273 985,1,MJC,anchor,FSV,label_cliff,anchor.to.label_cliff,31.41865847,0.5675675675675675
P14,174 273 985,1,TDI,struct_cliff,FSV,label_cliff,struct_cliff.to.label_cliff,115.5159348,0.8723404255319149
P19,174 273 985,2,MJC,anchor,TDI,struct_cliff,anchor.to.struct_cliff,96.75749738,0.8421052631578947
P19,174 273 985,2,MJC,anchor,FSV,label_cliff,anchor.to.label_cliff,83.43183325,0.5675675675675675
P19,174 273 985,2,TDI,struct_cliff,FSV,label_cliff,struct_cliff.to.label_cliff,96.01185187,0.8723404255319149
P19,174 273 985,1,MJC,anchor,TDI,struct_cliff,anchor.to.struct_cliff,78.93146521,0.8421052631578947
P19,174 273 985,1,MJC,anchor,FSV,label_cliff,anchor.to.label_cliff,62.60814404,0.5675675675675675
P19,174 273 985,1,TDI,struct_cliff,FSV,label_cliff,struct_cliff.to.label_cliff,131.8542335,0.8723404255319149
P2,174 273 985,2,MJC,anchor,TDI,struct_cliff,anchor.to.struct_cliff,104.7727011,0.8421052631578947
P2,174 273 985,2,MJC,anchor,FSV,label_cliff,anchor.to.label_cliff,66.33910235,0.5675675675675675
P2,174 273 985,2,TDI,struct_cliff,FSV,label_cliff,struct_cliff.to.label_cliff,103.3342634,0.8723404255319149
P2,174 273 985,1,MJC,anchor,TDI,struct_cliff,anchor.to.struct_cliff,98.198445,0.8421052631578947
P2,174 273 985,1,MJC,anchor,FSV,label_cliff,anchor.to.label_cliff,96.66355932,0.5675675675675675
P2,174 273 985,1,TDI,struct_cliff,FSV,label_cliff,struct_cliff.to.label_cliff,65.07554456,0.8723404255319149
P23,174 273 985,1,MJC,anchor,TDI,struct_cliff,anchor.to.struct_cliff,55.06896494,0.8421052631578947
P23,174 273 985,1,MJC,anchor,FSV,label_cliff,anchor.to.label_cliff,102.7071263,0.5675675675675675
P23,174 273 985,1,TDI,struct_cliff,FSV,label_cliff,struct_cliff.to.label_cliff,84.84422491,0.8723404255319149
P25,174 273 985,2,MJC,anchor,TDI,struct_cliff,anchor.to.struct_cliff,25.19203842,0.8421052631578947
P25,174 273 985,2,MJC,anchor,FSV,label_cliff,anchor.to.label_cliff,24.91862958,0.5675675675675675
P25,174 273 985,2,TDI,struct_cliff,FSV,label_cliff,struct_cliff.to.label_cliff,29.74001513,0.8723404255319149
P25,174 273 985,1,MJC,anchor,TDI,struct_cliff,anchor.to.struct_cliff,89.57838634,0.8421052631578947
P25,174 273 985,1,MJC,anchor,FSV,label_cliff,anchor.to.label_cliff,68.45345864,0.5675675675675675
P25,174 273 985,1,TDI,struct_cliff,FSV,label_cliff,struct_cliff.to.label_cliff,33.60315015,0.8723404255319149
P26,174 273 985,2,MJC,anchor,TDI,struct_cliff,anchor.to.struct_cliff,27.8401329,0.8421052631578947
P26,174 273 985,2,MJC,anchor,FSV,label_cliff,anchor.to.label_cliff,51.60130715,0.5675675675675675
P26,174 273 985,2,TDI,struct_cliff,FSV,label_cliff,struct_cliff.to.label_cliff,23.82686089,0.8723404255319149
P26,174 273 985,1,MJC,anchor,TDI,struct_cliff,anchor.to.struct_cliff,37.07091178,0.8421052631578947
P26,174 273 985,1,MJC,anchor,FSV,label_cliff,anchor.to.label_cliff,117.3731251,0.5675675675675675
P26,174 273 985,1,TDI,struct_cliff,FSV,label_cliff,struct_cliff.to.label_cliff,92.38641026,0.8723404255319149
P27,174 273 985,2,MJC,anchor,TDI,struct_cliff,anchor.to.struct_cliff,18.43017363,0.8421052631578947
P27,174 273 985,2,MJC,anchor,FSV,label_cliff,anchor.to.label_cliff,122.7377798,0.5675675675675675
P27,174 273 985,2,TDI,struct_cliff,FSV,label_cliff,struct_cliff.to.label_cliff,110.7472009,0.8723404255319149
P27,174 273 985,1,MJC,anchor,TDI,struct_cliff,anchor.to.struct_cliff,7.124745609,0.8421052631578947
P27,174 273 985,1,MJC,anchor,FSV,label_cliff,anchor.to.label_cliff,106.9350317,0.5675675675675675
P27,174 273 985,1,TDI,struct_cliff,FSV,label_cliff,struct_cliff.to.label_cliff,112.4300004,0.8723404255319149
P28,174 273 985,2,MJC,anchor,TDI,struct_cliff,anchor.to.struct_cliff,70.57329878,0.8421052631578947
P28,174 273 985,2,MJC,anchor,FSV,label_cliff,anchor.to.label_cliff,89.79883741,0.5675675675675675
P28,174 273 985,2,TDI,struct_cliff,FSV,label_cliff,struct_cliff.to.label_cliff,86.70335922,0.8723404255319149
P28,174 273 985,1,MJC,anchor,TDI,struct_cliff,anchor.to.struct_cliff,79.97376132,0.8421052631578947
P28,174 273 985,1,MJC,anchor,FSV,label_cliff,anchor.to.label_cliff,12.60489587,0.5675675675675675
P28,174 273 985,1,TDI,struct_cliff,FSV,label_cliff,struct_cliff.to.label_cliff,79.19218206,0.8723404255319149
P31,174 273 985,2,MJC,anchor,TDI,struct_cliff,anchor.to.struct_cliff,50.25037811,0.8421052631578947
P31,174 273 985,2,MJC,anchor,FSV,label_cliff,anchor.to.label_cliff,55.68651991,0.5675675675675675
P31,174 273 985,2,TDI,struct_cliff,FSV,label_cliff,struct_cliff.to.label_cliff,50.945463,0.8723404255319149
P31,174 273 985,1,MJC,anchor,TDI,struct_cliff,anchor.to.struct_cliff,72.58776894,0.8421052631578947
P31,174 273 985,1,MJC,anchor,FSV,label_cliff,anchor.to.label_cliff,7.899582267,0.5675675675675675
P31,174 273 985,1,TDI,struct_cliff,FSV,label_cliff,struct_cliff.to.label_cliff,70.15859178,0.8723404255319149
P32,174 273 985,2,MJC,anchor,TDI,struct_cliff,anchor.to.struct_cliff,29.51037953,0.8421052631578947
P32,174 273 985,2,MJC,anchor,FSV,label_cliff,anchor.to.label_cliff,33.47430208,0.5675675675675675
P32,174 273 985,2,TDI,struct_cliff,FSV,label_cliff,struct_cliff.to.label_cliff,15.14606219,0.8723404255319149
P32,174 273 985,1,MJC,anchor,TDI,struct_cliff,anchor.to.struct_cliff,24.42897665,0.8421052631578947
P32,174 273 985,1,MJC,anchor,FSV,label_cliff,anchor.to.label_cliff,25.90283768,0.5675675675675675
P32,174 273 985,1,TDI,struct_cliff,FSV,label_cliff,struct_cliff.to.label_cliff,15.01173208,0.8723404255319149
P5,174 273 985,2,MJC,anchor,TDI,struct_cliff,anchor.to.struct_cliff,88.7390089,0.8421052631578947
P5,174 273 985,2,MJC,anchor,FSV,label_cliff,anchor.to.label_cliff,18.49735657,0.5675675675675675
P5,174 273 985,2,TDI,struct_cliff,FSV,label_cliff,struct_cliff.to.label_cliff,106.9060284,0.8723404255319149
P5,174 273 985,1,MJC,anchor,TDI,struct_cliff,anchor.to.struct_cliff,72.13289957,0.8421052631578947
P5,174 273 985,1,MJC,anchor,FSV,label_cliff,anchor.to.label_cliff,31.38412656,0.5675675675675675
P5,174 273 985,1,TDI,struct_cliff,FSV,label_cliff,struct_cliff.to.label_cliff,103.26512,0.8723404255319149
P6,174 273 985,2,MJC,anchor,TDI,struct_cliff,anchor.to.struct_cliff,41.1610617,0.8421052631578947
P6,174 273 985,2,MJC,anchor,FSV,label_cliff,anchor.to.label_cliff,18.16729204,0.5675675675675675
P6,174 273 985,2,TDI,struct_cliff,FSV,label_cliff,struct_cliff.to.label_cliff,51.71249075,0.8723404255319149
P6,174 273 985,1,MJC,anchor,TDI,struct_cliff,anchor.to.struct_cliff,15.84823334,0.8421052631578947
P6,174 273 985,1,MJC,anchor,FSV,label_cliff,anchor.to.label_cliff,12.69403403,0.5675675675675675
P6,174 273 985,1,TDI,struct_cliff,FSV,label_cliff,struct_cliff.to.label_cliff,25.04198475,0.8723404255319149
P9,174 273 985,2,MJC,anchor,TDI,struct_cliff,anchor.to.struct_cliff,51.38009731,0.8421052631578947
P9,174 273 985,2,MJC,anchor,FSV,label_cliff,anchor.to.label_cliff,72.71480248,0.5675675675675675
P9,174 273 985,2,TDI,struct_cliff,FSV,label_cliff,struct_cliff.to.label_cliff,65.9907001,0.8723404255319149
P9,174 273 985,1,MJC,anchor,TDI,struct_cliff,anchor.to.struct_cliff,30.3119201,0.8421052631578947
P9,174 273 985,1,MJC,anchor,FSV,label_cliff,anchor.to.label_cliff,41.05995738,0.5675675675675675
P9,174 273 985,1,TDI,struct_cliff,FSV,label_cliff,struct_cliff.to.label_cliff,70.82237641,0.8723404255319149
P1,067 165 370,2,JBL,anchor,SOE,struct_cliff,anchor.to.struct_cliff,94.45011911,0.9230769230769232
P1,067 165 370,2,JBL,anchor,PTF,label_cliff,anchor.to.label_cliff,106.1995122,0.5384615384615384
P1,067 165 370,2,SOE,struct_cliff,PTF,label_cliff,struct_cliff.to.label_cliff,104.0938202,0.9230769230769232
P1,067 165 370,1,JBL,anchor,SOE,struct_cliff,anchor.to.struct_cliff,59.80737747,0.9230769230769232
P1,067 165 370,1,JBL,anchor,PTF,label_cliff,anchor.to.label_cliff,127.9900438,0.5384615384615384
P1,067 165 370,1,SOE,struct_cliff,PTF,label_cliff,struct_cliff.to.label_cliff,68.39605617,0.9230769230769232
P10,067 165 370,2,JBL,anchor,SOE,struct_cliff,anchor.to.struct_cliff,11.59300651,0.9230769230769232
P10,067 165 370,2,JBL,anchor,PTF,label_cliff,anchor.to.label_cliff,54.73653624,0.5384615384615384
P10,067 165 370,2,SOE,struct_cliff,PTF,label_cliff,struct_cliff.to.label_cliff,53.00080188,0.9230769230769232
P10,067 165 370,1,JBL,anchor,SOE,struct_cliff,anchor.to.struct_cliff,15.75806143,0.9230769230769232
P10,067 165 370,1,JBL,anchor,PTF,label_cliff,anchor.to.label_cliff,63.07863109,0.5384615384615384
P10,067 165 370,1,SOE,struct_cliff,PTF,label_cliff,struct_cliff.to.label_cliff,68.0641947,0.9230769230769232
P11,067 165 370,2,JBL,anchor,SOE,struct_cliff,anchor.to.struct_cliff,35.74663201,0.9230769230769232
P11,067 165 370,2,JBL,anchor,PTF,label_cliff,anchor.to.label_cliff,114.3382792,0.5384615384615384
P11,067 165 370,2,SOE,struct_cliff,PTF,label_cliff,struct_cliff.to.label_cliff,78.60065267,0.9230769230769232
P11,067 165 370,1,JBL,anchor,SOE,struct_cliff,anchor.to.struct_cliff,41.01248834,0.9230769230769232
P11,067 165 370,1,JBL,anchor,PTF,label_cliff,anchor.to.label_cliff,90.82902234,0.5384615384615384
P11,067 165 370,1,SOE,struct_cliff,PTF,label_cliff,struct_cliff.to.label_cliff,50.36182384,0.9230769230769232
P13,067 165 370,1,JBL,anchor,SOE,struct_cliff,anchor.to.struct_cliff,69.65706999,0.9230769230769232
P13,067 165 370,1,JBL,anchor,PTF,label_cliff,anchor.to.label_cliff,93.27704648,0.5384615384615384
P13,067 165 370,1,SOE,struct_cliff,PTF,label_cliff,struct_cliff.to.label_cliff,81.44869305,0.9230769230769232
P14,067 165 370,2,JBL,anchor,SOE,struct_cliff,anchor.to.struct_cliff,26.61751679,0.9230769230769232
P14,067 165 370,2,JBL,anchor,PTF,label_cliff,anchor.to.label_cliff,78.66461593,0.5384615384615384
P14,067 165 370,2,SOE,struct_cliff,PTF,label_cliff,struct_cliff.to.label_cliff,80.34735839,0.9230769230769232
P14,067 165 370,1,JBL,anchor,SOE,struct_cliff,anchor.to.struct_cliff,33.92170397,0.9230769230769232
P14,067 165 370,1,JBL,anchor,PTF,label_cliff,anchor.to.label_cliff,114.8053117,0.5384615384615384
P14,067 165 370,1,SOE,struct_cliff,PTF,label_cliff,struct_cliff.to.label_cliff,92.16032118,0.9230769230769232
P19,067 165 370,2,JBL,anchor,SOE,struct_cliff,anchor.to.struct_cliff,48.48476874,0.9230769230769232
P19,067 165 370,2,JBL,anchor,PTF,label_cliff,anchor.to.label_cliff,131.9250124,0.5384615384615384
P19,067 165 370,2,SOE,struct_cliff,PTF,label_cliff,struct_cliff.to.label_cliff,102.8212356,0.9230769230769232
P19,067 165 370,1,JBL,anchor,SOE,struct_cliff,anchor.to.struct_cliff,43.95933234,0.9230769230769232
P19,067 165 370,1,JBL,anchor,PTF,label_cliff,anchor.to.label_cliff,131.9818991,0.5384615384615384
P19,067 165 370,1,SOE,struct_cliff,PTF,label_cliff,struct_cliff.to.label_cliff,88.06872317,0.9230769230769232
P2,067 165 370,2,JBL,anchor,SOE,struct_cliff,anchor.to.struct_cliff,65.94999393,0.9230769230769232
P2,067 165 370,2,JBL,anchor,PTF,label_cliff,anchor.to.label_cliff,102.6598032,0.5384615384615384
P2,067 165 370,2,SOE,struct_cliff,PTF,label_cliff,struct_cliff.to.label_cliff,105.8329481,0.9230769230769232
P2,067 165 370,1,JBL,anchor,SOE,struct_cliff,anchor.to.struct_cliff,33.11568209,0.9230769230769232
P2,067 165 370,1,JBL,anchor,PTF,label_cliff,anchor.to.label_cliff,113.5804407,0.5384615384615384
P2,067 165 370,1,SOE,struct_cliff,PTF,label_cliff,struct_cliff.to.label_cliff,114.8304755,0.9230769230769232
P23,067 165 370,1,JBL,anchor,SOE,struct_cliff,anchor.to.struct_cliff,95.22369506,0.9230769230769232
P23,067 165 370,1,JBL,anchor,PTF,label_cliff,anchor.to.label_cliff,94.71089536,0.5384615384615384
P23,067 165 370,1,SOE,struct_cliff,PTF,label_cliff,struct_cliff.to.label_cliff,71.02936013,0.9230769230769232
P25,067 165 370,2,JBL,anchor,SOE,struct_cliff,anchor.to.struct_cliff,56.6867189,0.9230769230769232
P25,067 165 370,2,JBL,anchor,PTF,label_cliff,anchor.to.label_cliff,83.31601587,0.5384615384615384
P25,067 165 370,2,SOE,struct_cliff,PTF,label_cliff,struct_cliff.to.label_cliff,87.61143875,0.9230769230769232
P25,067 165 370,1,JBL,anchor,SOE,struct_cliff,anchor.to.struct_cliff,23.04781118,0.9230769230769232
P25,067 165 370,1,JBL,anchor,PTF,label_cliff,anchor.to.label_cliff,82.13347978,0.5384615384615384
P25,067 165 370,1,SOE,struct_cliff,PTF,label_cliff,struct_cliff.to.label_cliff,95.69110565,0.9230769230769232
P26,067 165 370,2,JBL,anchor,SOE,struct_cliff,anchor.to.struct_cliff,41.61026075,0.9230769230769232
P26,067 165 370,2,JBL,anchor,PTF,label_cliff,anchor.to.label_cliff,120.3556102,0.5384615384615384
P26,067 165 370,2,SOE,struct_cliff,PTF,label_cliff,struct_cliff.to.label_cliff,92.88589182,0.9230769230769232
P26,067 165 370,1,JBL,anchor,SOE,struct_cliff,anchor.to.struct_cliff,41.78001077,0.9230769230769232
P26,067 165 370,1,JBL,anchor,PTF,label_cliff,anchor.to.label_cliff,132.6489205,0.5384615384615384
P26,067 165 370,1,SOE,struct_cliff,PTF,label_cliff,struct_cliff.to.label_cliff,107.5175009,0.9230769230769232
P27,067 165 370,2,JBL,anchor,SOE,struct_cliff,anchor.to.struct_cliff,13.6121196,0.9230769230769232
P27,067 165 370,2,JBL,anchor,PTF,label_cliff,anchor.to.label_cliff,127.6420875,0.5384615384615384
P27,067 165 370,2,SOE,struct_cliff,PTF,label_cliff,struct_cliff.to.label_cliff,114.4055685,0.9230769230769232
P27,067 165 370,1,JBL,anchor,SOE,struct_cliff,anchor.to.struct_cliff,4.730507372,0.9230769230769232
P27,067 165 370,1,JBL,anchor,PTF,label_cliff,anchor.to.label_cliff,114.2339529,0.5384615384615384
P27,067 165 370,1,SOE,struct_cliff,PTF,label_cliff,struct_cliff.to.label_cliff,117.7526174,0.9230769230769232
P28,067 165 370,2,JBL,anchor,SOE,struct_cliff,anchor.to.struct_cliff,93.14008213,0.9230769230769232
P28,067 165 370,2,JBL,anchor,PTF,label_cliff,anchor.to.label_cliff,82.81160909,0.5384615384615384
P28,067 165 370,2,SOE,struct_cliff,PTF,label_cliff,struct_cliff.to.label_cliff,69.40421097,0.9230769230769232
P28,067 165 370,1,JBL,anchor,SOE,struct_cliff,anchor.to.struct_cliff,72.13641799,0.9230769230769232
P28,067 165 370,1,JBL,anchor,PTF,label_cliff,anchor.to.label_cliff,115.8523759,0.5384615384615384
P28,067 165 370,1,SOE,struct_cliff,PTF,label_cliff,struct_cliff.to.label_cliff,52.57603446,0.9230769230769232
P31,067 165 370,2,JBL,anchor,SOE,struct_cliff,anchor.to.struct_cliff,92.38215629,0.9230769230769232
P31,067 165 370,2,JBL,anchor,PTF,label_cliff,anchor.to.label_cliff,103.334336,0.5384615384615384
P31,067 165 370,2,SOE,struct_cliff,PTF,label_cliff,struct_cliff.to.label_cliff,26.23815923,0.9230769230769232
P31,067 165 370,1,JBL,anchor,SOE,struct_cliff,anchor.to.struct_cliff,47.55705836,0.9230769230769232
P31,067 165 370,1,JBL,anchor,PTF,label_cliff,anchor.to.label_cliff,88.58764248,0.5384615384615384
P31,067 165 370,1,SOE,struct_cliff,PTF,label_cliff,struct_cliff.to.label_cliff,41.13990034,0.9230769230769232
P32,067 165 370,2,JBL,anchor,SOE,struct_cliff,anchor.to.struct_cliff,71.04514903,0.9230769230769232
P32,067 165 370,2,JBL,anchor,PTF,label_cliff,anchor.to.label_cliff,51.54412188,0.5384615384615384
P32,067 165 370,2,SOE,struct_cliff,PTF,label_cliff,struct_cliff.to.label_cliff,65.81550957,0.9230769230769232
P32,067 165 370,1,JBL,anchor,SOE,struct_cliff,anchor.to.struct_cliff,69.22041606,0.9230769230769232
P32,067 165 370,1,JBL,anchor,PTF,label_cliff,anchor.to.label_cliff,84.87503579,0.5384615384615384
P32,067 165 370,1,SOE,struct_cliff,PTF,label_cliff,struct_cliff.to.label_cliff,47.67740031,0.9230769230769232
P5,067 165 370,2,JBL,anchor,SOE,struct_cliff,anchor.to.struct_cliff,33.10938991,0.9230769230769232
P5,067 165 370,2,JBL,anchor,PTF,label_cliff,anchor.to.label_cliff,122.1700262,0.5384615384615384
P5,067 165 370,2,SOE,struct_cliff,PTF,label_cliff,struct_cliff.to.label_cliff,89.3011019,0.9230769230769232
P5,067 165 370,1,JBL,anchor,SOE,struct_cliff,anchor.to.struct_cliff,34.04867839,0.9230769230769232
P5,067 165 370,1,JBL,anchor,PTF,label_cliff,anchor.to.label_cliff,115.3341242,0.5384615384615384
P5,067 165 370,1,SOE,struct_cliff,PTF,label_cliff,struct_cliff.to.label_cliff,81.28544581,0.9230769230769232
P6,067 165 370,2,JBL,anchor,SOE,struct_cliff,anchor.to.struct_cliff,57.94544762,0.9230769230769232
P6,067 165 370,2,JBL,anchor,PTF,label_cliff,anchor.to.label_cliff,75.78206714,0.5384615384615384
P6,067 165 370,2,SOE,struct_cliff,PTF,label_cliff,struct_cliff.to.label_cliff,18.42313763,0.9230769230769232
P6,067 165 370,1,JBL,anchor,SOE,struct_cliff,anchor.to.struct_cliff,14.02471034,0.9230769230769232
P6,067 165 370,1,JBL,anchor,PTF,label_cliff,anchor.to.label_cliff,56.86329748,0.5384615384615384
P6,067 165 370,1,SOE,struct_cliff,PTF,label_cliff,struct_cliff.to.label_cliff,48.02769722,0.9230769230769232
P9,067 165 370,2,JBL,anchor,SOE,struct_cliff,anchor.to.struct_cliff,31.20546427,0.9230769230769232
P9,067 165 370,2,JBL,anchor,PTF,label_cliff,anchor.to.label_cliff,83.21812843,0.5384615384615384
P9,067 165 370,2,SOE,struct_cliff,PTF,label_cliff,struct_cliff.to.label_cliff,57.45916202,0.9230769230769232
P9,067 165 370,1,JBL,anchor,SOE,struct_cliff,anchor.to.struct_cliff,30.68530593,0.9230769230769232
P9,067 165 370,1,JBL,anchor,PTF,label_cliff,anchor.to.label_cliff,64.70595104,0.5384615384615384
P9,067 165 370,1,SOE,struct_cliff,PTF,label_cliff,struct_cliff.to.label_cliff,51.08518866,0.9230769230769232
P1,273 368 839,2,OTQ,anchor,LXZ,struct_cliff,anchor.to.struct_cliff,35.06762895,0.7804878048780488
P1,273 368 839,2,OTQ,anchor,FSV,label_cliff,anchor.to.label_cliff,127.1524396,0.5813953488372092
P1,273 368 839,2,LXZ,struct_cliff,FSV,label_cliff,struct_cliff.to.label_cliff,92.67099924,0.7857142857142857
P1,273 368 839,1,OTQ,anchor,LXZ,struct_cliff,anchor.to.struct_cliff,69.54578995,0.7804878048780488
P1,273 368 839,1,OTQ,anchor,FSV,label_cliff,anchor.to.label_cliff,130.8926052,0.5813953488372092
P1,273 368 839,1,LXZ,struct_cliff,FSV,label_cliff,struct_cliff.to.label_cliff,61.46515761,0.7857142857142857
P10,273 368 839,2,OTQ,anchor,LXZ,struct_cliff,anchor.to.struct_cliff,43.74985486,0.7804878048780488
P10,273 368 839,2,OTQ,anchor,FSV,label_cliff,anchor.to.label_cliff,17.053592,0.5813953488372092
P10,273 368 839,2,LXZ,struct_cliff,FSV,label_cliff,struct_cliff.to.label_cliff,39.80048743,0.7857142857142857
P10,273 368 839,1,OTQ,anchor,LXZ,struct_cliff,anchor.to.struct_cliff,40.27290156,0.7804878048780488
P10,273 368 839,1,OTQ,anchor,FSV,label_cliff,anchor.to.label_cliff,22.04767788,0.5813953488372092
P10,273 368 839,1,LXZ,struct_cliff,FSV,label_cliff,struct_cliff.to.label_cliff,27.11227951,0.7857142857142857
P11,273 368 839,2,OTQ,anchor,LXZ,struct_cliff,anchor.to.struct_cliff,53.72874463,0.7804878048780488
P11,273 368 839,2,OTQ,anchor,FSV,label_cliff,anchor.to.label_cliff,16.58117004,0.5813953488372092
P11,273 368 839,2,LXZ,struct_cliff,FSV,label_cliff,struct_cliff.to.label_cliff,64.11798188,0.7857142857142857
P11,273 368 839,1,OTQ,anchor,LXZ,struct_cliff,anchor.to.struct_cliff,69.47392748,0.7804878048780488
P11,273 368 839,1,OTQ,anchor,FSV,label_cliff,anchor.to.label_cliff,103.0422365,0.5813953488372092
P11,273 368 839,1,LXZ,struct_cliff,FSV,label_cliff,struct_cliff.to.label_cliff,38.5644305,0.7857142857142857
P13,273 368 839,1,OTQ,anchor,LXZ,struct_cliff,anchor.to.struct_cliff,92.00440968,0.7804878048780488
P13,273 368 839,1,OTQ,anchor,FSV,label_cliff,anchor.to.label_cliff,90.47391337,0.5813953488372092
P13,273 368 839,1,LXZ,struct_cliff,FSV,label_cliff,struct_cliff.to.label_cliff,70.99409553,0.7857142857142857
P14,273 368 839,2,OTQ,anchor,LXZ,struct_cliff,anchor.to.struct_cliff,85.02197834,0.7804878048780488
P14,273 368 839,2,OTQ,anchor,FSV,label_cliff,anchor.to.label_cliff,89.71240104,0.5813953488372092
P14,273 368 839,2,LXZ,struct_cliff,FSV,label_cliff,struct_cliff.to.label_cliff,91.1082263,0.7857142857142857
P14,273 368 839,1,OTQ,anchor,LXZ,struct_cliff,anchor.to.struct_cliff,70.6809168,0.7804878048780488
P14,273 368 839,1,OTQ,anchor,FSV,label_cliff,anchor.to.label_cliff,78.3739102,0.5813953488372092
P14,273 368 839,1,LXZ,struct_cliff,FSV,label_cliff,struct_cliff.to.label_cliff,116.7067753,0.7857142857142857
P19,273 368 839,2,OTQ,anchor,LXZ,struct_cliff,anchor.to.struct_cliff,49.52022718,0.7804878048780488
P19,273 368 839,2,OTQ,anchor,FSV,label_cliff,anchor.to.label_cliff,131.5952172,0.5813953488372092
P19,273 368 839,2,LXZ,struct_cliff,FSV,label_cliff,struct_cliff.to.label_cliff,102.8796564,0.7857142857142857
P19,273 368 839,1,OTQ,anchor,LXZ,struct_cliff,anchor.to.struct_cliff,66.70473596,0.7804878048780488
P19,273 368 839,1,OTQ,anchor,FSV,label_cliff,anchor.to.label_cliff,125.0828545,0.5813953488372092
P19,273 368 839,1,LXZ,struct_cliff,FSV,label_cliff,struct_cliff.to.label_cliff,58.40821946,0.7857142857142857
P2,273 368 839,2,OTQ,anchor,LXZ,struct_cliff,anchor.to.struct_cliff,103.4106595,0.7804878048780488
P2,273 368 839,2,OTQ,anchor,FSV,label_cliff,anchor.to.label_cliff,106.0139095,0.5813953488372092
P2,273 368 839,2,LXZ,struct_cliff,FSV,label_cliff,struct_cliff.to.label_cliff,63.3547954,0.7857142857142857
P2,273 368 839,1,OTQ,anchor,LXZ,struct_cliff,anchor.to.struct_cliff,104.3278932,0.7804878048780488
P2,273 368 839,1,OTQ,anchor,FSV,label_cliff,anchor.to.label_cliff,101.4029413,0.5813953488372092
P2,273 368 839,1,LXZ,struct_cliff,FSV,label_cliff,struct_cliff.to.label_cliff,53.81085578,0.7857142857142857
P23,273 368 839,1,OTQ,anchor,LXZ,struct_cliff,anchor.to.struct_cliff,67.19398262,0.7804878048780488
P23,273 368 839,1,OTQ,anchor,FSV,label_cliff,anchor.to.label_cliff,87.15049627,0.5813953488372092
P23,273 368 839,1,LXZ,struct_cliff,FSV,label_cliff,struct_cliff.to.label_cliff,102.6312277,0.7857142857142857
P25,273 368 839,2,OTQ,anchor,LXZ,struct_cliff,anchor.to.struct_cliff,62.68791351,0.7804878048780488
P25,273 368 839,2,OTQ,anchor,FSV,label_cliff,anchor.to.label_cliff,35.49851405,0.5813953488372092
P25,273 368 839,2,LXZ,struct_cliff,FSV,label_cliff,struct_cliff.to.label_cliff,39.06000512,0.7857142857142857
P25,273 368 839,1,OTQ,anchor,LXZ,struct_cliff,anchor.to.struct_cliff,63.40820925,0.7804878048780488
P25,273 368 839,1,OTQ,anchor,FSV,label_cliff,anchor.to.label_cliff,88.39095712,0.5813953488372092
P25,273 368 839,1,LXZ,struct_cliff,FSV,label_cliff,struct_cliff.to.label_cliff,57.70014645,0.7857142857142857
P26,273 368 839,2,OTQ,anchor,LXZ,struct_cliff,anchor.to.struct_cliff,6.338177972,0.7804878048780488
P26,273 368 839,2,OTQ,anchor,FSV,label_cliff,anchor.to.label_cliff,64.30484352,0.5813953488372092
P26,273 368 839,2,LXZ,struct_cliff,FSV,label_cliff,struct_cliff.to.label_cliff,68.25866245,0.7857142857142857
P26,273 368 839,1,OTQ,anchor,LXZ,struct_cliff,anchor.to.struct_cliff,20.64120394,0.7804878048780488
P26,273 368 839,1,OTQ,anchor,FSV,label_cliff,anchor.to.label_cliff,131.4381071,0.5813953488372092
P26,273 368 839,1,LXZ,struct_cliff,FSV,label_cliff,struct_cliff.to.label_cliff,117.2863782,0.7857142857142857
P27,273 368 839,2,OTQ,anchor,LXZ,struct_cliff,anchor.to.struct_cliff,51.20451543,0.7804878048780488
P27,273 368 839,2,OTQ,anchor,FSV,label_cliff,anchor.to.label_cliff,75.04213816,0.5813953488372092
P27,273 368 839,2,LXZ,struct_cliff,FSV,label_cliff,struct_cliff.to.label_cliff,75.21799851,0.7857142857142857
P27,273 368 839,1,OTQ,anchor,LXZ,struct_cliff,anchor.to.struct_cliff,28.69006274,0.7804878048780488
P27,273 368 839,1,OTQ,anchor,FSV,label_cliff,anchor.to.label_cliff,128.6534652,0.5813953488372092
P27,273 368 839,1,LXZ,struct_cliff,FSV,label_cliff,struct_cliff.to.label_cliff,110.6564051,0.7857142857142857
P28,273 368 839,2,OTQ,anchor,LXZ,struct_cliff,anchor.to.struct_cliff,91.90359351,0.7804878048780488
P28,273 368 839,2,OTQ,anchor,FSV,label_cliff,anchor.to.label_cliff,82.01119924,0.5813953488372092
P28,273 368 839,2,LXZ,struct_cliff,FSV,label_cliff,struct_cliff.to.label_cliff,77.46151625,0.7857142857142857
P28,273 368 839,1,OTQ,anchor,LXZ,struct_cliff,anchor.to.struct_cliff,57.89150024,0.7804878048780488
P28,273 368 839,1,OTQ,anchor,FSV,label_cliff,anchor.to.label_cliff,90.03013384,0.5813953488372092
P28,273 368 839,1,LXZ,struct_cliff,FSV,label_cliff,struct_cliff.to.label_cliff,110.9999658,0.7857142857142857
P31,273 368 839,2,OTQ,anchor,LXZ,struct_cliff,anchor.to.struct_cliff,126.2763335,0.7804878048780488
P31,273 368 839,2,OTQ,anchor,FSV,label_cliff,anchor.to.label_cliff,93.05138634,0.5813953488372092
P31,273 368 839,2,LXZ,struct_cliff,FSV,label_cliff,struct_cliff.to.label_cliff,34.9678724,0.7857142857142857
P31,273 368 839,1,OTQ,anchor,LXZ,struct_cliff,anchor.to.struct_cliff,17.57553129,0.7804878048780488
P31,273 368 839,1,OTQ,anchor,FSV,label_cliff,anchor.to.label_cliff,57.25739166,0.5813953488372092
P31,273 368 839,1,LXZ,struct_cliff,FSV,label_cliff,struct_cliff.to.label_cliff,53.89599243,0.7857142857142857
P32,273 368 839,2,OTQ,anchor,LXZ,struct_cliff,anchor.to.struct_cliff,50.65312725,0.7804878048780488
P32,273 368 839,2,OTQ,anchor,FSV,label_cliff,anchor.to.label_cliff,75.33364985,0.5813953488372092
P32,273 368 839,2,LXZ,struct_cliff,FSV,label_cliff,struct_cliff.to.label_cliff,35.25274599,0.7857142857142857
P32,273 368 839,1,OTQ,anchor,LXZ,struct_cliff,anchor.to.struct_cliff,16.3953469,0.7804878048780488
P32,273 368 839,1,OTQ,anchor,FSV,label_cliff,anchor.to.label_cliff,64.31846158,0.5813953488372092
P32,273 368 839,1,LXZ,struct_cliff,FSV,label_cliff,struct_cliff.to.label_cliff,63.21734968,0.7857142857142857
P5,273 368 839,2,OTQ,anchor,LXZ,struct_cliff,anchor.to.struct_cliff,23.30984556,0.7804878048780488
P5,273 368 839,2,OTQ,anchor,FSV,label_cliff,anchor.to.label_cliff,117.8715084,0.5813953488372092
P5,273 368 839,2,LXZ,struct_cliff,FSV,label_cliff,struct_cliff.to.label_cliff,95.06966919,0.7857142857142857
P5,273 368 839,1,OTQ,anchor,LXZ,struct_cliff,anchor.to.struct_cliff,24.47436414,0.7804878048780488
P5,273 368 839,1,OTQ,anchor,FSV,label_cliff,anchor.to.label_cliff,112.3789669,0.5813953488372092
P5,273 368 839,1,LXZ,struct_cliff,FSV,label_cliff,struct_cliff.to.label_cliff,87.92401777,0.7857142857142857
P6,273 368 839,2,OTQ,anchor,LXZ,struct_cliff,anchor.to.struct_cliff,23.71960371,0.7804878048780488
P6,273 368 839,2,OTQ,anchor,FSV,label_cliff,anchor.to.label_cliff,50.4726312,0.5813953488372092
P6,273 368 839,2,LXZ,struct_cliff,FSV,label_cliff,struct_cliff.to.label_cliff,46.34984897,0.7857142857142857
P6,273 368 839,1,OTQ,anchor,LXZ,struct_cliff,anchor.to.struct_cliff,42.44491136,0.7804878048780488
P6,273 368 839,1,OTQ,anchor,FSV,label_cliff,anchor.to.label_cliff,34.26428023,0.5813953488372092
P6,273 368 839,1,LXZ,struct_cliff,FSV,label_cliff,struct_cliff.to.label_cliff,9.787185499,0.7857142857142857
P9,273 368 839,2,OTQ,anchor,LXZ,struct_cliff,anchor.to.struct_cliff,55.30881485,0.7804878048780488
P9,273 368 839,2,OTQ,anchor,FSV,label_cliff,anchor.to.label_cliff,44.0852016,0.5813953488372092
P9,273 368 839,2,LXZ,struct_cliff,FSV,label_cliff,struct_cliff.to.label_cliff,71.83070374,0.7857142857142857
P9,273 368 839,1,OTQ,anchor,LXZ,struct_cliff,anchor.to.struct_cliff,37.85753426,0.7804878048780488
P9,273 368 839,1,OTQ,anchor,FSV,label_cliff,anchor.to.label_cliff,57.45291289,0.5813953488372092
P9,273 368 839,1,LXZ,struct_cliff,FSV,label_cliff,struct_cliff.to.label_cliff,75.95260693,0.7857142857142857
P1,036 424 813,2,FAC,anchor,HUN,struct_cliff,anchor.to.struct_cliff,99.78153386,0.868421052631579
P1,036 424 813,2,FAC,anchor,MDD,label_cliff,anchor.to.label_cliff,56.23704295,0.5625
P1,036 424 813,2,HUN,struct_cliff,MDD,label_cliff,struct_cliff.to.label_cliff,93.72922757,0.8913043478260869
P1,036 424 813,1,FAC,anchor,HUN,struct_cliff,anchor.to.struct_cliff,93.75487454,0.868421052631579
P1,036 424 813,1,FAC,anchor,MDD,label_cliff,anchor.to.label_cliff,14.86012113,0.5625
P1,036 424 813,1,HUN,struct_cliff,MDD,label_cliff,struct_cliff.to.label_cliff,94.72283832,0.8913043478260869
P10,036 424 813,2,FAC,anchor,HUN,struct_cliff,anchor.to.struct_cliff,41.06842339,0.868421052631579
P10,036 424 813,2,FAC,anchor,MDD,label_cliff,anchor.to.label_cliff,32.10518338,0.5625
P10,036 424 813,2,HUN,struct_cliff,MDD,label_cliff,struct_cliff.to.label_cliff,18.5119691,0.8913043478260869
P10,036 424 813,1,FAC,anchor,HUN,struct_cliff,anchor.to.struct_cliff,13.19064062,0.868421052631579
P10,036 424 813,1,FAC,anchor,MDD,label_cliff,anchor.to.label_cliff,62.31155591,0.5625
P10,036 424 813,1,HUN,struct_cliff,MDD,label_cliff,struct_cliff.to.label_cliff,49.1216551,0.8913043478260869
P11,036 424 813,2,FAC,anchor,HUN,struct_cliff,anchor.to.struct_cliff,52.55384477,0.868421052631579
P11,036 424 813,2,FAC,anchor,MDD,label_cliff,anchor.to.label_cliff,21.66978772,0.5625
P11,036 424 813,2,HUN,struct_cliff,MDD,label_cliff,struct_cliff.to.label_cliff,31.08639735,0.8913043478260869
P11,036 424 813,1,FAC,anchor,HUN,struct_cliff,anchor.to.struct_cliff,44.00341919,0.868421052631579
P11,036 424 813,1,FAC,anchor,MDD,label_cliff,anchor.to.label_cliff,24.18570859,0.5625
P11,036 424 813,1,HUN,struct_cliff,MDD,label_cliff,struct_cliff.to.label_cliff,48.75080512,0.8913043478260869
P13,036 424 813,2,FAC,anchor,HUN,struct_cliff,anchor.to.struct_cliff,84.92326065,0.868421052631579
P13,036 424 813,2,FAC,anchor,MDD,label_cliff,anchor.to.label_cliff,88.61625246,0.5625
P13,036 424 813,2,HUN,struct_cliff,MDD,label_cliff,struct_cliff.to.label_cliff,82.5126051,0.8913043478260869
P13,036 424 813,1,FAC,anchor,HUN,struct_cliff,anchor.to.struct_cliff,103.4353851,0.868421052631579
P13,036 424 813,1,FAC,anchor,MDD,label_cliff,anchor.to.label_cliff,70.7955945,0.5625
P13,036 424 813,1,HUN,struct_cliff,MDD,label_cliff,struct_cliff.to.label_cliff,66.63948154,0.8913043478260869
P14,036 424 813,2,FAC,anchor,HUN,struct_cliff,anchor.to.struct_cliff,115.7220571,0.868421052631579
P14,036 424 813,2,FAC,anchor,MDD,label_cliff,anchor.to.label_cliff,87.36161285,0.5625
P14,036 424 813,2,HUN,struct_cliff,MDD,label_cliff,struct_cliff.to.label_cliff,73.22065624,0.8913043478260869
P14,036 424 813,1,FAC,anchor,HUN,struct_cliff,anchor.to.struct_cliff,69.509185,0.868421052631579
P14,036 424 813,1,FAC,anchor,MDD,label_cliff,anchor.to.label_cliff,69.72713962,0.5625
P14,036 424 813,1,HUN,struct_cliff,MDD,label_cliff,struct_cliff.to.label_cliff,75.48781094,0.8913043478260869
P19,036 424 813,2,FAC,anchor,HUN,struct_cliff,anchor.to.struct_cliff,116.7595307,0.868421052631579
P19,036 424 813,2,FAC,anchor,MDD,label_cliff,anchor.to.label_cliff,85.65014945,0.5625
P19,036 424 813,2,HUN,struct_cliff,MDD,label_cliff,struct_cliff.to.label_cliff,93.88507283,0.8913043478260869
P19,036 424 813,1,FAC,anchor,HUN,struct_cliff,anchor.to.struct_cliff,132.1158318,0.868421052631579
P19,036 424 813,1,FAC,anchor,MDD,label_cliff,anchor.to.label_cliff,17.80339855,0.5625
P19,036 424 813,1,HUN,struct_cliff,MDD,label_cliff,struct_cliff.to.label_cliff,114.7352657,0.8913043478260869
P2,036 424 813,2,FAC,anchor,HUN,struct_cliff,anchor.to.struct_cliff,68.06871381,0.868421052631579
P2,036 424 813,2,FAC,anchor,MDD,label_cliff,anchor.to.label_cliff,93.20268505,0.5625
P2,036 424 813,2,HUN,struct_cliff,MDD,label_cliff,struct_cliff.to.label_cliff,88.73144707,0.8913043478260869
P2,036 424 813,1,FAC,anchor,HUN,struct_cliff,anchor.to.struct_cliff,97.95831613,0.868421052631579
P2,036 424 813,1,FAC,anchor,MDD,label_cliff,anchor.to.label_cliff,80.79245633,0.5625
P2,036 424 813,1,HUN,struct_cliff,MDD,label_cliff,struct_cliff.to.label_cliff,96.44070977,0.8913043478260869
P23,036 424 813,1,FAC,anchor,HUN,struct_cliff,anchor.to.struct_cliff,71.35967279,0.868421052631579
P23,036 424 813,1,FAC,anchor,MDD,label_cliff,anchor.to.label_cliff,5.136584468,0.5625
P23,036 424 813,1,HUN,struct_cliff,MDD,label_cliff,struct_cliff.to.label_cliff,71.49481799,0.8913043478260869
P25,036 424 813,2,FAC,anchor,HUN,struct_cliff,anchor.to.struct_cliff,31.5779195,0.868421052631579
P25,036 424 813,2,FAC,anchor,MDD,label_cliff,anchor.to.label_cliff,44.7411142,0.5625
P25,036 424 813,2,HUN,struct_cliff,MDD,label_cliff,struct_cliff.to.label_cliff,44.90705624,0.8913043478260869
P25,036 424 813,1,FAC,anchor,HUN,struct_cliff,anchor.to.struct_cliff,15.92264111,0.868421052631579
P25,036 424 813,1,FAC,anchor,MDD,label_cliff,anchor.to.label_cliff,21.18350774,0.5625
P25,036 424 813,1,HUN,struct_cliff,MDD,label_cliff,struct_cliff.to.label_cliff,32.22530838,0.8913043478260869
P26,036 424 813,2,FAC,anchor,HUN,struct_cliff,anchor.to.struct_cliff,63.56041614,0.868421052631579
P26,036 424 813,2,FAC,anchor,MDD,label_cliff,anchor.to.label_cliff,25.83176726,0.5625
P26,036 424 813,2,HUN,struct_cliff,MDD,label_cliff,struct_cliff.to.label_cliff,49.92617049,0.8913043478260869
P26,036 424 813,1,FAC,anchor,HUN,struct_cliff,anchor.to.struct_cliff,92.02416313,0.868421052631579
P26,036 424 813,1,FAC,anchor,MDD,label_cliff,anchor.to.label_cliff,22.79040368,0.5625
P26,036 424 813,1,HUN,struct_cliff,MDD,label_cliff,struct_cliff.to.label_cliff,114.4920508,0.8913043478260869
P27,036 424 813,2,FAC,anchor,HUN,struct_cliff,anchor.to.struct_cliff,6.726812024,0.868421052631579
P27,036 424 813,2,FAC,anchor,MDD,label_cliff,anchor.to.label_cliff,127.909423,0.5625
P27,036 424 813,2,HUN,struct_cliff,MDD,label_cliff,struct_cliff.to.label_cliff,122.8067038,0.8913043478260869
P27,036 424 813,1,FAC,anchor,HUN,struct_cliff,anchor.to.struct_cliff,4.358222115,0.868421052631579
P27,036 424 813,1,FAC,anchor,MDD,label_cliff,anchor.to.label_cliff,127.9085505,0.5625
P27,036 424 813,1,HUN,struct_cliff,MDD,label_cliff,struct_cliff.to.label_cliff,125.4190807,0.8913043478260869
P28,036 424 813,2,FAC,anchor,HUN,struct_cliff,anchor.to.struct_cliff,96.59113106,0.868421052631579
P28,036 424 813,2,FAC,anchor,MDD,label_cliff,anchor.to.label_cliff,33.78409241,0.5625
P28,036 424 813,2,HUN,struct_cliff,MDD,label_cliff,struct_cliff.to.label_cliff,92.41240231,0.8913043478260869
P28,036 424 813,1,FAC,anchor,HUN,struct_cliff,anchor.to.struct_cliff,71.40186902,0.868421052631579
P28,036 424 813,1,FAC,anchor,MDD,label_cliff,anchor.to.label_cliff,17.38855946,0.5625
P28,036 424 813,1,HUN,struct_cliff,MDD,label_cliff,struct_cliff.to.label_cliff,61.87138676,0.8913043478260869
P31,036 424 813,2,FAC,anchor,HUN,struct_cliff,anchor.to.struct_cliff,10.92382717,0.868421052631579
P31,036 424 813,2,FAC,anchor,MDD,label_cliff,anchor.to.label_cliff,99.95963435,0.5625
P31,036 424 813,2,HUN,struct_cliff,MDD,label_cliff,struct_cliff.to.label_cliff,105.6388683,0.8913043478260869
P31,036 424 813,1,FAC,anchor,HUN,struct_cliff,anchor.to.struct_cliff,82.93069697,0.868421052631579
P31,036 424 813,1,FAC,anchor,MDD,label_cliff,anchor.to.label_cliff,73.74971322,0.5625
P31,036 424 813,1,HUN,struct_cliff,MDD,label_cliff,struct_cliff.to.label_cliff,78.36846368,0.8913043478260869
P32,036 424 813,2,FAC,anchor,HUN,struct_cliff,anchor.to.struct_cliff,38.49073915,0.868421052631579
P32,036 424 813,2,FAC,anchor,MDD,label_cliff,anchor.to.label_cliff,30.63085046,0.5625
P32,036 424 813,2,HUN,struct_cliff,MDD,label_cliff,struct_cliff.to.label_cliff,38.61714127,0.8913043478260869
P32,036 424 813,1,FAC,anchor,HUN,struct_cliff,anchor.to.struct_cliff,29.53304759,0.868421052631579
P32,036 424 813,1,FAC,anchor,MDD,label_cliff,anchor.to.label_cliff,29.91391817,0.5625
P32,036 424 813,1,HUN,struct_cliff,MDD,label_cliff,struct_cliff.to.label_cliff,15.6875492,0.8913043478260869
P5,036 424 813,2,FAC,anchor,HUN,struct_cliff,anchor.to.struct_cliff,49.95000901,0.868421052631579
P5,036 424 813,2,FAC,anchor,MDD,label_cliff,anchor.to.label_cliff,43.14535896,0.5625
P5,036 424 813,2,HUN,struct_cliff,MDD,label_cliff,struct_cliff.to.label_cliff,42.74522897,0.8913043478260869
P5,036 424 813,1,FAC,anchor,HUN,struct_cliff,anchor.to.struct_cliff,43.70757028,0.868421052631579
P5,036 424 813,1,FAC,anchor,MDD,label_cliff,anchor.to.label_cliff,115.9104055,0.5625
P5,036 424 813,1,HUN,struct_cliff,MDD,label_cliff,struct_cliff.to.label_cliff,72.20682516,0.8913043478260869
P6,036 424 813,2,FAC,anchor,HUN,struct_cliff,anchor.to.struct_cliff,20.8875202,0.868421052631579
P6,036 424 813,2,FAC,anchor,MDD,label_cliff,anchor.to.label_cliff,32.8456542,0.5625
P6,036 424 813,2,HUN,struct_cliff,MDD,label_cliff,struct_cliff.to.label_cliff,28.27623914,0.8913043478260869
P6,036 424 813,1,FAC,anchor,HUN,struct_cliff,anchor.to.struct_cliff,33.40001347,0.868421052631579
P6,036 424 813,1,FAC,anchor,MDD,label_cliff,anchor.to.label_cliff,55.77800014,0.5625
P6,036 424 813,1,HUN,struct_cliff,MDD,label_cliff,struct_cliff.to.label_cliff,34.94833329,0.8913043478260869
P9,036 424 813,2,FAC,anchor,HUN,struct_cliff,anchor.to.struct_cliff,72.98200395,0.868421052631579
P9,036 424 813,2,FAC,anchor,MDD,label_cliff,anchor.to.label_cliff,43.6326128,0.5625
P9,036 424 813,2,HUN,struct_cliff,MDD,label_cliff,struct_cliff.to.label_cliff,41.14308933,0.8913043478260869
P9,036 424 813,1,FAC,anchor,HUN,struct_cliff,anchor.to.struct_cliff,19.29697645,0.868421052631579
P9,036 424 813,1,FAC,anchor,MDD,label_cliff,anchor.to.label_cliff,52.87610519,0.5625
P9,036 424 813,1,HUN,struct_cliff,MDD,label_cliff,struct_cliff.to.label_cliff,52.49919809,0.8913043478260869
P1,165 848 871,2,TSR,anchor,SOE,struct_cliff,anchor.to.struct_cliff,57.13019692,0.868421052631579
P1,165 848 871,2,TSR,anchor,SOE,struct_cliff,anchor.to.struct_cliff,57.13019692,0.868421052631579
P1,165 848 871,2,TSR,anchor,CIX,label_cliff,anchor.to.label_cliff,128.5167604,0.5625
P1,165 848 871,2,TSR,anchor,CIX,label_cliff,anchor.to.label_cliff,128.5167604,0.5625
P1,165 848 871,2,SOE,struct_cliff,CIX,label_cliff,struct_cliff.to.label_cliff,71.40239842,0.8863636363636364
P1,165 848 871,1,TSR,anchor,SOE,struct_cliff,anchor.to.struct_cliff,61.64803647,0.868421052631579
P1,165 848 871,1,TSR,anchor,SOE,struct_cliff,anchor.to.struct_cliff,61.64803647,0.868421052631579
P1,165 848 871,1,TSR,anchor,CIX,label_cliff,anchor.to.label_cliff,129.5751384,0.5625
P1,165 848 871,1,TSR,anchor,CIX,label_cliff,anchor.to.label_cliff,129.5751384,0.5625
P1,165 848 871,1,SOE,struct_cliff,CIX,label_cliff,struct_cliff.to.label_cliff,67.95695476,0.8863636363636364
P10,165 848 871,2,TSR,anchor,SOE,struct_cliff,anchor.to.struct_cliff,12.09,0.868421052631579
P10,165 848 871,2,TSR,anchor,SOE,struct_cliff,anchor.to.struct_cliff,12.09,0.868421052631579
P10,165 848 871,2,TSR,anchor,CIX,label_cliff,anchor.to.label_cliff,49.33178793,0.5625
P10,165 848 871,2,TSR,anchor,CIX,label_cliff,anchor.to.label_cliff,49.33178793,0.5625
P10,165 848 871,2,SOE,struct_cliff,CIX,label_cliff,struct_cliff.to.label_cliff,48.3077737,0.8863636363636364
P10,165 848 871,1,TSR,anchor,SOE,struct_cliff,anchor.to.struct_cliff,12.74218976,0.868421052631579
P10,165 848 871,1,TSR,anchor,SOE,struct_cliff,anchor.to.struct_cliff,12.74218976,0.868421052631579
P10,165 848 871,1,TSR,anchor,CIX,label_cliff,anchor.to.label_cliff,57.81230059,0.5625
P10,165 848 871,1,TSR,anchor,CIX,label_cliff,anchor.to.label_cliff,57.81230059,0.5625
P10,165 848 871,1,SOE,struct_cliff,CIX,label_cliff,struct_cliff.to.label_cliff,62.41833465,0.8863636363636364
P11,165 848 871,2,TSR,anchor,SOE,struct_cliff,anchor.to.struct_cliff,48.21985068,0.868421052631579
P11,165 848 871,2,TSR,anchor,SOE,struct_cliff,anchor.to.struct_cliff,48.21985068,0.868421052631579
P11,165 848 871,2,TSR,anchor,CIX,label_cliff,anchor.to.label_cliff,95.68411885,0.5625
P11,165 848 871,2,TSR,anchor,CIX,label_cliff,anchor.to.label_cliff,95.68411885,0.5625
P11,165 848 871,2,SOE,struct_cliff,CIX,label_cliff,struct_cliff.to.label_cliff,53.07587964,0.8863636363636364
P11,165 848 871,1,TSR,anchor,SOE,struct_cliff,anchor.to.struct_cliff,29.53457804,0.868421052631579
P11,165 848 871,1,TSR,anchor,SOE,struct_cliff,anchor.to.struct_cliff,29.53457804,0.868421052631579
P11,165 848 871,1,TSR,anchor,CIX,label_cliff,anchor.to.label_cliff,51.42270802,0.5625
P11,165 848 871,1,TSR,anchor,CIX,label_cliff,anchor.to.label_cliff,51.42270802,0.5625
P11,165 848 871,1,SOE,struct_cliff,CIX,label_cliff,struct_cliff.to.label_cliff,24.64961257,0.8863636363636364
P13,165 848 871,1,TSR,anchor,SOE,struct_cliff,anchor.to.struct_cliff,87.58070849,0.868421052631579
P13,165 848 871,1,TSR,anchor,SOE,struct_cliff,anchor.to.struct_cliff,87.58070849,0.868421052631579
P13,165 848 871,1,TSR,anchor,CIX,label_cliff,anchor.to.label_cliff,80.40981346,0.5625
P13,165 848 871,1,TSR,anchor,CIX,label_cliff,anchor.to.label_cliff,80.40981346,0.5625
P13,165 848 871,1,SOE,struct_cliff,CIX,label_cliff,struct_cliff.to.label_cliff,118.2311981,0.8863636363636364
P14,165 848 871,2,TSR,anchor,SOE,struct_cliff,anchor.to.struct_cliff,45.64095639,0.868421052631579
P14,165 848 871,2,TSR,anchor,SOE,struct_cliff,anchor.to.struct_cliff,45.64095639,0.868421052631579
P14,165 848 871,2,TSR,anchor,CIX,label_cliff,anchor.to.label_cliff,86.97812714,0.5625
P14,165 848 871,2,TSR,anchor,CIX,label_cliff,anchor.to.label_cliff,86.97812714,0.5625
P14,165 848 871,2,SOE,struct_cliff,CIX,label_cliff,struct_cliff.to.label_cliff,88.26262006,0.8863636363636364
P14,165 848 871,1,TSR,anchor,SOE,struct_cliff,anchor.to.struct_cliff,38.540877,0.868421052631579
P14,165 848 871,1,TSR,anchor,SOE,struct_cliff,anchor.to.struct_cliff,38.540877,0.868421052631579
P14,165 848 871,1,TSR,anchor,CIX,label_cliff,anchor.to.label_cliff,91.56148208,0.5625
P14,165 848 871,1,TSR,anchor,CIX,label_cliff,anchor.to.label_cliff,91.56148208,0.5625
P14,165 848 871,1,SOE,struct_cliff,CIX,label_cliff,struct_cliff.to.label_cliff,115.3855944,0.8863636363636364
P19,165 848 871,2,TSR,anchor,SOE,struct_cliff,anchor.to.struct_cliff,86.81012959,0.868421052631579
P19,165 848 871,2,TSR,anchor,SOE,struct_cliff,anchor.to.struct_cliff,86.81012959,0.868421052631579
P19,165 848 871,2,TSR,anchor,CIX,label_cliff,anchor.to.label_cliff,132.5188836,0.5625
P19,165 848 871,2,TSR,anchor,CIX,label_cliff,anchor.to.label_cliff,132.5188836,0.5625
P19,165 848 871,2,SOE,struct_cliff,CIX,label_cliff,struct_cliff.to.label_cliff,93.79488099,0.8863636363636364
P19,165 848 871,1,TSR,anchor,SOE,struct_cliff,anchor.to.struct_cliff,93.30069453,0.868421052631579
P19,165 848 871,1,TSR,anchor,SOE,struct_cliff,anchor.to.struct_cliff,93.30069453,0.868421052631579
P19,165 848 871,1,TSR,anchor,CIX,label_cliff,anchor.to.label_cliff,131.5222293,0.5625
P19,165 848 871,1,TSR,anchor,CIX,label_cliff,anchor.to.label_cliff,131.5222293,0.5625
P19,165 848 871,1,SOE,struct_cliff,CIX,label_cliff,struct_cliff.to.label_cliff,93.58144474,0.8863636363636364
P2,165 848 871,2,TSR,anchor,SOE,struct_cliff,anchor.to.struct_cliff,65.40462675,0.868421052631579
P2,165 848 871,2,TSR,anchor,SOE,struct_cliff,anchor.to.struct_cliff,65.40462675,0.868421052631579
P2,165 848 871,2,TSR,anchor,CIX,label_cliff,anchor.to.label_cliff,105.6180198,0.5625
P2,165 848 871,2,TSR,anchor,CIX,label_cliff,anchor.to.label_cliff,105.6180198,0.5625
P2,165 848 871,2,SOE,struct_cliff,CIX,label_cliff,struct_cliff.to.label_cliff,102.9220972,0.8863636363636364
P2,165 848 871,1,TSR,anchor,SOE,struct_cliff,anchor.to.struct_cliff,99.26716778,0.868421052631579
P2,165 848 871,1,TSR,anchor,SOE,struct_cliff,anchor.to.struct_cliff,99.26716778,0.868421052631579
P2,165 848 871,1,TSR,anchor,CIX,label_cliff,anchor.to.label_cliff,72.9657543,0.5625
P2,165 848 871,1,TSR,anchor,CIX,label_cliff,anchor.to.label_cliff,72.9657543,0.5625
P2,165 848 871,1,SOE,struct_cliff,CIX,label_cliff,struct_cliff.to.label_cliff,90.96538517,0.8863636363636364
P23,165 848 871,1,TSR,anchor,SOE,struct_cliff,anchor.to.struct_cliff,90.3236453,0.868421052631579
P23,165 848 871,1,TSR,anchor,SOE,struct_cliff,anchor.to.struct_cliff,90.3236453,0.868421052631579
P23,165 848 871,1,TSR,anchor,CIX,label_cliff,anchor.to.label_cliff,90.9747377,0.5625
P23,165 848 871,1,TSR,anchor,CIX,label_cliff,anchor.to.label_cliff,90.9747377,0.5625
P23,165 848 871,1,SOE,struct_cliff,CIX,label_cliff,struct_cliff.to.label_cliff,77.77442896,0.8863636363636364
P25,165 848 871,2,TSR,anchor,SOE,struct_cliff,anchor.to.struct_cliff,17.1700728,0.868421052631579
P25,165 848 871,2,TSR,anchor,SOE,struct_cliff,anchor.to.struct_cliff,17.1700728,0.868421052631579
P25,165 848 871,2,TSR,anchor,CIX,label_cliff,anchor.to.label_cliff,22.71079039,0.5625
P25,165 848 871,2,TSR,anchor,CIX,label_cliff,anchor.to.label_cliff,22.71079039,0.5625
P25,165 848 871,2,SOE,struct_cliff,CIX,label_cliff,struct_cliff.to.label_cliff,32.22575678,0.8863636363636364
P25,165 848 871,1,TSR,anchor,SOE,struct_cliff,anchor.to.struct_cliff,36.02093836,0.868421052631579
P25,165 848 871,1,TSR,anchor,SOE,struct_cliff,anchor.to.struct_cliff,36.02093836,0.868421052631579
P25,165 848 871,1,TSR,anchor,CIX,label_cliff,anchor.to.label_cliff,54.21573665,0.5625
P25,165 848 871,1,TSR,anchor,CIX,label_cliff,anchor.to.label_cliff,54.21573665,0.5625
P25,165 848 871,1,SOE,struct_cliff,CIX,label_cliff,struct_cliff.to.label_cliff,34.7342727,0.8863636363636364
P26,165 848 871,2,TSR,anchor,SOE,struct_cliff,anchor.to.struct_cliff,52.88590077,0.868421052631579
P26,165 848 871,2,TSR,anchor,SOE,struct_cliff,anchor.to.struct_cliff,52.88590077,0.868421052631579
P26,165 848 871,2,TSR,anchor,CIX,label_cliff,anchor.to.label_cliff,50.05745699,0.5625
P26,165 848 871,2,TSR,anchor,CIX,label_cliff,anchor.to.label_cliff,50.05745699,0.5625
P26,165 848 871,2,SOE,struct_cliff,CIX,label_cliff,struct_cliff.to.label_cliff,35.85131099,0.8863636363636364
P26,165 848 871,1,TSR,anchor,SOE,struct_cliff,anchor.to.struct_cliff,18.91513944,0.868421052631579
P26,165 848 871,1,TSR,anchor,SOE,struct_cliff,anchor.to.struct_cliff,18.91513944,0.868421052631579
P26,165 848 871,1,TSR,anchor,CIX,label_cliff,anchor.to.label_cliff,129.4461317,0.5625
P26,165 848 871,1,TSR,anchor,CIX,label_cliff,anchor.to.label_cliff,129.4461317,0.5625
P26,165 848 871,1,SOE,struct_cliff,CIX,label_cliff,struct_cliff.to.label_cliff,110.5318619,0.8863636363636364
P27,165 848 871,2,TSR,anchor,SOE,struct_cliff,anchor.to.struct_cliff,50.81321186,0.868421052631579
P27,165 848 871,2,TSR,anchor,SOE,struct_cliff,anchor.to.struct_cliff,50.81321186,0.868421052631579
P27,165 848 871,2,TSR,anchor,CIX,label_cliff,anchor.to.label_cliff,126.5987034,0.5625
P27,165 848 871,2,TSR,anchor,CIX,label_cliff,anchor.to.label_cliff,126.5987034,0.5625
P27,165 848 871,2,SOE,struct_cliff,CIX,label_cliff,struct_cliff.to.label_cliff,75.9354173,0.8863636363636364
P27,165 848 871,1,TSR,anchor,SOE,struct_cliff,anchor.to.struct_cliff,14.45473625,0.868421052631579
P27,165 848 871,1,TSR,anchor,SOE,struct_cliff,anchor.to.struct_cliff,14.45473625,0.868421052631579
P27,165 848 871,1,TSR,anchor,CIX,label_cliff,anchor.to.label_cliff,126.1236286,0.5625
P27,165 848 871,1,TSR,anchor,CIX,label_cliff,anchor.to.label_cliff,126.1236286,0.5625
P27,165 848 871,1,SOE,struct_cliff,CIX,label_cliff,struct_cliff.to.label_cliff,115.9292564,0.8863636363636364
P28,165 848 871,2,TSR,anchor,SOE,struct_cliff,anchor.to.struct_cliff,53.08393825,0.868421052631579
P28,165 848 871,2,TSR,anchor,SOE,struct_cliff,anchor.to.struct_cliff,53.08393825,0.868421052631579
P28,165 848 871,2,TSR,anchor,CIX,label_cliff,anchor.to.label_cliff,98.21983761,0.5625
P28,165 848 871,2,TSR,anchor,CIX,label_cliff,anchor.to.label_cliff,98.21983761,0.5625
P28,165 848 871,2,SOE,struct_cliff,CIX,label_cliff,struct_cliff.to.label_cliff,81.9507474,0.8863636363636364
P28,165 848 871,1,TSR,anchor,SOE,struct_cliff,anchor.to.struct_cliff,81.0199389,0.868421052631579
P28,165 848 871,1,TSR,anchor,SOE,struct_cliff,anchor.to.struct_cliff,81.0199389,0.868421052631579
P28,165 848 871,1,TSR,anchor,CIX,label_cliff,anchor.to.label_cliff,112.3640018,0.5625
P28,165 848 871,1,TSR,anchor,CIX,label_cliff,anchor.to.label_cliff,112.3640018,0.5625
P28,165 848 871,1,SOE,struct_cliff,CIX,label_cliff,struct_cliff.to.label_cliff,31.34406802,0.8863636363636364
P31,165 848 871,2,TSR,anchor,SOE,struct_cliff,anchor.to.struct_cliff,66.71087018,0.868421052631579
P31,165 848 871,2,TSR,anchor,SOE,struct_cliff,anchor.to.struct_cliff,66.71087018,0.868421052631579
P31,165 848 871,2,TSR,anchor,CIX,label_cliff,anchor.to.label_cliff,124.6785888,0.5625
P31,165 848 871,2,TSR,anchor,CIX,label_cliff,anchor.to.label_cliff,124.6785888,0.5625
P31,165 848 871,2,SOE,struct_cliff,CIX,label_cliff,struct_cliff.to.label_cliff,65.42755459,0.8863636363636364
P31,165 848 871,1,TSR,anchor,SOE,struct_cliff,anchor.to.struct_cliff,31.49624105,0.868421052631579
P31,165 848 871,1,TSR,anchor,SOE,struct_cliff,anchor.to.struct_cliff,31.49624105,0.868421052631579
P31,165 848 871,1,TSR,anchor,CIX,label_cliff,anchor.to.label_cliff,114.7586463,0.5625
P31,165 848 871,1,TSR,anchor,CIX,label_cliff,anchor.to.label_cliff,114.7586463,0.5625
P31,165 848 871,1,SOE,struct_cliff,CIX,label_cliff,struct_cliff.to.label_cliff,84.03069499,0.8863636363636364
P32,165 848 871,2,TSR,anchor,SOE,struct_cliff,anchor.to.struct_cliff,57.26581004,0.868421052631579
P32,165 848 871,2,TSR,anchor,SOE,struct_cliff,anchor.to.struct_cliff,57.26581004,0.868421052631579
P32,165 848 871,2,TSR,anchor,CIX,label_cliff,anchor.to.label_cliff,55.24108706,0.5625
P32,165 848 871,2,TSR,anchor,CIX,label_cliff,anchor.to.label_cliff,55.24108706,0.5625
P32,165 848 871,2,SOE,struct_cliff,CIX,label_cliff,struct_cliff.to.label_cliff,18.13987045,0.8863636363636364
P32,165 848 871,1,TSR,anchor,SOE,struct_cliff,anchor.to.struct_cliff,58.45373983,0.868421052631579
P32,165 848 871,1,TSR,anchor,SOE,struct_cliff,anchor.to.struct_cliff,58.45373983,0.868421052631579
P32,165 848 871,1,TSR,anchor,CIX,label_cliff,anchor.to.label_cliff,50.89509701,0.5625
P32,165 848 871,1,TSR,anchor,CIX,label_cliff,anchor.to.label_cliff,50.89509701,0.5625
P32,165 848 871,1,SOE,struct_cliff,CIX,label_cliff,struct_cliff.to.label_cliff,21.29901876,0.8863636363636364
P5,165 848 871,2,TSR,anchor,SOE,struct_cliff,anchor.to.struct_cliff,33.58066855,0.868421052631579
P5,165 848 871,2,TSR,anchor,SOE,struct_cliff,anchor.to.struct_cliff,33.58066855,0.868421052631579
P5,165 848 871,2,TSR,anchor,CIX,label_cliff,anchor.to.label_cliff,121.2007446,0.5625
P5,165 848 871,2,TSR,anchor,CIX,label_cliff,anchor.to.label_cliff,121.2007446,0.5625
P5,165 848 871,2,SOE,struct_cliff,CIX,label_cliff,struct_cliff.to.label_cliff,87.62217299,0.8863636363636364
P5,165 848 871,1,TSR,anchor,SOE,struct_cliff,anchor.to.struct_cliff,53.59358637,0.868421052631579
P5,165 848 871,1,TSR,anchor,SOE,struct_cliff,anchor.to.struct_cliff,53.59358637,0.868421052631579
P5,165 848 871,1,TSR,anchor,CIX,label_cliff,anchor.to.label_cliff,115.0380463,0.5625
P5,165 848 871,1,TSR,anchor,CIX,label_cliff,anchor.to.label_cliff,115.0380463,0.5625
P5,165 848 871,1,SOE,struct_cliff,CIX,label_cliff,struct_cliff.to.label_cliff,61.62511339,0.8863636363636364
P6,165 848 871,2,TSR,anchor,SOE,struct_cliff,anchor.to.struct_cliff,31.63713799,0.868421052631579
P6,165 848 871,2,TSR,anchor,SOE,struct_cliff,anchor.to.struct_cliff,31.63713799,0.868421052631579
P6,165 848 871,2,TSR,anchor,CIX,label_cliff,anchor.to.label_cliff,61.15303427,0.5625
P6,165 848 871,2,TSR,anchor,CIX,label_cliff,anchor.to.label_cliff,61.15303427,0.5625
P6,165 848 871,2,SOE,struct_cliff,CIX,label_cliff,struct_cliff.to.label_cliff,30.50884626,0.8863636363636364
P6,165 848 871,1,TSR,anchor,SOE,struct_cliff,anchor.to.struct_cliff,13.12208063,0.868421052631579
P6,165 848 871,1,TSR,anchor,SOE,struct_cliff,anchor.to.struct_cliff,13.12208063,0.868421052631579
P6,165 848 871,1,TSR,anchor,CIX,label_cliff,anchor.to.label_cliff,45.66331241,0.5625
P6,165 848 871,1,TSR,anchor,CIX,label_cliff,anchor.to.label_cliff,45.66331241,0.5625
P6,165 848 871,1,SOE,struct_cliff,CIX,label_cliff,struct_cliff.to.label_cliff,56.76397185,0.8863636363636364
P9,165 848 871,2,TSR,anchor,SOE,struct_cliff,anchor.to.struct_cliff,66.28478709,0.868421052631579
P9,165 848 871,2,TSR,anchor,SOE,struct_cliff,anchor.to.struct_cliff,66.28478709,0.868421052631579
P9,165 848 871,2,TSR,anchor,CIX,label_cliff,anchor.to.label_cliff,70.2934371,0.5625
P9,165 848 871,2,TSR,anchor,CIX,label_cliff,anchor.to.label_cliff,70.2934371,0.5625
P9,165 848 871,2,SOE,struct_cliff,CIX,label_cliff,struct_cliff.to.label_cliff,53.93253285,0.8863636363636364
P9,165 848 871,1,TSR,anchor,SOE,struct_cliff,anchor.to.struct_cliff,30.17859672,0.868421052631579
P9,165 848 871,1,TSR,anchor,SOE,struct_cliff,anchor.to.struct_cliff,30.17859672,0.868421052631579
P9,165 848 871,1,TSR,anchor,CIX,label_cliff,anchor.to.label_cliff,67.08288157,0.5625
P9,165 848 871,1,TSR,anchor,CIX,label_cliff,anchor.to.label_cliff,67.08288157,0.5625
P9,165 848 871,1,SOE,struct_cliff,CIX,label_cliff,struct_cliff.to.label_cliff,63.68942848,0.8863636363636364
P1,165 370 921,2,HWA,anchor,SOE,struct_cliff,anchor.to.struct_cliff,57.20724604,0.8947368421052632
P1,165 370 921,2,HWA,anchor,PTF,label_cliff,anchor.to.label_cliff,130.4046449,0.5384615384615384
P1,165 370 921,2,SOE,struct_cliff,PTF,label_cliff,struct_cliff.to.label_cliff,73.22776796,0.9230769230769232
P1,165 370 921,1,HWA,anchor,SOE,struct_cliff,anchor.to.struct_cliff,63.78817759,0.8947368421052632
P1,165 370 921,1,HWA,anchor,PTF,label_cliff,anchor.to.label_cliff,130.950777,0.5384615384615384
P1,165 370 921,1,SOE,struct_cliff,PTF,label_cliff,struct_cliff.to.label_cliff,67.77724102,0.9230769230769232
P10,165 370 921,2,HWA,anchor,SOE,struct_cliff,anchor.to.struct_cliff,15.50218049,0.8947368421052632
P10,165 370 921,2,HWA,anchor,PTF,label_cliff,anchor.to.label_cliff,71.58118538,0.5384615384615384
P10,165 370 921,2,SOE,struct_cliff,PTF,label_cliff,struct_cliff.to.label_cliff,59.3941285,0.9230769230769232
P10,165 370 921,1,HWA,anchor,SOE,struct_cliff,anchor.to.struct_cliff,15.50653088,0.8947368421052632
P10,165 370 921,1,HWA,anchor,PTF,label_cliff,anchor.to.label_cliff,33.30261551,0.5384615384615384
P10,165 370 921,1,SOE,struct_cliff,PTF,label_cliff,struct_cliff.to.label_cliff,47.47763368,0.9230769230769232
P11,165 370 921,2,HWA,anchor,SOE,struct_cliff,anchor.to.struct_cliff,44.67933863,0.8947368421052632
P11,165 370 921,2,HWA,anchor,PTF,label_cliff,anchor.to.label_cliff,120.1399904,0.5384615384615384
P11,165 370 921,2,SOE,struct_cliff,PTF,label_cliff,struct_cliff.to.label_cliff,81.65078077,0.9230769230769232
P11,165 370 921,1,HWA,anchor,SOE,struct_cliff,anchor.to.struct_cliff,65.3606097,0.8947368421052632
P11,165 370 921,1,HWA,anchor,PTF,label_cliff,anchor.to.label_cliff,55.61265503,0.5384615384615384
P11,165 370 921,1,SOE,struct_cliff,PTF,label_cliff,struct_cliff.to.label_cliff,9.74979487,0.9230769230769232
P13,165 370 921,1,HWA,anchor,SOE,struct_cliff,anchor.to.struct_cliff,42.9829978,0.8947368421052632
P13,165 370 921,1,HWA,anchor,PTF,label_cliff,anchor.to.label_cliff,87.90385486,0.5384615384615384
P13,165 370 921,1,SOE,struct_cliff,PTF,label_cliff,struct_cliff.to.label_cliff,107.8662301,0.9230769230769232
P14,165 370 921,2,HWA,anchor,SOE,struct_cliff,anchor.to.struct_cliff,27.33237092,0.8947368421052632
P14,165 370 921,2,HWA,anchor,PTF,label_cliff,anchor.to.label_cliff,85.44978642,0.5384615384615384
P14,165 370 921,2,SOE,struct_cliff,PTF,label_cliff,struct_cliff.to.label_cliff,86.47621927,0.9230769230769232
P14,165 370 921,1,HWA,anchor,SOE,struct_cliff,anchor.to.struct_cliff,94.23390579,0.8947368421052632
P14,165 370 921,1,HWA,anchor,PTF,label_cliff,anchor.to.label_cliff,122.329465,0.5384615384615384
P14,165 370 921,1,SOE,struct_cliff,PTF,label_cliff,struct_cliff.to.label_cliff,59.87010105,0.9230769230769232
P19,165 370 921,2,HWA,anchor,SOE,struct_cliff,anchor.to.struct_cliff,93.83001332,0.8947368421052632
P19,165 370 921,2,HWA,anchor,PTF,label_cliff,anchor.to.label_cliff,131.5925993,0.5384615384615384
P19,165 370 921,2,SOE,struct_cliff,PTF,label_cliff,struct_cliff.to.label_cliff,93.06379103,0.9230769230769232
P19,165 370 921,1,HWA,anchor,SOE,struct_cliff,anchor.to.struct_cliff,67.96061874,0.8947368421052632
P19,165 370 921,1,HWA,anchor,PTF,label_cliff,anchor.to.label_cliff,132.0596986,0.5384615384615384
P19,165 370 921,1,SOE,struct_cliff,PTF,label_cliff,struct_cliff.to.label_cliff,96.33046299,0.9230769230769232
P2,165 370 921,2,HWA,anchor,SOE,struct_cliff,anchor.to.struct_cliff,58.57251659,0.8947368421052632
P2,165 370 921,2,HWA,anchor,PTF,label_cliff,anchor.to.label_cliff,111.1717824,0.5384615384615384
P2,165 370 921,2,SOE,struct_cliff,PTF,label_cliff,struct_cliff.to.label_cliff,105.2998694,0.9230769230769232
P2,165 370 921,1,HWA,anchor,SOE,struct_cliff,anchor.to.struct_cliff,70.66851987,0.8947368421052632
P2,165 370 921,1,HWA,anchor,PTF,label_cliff,anchor.to.label_cliff,102.6053732,0.5384615384615384
P2,165 370 921,1,SOE,struct_cliff,PTF,label_cliff,struct_cliff.to.label_cliff,101.7769743,0.9230769230769232
P23,165 370 921,1,HWA,anchor,SOE,struct_cliff,anchor.to.struct_cliff,90.06944099,0.8947368421052632
P23,165 370 921,1,HWA,anchor,PTF,label_cliff,anchor.to.label_cliff,84.70548624,0.5384615384615384
P23,165 370 921,1,SOE,struct_cliff,PTF,label_cliff,struct_cliff.to.label_cliff,100.3299716,0.9230769230769232
P25,165 370 921,2,HWA,anchor,SOE,struct_cliff,anchor.to.struct_cliff,60.42400351,0.8947368421052632
P25,165 370 921,2,HWA,anchor,PTF,label_cliff,anchor.to.label_cliff,97.0535445,0.5384615384615384
P25,165 370 921,2,SOE,struct_cliff,PTF,label_cliff,struct_cliff.to.label_cliff,95.23810424,0.9230769230769232
P25,165 370 921,1,HWA,anchor,SOE,struct_cliff,anchor.to.struct_cliff,90.38651725,0.8947368421052632
P25,165 370 921,1,HWA,anchor,PTF,label_cliff,anchor.to.label_cliff,114.2128994,0.5384615384615384
P25,165 370 921,1,SOE,struct_cliff,PTF,label_cliff,struct_cliff.to.label_cliff,41.50829917,0.9230769230769232
P26,165 370 921,2,HWA,anchor,SOE,struct_cliff,anchor.to.struct_cliff,23.26341763,0.8947368421052632
P26,165 370 921,2,HWA,anchor,PTF,label_cliff,anchor.to.label_cliff,90.3314541,0.5384615384615384
P26,165 370 921,2,SOE,struct_cliff,PTF,label_cliff,struct_cliff.to.label_cliff,107.9974268,0.9230769230769232
P26,165 370 921,1,HWA,anchor,SOE,struct_cliff,anchor.to.struct_cliff,31.3101022,0.8947368421052632
P26,165 370 921,1,HWA,anchor,PTF,label_cliff,anchor.to.label_cliff,131.3948287,0.5384615384615384
P26,165 370 921,1,SOE,struct_cliff,PTF,label_cliff,struct_cliff.to.label_cliff,111.3588384,0.9230769230769232
P27,165 370 921,2,HWA,anchor,SOE,struct_cliff,anchor.to.struct_cliff,7.641675209,0.8947368421052632
P27,165 370 921,2,HWA,anchor,PTF,label_cliff,anchor.to.label_cliff,121.3901355,0.5384615384615384
P27,165 370 921,2,SOE,struct_cliff,PTF,label_cliff,struct_cliff.to.label_cliff,126.8136688,0.9230769230769232
P27,165 370 921,1,HWA,anchor,SOE,struct_cliff,anchor.to.struct_cliff,4.500711055,0.8947368421052632
P27,165 370 921,1,HWA,anchor,PTF,label_cliff,anchor.to.label_cliff,124.4231851,0.5384615384615384
P27,165 370 921,1,SOE,struct_cliff,PTF,label_cliff,struct_cliff.to.label_cliff,127.600098,0.9230769230769232
P28,165 370 921,2,HWA,anchor,SOE,struct_cliff,anchor.to.struct_cliff,51.314268,0.8947368421052632
P28,165 370 921,2,HWA,anchor,PTF,label_cliff,anchor.to.label_cliff,112.1167307,0.5384615384615384
P28,165 370 921,2,SOE,struct_cliff,PTF,label_cliff,struct_cliff.to.label_cliff,85.67254986,0.9230769230769232
P28,165 370 921,1,HWA,anchor,SOE,struct_cliff,anchor.to.struct_cliff,59.42080864,0.8947368421052632
P28,165 370 921,1,HWA,anchor,PTF,label_cliff,anchor.to.label_cliff,116.8402071,0.5384615384615384
P28,165 370 921,1,SOE,struct_cliff,PTF,label_cliff,struct_cliff.to.label_cliff,57.43979892,0.9230769230769232
P31,165 370 921,2,HWA,anchor,SOE,struct_cliff,anchor.to.struct_cliff,98.5387949,0.8947368421052632
P31,165 370 921,2,HWA,anchor,PTF,label_cliff,anchor.to.label_cliff,74.87106851,0.5384615384615384
P31,165 370 921,2,SOE,struct_cliff,PTF,label_cliff,struct_cliff.to.label_cliff,93.64018368,0.9230769230769232
P31,165 370 921,1,HWA,anchor,SOE,struct_cliff,anchor.to.struct_cliff,55.05773424,0.8947368421052632
P31,165 370 921,1,HWA,anchor,PTF,label_cliff,anchor.to.label_cliff,14.16793563,0.5384615384615384
P31,165 370 921,1,SOE,struct_cliff,PTF,label_cliff,struct_cliff.to.label_cliff,52.65522671,0.9230769230769232
P32,165 370 921,2,HWA,anchor,SOE,struct_cliff,anchor.to.struct_cliff,66.10261493,0.8947368421052632
P32,165 370 921,2,HWA,anchor,PTF,label_cliff,anchor.to.label_cliff,75.36873689,0.5384615384615384
P32,165 370 921,2,SOE,struct_cliff,PTF,label_cliff,struct_cliff.to.label_cliff,21.87232498,0.9230769230769232
P32,165 370 921,1,HWA,anchor,SOE,struct_cliff,anchor.to.struct_cliff,58.57779272,0.8947368421052632
P32,165 370 921,1,HWA,anchor,PTF,label_cliff,anchor.to.label_cliff,71.17093367,0.5384615384615384
P32,165 370 921,1,SOE,struct_cliff,PTF,label_cliff,struct_cliff.to.label_cliff,46.59332141,0.9230769230769232
P5,165 370 921,2,HWA,anchor,SOE,struct_cliff,anchor.to.struct_cliff,22.83820045,0.8947368421052632
P5,165 370 921,2,HWA,anchor,PTF,label_cliff,anchor.to.label_cliff,122.0325547,0.5384615384615384
P5,165 370 921,2,SOE,struct_cliff,PTF,label_cliff,struct_cliff.to.label_cliff,99.55272472,0.9230769230769232
P5,165 370 921,1,HWA,anchor,SOE,struct_cliff,anchor.to.struct_cliff,13.54224871,0.8947368421052632
P5,165 370 921,1,HWA,anchor,PTF,label_cliff,anchor.to.label_cliff,124.500296,0.5384615384615384
P5,165 370 921,1,SOE,struct_cliff,PTF,label_cliff,struct_cliff.to.label_cliff,110.9754144,0.9230769230769232
P6,165 370 921,2,HWA,anchor,SOE,struct_cliff,anchor.to.struct_cliff,37.82779005,0.8947368421052632
P6,165 370 921,2,HWA,anchor,PTF,label_cliff,anchor.to.label_cliff,62.16162884,0.5384615384615384
P6,165 370 921,2,SOE,struct_cliff,PTF,label_cliff,struct_cliff.to.label_cliff,25.45730936,0.9230769230769232
P6,165 370 921,1,HWA,anchor,SOE,struct_cliff,anchor.to.struct_cliff,45.07870894,0.8947368421052632
P6,165 370 921,1,HWA,anchor,PTF,label_cliff,anchor.to.label_cliff,49.9450468,0.5384615384615384
P6,165 370 921,1,SOE,struct_cliff,PTF,label_cliff,struct_cliff.to.label_cliff,10.93115273,0.9230769230769232
P9,165 370 921,2,HWA,anchor,SOE,struct_cliff,anchor.to.struct_cliff,76.31312469,0.8947368421052632
P9,165 370 921,2,HWA,anchor,PTF,label_cliff,anchor.to.label_cliff,76.97449188,0.5384615384615384
P9,165 370 921,2,SOE,struct_cliff,PTF,label_cliff,struct_cliff.to.label_cliff,53.48241767,0.9230769230769232
P9,165 370 921,1,HWA,anchor,SOE,struct_cliff,anchor.to.struct_cliff,27.72021825,0.8947368421052632
P9,165 370 921,1,HWA,anchor,PTF,label_cliff,anchor.to.label_cliff,82.29496279,0.5384615384615384
P9,165 370 921,1,SOE,struct_cliff,PTF,label_cliff,struct_cliff.to.label_cliff,54.59242621,0.9230769230769232
P1,370 471 751,2,FSL,anchor,MMA,struct_cliff,anchor.to.struct_cliff,106.1289051,0.7647058823529411
P1,370 471 751,2,FSL,anchor,PTF,label_cliff,anchor.to.label_cliff,102.4665458,0.5862068965517242
P1,370 471 751,2,MMA,struct_cliff,PTF,label_cliff,struct_cliff.to.label_cliff,93.12591959,0.78125
P1,370 471 751,1,FSL,anchor,MMA,struct_cliff,anchor.to.struct_cliff,49.48597478,0.7647058823529411
P1,370 471 751,1,FSL,anchor,PTF,label_cliff,anchor.to.label_cliff,112.9412635,0.5862068965517242
P1,370 471 751,1,MMA,struct_cliff,PTF,label_cliff,struct_cliff.to.label_cliff,90.02317979,0.78125
P10,370 471 751,2,FSL,anchor,MMA,struct_cliff,anchor.to.struct_cliff,8.164343207,0.7647058823529411
P10,370 471 751,2,FSL,anchor,PTF,label_cliff,anchor.to.label_cliff,47.22002647,0.5862068965517242
P10,370 471 751,2,MMA,struct_cliff,PTF,label_cliff,struct_cliff.to.label_cliff,48.54584019,0.78125
P10,370 471 751,1,FSL,anchor,MMA,struct_cliff,anchor.to.struct_cliff,41.20600078,0.7647058823529411
P10,370 471 751,1,FSL,anchor,PTF,label_cliff,anchor.to.label_cliff,43.84321384,0.5862068965517242
P10,370 471 751,1,MMA,struct_cliff,PTF,label_cliff,struct_cliff.to.label_cliff,61.36013771,0.78125
P11,370 471 751,2,FSL,anchor,MMA,struct_cliff,anchor.to.struct_cliff,85.17355986,0.7647058823529411
P11,370 471 751,2,FSL,anchor,PTF,label_cliff,anchor.to.label_cliff,57.04087394,0.5862068965517242
P11,370 471 751,2,MMA,struct_cliff,PTF,label_cliff,struct_cliff.to.label_cliff,30.95386244,0.78125
P11,370 471 751,1,FSL,anchor,MMA,struct_cliff,anchor.to.struct_cliff,89.662747,0.7647058823529411
P11,370 471 751,1,FSL,anchor,PTF,label_cliff,anchor.to.label_cliff,69.67095019,0.5862068965517242
P11,370 471 751,1,MMA,struct_cliff,PTF,label_cliff,struct_cliff.to.label_cliff,20.23038556,0.78125
P13,370 471 751,1,FSL,anchor,MMA,struct_cliff,anchor.to.struct_cliff,84.93011245,0.7647058823529411
P13,370 471 751,1,FSL,anchor,PTF,label_cliff,anchor.to.label_cliff,81.73932836,0.5862068965517242
P13,370 471 751,1,MMA,struct_cliff,PTF,label_cliff,struct_cliff.to.label_cliff,95.32907321,0.78125
P14,370 471 751,2,FSL,anchor,MMA,struct_cliff,anchor.to.struct_cliff,27.96206716,0.7647058823529411
P14,370 471 751,2,FSL,anchor,PTF,label_cliff,anchor.to.label_cliff,75.63459592,0.5862068965517242
P14,370 471 751,2,MMA,struct_cliff,PTF,label_cliff,struct_cliff.to.label_cliff,76.10512532,0.78125
P14,370 471 751,1,FSL,anchor,MMA,struct_cliff,anchor.to.struct_cliff,28.59118221,0.7647058823529411
P14,370 471 751,1,FSL,anchor,PTF,label_cliff,anchor.to.label_cliff,118.4202183,0.5862068965517242
P14,370 471 751,1,MMA,struct_cliff,PTF,label_cliff,struct_cliff.to.label_cliff,98.30378731,0.78125
P19,370 471 751,2,FSL,anchor,MMA,struct_cliff,anchor.to.struct_cliff,38.33357927,0.7647058823529411
P19,370 471 751,2,FSL,anchor,PTF,label_cliff,anchor.to.label_cliff,131.5289371,0.5862068965517242
P19,370 471 751,2,MMA,struct_cliff,PTF,label_cliff,struct_cliff.to.label_cliff,93.19734438,0.78125
P19,370 471 751,1,FSL,anchor,MMA,struct_cliff,anchor.to.struct_cliff,86.36822795,0.7647058823529411
P19,370 471 751,1,FSL,anchor,PTF,label_cliff,anchor.to.label_cliff,126.5946227,0.5862068965517242
P19,370 471 751,1,MMA,struct_cliff,PTF,label_cliff,struct_cliff.to.label_cliff,73.7648541,0.78125
P2,370 471 751,2,FSL,anchor,MMA,struct_cliff,anchor.to.struct_cliff,57.56963262,0.7647058823529411
P2,370 471 751,2,FSL,anchor,PTF,label_cliff,anchor.to.label_cliff,103.490286,0.5862068965517242
P2,370 471 751,2,MMA,struct_cliff,PTF,label_cliff,struct_cliff.to.label_cliff,111.7492573,0.78125
P2,370 471 751,1,FSL,anchor,MMA,struct_cliff,anchor.to.struct_cliff,65.05567616,0.7647058823529411
P2,370 471 751,1,FSL,anchor,PTF,label_cliff,anchor.to.label_cliff,101.5768069,0.5862068965517242
P2,370 471 751,1,MMA,struct_cliff,PTF,label_cliff,struct_cliff.to.label_cliff,101.8764276,0.78125
P23,370 471 751,1,FSL,anchor,MMA,struct_cliff,anchor.to.struct_cliff,96.52510554,0.7647058823529411
P23,370 471 751,1,FSL,anchor,PTF,label_cliff,anchor.to.label_cliff,81.92409414,0.5862068965517242
P23,370 471 751,1,MMA,struct_cliff,PTF,label_cliff,struct_cliff.to.label_cliff,93.05466995,0.78125
P25,370 471 751,2,FSL,anchor,MMA,struct_cliff,anchor.to.struct_cliff,85.02046107,0.7647058823529411
P25,370 471 751,2,FSL,anchor,PTF,label_cliff,anchor.to.label_cliff,93.2584972,0.5862068965517242
P25,370 471 751,2,MMA,struct_cliff,PTF,label_cliff,struct_cliff.to.label_cliff,101.4191289,0.78125
P25,370 471 751,1,FSL,anchor,MMA,struct_cliff,anchor.to.struct_cliff,41.25869605,0.7647058823529411
P25,370 471 751,1,FSL,anchor,PTF,label_cliff,anchor.to.label_cliff,85.81230972,0.5862068965517242
P25,370 471 751,1,MMA,struct_cliff,PTF,label_cliff,struct_cliff.to.label_cliff,111.787515,0.78125
P26,370 471 751,2,FSL,anchor,MMA,struct_cliff,anchor.to.struct_cliff,14.63770815,0.7647058823529411
P26,370 471 751,2,FSL,anchor,PTF,label_cliff,anchor.to.label_cliff,130.2773603,0.5862068965517242
P26,370 471 751,2,MMA,struct_cliff,PTF,label_cliff,struct_cliff.to.label_cliff,121.6535084,0.78125
P26,370 471 751,1,FSL,anchor,MMA,struct_cliff,anchor.to.struct_cliff,28.80383481,0.7647058823529411
P26,370 471 751,1,FSL,anchor,PTF,label_cliff,anchor.to.label_cliff,100.530085,0.5862068965517242
P26,370 471 751,1,MMA,struct_cliff,PTF,label_cliff,struct_cliff.to.label_cliff,121.2426464,0.78125
P27,370 471 751,2,FSL,anchor,MMA,struct_cliff,anchor.to.struct_cliff,48.20034232,0.7647058823529411
P27,370 471 751,2,FSL,anchor,PTF,label_cliff,anchor.to.label_cliff,88.96875463,0.5862068965517242
P27,370 471 751,2,MMA,struct_cliff,PTF,label_cliff,struct_cliff.to.label_cliff,119.7239245,0.78125
P27,370 471 751,1,FSL,anchor,MMA,struct_cliff,anchor.to.struct_cliff,25.27273828,0.7647058823529411
P27,370 471 751,1,FSL,anchor,PTF,label_cliff,anchor.to.label_cliff,103.3777732,0.5862068965517242
P27,370 471 751,1,MMA,struct_cliff,PTF,label_cliff,struct_cliff.to.label_cliff,105.9177969,0.78125
P28,370 471 751,2,FSL,anchor,MMA,struct_cliff,anchor.to.struct_cliff,65.29773809,0.7647058823529411
P28,370 471 751,2,FSL,anchor,PTF,label_cliff,anchor.to.label_cliff,93.46432047,0.5862068965517242
P28,370 471 751,2,MMA,struct_cliff,PTF,label_cliff,struct_cliff.to.label_cliff,99.35048364,0.78125
P28,370 471 751,1,FSL,anchor,MMA,struct_cliff,anchor.to.struct_cliff,55.70483641,0.7647058823529411
P28,370 471 751,1,FSL,anchor,PTF,label_cliff,anchor.to.label_cliff,102.5999147,0.5862068965517242
P28,370 471 751,1,MMA,struct_cliff,PTF,label_cliff,struct_cliff.to.label_cliff,79.76275384,0.78125
P31,370 471 751,2,FSL,anchor,MMA,struct_cliff,anchor.to.struct_cliff,16.61932911,0.7647058823529411
P31,370 471 751,2,FSL,anchor,PTF,label_cliff,anchor.to.label_cliff,79.88490846,0.5862068965517242
P31,370 471 751,2,MMA,struct_cliff,PTF,label_cliff,struct_cliff.to.label_cliff,63.31609353,0.78125
P31,370 471 751,1,FSL,anchor,MMA,struct_cliff,anchor.to.struct_cliff,18.90742976,0.7647058823529411
P31,370 471 751,1,FSL,anchor,PTF,label_cliff,anchor.to.label_cliff,35.80681779,0.5862068965517242
P31,370 471 751,1,MMA,struct_cliff,PTF,label_cliff,struct_cliff.to.label_cliff,29.79502811,0.78125
P32,370 471 751,2,FSL,anchor,MMA,struct_cliff,anchor.to.struct_cliff,18.90026455,0.7647058823529411
P32,370 471 751,2,FSL,anchor,PTF,label_cliff,anchor.to.label_cliff,55.9635971,0.5862068965517242
P32,370 471 751,2,MMA,struct_cliff,PTF,label_cliff,struct_cliff.to.label_cliff,56.63987465,0.78125
P32,370 471 751,1,FSL,anchor,MMA,struct_cliff,anchor.to.struct_cliff,13.69517433,0.7647058823529411
P32,370 471 751,1,FSL,anchor,PTF,label_cliff,anchor.to.label_cliff,53.38897452,0.5862068965517242
P32,370 471 751,1,MMA,struct_cliff,PTF,label_cliff,struct_cliff.to.label_cliff,60.65016076,0.78125
P5,370 471 751,2,FSL,anchor,MMA,struct_cliff,anchor.to.struct_cliff,11.9874768,0.7647058823529411
P5,370 471 751,2,FSL,anchor,PTF,label_cliff,anchor.to.label_cliff,121.6669639,0.5862068965517242
P5,370 471 751,2,MMA,struct_cliff,PTF,label_cliff,struct_cliff.to.label_cliff,109.7397945,0.78125
P5,370 471 751,1,FSL,anchor,MMA,struct_cliff,anchor.to.struct_cliff,25.81,0.7647058823529411
P5,370 471 751,1,FSL,anchor,PTF,label_cliff,anchor.to.label_cliff,121.4228982,0.5862068965517242
P5,370 471 751,1,MMA,struct_cliff,PTF,label_cliff,struct_cliff.to.label_cliff,95.61451825,0.78125
P6,370 471 751,2,FSL,anchor,MMA,struct_cliff,anchor.to.struct_cliff,39.64044021,0.7647058823529411
P6,370 471 751,2,FSL,anchor,PTF,label_cliff,anchor.to.label_cliff,72.54995107,0.5862068965517242
P6,370 471 751,2,MMA,struct_cliff,PTF,label_cliff,struct_cliff.to.label_cliff,83.8342609,0.78125
P6,370 471 751,1,FSL,anchor,MMA,struct_cliff,anchor.to.struct_cliff,10.36768055,0.7647058823529411
P6,370 471 751,1,FSL,anchor,PTF,label_cliff,anchor.to.label_cliff,64.32597998,0.5862068965517242
P6,370 471 751,1,MMA,struct_cliff,PTF,label_cliff,struct_cliff.to.label_cliff,74.54028776,0.78125
P9,370 471 751,2,FSL,anchor,MMA,struct_cliff,anchor.to.struct_cliff,24.99222479,0.7647058823529411
P9,370 471 751,2,FSL,anchor,PTF,label_cliff,anchor.to.label_cliff,67.25348615,0.5862068965517242
P9,370 471 751,2,MMA,struct_cliff,PTF,label_cliff,struct_cliff.to.label_cliff,62.85919901,0.78125
P9,370 471 751,1,FSL,anchor,MMA,struct_cliff,anchor.to.struct_cliff,27.37876002,0.7647058823529411
P9,370 471 751,1,FSL,anchor,PTF,label_cliff,anchor.to.label_cliff,73.66606071,0.5862068965517242
P9,370 471 751,1,MMA,struct_cliff,PTF,label_cliff,struct_cliff.to.label_cliff,57.8047005,0.78125
P1,238 247 368,2,NSO,anchor,LXZ,struct_cliff,anchor.to.struct_cliff,64.18153083,0.7741935483870968
P1,238 247 368,2,NSO,anchor,QBM,label_cliff,anchor.to.label_cliff,127.4076332,0.5925925925925926
P1,238 247 368,2,LXZ,struct_cliff,QBM,label_cliff,struct_cliff.to.label_cliff,63.29451556,0.7878787878787878
P1,238 247 368,1,NSO,anchor,LXZ,struct_cliff,anchor.to.struct_cliff,55.11002268,0.7741935483870968
P1,238 247 368,1,NSO,anchor,QBM,label_cliff,anchor.to.label_cliff,126.0748607,0.5925925925925926
P1,238 247 368,1,LXZ,struct_cliff,QBM,label_cliff,struct_cliff.to.label_cliff,71.28600494,0.7878787878787878
P10,238 247 368,2,NSO,anchor,LXZ,struct_cliff,anchor.to.struct_cliff,9.052436136,0.7741935483870968
P10,238 247 368,2,NSO,anchor,QBM,label_cliff,anchor.to.label_cliff,42.3159568,0.5925925925925926
P10,238 247 368,2,LXZ,struct_cliff,QBM,label_cliff,struct_cliff.to.label_cliff,43.21651999,0.7878787878787878
P10,238 247 368,1,NSO,anchor,LXZ,struct_cliff,anchor.to.struct_cliff,22.23195898,0.7741935483870968
P10,238 247 368,1,NSO,anchor,QBM,label_cliff,anchor.to.label_cliff,20.130077,0.5925925925925926
P10,238 247 368,1,LXZ,struct_cliff,QBM,label_cliff,struct_cliff.to.label_cliff,8.4,0.7878787878787878
P11,238 247 368,2,NSO,anchor,LXZ,struct_cliff,anchor.to.struct_cliff,79.6452384,0.7741935483870968
P11,238 247 368,2,NSO,anchor,QBM,label_cliff,anchor.to.label_cliff,82.37936938,0.5925925925925926
P11,238 247 368,2,LXZ,struct_cliff,QBM,label_cliff,struct_cliff.to.label_cliff,106.4511461,0.7878787878787878
P11,238 247 368,1,NSO,anchor,LXZ,struct_cliff,anchor.to.struct_cliff,51.57543989,0.7741935483870968
P11,238 247 368,1,NSO,anchor,QBM,label_cliff,anchor.to.label_cliff,15.8940146,0.5925925925925926
P11,238 247 368,1,LXZ,struct_cliff,QBM,label_cliff,struct_cliff.to.label_cliff,66.72901393,0.7878787878787878
P13,238 247 368,1,NSO,anchor,LXZ,struct_cliff,anchor.to.struct_cliff,68.11821489,0.7741935483870968
P13,238 247 368,1,NSO,anchor,QBM,label_cliff,anchor.to.label_cliff,88.62155268,0.5925925925925926
P13,238 247 368,1,LXZ,struct_cliff,QBM,label_cliff,struct_cliff.to.label_cliff,60.50583112,0.7878787878787878
P14,238 247 368,2,NSO,anchor,LXZ,struct_cliff,anchor.to.struct_cliff,31.52217156,0.7741935483870968
P14,238 247 368,2,NSO,anchor,QBM,label_cliff,anchor.to.label_cliff,69.63191366,0.5925925925925926
P14,238 247 368,2,LXZ,struct_cliff,QBM,label_cliff,struct_cliff.to.label_cliff,89.62397503,0.7878787878787878
P14,238 247 368,1,NSO,anchor,LXZ,struct_cliff,anchor.to.struct_cliff,43.62670054,0.7741935483870968
P14,238 247 368,1,NSO,anchor,QBM,label_cliff,anchor.to.label_cliff,118.5557105,0.5925925925925926
P14,238 247 368,1,LXZ,struct_cliff,QBM,label_cliff,struct_cliff.to.label_cliff,78.53255694,0.7878787878787878
P19,238 247 368,2,NSO,anchor,LXZ,struct_cliff,anchor.to.struct_cliff,92.77175109,0.7741935483870968
P19,238 247 368,2,NSO,anchor,QBM,label_cliff,anchor.to.label_cliff,87.58029516,0.5925925925925926
P19,238 247 368,2,LXZ,struct_cliff,QBM,label_cliff,struct_cliff.to.label_cliff,85.25373012,0.7878787878787878
P19,238 247 368,1,NSO,anchor,LXZ,struct_cliff,anchor.to.struct_cliff,20.30511512,0.7741935483870968
P19,238 247 368,1,NSO,anchor,QBM,label_cliff,anchor.to.label_cliff,30.22646688,0.5925925925925926
P19,238 247 368,1,LXZ,struct_cliff,QBM,label_cliff,struct_cliff.to.label_cliff,30.5853854,0.7878787878787878
P2,238 247 368,2,NSO,anchor,LXZ,struct_cliff,anchor.to.struct_cliff,96.47618981,0.7741935483870968
P2,238 247 368,2,NSO,anchor,QBM,label_cliff,anchor.to.label_cliff,93.87308294,0.5925925925925926
P2,238 247 368,2,LXZ,struct_cliff,QBM,label_cliff,struct_cliff.to.label_cliff,29.00001552,0.7878787878787878
P2,238 247 368,1,NSO,anchor,LXZ,struct_cliff,anchor.to.struct_cliff,10.16159436,0.7741935483870968
P2,238 247 368,1,NSO,anchor,QBM,label_cliff,anchor.to.label_cliff,101.2828441,0.5925925925925926
P2,238 247 368,1,LXZ,struct_cliff,QBM,label_cliff,struct_cliff.to.label_cliff,105.3567221,0.7878787878787878
P23,238 247 368,1,NSO,anchor,LXZ,struct_cliff,anchor.to.struct_cliff,43.14026657,0.7741935483870968
P23,238 247 368,1,NSO,anchor,QBM,label_cliff,anchor.to.label_cliff,114.431573,0.5925925925925926
P23,238 247 368,1,LXZ,struct_cliff,QBM,label_cliff,struct_cliff.to.label_cliff,92.51637098,0.7878787878787878
P25,238 247 368,2,NSO,anchor,LXZ,struct_cliff,anchor.to.struct_cliff,53.30402705,0.7741935483870968
P25,238 247 368,2,NSO,anchor,QBM,label_cliff,anchor.to.label_cliff,39.37073151,0.5925925925925926
P25,238 247 368,2,LXZ,struct_cliff,QBM,label_cliff,struct_cliff.to.label_cliff,50.62378887,0.7878787878787878
P25,238 247 368,1,NSO,anchor,LXZ,struct_cliff,anchor.to.struct_cliff,48.1159485,0.7741935483870968
P25,238 247 368,1,NSO,anchor,QBM,label_cliff,anchor.to.label_cliff,42.96786357,0.5925925925925926
P25,238 247 368,1,LXZ,struct_cliff,QBM,label_cliff,struct_cliff.to.label_cliff,51.84973095,0.7878787878787878
P26,238 247 368,2,NSO,anchor,LXZ,struct_cliff,anchor.to.struct_cliff,36.43780729,0.7741935483870968
P26,238 247 368,2,NSO,anchor,QBM,label_cliff,anchor.to.label_cliff,46.20433421,0.5925925925925926
P26,238 247 368,2,LXZ,struct_cliff,QBM,label_cliff,struct_cliff.to.label_cliff,45.55000439,0.7878787878787878
P26,238 247 368,1,NSO,anchor,LXZ,struct_cliff,anchor.to.struct_cliff,30.83388558,0.7741935483870968
P26,238 247 368,1,NSO,anchor,QBM,label_cliff,anchor.to.label_cliff,92.6625372,0.5925925925925926
P26,238 247 368,1,LXZ,struct_cliff,QBM,label_cliff,struct_cliff.to.label_cliff,63.13661774,0.7878787878787878
P27,238 247 368,2,NSO,anchor,LXZ,struct_cliff,anchor.to.struct_cliff,99.30224821,0.7741935483870968
P27,238 247 368,2,NSO,anchor,QBM,label_cliff,anchor.to.label_cliff,86.5656768,0.5925925925925926
P27,238 247 368,2,LXZ,struct_cliff,QBM,label_cliff,struct_cliff.to.label_cliff,99.50636814,0.7878787878787878
P27,238 247 368,1,NSO,anchor,LXZ,struct_cliff,anchor.to.struct_cliff,62.63412249,0.7741935483870968
P27,238 247 368,1,NSO,anchor,QBM,label_cliff,anchor.to.label_cliff,54.29088505,0.5925925925925926
P27,238 247 368,1,LXZ,struct_cliff,QBM,label_cliff,struct_cliff.to.label_cliff,82.24929483,0.7878787878787878
P28,238 247 368,2,NSO,anchor,LXZ,struct_cliff,anchor.to.struct_cliff,59.32037171,0.7741935483870968
P28,238 247 368,2,NSO,anchor,QBM,label_cliff,anchor.to.label_cliff,91.92869519,0.5925925925925926
P28,238 247 368,2,LXZ,struct_cliff,QBM,label_cliff,struct_cliff.to.label_cliff,80.61668872,0.7878787878787878
P28,238 247 368,1,NSO,anchor,LXZ,struct_cliff,anchor.to.struct_cliff,56.17737089,0.7741935483870968
P28,238 247 368,1,NSO,anchor,QBM,label_cliff,anchor.to.label_cliff,29.37722417,0.5925925925925926
P28,238 247 368,1,LXZ,struct_cliff,QBM,label_cliff,struct_cliff.to.label_cliff,62.47579451,0.7878787878787878
P31,238 247 368,2,NSO,anchor,LXZ,struct_cliff,anchor.to.struct_cliff,4.82037343,0.7741935483870968
P31,238 247 368,2,NSO,anchor,QBM,label_cliff,anchor.to.label_cliff,63.58554867,0.5925925925925926
P31,238 247 368,2,LXZ,struct_cliff,QBM,label_cliff,struct_cliff.to.label_cliff,63.76433172,0.7878787878787878
P31,238 247 368,1,NSO,anchor,LXZ,struct_cliff,anchor.to.struct_cliff,14.98201922,0.7741935483870968
P31,238 247 368,1,NSO,anchor,QBM,label_cliff,anchor.to.label_cliff,84.28058021,0.5925925925925926
P31,238 247 368,1,LXZ,struct_cliff,QBM,label_cliff,struct_cliff.to.label_cliff,74.80616619,0.7878787878787878
P32,238 247 368,2,NSO,anchor,LXZ,struct_cliff,anchor.to.struct_cliff,15.04825904,0.7741935483870968
P32,238 247 368,2,NSO,anchor,QBM,label_cliff,anchor.to.label_cliff,36.0608666,0.5925925925925926
P32,238 247 368,2,LXZ,struct_cliff,QBM,label_cliff,struct_cliff.to.label_cliff,35.14666698,0.7878787878787878
P32,238 247 368,1,NSO,anchor,LXZ,struct_cliff,anchor.to.struct_cliff,15.91024827,0.7741935483870968
P32,238 247 368,1,NSO,anchor,QBM,label_cliff,anchor.to.label_cliff,40.76484392,0.5925925925925926
P32,238 247 368,1,LXZ,struct_cliff,QBM,label_cliff,struct_cliff.to.label_cliff,44.42549381,0.7878787878787878
P5,238 247 368,2,NSO,anchor,LXZ,struct_cliff,anchor.to.struct_cliff,51.2806796,0.7741935483870968
P5,238 247 368,2,NSO,anchor,QBM,label_cliff,anchor.to.label_cliff,59.85466147,0.5925925925925926
P5,238 247 368,2,LXZ,struct_cliff,QBM,label_cliff,struct_cliff.to.label_cliff,111.1352779,0.7878787878787878
P5,238 247 368,1,NSO,anchor,LXZ,struct_cliff,anchor.to.struct_cliff,21.30681112,0.7741935483870968
P5,238 247 368,1,NSO,anchor,QBM,label_cliff,anchor.to.label_cliff,44.82145134,0.5925925925925926
P5,238 247 368,1,LXZ,struct_cliff,QBM,label_cliff,struct_cliff.to.label_cliff,23.51686416,0.7878787878787878
P6,238 247 368,2,NSO,anchor,LXZ,struct_cliff,anchor.to.struct_cliff,48.42664556,0.7741935483870968
P6,238 247 368,2,NSO,anchor,QBM,label_cliff,anchor.to.label_cliff,52.24219846,0.5925925925925926
P6,238 247 368,2,LXZ,struct_cliff,QBM,label_cliff,struct_cliff.to.label_cliff,5.368249249,0.7878787878787878
P6,238 247 368,1,NSO,anchor,LXZ,struct_cliff,anchor.to.struct_cliff,54.00613669,0.7741935483870968
P6,238 247 368,1,NSO,anchor,QBM,label_cliff,anchor.to.label_cliff,36.32018722,0.5925925925925926
P6,238 247 368,1,LXZ,struct_cliff,QBM,label_cliff,struct_cliff.to.label_cliff,17.80091009,0.7878787878787878
P9,238 247 368,2,NSO,anchor,LXZ,struct_cliff,anchor.to.struct_cliff,71.66135709,0.7741935483870968
P9,238 247 368,2,NSO,anchor,QBM,label_cliff,anchor.to.label_cliff,43.61468216,0.5925925925925926
P9,238 247 368,2,LXZ,struct_cliff,QBM,label_cliff,struct_cliff.to.label_cliff,70.20070797,0.7878787878787878
P9,238 247 368,1,NSO,anchor,LXZ,struct_cliff,anchor.to.struct_cliff,60.71734513,0.7741935483870968
P9,238 247 368,1,NSO,anchor,QBM,label_cliff,anchor.to.label_cliff,45.75196717,0.5925925925925926
P9,238 247 368,1,LXZ,struct_cliff,QBM,label_cliff,struct_cliff.to.label_cliff,44.33166476,0.7878787878787878
P1,036 445 813,2,FAC,anchor,XAY,struct_cliff,anchor.to.struct_cliff,130.20077,0.8333333333333334
P1,036 445 813,2,FAC,anchor,MDD,label_cliff,anchor.to.label_cliff,55.86710123,0.5625
P1,036 445 813,2,XAY,struct_cliff,MDD,label_cliff,struct_cliff.to.label_cliff,74.65477413,0.8888888888888888
P1,036 445 813,1,FAC,anchor,XAY,struct_cliff,anchor.to.struct_cliff,58.24910815,0.8333333333333334
P1,036 445 813,1,FAC,anchor,MDD,label_cliff,anchor.to.label_cliff,126.7066301,0.5625
P1,036 445 813,1,XAY,struct_cliff,MDD,label_cliff,struct_cliff.to.label_cliff,68.75356354,0.8888888888888888
P10,036 445 813,2,FAC,anchor,XAY,struct_cliff,anchor.to.struct_cliff,8.65020231,0.8333333333333334
P10,036 445 813,2,FAC,anchor,MDD,label_cliff,anchor.to.label_cliff,15.60648904,0.5625
P10,036 445 813,2,XAY,struct_cliff,MDD,label_cliff,struct_cliff.to.label_cliff,17.99212328,0.8888888888888888
P10,036 445 813,1,FAC,anchor,XAY,struct_cliff,anchor.to.struct_cliff,41.59236709,0.8333333333333334
P10,036 445 813,1,FAC,anchor,MDD,label_cliff,anchor.to.label_cliff,7.706289639,0.5625
P10,036 445 813,1,XAY,struct_cliff,MDD,label_cliff,struct_cliff.to.label_cliff,39.63411283,0.8888888888888888
P11,036 445 813,2,FAC,anchor,XAY,struct_cliff,anchor.to.struct_cliff,87.27269963,0.8333333333333334
P11,036 445 813,2,FAC,anchor,MDD,label_cliff,anchor.to.label_cliff,119.7661843,0.5625
P11,036 445 813,2,XAY,struct_cliff,MDD,label_cliff,struct_cliff.to.label_cliff,36.98099512,0.8888888888888888
P11,036 445 813,1,FAC,anchor,XAY,struct_cliff,anchor.to.struct_cliff,76.13055234,0.8333333333333334
P11,036 445 813,1,FAC,anchor,MDD,label_cliff,anchor.to.label_cliff,85.65516505,0.5625
P11,036 445 813,1,XAY,struct_cliff,MDD,label_cliff,struct_cliff.to.label_cliff,11.02844051,0.8888888888888888
P13,036 445 813,1,FAC,anchor,XAY,struct_cliff,anchor.to.struct_cliff,75.4684974,0.8333333333333334
P13,036 445 813,1,FAC,anchor,MDD,label_cliff,anchor.to.label_cliff,63.71825249,0.5625
P13,036 445 813,1,XAY,struct_cliff,MDD,label_cliff,struct_cliff.to.label_cliff,26.89990706,0.8888888888888888
P14,036 445 813,2,FAC,anchor,XAY,struct_cliff,anchor.to.struct_cliff,108.919411,0.8333333333333334
P14,036 445 813,2,FAC,anchor,MDD,label_cliff,anchor.to.label_cliff,24.92136834,0.5625
P14,036 445 813,2,XAY,struct_cliff,MDD,label_cliff,struct_cliff.to.label_cliff,97.39026081,0.8888888888888888
P14,036 445 813,1,FAC,anchor,XAY,struct_cliff,anchor.to.struct_cliff,8.615149447,0.8333333333333334
P14,036 445 813,1,FAC,anchor,MDD,label_cliff,anchor.to.label_cliff,87.84631409,0.5625
P14,036 445 813,1,XAY,struct_cliff,MDD,label_cliff,struct_cliff.to.label_cliff,83.98232493,0.8888888888888888
P19,036 445 813,2,FAC,anchor,XAY,struct_cliff,anchor.to.struct_cliff,12.2201473,0.8333333333333334
P19,036 445 813,2,FAC,anchor,MDD,label_cliff,anchor.to.label_cliff,21.95051024,0.5625
P19,036 445 813,2,XAY,struct_cliff,MDD,label_cliff,struct_cliff.to.label_cliff,9.74398789,0.8888888888888888
P19,036 445 813,1,FAC,anchor,XAY,struct_cliff,anchor.to.struct_cliff,87.18692677,0.8333333333333334
P19,036 445 813,1,FAC,anchor,MDD,label_cliff,anchor.to.label_cliff,74.83587709,0.5625
P19,036 445 813,1,XAY,struct_cliff,MDD,label_cliff,struct_cliff.to.label_cliff,12.39219512,0.8888888888888888
P2,036 445 813,2,FAC,anchor,XAY,struct_cliff,anchor.to.struct_cliff,56.95391997,0.8333333333333334
P2,036 445 813,2,FAC,anchor,MDD,label_cliff,anchor.to.label_cliff,24.30066666,0.5625
P2,036 445 813,2,XAY,struct_cliff,MDD,label_cliff,struct_cliff.to.label_cliff,70.24796794,0.8888888888888888
P2,036 445 813,1,FAC,anchor,XAY,struct_cliff,anchor.to.struct_cliff,11.41015776,0.8333333333333334
P2,036 445 813,1,FAC,anchor,MDD,label_cliff,anchor.to.label_cliff,68.20538175,0.5625
P2,036 445 813,1,XAY,struct_cliff,MDD,label_cliff,struct_cliff.to.label_cliff,76.51029343,0.8888888888888888
P23,036 445 813,1,FAC,anchor,XAY,struct_cliff,anchor.to.struct_cliff,99.47299734,0.8333333333333334
P23,036 445 813,1,FAC,anchor,MDD,label_cliff,anchor.to.label_cliff,91.2176085,0.5625
P23,036 445 813,1,XAY,struct_cliff,MDD,label_cliff,struct_cliff.to.label_cliff,16.85094953,0.8888888888888888
P25,036 445 813,2,FAC,anchor,XAY,struct_cliff,anchor.to.struct_cliff,16.14432718,0.8333333333333334
P25,036 445 813,2,FAC,anchor,MDD,label_cliff,anchor.to.label_cliff,36.94529199,0.5625
P25,036 445 813,2,XAY,struct_cliff,MDD,label_cliff,struct_cliff.to.label_cliff,26.7851694,0.8888888888888888
P25,036 445 813,1,FAC,anchor,XAY,struct_cliff,anchor.to.struct_cliff,33.11175169,0.8333333333333334
P25,036 445 813,1,FAC,anchor,MDD,label_cliff,anchor.to.label_cliff,35.39023877,0.5625
P25,036 445 813,1,XAY,struct_cliff,MDD,label_cliff,struct_cliff.to.label_cliff,68.49291423,0.8888888888888888
P26,036 445 813,2,FAC,anchor,XAY,struct_cliff,anchor.to.struct_cliff,48.08012167,0.8333333333333334
P26,036 445 813,2,FAC,anchor,MDD,label_cliff,anchor.to.label_cliff,60.84159104,0.5625
P26,036 445 813,2,XAY,struct_cliff,MDD,label_cliff,struct_cliff.to.label_cliff,46.04995223,0.8888888888888888
P26,036 445 813,1,FAC,anchor,XAY,struct_cliff,anchor.to.struct_cliff,70.1617973,0.8333333333333334
P26,036 445 813,1,FAC,anchor,MDD,label_cliff,anchor.to.label_cliff,38.9608637,0.5625
P26,036 445 813,1,XAY,struct_cliff,MDD,label_cliff,struct_cliff.to.label_cliff,52.40969853,0.8888888888888888
P27,036 445 813,2,FAC,anchor,XAY,struct_cliff,anchor.to.struct_cliff,4.452235394,0.8333333333333334
P27,036 445 813,2,FAC,anchor,MDD,label_cliff,anchor.to.label_cliff,3.989711769,0.5625
P27,036 445 813,2,XAY,struct_cliff,MDD,label_cliff,struct_cliff.to.label_cliff,8.432994723,0.8888888888888888
P27,036 445 813,1,FAC,anchor,XAY,struct_cliff,anchor.to.struct_cliff,23.50293599,0.8333333333333334
P27,036 445 813,1,FAC,anchor,MDD,label_cliff,anchor.to.label_cliff,66.26205324,0.5625
P27,036 445 813,1,XAY,struct_cliff,MDD,label_cliff,struct_cliff.to.label_cliff,56.84613707,0.8888888888888888
P28,036 445 813,2,FAC,anchor,XAY,struct_cliff,anchor.to.struct_cliff,94.03570811,0.8333333333333334
P28,036 445 813,2,FAC,anchor,MDD,label_cliff,anchor.to.label_cliff,22.3820218,0.5625
P28,036 445 813,2,XAY,struct_cliff,MDD,label_cliff,struct_cliff.to.label_cliff,97.8079552,0.8888888888888888
P28,036 445 813,1,FAC,anchor,XAY,struct_cliff,anchor.to.struct_cliff,83.15857262,0.8333333333333334
P28,036 445 813,1,FAC,anchor,MDD,label_cliff,anchor.to.label_cliff,27.59580584,0.5625
P28,036 445 813,1,XAY,struct_cliff,MDD,label_cliff,struct_cliff.to.label_cliff,81.92352104,0.8888888888888888
P31,036 445 813,2,FAC,anchor,XAY,struct_cliff,anchor.to.struct_cliff,14.16798151,0.8333333333333334
P31,036 445 813,2,FAC,anchor,MDD,label_cliff,anchor.to.label_cliff,64.74854516,0.5625
P31,036 445 813,2,XAY,struct_cliff,MDD,label_cliff,struct_cliff.to.label_cliff,69.43025277,0.8888888888888888
P31,036 445 813,1,FAC,anchor,XAY,struct_cliff,anchor.to.struct_cliff,2.415305364,0.8333333333333334
P31,036 445 813,1,FAC,anchor,MDD,label_cliff,anchor.to.label_cliff,8.133492485,0.5625
P31,036 445 813,1,XAY,struct_cliff,MDD,label_cliff,struct_cliff.to.label_cliff,8.083922315,0.8888888888888888
P32,036 445 813,2,FAC,anchor,XAY,struct_cliff,anchor.to.struct_cliff,72.70299169,0.8333333333333334
P32,036 445 813,2,FAC,anchor,MDD,label_cliff,anchor.to.label_cliff,43.39779948,0.5625
P32,036 445 813,2,XAY,struct_cliff,MDD,label_cliff,struct_cliff.to.label_cliff,72.20066482,0.8888888888888888
P32,036 445 813,1,FAC,anchor,XAY,struct_cliff,anchor.to.struct_cliff,48.14617015,0.8333333333333334
P32,036 445 813,1,FAC,anchor,MDD,label_cliff,anchor.to.label_cliff,9.815115893,0.5625
P32,036 445 813,1,XAY,struct_cliff,MDD,label_cliff,struct_cliff.to.label_cliff,47.86196193,0.8888888888888888
P5,036 445 813,2,FAC,anchor,XAY,struct_cliff,anchor.to.struct_cliff,9.533546035,0.8333333333333334
P5,036 445 813,2,FAC,anchor,MDD,label_cliff,anchor.to.label_cliff,101.9917977,0.5625
P5,036 445 813,2,XAY,struct_cliff,MDD,label_cliff,struct_cliff.to.label_cliff,107.8458367,0.8888888888888888
P5,036 445 813,1,FAC,anchor,XAY,struct_cliff,anchor.to.struct_cliff,24.08057308,0.8333333333333334
P5,036 445 813,1,FAC,anchor,MDD,label_cliff,anchor.to.label_cliff,97.83006184,0.5625
P5,036 445 813,1,XAY,struct_cliff,MDD,label_cliff,struct_cliff.to.label_cliff,73.84312155,0.8888888888888888
P6,036 445 813,2,FAC,anchor,XAY,struct_cliff,anchor.to.struct_cliff,47.12840439,0.8333333333333334
P6,036 445 813,2,FAC,anchor,MDD,label_cliff,anchor.to.label_cliff,25.69033476,0.5625
P6,036 445 813,2,XAY,struct_cliff,MDD,label_cliff,struct_cliff.to.label_cliff,65.08140287,0.8888888888888888
P6,036 445 813,1,FAC,anchor,XAY,struct_cliff,anchor.to.struct_cliff,66.76681885,0.8333333333333334
P6,036 445 813,1,FAC,anchor,MDD,label_cliff,anchor.to.label_cliff,38.98173034,0.5625
P6,036 445 813,1,XAY,struct_cliff,MDD,label_cliff,struct_cliff.to.label_cliff,64.54335597,0.8888888888888888
P9,036 445 813,2,FAC,anchor,XAY,struct_cliff,anchor.to.struct_cliff,68.95342849,0.8333333333333334
P9,036 445 813,2,FAC,anchor,MDD,label_cliff,anchor.to.label_cliff,62.76381521,0.5625
P9,036 445 813,2,XAY,struct_cliff,MDD,label_cliff,struct_cliff.to.label_cliff,53.81632838,0.8888888888888888
P9,036 445 813,1,FAC,anchor,XAY,struct_cliff,anchor.to.struct_cliff,14.87742585,0.8333333333333334
P9,036 445 813,1,FAC,anchor,MDD,label_cliff,anchor.to.label_cliff,41.14854675,0.5625
P9,036 445 813,1,XAY,struct_cliff,MDD,label_cliff,struct_cliff.to.label_cliff,42.18206847,0.8888888888888888
P1,036 038 789,2,ZTW,anchor,MAR,struct_cliff,anchor.to.struct_cliff,91.60591302,0.8780487804878049
P1,036 038 789,2,ZTW,anchor,MDD,label_cliff,anchor.to.label_cliff,27.83531031,0.5714285714285714
P1,036 038 789,2,MAR,struct_cliff,MDD,label_cliff,struct_cliff.to.label_cliff,119.3974983,0.8888888888888888
P1,036 038 789,1,ZTW,anchor,MAR,struct_cliff,anchor.to.struct_cliff,63.44699914,0.8780487804878049
P1,036 038 789,1,ZTW,anchor,MDD,label_cliff,anchor.to.label_cliff,21.49139828,0.5714285714285714
P1,036 038 789,1,MAR,struct_cliff,MDD,label_cliff,struct_cliff.to.label_cliff,70.29439025,0.8888888888888888
P10,036 038 789,2,ZTW,anchor,MAR,struct_cliff,anchor.to.struct_cliff,45.77736668,0.8780487804878049
P10,036 038 789,2,ZTW,anchor,MDD,label_cliff,anchor.to.label_cliff,19.50452255,0.5714285714285714
P10,036 038 789,2,MAR,struct_cliff,MDD,label_cliff,struct_cliff.to.label_cliff,41.26393704,0.8888888888888888
P10,036 038 789,1,ZTW,anchor,MAR,struct_cliff,anchor.to.struct_cliff,23.48945295,0.8780487804878049
P10,036 038 789,1,ZTW,anchor,MDD,label_cliff,anchor.to.label_cliff,47.33319554,0.5714285714285714
P10,036 038 789,1,MAR,struct_cliff,MDD,label_cliff,struct_cliff.to.label_cliff,26.25615737,0.8888888888888888
P11,036 038 789,2,ZTW,anchor,MAR,struct_cliff,anchor.to.struct_cliff,84.88945105,0.8780487804878049
P11,036 038 789,2,ZTW,anchor,MDD,label_cliff,anchor.to.label_cliff,77.25828435,0.5714285714285714
P11,036 038 789,2,MAR,struct_cliff,MDD,label_cliff,struct_cliff.to.label_cliff,19.08073374,0.8888888888888888
P11,036 038 789,1,ZTW,anchor,MAR,struct_cliff,anchor.to.struct_cliff,17.07444875,0.8780487804878049
P11,036 038 789,1,ZTW,anchor,MDD,label_cliff,anchor.to.label_cliff,20.93121115,0.5714285714285714
P11,036 038 789,1,MAR,struct_cliff,MDD,label_cliff,struct_cliff.to.label_cliff,15.10254283,0.8888888888888888
P13,036 038 789,1,ZTW,anchor,MAR,struct_cliff,anchor.to.struct_cliff,94.95775113,0.8780487804878049
P13,036 038 789,1,ZTW,anchor,MDD,label_cliff,anchor.to.label_cliff,89.53625969,0.5714285714285714
P13,036 038 789,1,MAR,struct_cliff,MDD,label_cliff,struct_cliff.to.label_cliff,57.35169134,0.8888888888888888
P14,036 038 789,2,ZTW,anchor,MAR,struct_cliff,anchor.to.struct_cliff,79.5165706,0.8780487804878049
P14,036 038 789,2,ZTW,anchor,MDD,label_cliff,anchor.to.label_cliff,77.97793021,0.5714285714285714
P14,036 038 789,2,MAR,struct_cliff,MDD,label_cliff,struct_cliff.to.label_cliff,29.11004294,0.8888888888888888
P14,036 038 789,1,ZTW,anchor,MAR,struct_cliff,anchor.to.struct_cliff,92.35312285,0.8780487804878049
P14,036 038 789,1,ZTW,anchor,MDD,label_cliff,anchor.to.label_cliff,116.7657505,0.5714285714285714
P14,036 038 789,1,MAR,struct_cliff,MDD,label_cliff,struct_cliff.to.label_cliff,24.86387339,0.8888888888888888
P19,036 038 789,2,ZTW,anchor,MAR,struct_cliff,anchor.to.struct_cliff,22.70619519,0.8780487804878049
P19,036 038 789,2,ZTW,anchor,MDD,label_cliff,anchor.to.label_cliff,108.6227053,0.5714285714285714
P19,036 038 789,2,MAR,struct_cliff,MDD,label_cliff,struct_cliff.to.label_cliff,131.2391474,0.8888888888888888
P19,036 038 789,1,ZTW,anchor,MAR,struct_cliff,anchor.to.struct_cliff,50.99661263,0.8780487804878049
P19,036 038 789,1,ZTW,anchor,MDD,label_cliff,anchor.to.label_cliff,44.40720662,0.5714285714285714
P19,036 038 789,1,MAR,struct_cliff,MDD,label_cliff,struct_cliff.to.label_cliff,95.36958897,0.8888888888888888
P2,036 038 789,2,ZTW,anchor,MAR,struct_cliff,anchor.to.struct_cliff,104.098781,0.8780487804878049
P2,036 038 789,2,ZTW,anchor,MDD,label_cliff,anchor.to.label_cliff,102.6086434,0.5714285714285714
P2,036 038 789,2,MAR,struct_cliff,MDD,label_cliff,struct_cliff.to.label_cliff,66.01274498,0.8888888888888888
P2,036 038 789,1,ZTW,anchor,MAR,struct_cliff,anchor.to.struct_cliff,26.58944904,0.8780487804878049
P2,036 038 789,1,ZTW,anchor,MDD,label_cliff,anchor.to.label_cliff,94.69967371,0.5714285714285714
P2,036 038 789,1,MAR,struct_cliff,MDD,label_cliff,struct_cliff.to.label_cliff,68.20672841,0.8888888888888888
P23,036 038 789,1,ZTW,anchor,MAR,struct_cliff,anchor.to.struct_cliff,101.0528416,0.8780487804878049
P23,036 038 789,1,ZTW,anchor,MDD,label_cliff,anchor.to.label_cliff,93.53223241,0.5714285714285714
P23,036 038 789,1,MAR,struct_cliff,MDD,label_cliff,struct_cliff.to.label_cliff,58.472538,0.8888888888888888
P25,036 038 789,2,ZTW,anchor,MAR,struct_cliff,anchor.to.struct_cliff,29.71418012,0.8780487804878049
P25,036 038 789,2,ZTW,anchor,MDD,label_cliff,anchor.to.label_cliff,53.43453003,0.5714285714285714
P25,036 038 789,2,MAR,struct_cliff,MDD,label_cliff,struct_cliff.to.label_cliff,36.23093292,0.8888888888888888
P25,036 038 789,1,ZTW,anchor,MAR,struct_cliff,anchor.to.struct_cliff,69.16569453,0.8780487804878049
P25,036 038 789,1,ZTW,anchor,MDD,label_cliff,anchor.to.label_cliff,9.864202958,0.5714285714285714
P25,036 038 789,1,MAR,struct_cliff,MDD,label_cliff,struct_cliff.to.label_cliff,66.00616032,0.8888888888888888
P26,036 038 789,2,ZTW,anchor,MAR,struct_cliff,anchor.to.struct_cliff,34.48245496,0.8780487804878049
P26,036 038 789,2,ZTW,anchor,MDD,label_cliff,anchor.to.label_cliff,55.34486878,0.5714285714285714
P26,036 038 789,2,MAR,struct_cliff,MDD,label_cliff,struct_cliff.to.label_cliff,43.47820833,0.8888888888888888
P26,036 038 789,1,ZTW,anchor,MAR,struct_cliff,anchor.to.struct_cliff,116.0538504,0.8780487804878049
P26,036 038 789,1,ZTW,anchor,MDD,label_cliff,anchor.to.label_cliff,94.07816431,0.5714285714285714
P26,036 038 789,1,MAR,struct_cliff,MDD,label_cliff,struct_cliff.to.label_cliff,74.24220094,0.8888888888888888
P27,036 038 789,2,ZTW,anchor,MAR,struct_cliff,anchor.to.struct_cliff,57.6031336,0.8780487804878049
P27,036 038 789,2,ZTW,anchor,MDD,label_cliff,anchor.to.label_cliff,115.811863,0.5714285714285714
P27,036 038 789,2,MAR,struct_cliff,MDD,label_cliff,struct_cliff.to.label_cliff,87.87553129,0.8888888888888888
P27,036 038 789,1,ZTW,anchor,MAR,struct_cliff,anchor.to.struct_cliff,38.74285095,0.8780487804878049
P27,036 038 789,1,ZTW,anchor,MDD,label_cliff,anchor.to.label_cliff,87.51629905,0.5714285714285714
P27,036 038 789,1,MAR,struct_cliff,MDD,label_cliff,struct_cliff.to.label_cliff,95.70373922,0.8888888888888888
P28,036 038 789,2,ZTW,anchor,MAR,struct_cliff,anchor.to.struct_cliff,21.02419559,0.8780487804878049
P28,036 038 789,2,ZTW,anchor,MDD,label_cliff,anchor.to.label_cliff,69.72408479,0.5714285714285714
P28,036 038 789,2,MAR,struct_cliff,MDD,label_cliff,struct_cliff.to.label_cliff,61.37567596,0.8888888888888888
P28,036 038 789,1,ZTW,anchor,MAR,struct_cliff,anchor.to.struct_cliff,15.0459463,0.8780487804878049
P28,036 038 789,1,ZTW,anchor,MDD,label_cliff,anchor.to.label_cliff,14.73176839,0.5714285714285714
P28,036 038 789,1,MAR,struct_cliff,MDD,label_cliff,struct_cliff.to.label_cliff,15.43448412,0.8888888888888888
P31,036 038 789,2,ZTW,anchor,MAR,struct_cliff,anchor.to.struct_cliff,8.436989985,0.8780487804878049
P31,036 038 789,2,ZTW,anchor,MDD,label_cliff,anchor.to.label_cliff,62.66181373,0.5714285714285714
P31,036 038 789,2,MAR,struct_cliff,MDD,label_cliff,struct_cliff.to.label_cliff,66.09661792,0.8888888888888888
P31,036 038 789,1,ZTW,anchor,MAR,struct_cliff,anchor.to.struct_cliff,14.15189033,0.8780487804878049
P31,036 038 789,1,ZTW,anchor,MDD,label_cliff,anchor.to.label_cliff,46.56456271,0.5714285714285714
P31,036 038 789,1,MAR,struct_cliff,MDD,label_cliff,struct_cliff.to.label_cliff,43.58455346,0.8888888888888888
P32,036 038 789,2,ZTW,anchor,MAR,struct_cliff,anchor.to.struct_cliff,18.23768626,0.8780487804878049
P32,036 038 789,2,ZTW,anchor,MDD,label_cliff,anchor.to.label_cliff,36.58403067,0.5714285714285714
P32,036 038 789,2,MAR,struct_cliff,MDD,label_cliff,struct_cliff.to.label_cliff,45.01327915,0.8888888888888888
P32,036 038 789,1,ZTW,anchor,MAR,struct_cliff,anchor.to.struct_cliff,41.7271758,0.8780487804878049
P32,036 038 789,1,ZTW,anchor,MDD,label_cliff,anchor.to.label_cliff,23.25209883,0.5714285714285714
P32,036 038 789,1,MAR,struct_cliff,MDD,label_cliff,struct_cliff.to.label_cliff,32.31099039,0.8888888888888888
P5,036 038 789,2,ZTW,anchor,MAR,struct_cliff,anchor.to.struct_cliff,32.14846186,0.8780487804878049
P5,036 038 789,2,ZTW,anchor,MDD,label_cliff,anchor.to.label_cliff,114.0828756,0.5714285714285714
P5,036 038 789,2,MAR,struct_cliff,MDD,label_cliff,struct_cliff.to.label_cliff,81.99266857,0.8888888888888888
P5,036 038 789,1,ZTW,anchor,MAR,struct_cliff,anchor.to.struct_cliff,18.91540378,0.8780487804878049
P5,036 038 789,1,ZTW,anchor,MDD,label_cliff,anchor.to.label_cliff,121.64815,0.5714285714285714
P5,036 038 789,1,MAR,struct_cliff,MDD,label_cliff,struct_cliff.to.label_cliff,102.7335043,0.8888888888888888
P6,036 038 789,2,ZTW,anchor,MAR,struct_cliff,anchor.to.struct_cliff,43.31367567,0.8780487804878049
P6,036 038 789,2,ZTW,anchor,MDD,label_cliff,anchor.to.label_cliff,36.88763072,0.5714285714285714
P6,036 038 789,2,MAR,struct_cliff,MDD,label_cliff,struct_cliff.to.label_cliff,80.19892892,0.8888888888888888
P6,036 038 789,1,ZTW,anchor,MAR,struct_cliff,anchor.to.struct_cliff,30.00129331,0.8780487804878049
P6,036 038 789,1,ZTW,anchor,MDD,label_cliff,anchor.to.label_cliff,29.71632716,0.5714285714285714
P6,036 038 789,1,MAR,struct_cliff,MDD,label_cliff,struct_cliff.to.label_cliff,52.30774035,0.8888888888888888
P9,036 038 789,2,ZTW,anchor,MAR,struct_cliff,anchor.to.struct_cliff,31.49545364,0.8780487804878049
P9,036 038 789,2,ZTW,anchor,MDD,label_cliff,anchor.to.label_cliff,64.7733317,0.5714285714285714
P9,036 038 789,2,MAR,struct_cliff,MDD,label_cliff,struct_cliff.to.label_cliff,54.79766875,0.8888888888888888
P9,036 038 789,1,ZTW,anchor,MAR,struct_cliff,anchor.to.struct_cliff,31.65651276,0.8780487804878049
P9,036 038 789,1,ZTW,anchor,MDD,label_cliff,anchor.to.label_cliff,72.783257,0.5714285714285714
P9,036 038 789,1,MAR,struct_cliff,MDD,label_cliff,struct_cliff.to.label_cliff,78.85115915,0.8888888888888888
P1,273 834 839,2,OTQ,anchor,XCM,struct_cliff,anchor.to.struct_cliff,62.54925819,0.868421052631579
P1,273 834 839,2,OTQ,anchor,FSV,label_cliff,anchor.to.label_cliff,124.445012,0.5813953488372092
P1,273 834 839,2,XCM,struct_cliff,FSV,label_cliff,struct_cliff.to.label_cliff,62.12932078,0.9
P1,273 834 839,1,OTQ,anchor,XCM,struct_cliff,anchor.to.struct_cliff,88.11343428,0.868421052631579
P1,273 834 839,1,OTQ,anchor,FSV,label_cliff,anchor.to.label_cliff,126.8785975,0.5813953488372092
P1,273 834 839,1,XCM,struct_cliff,FSV,label_cliff,struct_cliff.to.label_cliff,45.27583903,0.9
P10,273 834 839,2,OTQ,anchor,XCM,struct_cliff,anchor.to.struct_cliff,48.50979695,0.868421052631579
P10,273 834 839,2,OTQ,anchor,FSV,label_cliff,anchor.to.label_cliff,38.53618819,0.5813953488372092
P10,273 834 839,2,XCM,struct_cliff,FSV,label_cliff,struct_cliff.to.label_cliff,22.05147161,0.9
P10,273 834 839,1,OTQ,anchor,XCM,struct_cliff,anchor.to.struct_cliff,43.57174543,0.868421052631579
P10,273 834 839,1,OTQ,anchor,FSV,label_cliff,anchor.to.label_cliff,19.74030648,0.5813953488372092
P10,273 834 839,1,XCM,struct_cliff,FSV,label_cliff,struct_cliff.to.label_cliff,47.57303963,0.9
P11,273 834 839,2,OTQ,anchor,XCM,struct_cliff,anchor.to.struct_cliff,37.72416334,0.868421052631579
P11,273 834 839,2,OTQ,anchor,FSV,label_cliff,anchor.to.label_cliff,122.6990465,0.5813953488372092
P11,273 834 839,2,XCM,struct_cliff,FSV,label_cliff,struct_cliff.to.label_cliff,87.79196148,0.9
P11,273 834 839,1,OTQ,anchor,XCM,struct_cliff,anchor.to.struct_cliff,42.75504298,0.868421052631579
P11,273 834 839,1,OTQ,anchor,FSV,label_cliff,anchor.to.label_cliff,39.14576861,0.5813953488372092
P11,273 834 839,1,XCM,struct_cliff,FSV,label_cliff,struct_cliff.to.label_cliff,10.75820152,0.9
P13,273 834 839,1,OTQ,anchor,XCM,struct_cliff,anchor.to.struct_cliff,77.37323698,0.868421052631579
P13,273 834 839,1,OTQ,anchor,FSV,label_cliff,anchor.to.label_cliff,86.50323115,0.5813953488372092
P13,273 834 839,1,XCM,struct_cliff,FSV,label_cliff,struct_cliff.to.label_cliff,90.18024839,0.9
P14,273 834 839,2,OTQ,anchor,XCM,struct_cliff,anchor.to.struct_cliff,39.89508742,0.868421052631579
P14,273 834 839,2,OTQ,anchor,FSV,label_cliff,anchor.to.label_cliff,98.99584284,0.5813953488372092
P14,273 834 839,2,XCM,struct_cliff,FSV,label_cliff,struct_cliff.to.label_cliff,100.6863412,0.9
P14,273 834 839,1,OTQ,anchor,XCM,struct_cliff,anchor.to.struct_cliff,20.9479283,0.868421052631579
P14,273 834 839,1,OTQ,anchor,FSV,label_cliff,anchor.to.label_cliff,116.5914105,0.5813953488372092
P14,273 834 839,1,XCM,struct_cliff,FSV,label_cliff,struct_cliff.to.label_cliff,102.1470435,0.9
P19,273 834 839,2,OTQ,anchor,XCM,struct_cliff,anchor.to.struct_cliff,44.50007191,0.868421052631579
P19,273 834 839,2,OTQ,anchor,FSV,label_cliff,anchor.to.label_cliff,130.8719657,0.5813953488372092
P19,273 834 839,2,XCM,struct_cliff,FSV,label_cliff,struct_cliff.to.label_cliff,104.4621013,0.9
P19,273 834 839,1,OTQ,anchor,XCM,struct_cliff,anchor.to.struct_cliff,57.64758104,0.868421052631579
P19,273 834 839,1,OTQ,anchor,FSV,label_cliff,anchor.to.label_cliff,85.98437591,0.5813953488372092
P19,273 834 839,1,XCM,struct_cliff,FSV,label_cliff,struct_cliff.to.label_cliff,131.7834925,0.9
P2,273 834 839,2,OTQ,anchor,XCM,struct_cliff,anchor.to.struct_cliff,98.11886924,0.868421052631579
P2,273 834 839,2,OTQ,anchor,FSV,label_cliff,anchor.to.label_cliff,92.58088194,0.5813953488372092
P2,273 834 839,2,XCM,struct_cliff,FSV,label_cliff,struct_cliff.to.label_cliff,69.88233826,0.9
P2,273 834 839,1,OTQ,anchor,XCM,struct_cliff,anchor.to.struct_cliff,72.80121428,0.868421052631579
P2,273 834 839,1,OTQ,anchor,FSV,label_cliff,anchor.to.label_cliff,54.14726771,0.5813953488372092
P2,273 834 839,1,XCM,struct_cliff,FSV,label_cliff,struct_cliff.to.label_cliff,94.52164302,0.9
P23,273 834 839,1,OTQ,anchor,XCM,struct_cliff,anchor.to.struct_cliff,91.18448333,0.868421052631579
P23,273 834 839,1,OTQ,anchor,FSV,label_cliff,anchor.to.label_cliff,73.41296956,0.5813953488372092
P23,273 834 839,1,XCM,struct_cliff,FSV,label_cliff,struct_cliff.to.label_cliff,97.52403447,0.9
P25,273 834 839,2,OTQ,anchor,XCM,struct_cliff,anchor.to.struct_cliff,61.76661639,0.868421052631579
P25,273 834 839,2,OTQ,anchor,FSV,label_cliff,anchor.to.label_cliff,61.59821832,0.5813953488372092
P25,273 834 839,2,XCM,struct_cliff,FSV,label_cliff,struct_cliff.to.label_cliff,31.65277239,0.9
P25,273 834 839,1,OTQ,anchor,XCM,struct_cliff,anchor.to.struct_cliff,71.47966704,0.868421052631579
P25,273 834 839,1,OTQ,anchor,FSV,label_cliff,anchor.to.label_cliff,65.66326979,0.5813953488372092
P25,273 834 839,1,XCM,struct_cliff,FSV,label_cliff,struct_cliff.to.label_cliff,25.94628682,0.9
P26,273 834 839,2,OTQ,anchor,XCM,struct_cliff,anchor.to.struct_cliff,20.89548516,0.868421052631579
P26,273 834 839,2,OTQ,anchor,FSV,label_cliff,anchor.to.label_cliff,50.85035398,0.5813953488372092
P26,273 834 839,2,XCM,struct_cliff,FSV,label_cliff,struct_cliff.to.label_cliff,58.53959002,0.9
P26,273 834 839,1,OTQ,anchor,XCM,struct_cliff,anchor.to.struct_cliff,104.7859428,0.868421052631579
P26,273 834 839,1,OTQ,anchor,FSV,label_cliff,anchor.to.label_cliff,127.4793356,0.5813953488372092
P26,273 834 839,1,XCM,struct_cliff,FSV,label_cliff,struct_cliff.to.label_cliff,36.86339105,0.9
P27,273 834 839,2,OTQ,anchor,XCM,struct_cliff,anchor.to.struct_cliff,92.33095526,0.868421052631579
P27,273 834 839,2,OTQ,anchor,FSV,label_cliff,anchor.to.label_cliff,103.7912299,0.5813953488372092
P27,273 834 839,2,XCM,struct_cliff,FSV,label_cliff,struct_cliff.to.label_cliff,101.0865001,0.9
P27,273 834 839,1,OTQ,anchor,XCM,struct_cliff,anchor.to.struct_cliff,64.69216413,0.868421052631579
P27,273 834 839,1,OTQ,anchor,FSV,label_cliff,anchor.to.label_cliff,80.3614466,0.5813953488372092
P27,273 834 839,1,XCM,struct_cliff,FSV,label_cliff,struct_cliff.to.label_cliff,68.40648507,0.9
P28,273 834 839,2,OTQ,anchor,XCM,struct_cliff,anchor.to.struct_cliff,21.87341766,0.868421052631579
P28,273 834 839,2,OTQ,anchor,FSV,label_cliff,anchor.to.label_cliff,99.92744668,0.5813953488372092
P28,273 834 839,2,XCM,struct_cliff,FSV,label_cliff,struct_cliff.to.label_cliff,100.1722167,0.9
P28,273 834 839,1,OTQ,anchor,XCM,struct_cliff,anchor.to.struct_cliff,31.21488908,0.868421052631579
P28,273 834 839,1,OTQ,anchor,FSV,label_cliff,anchor.to.label_cliff,87.40866147,0.5813953488372092
P28,273 834 839,1,XCM,struct_cliff,FSV,label_cliff,struct_cliff.to.label_cliff,99.95633947,0.9
P31,273 834 839,2,OTQ,anchor,XCM,struct_cliff,anchor.to.struct_cliff,12.76410984,0.868421052631579
P31,273 834 839,2,OTQ,anchor,FSV,label_cliff,anchor.to.label_cliff,88.51317755,0.5813953488372092
P31,273 834 839,2,XCM,struct_cliff,FSV,label_cliff,struct_cliff.to.label_cliff,87.96727175,0.9
P31,273 834 839,1,OTQ,anchor,XCM,struct_cliff,anchor.to.struct_cliff,82.10236598,0.868421052631579
P31,273 834 839,1,OTQ,anchor,FSV,label_cliff,anchor.to.label_cliff,14.49974138,0.5813953488372092
P31,273 834 839,1,XCM,struct_cliff,FSV,label_cliff,struct_cliff.to.label_cliff,96.59207524,0.9
P32,273 834 839,2,OTQ,anchor,XCM,struct_cliff,anchor.to.struct_cliff,43.05335527,0.868421052631579
P32,273 834 839,2,OTQ,anchor,FSV,label_cliff,anchor.to.label_cliff,45.20971688,0.5813953488372092
P32,273 834 839,2,XCM,struct_cliff,FSV,label_cliff,struct_cliff.to.label_cliff,45.78581112,0.9
P32,273 834 839,1,OTQ,anchor,XCM,struct_cliff,anchor.to.struct_cliff,28.77894369,0.868421052631579
P32,273 834 839,1,OTQ,anchor,FSV,label_cliff,anchor.to.label_cliff,14.27506918,0.5813953488372092
P32,273 834 839,1,XCM,struct_cliff,FSV,label_cliff,struct_cliff.to.label_cliff,41.18734272,0.9
P5,273 834 839,2,OTQ,anchor,XCM,struct_cliff,anchor.to.struct_cliff,26.93402309,0.868421052631579
P5,273 834 839,2,OTQ,anchor,FSV,label_cliff,anchor.to.label_cliff,119.7387865,0.5813953488372092
P5,273 834 839,2,XCM,struct_cliff,FSV,label_cliff,struct_cliff.to.label_cliff,92.91999247,0.9
P5,273 834 839,1,OTQ,anchor,XCM,struct_cliff,anchor.to.struct_cliff,53.85431088,0.868421052631579
P5,273 834 839,1,OTQ,anchor,FSV,label_cliff,anchor.to.label_cliff,112.1438902,0.5813953488372092
P5,273 834 839,1,XCM,struct_cliff,FSV,label_cliff,struct_cliff.to.label_cliff,58.41103064,0.9
P6,273 834 839,2,OTQ,anchor,XCM,struct_cliff,anchor.to.struct_cliff,12.8535287,0.868421052631579
P6,273 834 839,2,OTQ,anchor,FSV,label_cliff,anchor.to.label_cliff,19.95820633,0.5813953488372092
P6,273 834 839,2,XCM,struct_cliff,FSV,label_cliff,struct_cliff.to.label_cliff,25.52404357,0.9
P6,273 834 839,1,OTQ,anchor,XCM,struct_cliff,anchor.to.struct_cliff,21.71937614,0.868421052631579
P6,273 834 839,1,OTQ,anchor,FSV,label_cliff,anchor.to.label_cliff,22.69150061,0.5813953488372092
P6,273 834 839,1,XCM,struct_cliff,FSV,label_cliff,struct_cliff.to.label_cliff,44.31690084,0.9
P9,273 834 839,2,OTQ,anchor,XCM,struct_cliff,anchor.to.struct_cliff,40.25009814,0.868421052631579
P9,273 834 839,2,OTQ,anchor,FSV,label_cliff,anchor.to.label_cliff,52.59786403,0.5813953488372092
P9,273 834 839,2,XCM,struct_cliff,FSV,label_cliff,struct_cliff.to.label_cliff,48.07361958,0.9
P9,273 834 839,1,OTQ,anchor,XCM,struct_cliff,anchor.to.struct_cliff,27.66909648,0.868421052631579
P9,273 834 839,1,OTQ,anchor,FSV,label_cliff,anchor.to.label_cliff,81.40325792,0.5813953488372092
P9,273 834 839,1,XCM,struct_cliff,FSV,label_cliff,struct_cliff.to.label_cliff,67.05193882,0.9
P1,036 038 813,2,FAC,anchor,MAR,struct_cliff,anchor.to.struct_cliff,127.7741961,0.8648648648648649
P1,036 038 813,2,FAC,anchor,MDD,label_cliff,anchor.to.label_cliff,52.85497611,0.5625
P1,036 038 813,2,MAR,struct_cliff,MDD,label_cliff,struct_cliff.to.label_cliff,75.37296929,0.8888888888888888
P1,036 038 813,1,FAC,anchor,MAR,struct_cliff,anchor.to.struct_cliff,111.0964234,0.8648648648648649
P1,036 038 813,1,FAC,anchor,MDD,label_cliff,anchor.to.label_cliff,49.88813486,0.5625
P1,036 038 813,1,MAR,struct_cliff,MDD,label_cliff,struct_cliff.to.label_cliff,61.93006136,0.8888888888888888
P10,036 038 813,2,FAC,anchor,MAR,struct_cliff,anchor.to.struct_cliff,40.21866482,0.8648648648648649
P10,036 038 813,2,FAC,anchor,MDD,label_cliff,anchor.to.label_cliff,17.06468869,0.5625
P10,036 038 813,2,MAR,struct_cliff,MDD,label_cliff,struct_cliff.to.label_cliff,41.38457925,0.8888888888888888
P10,036 038 813,1,FAC,anchor,MAR,struct_cliff,anchor.to.struct_cliff,33.76754211,0.8648648648648649
P10,036 038 813,1,FAC,anchor,MDD,label_cliff,anchor.to.label_cliff,20.14119162,0.5625
P10,036 038 813,1,MAR,struct_cliff,MDD,label_cliff,struct_cliff.to.label_cliff,47.22838659,0.8888888888888888
P11,036 038 813,2,FAC,anchor,MAR,struct_cliff,anchor.to.struct_cliff,64.04224856,0.8648648648648649
P11,036 038 813,2,FAC,anchor,MDD,label_cliff,anchor.to.label_cliff,16.33667041,0.5625
P11,036 038 813,2,MAR,struct_cliff,MDD,label_cliff,struct_cliff.to.label_cliff,49.16960443,0.8888888888888888
P11,036 038 813,1,FAC,anchor,MAR,struct_cliff,anchor.to.struct_cliff,18.05531778,0.8648648648648649
P11,036 038 813,1,FAC,anchor,MDD,label_cliff,anchor.to.label_cliff,42.49835879,0.5625
P11,036 038 813,1,MAR,struct_cliff,MDD,label_cliff,struct_cliff.to.label_cliff,27.75400872,0.8888888888888888
P13,036 038 813,1,FAC,anchor,MAR,struct_cliff,anchor.to.struct_cliff,90.79230859,0.8648648648648649
P13,036 038 813,1,FAC,anchor,MDD,label_cliff,anchor.to.label_cliff,52.25564276,0.5625
P13,036 038 813,1,MAR,struct_cliff,MDD,label_cliff,struct_cliff.to.label_cliff,113.1061241,0.8888888888888888
P14,036 038 813,2,FAC,anchor,MAR,struct_cliff,anchor.to.struct_cliff,67.02828209,0.8648648648648649
P14,036 038 813,2,FAC,anchor,MDD,label_cliff,anchor.to.label_cliff,68.52483491,0.5625
P14,036 038 813,2,MAR,struct_cliff,MDD,label_cliff,struct_cliff.to.label_cliff,22.25902963,0.8888888888888888
P14,036 038 813,1,FAC,anchor,MAR,struct_cliff,anchor.to.struct_cliff,30.55072176,0.8648648648648649
P14,036 038 813,1,FAC,anchor,MDD,label_cliff,anchor.to.label_cliff,96.7896792,0.5625
P14,036 038 813,1,MAR,struct_cliff,MDD,label_cliff,struct_cliff.to.label_cliff,113.9976991,0.8888888888888888
P19,036 038 813,2,FAC,anchor,MAR,struct_cliff,anchor.to.struct_cliff,132.441572,0.8648648648648649
P19,036 038 813,2,FAC,anchor,MDD,label_cliff,anchor.to.label_cliff,14.10533587,0.5625
P19,036 038 813,2,MAR,struct_cliff,MDD,label_cliff,struct_cliff.to.label_cliff,118.3689254,0.8888888888888888
P19,036 038 813,1,FAC,anchor,MAR,struct_cliff,anchor.to.struct_cliff,15.48404663,0.8648648648648649
P19,036 038 813,1,FAC,anchor,MDD,label_cliff,anchor.to.label_cliff,10.0650385,0.5625
P19,036 038 813,1,MAR,struct_cliff,MDD,label_cliff,struct_cliff.to.label_cliff,7.986720228,0.8888888888888888
P2,036 038 813,2,FAC,anchor,MAR,struct_cliff,anchor.to.struct_cliff,69.34011321,0.8648648648648649
P2,036 038 813,2,FAC,anchor,MDD,label_cliff,anchor.to.label_cliff,101.8373802,0.5625
P2,036 038 813,2,MAR,struct_cliff,MDD,label_cliff,struct_cliff.to.label_cliff,103.1636937,0.8888888888888888
P2,036 038 813,1,FAC,anchor,MAR,struct_cliff,anchor.to.struct_cliff,43.03758009,0.8648648648648649
P2,036 038 813,1,FAC,anchor,MDD,label_cliff,anchor.to.label_cliff,99.49938794,0.5625
P2,036 038 813,1,MAR,struct_cliff,MDD,label_cliff,struct_cliff.to.label_cliff,81.86323778,0.8888888888888888
P23,036 038 813,1,FAC,anchor,MAR,struct_cliff,anchor.to.struct_cliff,89.97534384,0.8648648648648649
P23,036 038 813,1,FAC,anchor,MDD,label_cliff,anchor.to.label_cliff,29.63097197,0.5625
P23,036 038 813,1,MAR,struct_cliff,MDD,label_cliff,struct_cliff.to.label_cliff,105.7090015,0.8888888888888888
P25,036 038 813,2,FAC,anchor,MAR,struct_cliff,anchor.to.struct_cliff,29.88887753,0.8648648648648649
P25,036 038 813,2,FAC,anchor,MDD,label_cliff,anchor.to.label_cliff,19.79001011,0.5625
P25,036 038 813,2,MAR,struct_cliff,MDD,label_cliff,struct_cliff.to.label_cliff,38.8560227,0.8888888888888888
P25,036 038 813,1,FAC,anchor,MAR,struct_cliff,anchor.to.struct_cliff,47.54082456,0.8648648648648649
P25,036 038 813,1,FAC,anchor,MDD,label_cliff,anchor.to.label_cliff,83.4454133,0.5625
P25,036 038 813,1,MAR,struct_cliff,MDD,label_cliff,struct_cliff.to.label_cliff,84.30338665,0.8888888888888888
P26,036 038 813,2,FAC,anchor,MAR,struct_cliff,anchor.to.struct_cliff,39.74803266,0.8648648648648649
P26,036 038 813,2,FAC,anchor,MDD,label_cliff,anchor.to.label_cliff,46.43957364,0.5625
P26,036 038 813,2,MAR,struct_cliff,MDD,label_cliff,struct_cliff.to.label_cliff,53.65339225,0.8888888888888888
P26,036 038 813,1,FAC,anchor,MAR,struct_cliff,anchor.to.struct_cliff,56.51392129,0.8648648648648649
P26,036 038 813,1,FAC,anchor,MDD,label_cliff,anchor.to.label_cliff,17.12587808,0.5625
P26,036 038 813,1,MAR,struct_cliff,MDD,label_cliff,struct_cliff.to.label_cliff,73.63282556,0.8888888888888888
P27,036 038 813,2,FAC,anchor,MAR,struct_cliff,anchor.to.struct_cliff,53.17644027,0.8648648648648649
P27,036 038 813,2,FAC,anchor,MDD,label_cliff,anchor.to.label_cliff,125.1886896,0.5625
P27,036 038 813,2,MAR,struct_cliff,MDD,label_cliff,struct_cliff.to.label_cliff,75.17102234,0.8888888888888888
P27,036 038 813,1,FAC,anchor,MAR,struct_cliff,anchor.to.struct_cliff,25.73342768,0.8648648648648649
P27,036 038 813,1,FAC,anchor,MDD,label_cliff,anchor.to.label_cliff,63.4359622,0.5625
P27,036 038 813,1,MAR,struct_cliff,MDD,label_cliff,struct_cliff.to.label_cliff,61.32263041,0.8888888888888888
P28,036 038 813,2,FAC,anchor,MAR,struct_cliff,anchor.to.struct_cliff,77.02098545,0.8648648648648649
P28,036 038 813,2,FAC,anchor,MDD,label_cliff,anchor.to.label_cliff,35.71175717,0.5625
P28,036 038 813,2,MAR,struct_cliff,MDD,label_cliff,struct_cliff.to.label_cliff,88.74585399,0.8888888888888888
P28,036 038 813,1,FAC,anchor,MAR,struct_cliff,anchor.to.struct_cliff,34.55085527,0.8648648648648649
P28,036 038 813,1,FAC,anchor,MDD,label_cliff,anchor.to.label_cliff,27.84051903,0.5625
P28,036 038 813,1,MAR,struct_cliff,MDD,label_cliff,struct_cliff.to.label_cliff,31.99160046,0.8888888888888888
P31,036 038 813,2,FAC,anchor,MAR,struct_cliff,anchor.to.struct_cliff,23.56322771,0.8648648648648649
P31,036 038 813,2,FAC,anchor,MDD,label_cliff,anchor.to.label_cliff,73.23424677,0.5625
P31,036 038 813,2,MAR,struct_cliff,MDD,label_cliff,struct_cliff.to.label_cliff,86.99358712,0.8888888888888888
P31,036 038 813,1,FAC,anchor,MAR,struct_cliff,anchor.to.struct_cliff,11.10259429,0.8648648648648649
P31,036 038 813,1,FAC,anchor,MDD,label_cliff,anchor.to.label_cliff,34.00880033,0.5625
P31,036 038 813,1,MAR,struct_cliff,MDD,label_cliff,struct_cliff.to.label_cliff,33.83308588,0.8888888888888888
P32,036 038 813,2,FAC,anchor,MAR,struct_cliff,anchor.to.struct_cliff,18.15632672,0.8648648648648649
P32,036 038 813,2,FAC,anchor,MDD,label_cliff,anchor.to.label_cliff,19.7901238,0.5625
P32,036 038 813,2,MAR,struct_cliff,MDD,label_cliff,struct_cliff.to.label_cliff,31.57767566,0.8888888888888888
P32,036 038 813,1,FAC,anchor,MAR,struct_cliff,anchor.to.struct_cliff,51.43939444,0.8648648648648649
P32,036 038 813,1,FAC,anchor,MDD,label_cliff,anchor.to.label_cliff,8.81149817,0.5625
P32,036 038 813,1,MAR,struct_cliff,MDD,label_cliff,struct_cliff.to.label_cliff,50.7035482,0.8888888888888888
P5,036 038 813,2,FAC,anchor,MAR,struct_cliff,anchor.to.struct_cliff,34.82440524,0.8648648648648649
P5,036 038 813,2,FAC,anchor,MDD,label_cliff,anchor.to.label_cliff,110.910426,0.5625
P5,036 038 813,2,MAR,struct_cliff,MDD,label_cliff,struct_cliff.to.label_cliff,76.72032977,0.8888888888888888
P5,036 038 813,1,FAC,anchor,MAR,struct_cliff,anchor.to.struct_cliff,30.75632293,0.8648648648648649
P5,036 038 813,1,FAC,anchor,MDD,label_cliff,anchor.to.label_cliff,123.5931859,0.5625
P5,036 038 813,1,MAR,struct_cliff,MDD,label_cliff,struct_cliff.to.label_cliff,92.83717467,0.8888888888888888
P6,036 038 813,2,FAC,anchor,MAR,struct_cliff,anchor.to.struct_cliff,29.32402599,0.8648648648648649
P6,036 038 813,2,FAC,anchor,MDD,label_cliff,anchor.to.label_cliff,46.14020481,0.5625
P6,036 038 813,2,MAR,struct_cliff,MDD,label_cliff,struct_cliff.to.label_cliff,73.67860612,0.8888888888888888
P6,036 038 813,1,FAC,anchor,MAR,struct_cliff,anchor.to.struct_cliff,20.43370989,0.8648648648648649
P6,036 038 813,1,FAC,anchor,MDD,label_cliff,anchor.to.label_cliff,64.23827675,0.5625
P6,036 038 813,1,MAR,struct_cliff,MDD,label_cliff,struct_cliff.to.label_cliff,53.28617175,0.8888888888888888
P9,036 038 813,2,FAC,anchor,MAR,struct_cliff,anchor.to.struct_cliff,46.67113133,0.8648648648648649
P9,036 038 813,2,FAC,anchor,MDD,label_cliff,anchor.to.label_cliff,41.70773789,0.5625
P9,036 038 813,2,MAR,struct_cliff,MDD,label_cliff,struct_cliff.to.label_cliff,35.86089932,0.8888888888888888
P9,036 038 813,1,FAC,anchor,MAR,struct_cliff,anchor.to.struct_cliff,55.67832253,0.8648648648648649
P9,036 038 813,1,FAC,anchor,MDD,label_cliff,anchor.to.label_cliff,16.98350082,0.5625
P9,036 038 813,1,MAR,struct_cliff,MDD,label_cliff,struct_cliff.to.label_cliff,64.8864277,0.8888888888888888
P1,036 480 813,2,FAC,anchor,UGR,struct_cliff,anchor.to.struct_cliff,45.88773366,0.8235294117647058
P1,036 480 813,2,FAC,anchor,MDD,label_cliff,anchor.to.label_cliff,73.57602667,0.5625
P1,036 480 813,2,UGR,struct_cliff,MDD,label_cliff,struct_cliff.to.label_cliff,27.75519051,0.9090909090909092
P1,036 480 813,1,FAC,anchor,UGR,struct_cliff,anchor.to.struct_cliff,44.48933018,0.8235294117647058
P1,036 480 813,1,FAC,anchor,MDD,label_cliff,anchor.to.label_cliff,68.22718666,0.5625
P1,036 480 813,1,UGR,struct_cliff,MDD,label_cliff,struct_cliff.to.label_cliff,44.58242367,0.9090909090909092
P10,036 480 813,2,FAC,anchor,UGR,struct_cliff,anchor.to.struct_cliff,13.86432112,0.8235294117647058
P10,036 480 813,2,FAC,anchor,MDD,label_cliff,anchor.to.label_cliff,32.98616225,0.5625
P10,036 480 813,2,UGR,struct_cliff,MDD,label_cliff,struct_cliff.to.label_cliff,32.17718602,0.9090909090909092
P10,036 480 813,1,FAC,anchor,UGR,struct_cliff,anchor.to.struct_cliff,11.52010851,0.8235294117647058
P10,036 480 813,1,FAC,anchor,MDD,label_cliff,anchor.to.label_cliff,16.42565067,0.5625
P10,036 480 813,1,UGR,struct_cliff,MDD,label_cliff,struct_cliff.to.label_cliff,11.23785122,0.9090909090909092
P11,036 480 813,2,FAC,anchor,UGR,struct_cliff,anchor.to.struct_cliff,45.50545022,0.8235294117647058
P11,036 480 813,2,FAC,anchor,MDD,label_cliff,anchor.to.label_cliff,63.63374734,0.5625
P11,036 480 813,2,UGR,struct_cliff,MDD,label_cliff,struct_cliff.to.label_cliff,22.42647097,0.9090909090909092
P11,036 480 813,1,FAC,anchor,UGR,struct_cliff,anchor.to.struct_cliff,34.53905905,0.8235294117647058
P11,036 480 813,1,FAC,anchor,MDD,label_cliff,anchor.to.label_cliff,12.51630936,0.5625
P11,036 480 813,1,UGR,struct_cliff,MDD,label_cliff,struct_cliff.to.label_cliff,47.03727245,0.9090909090909092
P13,036 480 813,1,FAC,anchor,UGR,struct_cliff,anchor.to.struct_cliff,83.83022426,0.8235294117647058
P13,036 480 813,1,FAC,anchor,MDD,label_cliff,anchor.to.label_cliff,30.90537979,0.5625
P13,036 480 813,1,UGR,struct_cliff,MDD,label_cliff,struct_cliff.to.label_cliff,57.34792934,0.9090909090909092
P14,036 480 813,2,FAC,anchor,UGR,struct_cliff,anchor.to.struct_cliff,85.96246216,0.8235294117647058
P14,036 480 813,2,FAC,anchor,MDD,label_cliff,anchor.to.label_cliff,82.70160397,0.5625
P14,036 480 813,2,UGR,struct_cliff,MDD,label_cliff,struct_cliff.to.label_cliff,35.1261498,0.9090909090909092
P14,036 480 813,1,FAC,anchor,UGR,struct_cliff,anchor.to.struct_cliff,110.918086,0.8235294117647058
P14,036 480 813,1,FAC,anchor,MDD,label_cliff,anchor.to.label_cliff,87.95049119,0.5625
P14,036 480 813,1,UGR,struct_cliff,MDD,label_cliff,struct_cliff.to.label_cliff,34.03528904,0.9090909090909092
P19,036 480 813,2,FAC,anchor,UGR,struct_cliff,anchor.to.struct_cliff,62.33826754,0.8235294117647058
P19,036 480 813,2,FAC,anchor,MDD,label_cliff,anchor.to.label_cliff,38.10927577,0.5625
P19,036 480 813,2,UGR,struct_cliff,MDD,label_cliff,struct_cliff.to.label_cliff,100.4163657,0.9090909090909092
P19,036 480 813,1,FAC,anchor,UGR,struct_cliff,anchor.to.struct_cliff,82.58575967,0.8235294117647058
P19,036 480 813,1,FAC,anchor,MDD,label_cliff,anchor.to.label_cliff,3.48,0.5625
P19,036 480 813,1,UGR,struct_cliff,MDD,label_cliff,struct_cliff.to.label_cliff,80.41363379,0.9090909090909092
P2,036 480 813,2,FAC,anchor,UGR,struct_cliff,anchor.to.struct_cliff,116.2381185,0.8235294117647058
P2,036 480 813,2,FAC,anchor,MDD,label_cliff,anchor.to.label_cliff,99.77138067,0.5625
P2,036 480 813,2,UGR,struct_cliff,MDD,label_cliff,struct_cliff.to.label_cliff,50.07646353,0.9090909090909092
P2,036 480 813,1,FAC,anchor,UGR,struct_cliff,anchor.to.struct_cliff,31.41040751,0.8235294117647058
P2,036 480 813,1,FAC,anchor,MDD,label_cliff,anchor.to.label_cliff,64.24000389,0.5625
P2,036 480 813,1,UGR,struct_cliff,MDD,label_cliff,struct_cliff.to.label_cliff,92.39227782,0.9090909090909092
P23,036 480 813,1,FAC,anchor,UGR,struct_cliff,anchor.to.struct_cliff,100.3647991,0.8235294117647058
P23,036 480 813,1,FAC,anchor,MDD,label_cliff,anchor.to.label_cliff,98.41881172,0.5625
P23,036 480 813,1,UGR,struct_cliff,MDD,label_cliff,struct_cliff.to.label_cliff,80.10624944,0.9090909090909092
P25,036 480 813,2,FAC,anchor,UGR,struct_cliff,anchor.to.struct_cliff,29.4224829,0.8235294117647058
P25,036 480 813,2,FAC,anchor,MDD,label_cliff,anchor.to.label_cliff,40.76505611,0.5625
P25,036 480 813,2,UGR,struct_cliff,MDD,label_cliff,struct_cliff.to.label_cliff,27.12001659,0.9090909090909092
P25,036 480 813,1,FAC,anchor,UGR,struct_cliff,anchor.to.struct_cliff,25.76338487,0.8235294117647058
P25,036 480 813,1,FAC,anchor,MDD,label_cliff,anchor.to.label_cliff,20.42047992,0.5625
P25,036 480 813,1,UGR,struct_cliff,MDD,label_cliff,struct_cliff.to.label_cliff,37.1276393,0.9090909090909092
P26,036 480 813,2,FAC,anchor,UGR,struct_cliff,anchor.to.struct_cliff,35.76567209,0.8235294117647058
P26,036 480 813,2,FAC,anchor,MDD,label_cliff,anchor.to.label_cliff,36.65764859,0.5625
P26,036 480 813,2,UGR,struct_cliff,MDD,label_cliff,struct_cliff.to.label_cliff,19.07720367,0.9090909090909092
P26,036 480 813,1,FAC,anchor,UGR,struct_cliff,anchor.to.struct_cliff,24.86322787,0.8235294117647058
P26,036 480 813,1,FAC,anchor,MDD,label_cliff,anchor.to.label_cliff,44.82280223,0.5625
P26,036 480 813,1,UGR,struct_cliff,MDD,label_cliff,struct_cliff.to.label_cliff,68.41501955,0.9090909090909092
P27,036 480 813,2,FAC,anchor,UGR,struct_cliff,anchor.to.struct_cliff,57.67152677,0.8235294117647058
P27,036 480 813,2,FAC,anchor,MDD,label_cliff,anchor.to.label_cliff,110.6496353,0.5625
P27,036 480 813,2,UGR,struct_cliff,MDD,label_cliff,struct_cliff.to.label_cliff,54.13296962,0.9090909090909092
P27,036 480 813,1,FAC,anchor,UGR,struct_cliff,anchor.to.struct_cliff,36.34178312,0.8235294117647058
P27,036 480 813,1,FAC,anchor,MDD,label_cliff,anchor.to.label_cliff,70.21708197,0.5625
P27,036 480 813,1,UGR,struct_cliff,MDD,label_cliff,struct_cliff.to.label_cliff,62.69211274,0.9090909090909092
P28,036 480 813,2,FAC,anchor,UGR,struct_cliff,anchor.to.struct_cliff,62.4080099,0.8235294117647058
P28,036 480 813,2,FAC,anchor,MDD,label_cliff,anchor.to.label_cliff,20.13629807,0.5625
P28,036 480 813,2,UGR,struct_cliff,MDD,label_cliff,struct_cliff.to.label_cliff,60.77851265,0.9090909090909092
P28,036 480 813,1,FAC,anchor,UGR,struct_cliff,anchor.to.struct_cliff,15.35255028,0.8235294117647058
P28,036 480 813,1,FAC,anchor,MDD,label_cliff,anchor.to.label_cliff,13.59374121,0.5625
P28,036 480 813,1,UGR,struct_cliff,MDD,label_cliff,struct_cliff.to.label_cliff,7.401094514,0.9090909090909092
P31,036 480 813,2,FAC,anchor,UGR,struct_cliff,anchor.to.struct_cliff,10.78533263,0.8235294117647058
P31,036 480 813,2,FAC,anchor,MDD,label_cliff,anchor.to.label_cliff,118.1052793,0.5625
P31,036 480 813,2,UGR,struct_cliff,MDD,label_cliff,struct_cliff.to.label_cliff,120.8594357,0.9090909090909092
P31,036 480 813,1,FAC,anchor,UGR,struct_cliff,anchor.to.struct_cliff,22.42031445,0.8235294117647058
P31,036 480 813,1,FAC,anchor,MDD,label_cliff,anchor.to.label_cliff,90.57637716,0.5625
P31,036 480 813,1,UGR,struct_cliff,MDD,label_cliff,struct_cliff.to.label_cliff,90.49953481,0.9090909090909092
P32,036 480 813,2,FAC,anchor,UGR,struct_cliff,anchor.to.struct_cliff,33.16258132,0.8235294117647058
P32,036 480 813,2,FAC,anchor,MDD,label_cliff,anchor.to.label_cliff,31.09015439,0.5625
P32,036 480 813,2,UGR,struct_cliff,MDD,label_cliff,struct_cliff.to.label_cliff,10.49011439,0.9090909090909092
P32,036 480 813,1,FAC,anchor,UGR,struct_cliff,anchor.to.struct_cliff,37.59869147,0.8235294117647058
P32,036 480 813,1,FAC,anchor,MDD,label_cliff,anchor.to.label_cliff,8.84335909,0.5625
P32,036 480 813,1,UGR,struct_cliff,MDD,label_cliff,struct_cliff.to.label_cliff,38.1570046,0.9090909090909092
P5,036 480 813,2,FAC,anchor,UGR,struct_cliff,anchor.to.struct_cliff,31.81484716,0.8235294117647058
P5,036 480 813,2,FAC,anchor,MDD,label_cliff,anchor.to.label_cliff,117.9158157,0.5625
P5,036 480 813,2,UGR,struct_cliff,MDD,label_cliff,struct_cliff.to.label_cliff,86.83088448,0.9090909090909092
P5,036 480 813,1,FAC,anchor,UGR,struct_cliff,anchor.to.struct_cliff,58.51206371,0.8235294117647058
P5,036 480 813,1,FAC,anchor,MDD,label_cliff,anchor.to.label_cliff,115.7647896,0.5625
P5,036 480 813,1,UGR,struct_cliff,MDD,label_cliff,struct_cliff.to.label_cliff,57.61577301,0.9090909090909092
P6,036 480 813,2,FAC,anchor,UGR,struct_cliff,anchor.to.struct_cliff,9.670579093,0.8235294117647058
P6,036 480 813,2,FAC,anchor,MDD,label_cliff,anchor.to.label_cliff,48.78096453,0.5625
P6,036 480 813,2,UGR,struct_cliff,MDD,label_cliff,struct_cliff.to.label_cliff,45.97836013,0.9090909090909092
P6,036 480 813,1,FAC,anchor,UGR,struct_cliff,anchor.to.struct_cliff,58.20005498,0.8235294117647058
P6,036 480 813,1,FAC,anchor,MDD,label_cliff,anchor.to.label_cliff,13.19897723,0.5625
P6,036 480 813,1,UGR,struct_cliff,MDD,label_cliff,struct_cliff.to.label_cliff,50.78383404,0.9090909090909092
P9,036 480 813,2,FAC,anchor,UGR,struct_cliff,anchor.to.struct_cliff,40.3656116,0.8235294117647058
P9,036 480 813,2,FAC,anchor,MDD,label_cliff,anchor.to.label_cliff,32.86715686,0.5625
P9,036 480 813,2,UGR,struct_cliff,MDD,label_cliff,struct_cliff.to.label_cliff,58.83337318,0.9090909090909092
P9,036 480 813,1,FAC,anchor,UGR,struct_cliff,anchor.to.struct_cliff,36.67154892,0.8235294117647058
P9,036 480 813,1,FAC,anchor,MDD,label_cliff,anchor.to.label_cliff,34.79803443,0.5625
P9,036 480 813,1,UGR,struct_cliff,MDD,label_cliff,struct_cliff.to.label_cliff,32.86079275,0.9090909090909092
P1,238 368 838,2,NXO,anchor,LXZ,struct_cliff,anchor.to.struct_cliff,88.31388169,0.7586206896551724
P1,238 368 838,2,NXO,anchor,QBM,label_cliff,anchor.to.label_cliff,128.9634382,0.56
P1,238 368 838,2,LXZ,struct_cliff,QBM,label_cliff,struct_cliff.to.label_cliff,41.53413656,0.7878787878787878
P1,238 368 838,1,NXO,anchor,LXZ,struct_cliff,anchor.to.struct_cliff,56.63431204,0.7586206896551724
P1,238 368 838,1,NXO,anchor,QBM,label_cliff,anchor.to.label_cliff,124.9433448,0.56
P1,238 368 838,1,LXZ,struct_cliff,QBM,label_cliff,struct_cliff.to.label_cliff,69.19788219,0.7878787878787878
P10,238 368 838,2,NXO,anchor,LXZ,struct_cliff,anchor.to.struct_cliff,33.62487323,0.7586206896551724
P10,238 368 838,2,NXO,anchor,QBM,label_cliff,anchor.to.label_cliff,11.1087173,0.56
P10,238 368 838,2,LXZ,struct_cliff,QBM,label_cliff,struct_cliff.to.label_cliff,44.73318343,0.7878787878787878
P10,238 368 838,1,NXO,anchor,LXZ,struct_cliff,anchor.to.struct_cliff,12.73486553,0.7586206896551724
P10,238 368 838,1,NXO,anchor,QBM,label_cliff,anchor.to.label_cliff,11.7404344,0.56
P10,238 368 838,1,LXZ,struct_cliff,QBM,label_cliff,struct_cliff.to.label_cliff,13.39122847,0.7878787878787878
P11,238 368 838,2,NXO,anchor,LXZ,struct_cliff,anchor.to.struct_cliff,32.85790316,0.7586206896551724
P11,238 368 838,2,NXO,anchor,QBM,label_cliff,anchor.to.label_cliff,45.40583443,0.56
P11,238 368 838,2,LXZ,struct_cliff,QBM,label_cliff,struct_cliff.to.label_cliff,34.24271601,0.7878787878787878
P11,238 368 838,1,NXO,anchor,LXZ,struct_cliff,anchor.to.struct_cliff,78.56916443,0.7586206896551724
P11,238 368 838,1,NXO,anchor,QBM,label_cliff,anchor.to.label_cliff,10.16077261,0.56
P11,238 368 838,1,LXZ,struct_cliff,QBM,label_cliff,struct_cliff.to.label_cliff,88.00168919,0.7878787878787878
P13,238 368 838,1,NXO,anchor,LXZ,struct_cliff,anchor.to.struct_cliff,84.56277964,0.7586206896551724
P13,238 368 838,1,NXO,anchor,QBM,label_cliff,anchor.to.label_cliff,14.154932,0.56
P13,238 368 838,1,LXZ,struct_cliff,QBM,label_cliff,struct_cliff.to.label_cliff,95.25343878,0.7878787878787878
P14,238 368 838,2,NXO,anchor,LXZ,struct_cliff,anchor.to.struct_cliff,10.58017013,0.7586206896551724
P14,238 368 838,2,NXO,anchor,QBM,label_cliff,anchor.to.label_cliff,99.15870562,0.56
P14,238 368 838,2,LXZ,struct_cliff,QBM,label_cliff,struct_cliff.to.label_cliff,91.64739658,0.7878787878787878
P14,238 368 838,1,NXO,anchor,LXZ,struct_cliff,anchor.to.struct_cliff,19.43095726,0.7586206896551724
P14,238 368 838,1,NXO,anchor,QBM,label_cliff,anchor.to.label_cliff,105.4195945,0.56
P14,238 368 838,1,LXZ,struct_cliff,QBM,label_cliff,struct_cliff.to.label_cliff,119.8640672,0.7878787878787878
P19,238 368 838,2,NXO,anchor,LXZ,struct_cliff,anchor.to.struct_cliff,80.80824215,0.7586206896551724
P19,238 368 838,2,NXO,anchor,QBM,label_cliff,anchor.to.label_cliff,22.80765661,0.56
P19,238 368 838,2,LXZ,struct_cliff,QBM,label_cliff,struct_cliff.to.label_cliff,58.0031344,0.7878787878787878
P19,238 368 838,1,NXO,anchor,LXZ,struct_cliff,anchor.to.struct_cliff,87.54470458,0.7586206896551724
P19,238 368 838,1,NXO,anchor,QBM,label_cliff,anchor.to.label_cliff,131.2249862,0.56
P19,238 368 838,1,LXZ,struct_cliff,QBM,label_cliff,struct_cliff.to.label_cliff,88.58511444,0.7878787878787878
P2,238 368 838,2,NXO,anchor,LXZ,struct_cliff,anchor.to.struct_cliff,93.75270663,0.7586206896551724
P2,238 368 838,2,NXO,anchor,QBM,label_cliff,anchor.to.label_cliff,61.35756351,0.56
P2,238 368 838,2,LXZ,struct_cliff,QBM,label_cliff,struct_cliff.to.label_cliff,89.10018294,0.7878787878787878
P2,238 368 838,1,NXO,anchor,LXZ,struct_cliff,anchor.to.struct_cliff,17.09,0.7586206896551724
P2,238 368 838,1,NXO,anchor,QBM,label_cliff,anchor.to.label_cliff,70.8181368,0.56
P2,238 368 838,1,LXZ,struct_cliff,QBM,label_cliff,struct_cliff.to.label_cliff,58.92497263,0.7878787878787878
P23,238 368 838,1,NXO,anchor,LXZ,struct_cliff,anchor.to.struct_cliff,86.11323301,0.7586206896551724
P23,238 368 838,1,NXO,anchor,QBM,label_cliff,anchor.to.label_cliff,85.69861901,0.56
P23,238 368 838,1,LXZ,struct_cliff,QBM,label_cliff,struct_cliff.to.label_cliff,36.57596205,0.7878787878787878
P25,238 368 838,2,NXO,anchor,LXZ,struct_cliff,anchor.to.struct_cliff,32.7703906,0.7586206896551724
P25,238 368 838,2,NXO,anchor,QBM,label_cliff,anchor.to.label_cliff,62.25174777,0.56
P25,238 368 838,2,LXZ,struct_cliff,QBM,label_cliff,struct_cliff.to.label_cliff,37.2090446,0.7878787878787878
P25,238 368 838,1,NXO,anchor,LXZ,struct_cliff,anchor.to.struct_cliff,16.33099201,0.7586206896551724
P25,238 368 838,1,NXO,anchor,QBM,label_cliff,anchor.to.label_cliff,49.27664153,0.56
P25,238 368 838,1,LXZ,struct_cliff,QBM,label_cliff,struct_cliff.to.label_cliff,35.88192442,0.7878787878787878
P26,238 368 838,2,NXO,anchor,LXZ,struct_cliff,anchor.to.struct_cliff,26.5508305,0.7586206896551724
P26,238 368 838,2,NXO,anchor,QBM,label_cliff,anchor.to.label_cliff,65.9057342,0.56
P26,238 368 838,2,LXZ,struct_cliff,QBM,label_cliff,struct_cliff.to.label_cliff,70.04013135,0.7878787878787878
P26,238 368 838,1,NXO,anchor,LXZ,struct_cliff,anchor.to.struct_cliff,17.80805436,0.7586206896551724
P26,238 368 838,1,NXO,anchor,QBM,label_cliff,anchor.to.label_cliff,8.335574365,0.56
P26,238 368 838,1,LXZ,struct_cliff,QBM,label_cliff,struct_cliff.to.label_cliff,21.13893564,0.7878787878787878
P27,238 368 838,2,NXO,anchor,LXZ,struct_cliff,anchor.to.struct_cliff,70.38742217,0.7586206896551724
P27,238 368 838,2,NXO,anchor,QBM,label_cliff,anchor.to.label_cliff,106.3900794,0.56
P27,238 368 838,2,LXZ,struct_cliff,QBM,label_cliff,struct_cliff.to.label_cliff,100.4146294,0.7878787878787878
P27,238 368 838,1,NXO,anchor,LXZ,struct_cliff,anchor.to.struct_cliff,19.37043624,0.7586206896551724
P27,238 368 838,1,NXO,anchor,QBM,label_cliff,anchor.to.label_cliff,126.6286832,0.56
P27,238 368 838,1,LXZ,struct_cliff,QBM,label_cliff,struct_cliff.to.label_cliff,113.8636377,0.7878787878787878
P28,238 368 838,2,NXO,anchor,LXZ,struct_cliff,anchor.to.struct_cliff,94.6677416,0.7586206896551724
P28,238 368 838,2,NXO,anchor,QBM,label_cliff,anchor.to.label_cliff,88.63208505,0.56
P28,238 368 838,2,LXZ,struct_cliff,QBM,label_cliff,struct_cliff.to.label_cliff,74.44562579,0.7878787878787878
P28,238 368 838,1,NXO,anchor,LXZ,struct_cliff,anchor.to.struct_cliff,46.33348681,0.7586206896551724
P28,238 368 838,1,NXO,anchor,QBM,label_cliff,anchor.to.label_cliff,104.3382408,0.56
P28,238 368 838,1,LXZ,struct_cliff,QBM,label_cliff,struct_cliff.to.label_cliff,78.39355905,0.7878787878787878
P31,238 368 838,2,NXO,anchor,LXZ,struct_cliff,anchor.to.struct_cliff,18.5552176,0.7586206896551724
P31,238 368 838,2,NXO,anchor,QBM,label_cliff,anchor.to.label_cliff,85.86687662,0.56
P31,238 368 838,2,LXZ,struct_cliff,QBM,label_cliff,struct_cliff.to.label_cliff,71.5326443,0.7878787878787878
P31,238 368 838,1,NXO,anchor,LXZ,struct_cliff,anchor.to.struct_cliff,6.928066108,0.7586206896551724
P31,238 368 838,1,NXO,anchor,QBM,label_cliff,anchor.to.label_cliff,72.83940211,0.56
P31,238 368 838,1,LXZ,struct_cliff,QBM,label_cliff,struct_cliff.to.label_cliff,71.81071229,0.7878787878787878
P32,238 368 838,2,NXO,anchor,LXZ,struct_cliff,anchor.to.struct_cliff,35.02257843,0.7586206896551724
P32,238 368 838,2,NXO,anchor,QBM,label_cliff,anchor.to.label_cliff,36.56310299,0.56
P32,238 368 838,2,LXZ,struct_cliff,QBM,label_cliff,struct_cliff.to.label_cliff,26.71595965,0.7878787878787878
P32,238 368 838,1,NXO,anchor,LXZ,struct_cliff,anchor.to.struct_cliff,29.12176162,0.7586206896551724
P32,238 368 838,1,NXO,anchor,QBM,label_cliff,anchor.to.label_cliff,31.83988222,0.56
P32,238 368 838,1,LXZ,struct_cliff,QBM,label_cliff,struct_cliff.to.label_cliff,17.72126688,0.7878787878787878
P5,238 368 838,2,NXO,anchor,LXZ,struct_cliff,anchor.to.struct_cliff,32.99821207,0.7586206896551724
P5,238 368 838,2,NXO,anchor,QBM,label_cliff,anchor.to.label_cliff,67.75746306,0.56
P5,238 368 838,2,LXZ,struct_cliff,QBM,label_cliff,struct_cliff.to.label_cliff,34.77941058,0.7878787878787878
P5,238 368 838,1,NXO,anchor,LXZ,struct_cliff,anchor.to.struct_cliff,73.39843323,0.7586206896551724
P5,238 368 838,1,NXO,anchor,QBM,label_cliff,anchor.to.label_cliff,101.6460275,0.56
P5,238 368 838,1,LXZ,struct_cliff,QBM,label_cliff,struct_cliff.to.label_cliff,28.27241942,0.7878787878787878
P6,238 368 838,2,NXO,anchor,LXZ,struct_cliff,anchor.to.struct_cliff,55.77271824,0.7586206896551724
P6,238 368 838,2,NXO,anchor,QBM,label_cliff,anchor.to.label_cliff,14.23003162,0.56
P6,238 368 838,2,LXZ,struct_cliff,QBM,label_cliff,struct_cliff.to.label_cliff,53.9396561,0.7878787878787878
P6,238 368 838,1,NXO,anchor,LXZ,struct_cliff,anchor.to.struct_cliff,13.62881139,0.7586206896551724
P6,238 368 838,1,NXO,anchor,QBM,label_cliff,anchor.to.label_cliff,39.68177919,0.56
P6,238 368 838,1,LXZ,struct_cliff,QBM,label_cliff,struct_cliff.to.label_cliff,28.28186168,0.7878787878787878
P9,238 368 838,2,NXO,anchor,LXZ,struct_cliff,anchor.to.struct_cliff,70.64784852,0.7586206896551724
P9,238 368 838,2,NXO,anchor,QBM,label_cliff,anchor.to.label_cliff,69.08031919,0.56
P9,238 368 838,2,LXZ,struct_cliff,QBM,label_cliff,struct_cliff.to.label_cliff,48.41497702,0.7878787878787878
P9,238 368 838,1,NXO,anchor,LXZ,struct_cliff,anchor.to.struct_cliff,53.08267137,0.7586206896551724
P9,238 368 838,1,NXO,anchor,QBM,label_cliff,anchor.to.label_cliff,72.29282814,0.56
P9,238 368 838,1,LXZ,struct_cliff,QBM,label_cliff,struct_cliff.to.label_cliff,19.24996104,0.7878787878787878
P1,262 594 854,2,AHP,anchor,CWE,struct_cliff,anchor.to.struct_cliff,131.9249139,0.8695652173913043
P1,262 594 854,2,AHP,anchor,WTS,label_cliff,anchor.to.label_cliff,76.52052339,0.4666666666666667
P1,262 594 854,2,CWE,struct_cliff,WTS,label_cliff,struct_cliff.to.label_cliff,56.47905984,0.875
P1,262 594 854,1,AHP,anchor,CWE,struct_cliff,anchor.to.struct_cliff,129.7451348,0.8695652173913043
P1,262 594 854,1,AHP,anchor,WTS,label_cliff,anchor.to.label_cliff,62.41779394,0.4666666666666667
P1,262 594 854,1,CWE,struct_cliff,WTS,label_cliff,struct_cliff.to.label_cliff,67.40481437,0.875
P10,262 594 854,2,AHP,anchor,CWE,struct_cliff,anchor.to.struct_cliff,37.44094684,0.8695652173913043
P10,262 594 854,2,AHP,anchor,WTS,label_cliff,anchor.to.label_cliff,12.06237953,0.4666666666666667
P10,262 594 854,2,CWE,struct_cliff,WTS,label_cliff,struct_cliff.to.label_cliff,47.33355364,0.875
P10,262 594 854,1,AHP,anchor,CWE,struct_cliff,anchor.to.struct_cliff,10.03167484,0.8695652173913043
P10,262 594 854,1,AHP,anchor,WTS,label_cliff,anchor.to.label_cliff,50.91514608,0.4666666666666667
P10,262 594 854,1,CWE,struct_cliff,WTS,label_cliff,struct_cliff.to.label_cliff,54.0222195,0.875
P11,262 594 854,2,AHP,anchor,CWE,struct_cliff,anchor.to.struct_cliff,88.00042784,0.8695652173913043
P11,262 594 854,2,AHP,anchor,WTS,label_cliff,anchor.to.label_cliff,73.60150066,0.4666666666666667
P11,262 594 854,2,CWE,struct_cliff,WTS,label_cliff,struct_cliff.to.label_cliff,88.83430869,0.875
P11,262 594 854,1,AHP,anchor,CWE,struct_cliff,anchor.to.struct_cliff,26.56862059,0.8695652173913043
P11,262 594 854,1,AHP,anchor,WTS,label_cliff,anchor.to.label_cliff,39.29621992,0.4666666666666667
P11,262 594 854,1,CWE,struct_cliff,WTS,label_cliff,struct_cliff.to.label_cliff,22.71305572,0.875
P13,262 594 854,1,AHP,anchor,CWE,struct_cliff,anchor.to.struct_cliff,103.1868369,0.8695652173913043
P13,262 594 854,1,AHP,anchor,WTS,label_cliff,anchor.to.label_cliff,87.6432553,0.4666666666666667
P13,262 594 854,1,CWE,struct_cliff,WTS,label_cliff,struct_cliff.to.label_cliff,49.8479458,0.875
P14,262 594 854,2,AHP,anchor,CWE,struct_cliff,anchor.to.struct_cliff,112.0680338,0.8695652173913043
P14,262 594 854,2,AHP,anchor,WTS,label_cliff,anchor.to.label_cliff,26.49660544,0.4666666666666667
P14,262 594 854,2,CWE,struct_cliff,WTS,label_cliff,struct_cliff.to.label_cliff,109.6701167,0.875
P14,262 594 854,1,AHP,anchor,CWE,struct_cliff,anchor.to.struct_cliff,26.41976911,0.8695652173913043
P14,262 594 854,1,AHP,anchor,WTS,label_cliff,anchor.to.label_cliff,91.16155824,0.4666666666666667
P14,262 594 854,1,CWE,struct_cliff,WTS,label_cliff,struct_cliff.to.label_cliff,114.9722614,0.875
P19,262 594 854,2,AHP,anchor,CWE,struct_cliff,anchor.to.struct_cliff,0.65520989,0.8695652173913043
P19,262 594 854,2,AHP,anchor,WTS,label_cliff,anchor.to.label_cliff,131.1902302,0.4666666666666667
P19,262 594 854,2,CWE,struct_cliff,WTS,label_cliff,struct_cliff.to.label_cliff,131.7623262,0.875
P19,262 594 854,1,AHP,anchor,CWE,struct_cliff,anchor.to.struct_cliff,132.4836964,0.8695652173913043
P19,262 594 854,1,AHP,anchor,WTS,label_cliff,anchor.to.label_cliff,93.06150923,0.4666666666666667
P19,262 594 854,1,CWE,struct_cliff,WTS,label_cliff,struct_cliff.to.label_cliff,93.30118381,0.875
P2,262 594 854,2,AHP,anchor,CWE,struct_cliff,anchor.to.struct_cliff,75.43886134,0.8695652173913043
P2,262 594 854,2,AHP,anchor,WTS,label_cliff,anchor.to.label_cliff,98.34257725,0.4666666666666667
P2,262 594 854,2,CWE,struct_cliff,WTS,label_cliff,struct_cliff.to.label_cliff,93.72050416,0.875
P2,262 594 854,1,AHP,anchor,CWE,struct_cliff,anchor.to.struct_cliff,97.81069164,0.8695652173913043
P2,262 594 854,1,AHP,anchor,WTS,label_cliff,anchor.to.label_cliff,104.1435514,0.4666666666666667
P2,262 594 854,1,CWE,struct_cliff,WTS,label_cliff,struct_cliff.to.label_cliff,91.72557168,0.875
P23,262 594 854,1,AHP,anchor,CWE,struct_cliff,anchor.to.struct_cliff,96.3478827,0.8695652173913043
P23,262 594 854,1,AHP,anchor,WTS,label_cliff,anchor.to.label_cliff,84.50166921,0.4666666666666667
P23,262 594 854,1,CWE,struct_cliff,WTS,label_cliff,struct_cliff.to.label_cliff,92.27774271,0.875
P25,262 594 854,2,AHP,anchor,CWE,struct_cliff,anchor.to.struct_cliff,43.8936271,0.8695652173913043
P25,262 594 854,2,AHP,anchor,WTS,label_cliff,anchor.to.label_cliff,60.46027622,0.4666666666666667
P25,262 594 854,2,CWE,struct_cliff,WTS,label_cliff,struct_cliff.to.label_cliff,80.95396531,0.875
P25,262 594 854,1,AHP,anchor,CWE,struct_cliff,anchor.to.struct_cliff,62.93160891,0.8695652173913043
P25,262 594 854,1,AHP,anchor,WTS,label_cliff,anchor.to.label_cliff,90.94195127,0.4666666666666667
P25,262 594 854,1,CWE,struct_cliff,WTS,label_cliff,struct_cliff.to.label_cliff,89.53344682,0.875
P26,262 594 854,2,AHP,anchor,CWE,struct_cliff,anchor.to.struct_cliff,120.0921417,0.8695652173913043
P26,262 594 854,2,AHP,anchor,WTS,label_cliff,anchor.to.label_cliff,26.96899887,0.4666666666666667
P26,262 594 854,2,CWE,struct_cliff,WTS,label_cliff,struct_cliff.to.label_cliff,119.8202287,0.875
P26,262 594 854,1,AHP,anchor,CWE,struct_cliff,anchor.to.struct_cliff,108.4062959,0.8695652173913043
P26,262 594 854,1,AHP,anchor,WTS,label_cliff,anchor.to.label_cliff,48.58311332,0.4666666666666667
P26,262 594 854,1,CWE,struct_cliff,WTS,label_cliff,struct_cliff.to.label_cliff,72.15838482,0.875
P27,262 594 854,2,AHP,anchor,CWE,struct_cliff,anchor.to.struct_cliff,127.162811,0.8695652173913043
P27,262 594 854,2,AHP,anchor,WTS,label_cliff,anchor.to.label_cliff,89.85710545,0.4666666666666667
P27,262 594 854,2,CWE,struct_cliff,WTS,label_cliff,struct_cliff.to.label_cliff,89.48221779,0.875
P27,262 594 854,1,AHP,anchor,CWE,struct_cliff,anchor.to.struct_cliff,127.4161701,0.8695652173913043
P27,262 594 854,1,AHP,anchor,WTS,label_cliff,anchor.to.label_cliff,110.5760304,0.4666666666666667
P27,262 594 854,1,CWE,struct_cliff,WTS,label_cliff,struct_cliff.to.label_cliff,24.92443179,0.875
P28,262 594 854,2,AHP,anchor,CWE,struct_cliff,anchor.to.struct_cliff,24.4205262,0.8695652173913043
P28,262 594 854,2,AHP,anchor,WTS,label_cliff,anchor.to.label_cliff,43.89880408,0.4666666666666667
P28,262 594 854,2,CWE,struct_cliff,WTS,label_cliff,struct_cliff.to.label_cliff,50.43439402,0.875
P28,262 594 854,1,AHP,anchor,CWE,struct_cliff,anchor.to.struct_cliff,35.93802721,0.8695652173913043
P28,262 594 854,1,AHP,anchor,WTS,label_cliff,anchor.to.label_cliff,74.03031879,0.4666666666666667
P28,262 594 854,1,CWE,struct_cliff,WTS,label_cliff,struct_cliff.to.label_cliff,98.62796409,0.875
P31,262 594 854,2,AHP,anchor,CWE,struct_cliff,anchor.to.struct_cliff,10.57546689,0.8695652173913043
P31,262 594 854,2,AHP,anchor,WTS,label_cliff,anchor.to.label_cliff,84.11832262,0.4666666666666667
P31,262 594 854,2,CWE,struct_cliff,WTS,label_cliff,struct_cliff.to.label_cliff,82.72587564,0.875
P31,262 594 854,1,AHP,anchor,CWE,struct_cliff,anchor.to.struct_cliff,20.39024522,0.8695652173913043
P31,262 594 854,1,AHP,anchor,WTS,label_cliff,anchor.to.label_cliff,81.65140354,0.4666666666666667
P31,262 594 854,1,CWE,struct_cliff,WTS,label_cliff,struct_cliff.to.label_cliff,99.45605361,0.875
P32,262 594 854,2,AHP,anchor,CWE,struct_cliff,anchor.to.struct_cliff,90.41902952,0.8695652173913043
P32,262 594 854,2,AHP,anchor,WTS,label_cliff,anchor.to.label_cliff,21.77223232,0.4666666666666667
P32,262 594 854,2,CWE,struct_cliff,WTS,label_cliff,struct_cliff.to.label_cliff,72.61777744,0.875
P32,262 594 854,1,AHP,anchor,CWE,struct_cliff,anchor.to.struct_cliff,39.50561732,0.8695652173913043
P32,262 594 854,1,AHP,anchor,WTS,label_cliff,anchor.to.label_cliff,18.88596569,0.4666666666666667
P32,262 594 854,1,CWE,struct_cliff,WTS,label_cliff,struct_cliff.to.label_cliff,41.13036956,0.875
P5,262 594 854,2,AHP,anchor,CWE,struct_cliff,anchor.to.struct_cliff,23.56562115,0.8695652173913043
P5,262 594 854,2,AHP,anchor,WTS,label_cliff,anchor.to.label_cliff,98.42584671,0.4666666666666667
P5,262 594 854,2,CWE,struct_cliff,WTS,label_cliff,struct_cliff.to.label_cliff,120.917739,0.875
P5,262 594 854,1,AHP,anchor,CWE,struct_cliff,anchor.to.struct_cliff,27.59853076,0.8695652173913043
P5,262 594 854,1,AHP,anchor,WTS,label_cliff,anchor.to.label_cliff,77.24936246,0.4666666666666667
P5,262 594 854,1,CWE,struct_cliff,WTS,label_cliff,struct_cliff.to.label_cliff,104.8129291,0.875
P6,262 594 854,2,AHP,anchor,CWE,struct_cliff,anchor.to.struct_cliff,26.73215667,0.8695652173913043
P6,262 594 854,2,AHP,anchor,WTS,label_cliff,anchor.to.label_cliff,52.93130737,0.4666666666666667
P6,262 594 854,2,CWE,struct_cliff,WTS,label_cliff,struct_cliff.to.label_cliff,27.0458592,0.875
P6,262 594 854,1,AHP,anchor,CWE,struct_cliff,anchor.to.struct_cliff,57.78132051,0.8695652173913043
P6,262 594 854,1,AHP,anchor,WTS,label_cliff,anchor.to.label_cliff,14.3162076,0.4666666666666667
P6,262 594 854,1,CWE,struct_cliff,WTS,label_cliff,struct_cliff.to.label_cliff,44.2150834,0.875
P9,262 594 854,2,AHP,anchor,CWE,struct_cliff,anchor.to.struct_cliff,34.69073219,0.8695652173913043
P9,262 594 854,2,AHP,anchor,WTS,label_cliff,anchor.to.label_cliff,51.67520489,0.4666666666666667
P9,262 594 854,2,CWE,struct_cliff,WTS,label_cliff,struct_cliff.to.label_cliff,51.43482186,0.875
P9,262 594 854,1,AHP,anchor,CWE,struct_cliff,anchor.to.struct_cliff,24.49683245,0.8695652173913043
P9,262 594 854,1,AHP,anchor,WTS,label_cliff,anchor.to.label_cliff,55.69026486,0.4666666666666667
P9,262 594 854,1,CWE,struct_cliff,WTS,label_cliff,struct_cliff.to.label_cliff,50.9591091,0.875
P1,036 368 813,2,FAC,anchor,LXZ,struct_cliff,anchor.to.struct_cliff,125.780167,0.7
P1,036 368 813,2,FAC,anchor,MDD,label_cliff,anchor.to.label_cliff,96.64239494,0.5625
P1,036 368 813,2,LXZ,struct_cliff,MDD,label_cliff,struct_cliff.to.label_cliff,29.68157846,0.8536585365853658
P1,036 368 813,1,FAC,anchor,LXZ,struct_cliff,anchor.to.struct_cliff,50.51483841,0.7
P1,036 368 813,1,FAC,anchor,MDD,label_cliff,anchor.to.label_cliff,37.18399252,0.5625
P1,036 368 813,1,LXZ,struct_cliff,MDD,label_cliff,struct_cliff.to.label_cliff,47.70602058,0.8536585365853658
P10,036 368 813,2,FAC,anchor,LXZ,struct_cliff,anchor.to.struct_cliff,10.68541061,0.7
P10,036 368 813,2,FAC,anchor,MDD,label_cliff,anchor.to.label_cliff,40.23462439,0.5625
P10,036 368 813,2,LXZ,struct_cliff,MDD,label_cliff,struct_cliff.to.label_cliff,40.51608323,0.8536585365853658
P10,036 368 813,1,FAC,anchor,LXZ,struct_cliff,anchor.to.struct_cliff,9.686614476,0.7
P10,036 368 813,1,FAC,anchor,MDD,label_cliff,anchor.to.label_cliff,9.574392931,0.5625
P10,036 368 813,1,LXZ,struct_cliff,MDD,label_cliff,struct_cliff.to.label_cliff,14.01629409,0.8536585365853658
P11,036 368 813,2,FAC,anchor,LXZ,struct_cliff,anchor.to.struct_cliff,63.34660291,0.7
P11,036 368 813,2,FAC,anchor,MDD,label_cliff,anchor.to.label_cliff,20.94602588,0.5625
P11,036 368 813,2,LXZ,struct_cliff,MDD,label_cliff,struct_cliff.to.label_cliff,57.33270707,0.8536585365853658
P11,036 368 813,1,FAC,anchor,LXZ,struct_cliff,anchor.to.struct_cliff,17.02166267,0.7
P11,036 368 813,1,FAC,anchor,MDD,label_cliff,anchor.to.label_cliff,20.00424455,0.5625
P11,036 368 813,1,LXZ,struct_cliff,MDD,label_cliff,struct_cliff.to.label_cliff,29.94786136,0.8536585365853658
P13,036 368 813,1,FAC,anchor,LXZ,struct_cliff,anchor.to.struct_cliff,88.39319544,0.7
P13,036 368 813,1,FAC,anchor,MDD,label_cliff,anchor.to.label_cliff,69.70306163,0.5625
P13,036 368 813,1,LXZ,struct_cliff,MDD,label_cliff,struct_cliff.to.label_cliff,79.73432511,0.8536585365853658
P14,036 368 813,2,FAC,anchor,LXZ,struct_cliff,anchor.to.struct_cliff,38.5101571,0.7
P14,036 368 813,2,FAC,anchor,MDD,label_cliff,anchor.to.label_cliff,79.02005062,0.5625
P14,036 368 813,2,LXZ,struct_cliff,MDD,label_cliff,struct_cliff.to.label_cliff,40.53408689,0.8536585365853658
P14,036 368 813,1,FAC,anchor,LXZ,struct_cliff,anchor.to.struct_cliff,55.12087173,0.7
P14,036 368 813,1,FAC,anchor,MDD,label_cliff,anchor.to.label_cliff,105.2821186,0.5625
P14,036 368 813,1,LXZ,struct_cliff,MDD,label_cliff,struct_cliff.to.label_cliff,50.28846786,0.8536585365853658
P19,036 368 813,2,FAC,anchor,LXZ,struct_cliff,anchor.to.struct_cliff,21.60708217,0.7
P19,036 368 813,2,FAC,anchor,MDD,label_cliff,anchor.to.label_cliff,17.89074621,0.5625
P19,036 368 813,2,LXZ,struct_cliff,MDD,label_cliff,struct_cliff.to.label_cliff,39.48849959,0.8536585365853658
P19,036 368 813,1,FAC,anchor,LXZ,struct_cliff,anchor.to.struct_cliff,89.05226611,0.7
P19,036 368 813,1,FAC,anchor,MDD,label_cliff,anchor.to.label_cliff,131.7428499,0.5625
P19,036 368 813,1,LXZ,struct_cliff,MDD,label_cliff,struct_cliff.to.label_cliff,43.1055936,0.8536585365853658
P2,036 368 813,2,FAC,anchor,LXZ,struct_cliff,anchor.to.struct_cliff,76.25575126,0.7
P2,036 368 813,2,FAC,anchor,MDD,label_cliff,anchor.to.label_cliff,96.40491378,0.5625
P2,036 368 813,2,LXZ,struct_cliff,MDD,label_cliff,struct_cliff.to.label_cliff,107.8081008,0.8536585365853658
P2,036 368 813,1,FAC,anchor,LXZ,struct_cliff,anchor.to.struct_cliff,96.5054014,0.7
P2,036 368 813,1,FAC,anchor,MDD,label_cliff,anchor.to.label_cliff,68.48835886,0.5625
P2,036 368 813,1,LXZ,struct_cliff,MDD,label_cliff,struct_cliff.to.label_cliff,95.41348437,0.8536585365853658
P23,036 368 813,1,FAC,anchor,LXZ,struct_cliff,anchor.to.struct_cliff,98.5548913,0.7
P23,036 368 813,1,FAC,anchor,MDD,label_cliff,anchor.to.label_cliff,68.86402617,0.5625
P23,036 368 813,1,LXZ,struct_cliff,MDD,label_cliff,struct_cliff.to.label_cliff,87.97095487,0.8536585365853658
P25,036 368 813,2,FAC,anchor,LXZ,struct_cliff,anchor.to.struct_cliff,27.07926328,0.7
P25,036 368 813,2,FAC,anchor,MDD,label_cliff,anchor.to.label_cliff,13.61082657,0.5625
P25,036 368 813,2,LXZ,struct_cliff,MDD,label_cliff,struct_cliff.to.label_cliff,26.61737215,0.8536585365853658
P25,036 368 813,1,FAC,anchor,LXZ,struct_cliff,anchor.to.struct_cliff,21.15159805,0.7
P25,036 368 813,1,FAC,anchor,MDD,label_cliff,anchor.to.label_cliff,29.67355725,0.5625
P25,036 368 813,1,LXZ,struct_cliff,MDD,label_cliff,struct_cliff.to.label_cliff,29.72615851,0.8536585365853658
P26,036 368 813,2,FAC,anchor,LXZ,struct_cliff,anchor.to.struct_cliff,46.56506201,0.7
P26,036 368 813,2,FAC,anchor,MDD,label_cliff,anchor.to.label_cliff,41.97986779,0.5625
P26,036 368 813,2,LXZ,struct_cliff,MDD,label_cliff,struct_cliff.to.label_cliff,13.40309293,0.8536585365853658
P26,036 368 813,1,FAC,anchor,LXZ,struct_cliff,anchor.to.struct_cliff,64.57285265,0.7
P26,036 368 813,1,FAC,anchor,MDD,label_cliff,anchor.to.label_cliff,24.9337442,0.5625
P26,036 368 813,1,LXZ,struct_cliff,MDD,label_cliff,struct_cliff.to.label_cliff,39.84017194,0.8536585365853658
P27,036 368 813,2,FAC,anchor,LXZ,struct_cliff,anchor.to.struct_cliff,4.726118915,0.7
P27,036 368 813,2,FAC,anchor,MDD,label_cliff,anchor.to.label_cliff,121.7808162,0.5625
P27,036 368 813,2,LXZ,struct_cliff,MDD,label_cliff,struct_cliff.to.label_cliff,118.1619304,0.8536585365853658
P27,036 368 813,1,FAC,anchor,LXZ,struct_cliff,anchor.to.struct_cliff,91.91060494,0.7
P27,036 368 813,1,FAC,anchor,MDD,label_cliff,anchor.to.label_cliff,37.28077252,0.5625
P27,036 368 813,1,LXZ,struct_cliff,MDD,label_cliff,struct_cliff.to.label_cliff,111.6723104,0.8536585365853658
P28,036 368 813,2,FAC,anchor,LXZ,struct_cliff,anchor.to.struct_cliff,68.18775037,0.7
P28,036 368 813,2,FAC,anchor,MDD,label_cliff,anchor.to.label_cliff,15.99569004,0.5625
P28,036 368 813,2,LXZ,struct_cliff,MDD,label_cliff,struct_cliff.to.label_cliff,75.76132127,0.8536585365853658
P28,036 368 813,1,FAC,anchor,LXZ,struct_cliff,anchor.to.struct_cliff,75.70323639,0.7
P28,036 368 813,1,FAC,anchor,MDD,label_cliff,anchor.to.label_cliff,17.65573561,0.5625
P28,036 368 813,1,LXZ,struct_cliff,MDD,label_cliff,struct_cliff.to.label_cliff,83.28604325,0.8536585365853658
P31,036 368 813,2,FAC,anchor,LXZ,struct_cliff,anchor.to.struct_cliff,13.7951332,0.7
P31,036 368 813,2,FAC,anchor,MDD,label_cliff,anchor.to.label_cliff,51.15483164,0.5625
P31,036 368 813,2,LXZ,struct_cliff,MDD,label_cliff,struct_cliff.to.label_cliff,54.29748153,0.8536585365853658
P31,036 368 813,1,FAC,anchor,LXZ,struct_cliff,anchor.to.struct_cliff,14.26778539,0.7
P31,036 368 813,1,FAC,anchor,MDD,label_cliff,anchor.to.label_cliff,61.71851748,0.5625
P31,036 368 813,1,LXZ,struct_cliff,MDD,label_cliff,struct_cliff.to.label_cliff,60.68801941,0.8536585365853658
P32,036 368 813,2,FAC,anchor,LXZ,struct_cliff,anchor.to.struct_cliff,50.42063169,0.7
P32,036 368 813,2,FAC,anchor,MDD,label_cliff,anchor.to.label_cliff,28.00128568,0.5625
P32,036 368 813,2,LXZ,struct_cliff,MDD,label_cliff,struct_cliff.to.label_cliff,40.08350409,0.8536585365853658
P32,036 368 813,1,FAC,anchor,LXZ,struct_cliff,anchor.to.struct_cliff,36.94199778,0.7
P32,036 368 813,1,FAC,anchor,MDD,label_cliff,anchor.to.label_cliff,10.22610874,0.5625
P32,036 368 813,1,LXZ,struct_cliff,MDD,label_cliff,struct_cliff.to.label_cliff,37.25060134,0.8536585365853658
P5,036 368 813,2,FAC,anchor,LXZ,struct_cliff,anchor.to.struct_cliff,35.92266416,0.7
P5,036 368 813,2,FAC,anchor,MDD,label_cliff,anchor.to.label_cliff,122.6556847,0.5625
P5,036 368 813,2,LXZ,struct_cliff,MDD,label_cliff,struct_cliff.to.label_cliff,86.89047819,0.8536585365853658
P5,036 368 813,1,FAC,anchor,LXZ,struct_cliff,anchor.to.struct_cliff,26.07498418,0.7
P5,036 368 813,1,FAC,anchor,MDD,label_cliff,anchor.to.label_cliff,120.9805976,0.5625
P5,036 368 813,1,LXZ,struct_cliff,MDD,label_cliff,struct_cliff.to.label_cliff,95.00172314,0.8536585365853658
P6,036 368 813,2,FAC,anchor,LXZ,struct_cliff,anchor.to.struct_cliff,35.07025093,0.7
P6,036 368 813,2,FAC,anchor,MDD,label_cliff,anchor.to.label_cliff,23.88728741,0.5625
P6,036 368 813,2,LXZ,struct_cliff,MDD,label_cliff,struct_cliff.to.label_cliff,14.24405841,0.8536585365853658
P6,036 368 813,1,FAC,anchor,LXZ,struct_cliff,anchor.to.struct_cliff,26.83393747,0.7
P6,036 368 813,1,FAC,anchor,MDD,label_cliff,anchor.to.label_cliff,16.45481389,0.5625
P6,036 368 813,1,LXZ,struct_cliff,MDD,label_cliff,struct_cliff.to.label_cliff,16.85706084,0.8536585365853658
P9,036 368 813,2,FAC,anchor,LXZ,struct_cliff,anchor.to.struct_cliff,28.27891441,0.7
P9,036 368 813,2,FAC,anchor,MDD,label_cliff,anchor.to.label_cliff,41.8113884,0.5625
P9,036 368 813,2,LXZ,struct_cliff,MDD,label_cliff,struct_cliff.to.label_cliff,29.40931145,0.8536585365853658
P9,036 368 813,1,FAC,anchor,LXZ,struct_cliff,anchor.to.struct_cliff,60.19817688,0.7
P9,036 368 813,1,FAC,anchor,MDD,label_cliff,anchor.to.label_cliff,42.79413979,0.5625
P9,036 368 813,1,LXZ,struct_cliff,MDD,label_cliff,struct_cliff.to.label_cliff,46.59694518,0.8536585365853658
P1,457 538 703,2,WHI,anchor,XRT,struct_cliff,anchor.to.struct_cliff,64.25908185,0.9032258064516128
P1,457 538 703,2,WHI,anchor,XRT,struct_cliff,anchor.to.struct_cliff,64.25908185,0.9032258064516128
P1,457 538 703,2,WHI,anchor,TOY,label_cliff,anchor.to.label_cliff,131.2958072,0.5294117647058824
P1,457 538 703,2,WHI,anchor,TOY,label_cliff,anchor.to.label_cliff,131.2958072,0.5294117647058824
P1,457 538 703,2,XRT,struct_cliff,TOY,label_cliff,struct_cliff.to.label_cliff,67.09335138,0.90625
P1,457 538 703,1,WHI,anchor,XRT,struct_cliff,anchor.to.struct_cliff,63.87687218,0.9032258064516128
P1,457 538 703,1,WHI,anchor,XRT,struct_cliff,anchor.to.struct_cliff,63.87687218,0.9032258064516128
P1,457 538 703,1,WHI,anchor,TOY,label_cliff,anchor.to.label_cliff,133.0068938,0.5294117647058824
P1,457 538 703,1,WHI,anchor,TOY,label_cliff,anchor.to.label_cliff,133.0068938,0.5294117647058824
P1,457 538 703,1,XRT,struct_cliff,TOY,label_cliff,struct_cliff.to.label_cliff,69.70489366,0.90625
P10,457 538 703,2,WHI,anchor,XRT,struct_cliff,anchor.to.struct_cliff,43.01852275,0.9032258064516128
P10,457 538 703,2,WHI,anchor,XRT,struct_cliff,anchor.to.struct_cliff,43.01852275,0.9032258064516128
P10,457 538 703,2,WHI,anchor,TOY,label_cliff,anchor.to.label_cliff,43.54504449,0.5294117647058824
P10,457 538 703,2,WHI,anchor,TOY,label_cliff,anchor.to.label_cliff,43.54504449,0.5294117647058824
P10,457 538 703,2,XRT,struct_cliff,TOY,label_cliff,struct_cliff.to.label_cliff,39.85816102,0.90625
P10,457 538 703,1,WHI,anchor,XRT,struct_cliff,anchor.to.struct_cliff,53.00694483,0.9032258064516128
P10,457 538 703,1,WHI,anchor,XRT,struct_cliff,anchor.to.struct_cliff,53.00694483,0.9032258064516128
P10,457 538 703,1,WHI,anchor,TOY,label_cliff,anchor.to.label_cliff,71.78991921,0.5294117647058824
P10,457 538 703,1,WHI,anchor,TOY,label_cliff,anchor.to.label_cliff,71.78991921,0.5294117647058824
P10,457 538 703,1,XRT,struct_cliff,TOY,label_cliff,struct_cliff.to.label_cliff,21.60886161,0.90625
P11,457 538 703,2,WHI,anchor,XRT,struct_cliff,anchor.to.struct_cliff,61.66290944,0.9032258064516128
P11,457 538 703,2,WHI,anchor,XRT,struct_cliff,anchor.to.struct_cliff,61.66290944,0.9032258064516128
P11,457 538 703,2,WHI,anchor,TOY,label_cliff,anchor.to.label_cliff,65.58873836,0.5294117647058824
P11,457 538 703,2,WHI,anchor,TOY,label_cliff,anchor.to.label_cliff,65.58873836,0.5294117647058824
P11,457 538 703,2,XRT,struct_cliff,TOY,label_cliff,struct_cliff.to.label_cliff,102.4180385,0.90625
P11,457 538 703,1,WHI,anchor,XRT,struct_cliff,anchor.to.struct_cliff,63.98752457,0.9032258064516128
P11,457 538 703,1,WHI,anchor,XRT,struct_cliff,anchor.to.struct_cliff,63.98752457,0.9032258064516128
P11,457 538 703,1,WHI,anchor,TOY,label_cliff,anchor.to.label_cliff,98.44769677,0.5294117647058824
P11,457 538 703,1,WHI,anchor,TOY,label_cliff,anchor.to.label_cliff,98.44769677,0.5294117647058824
P11,457 538 703,1,XRT,struct_cliff,TOY,label_cliff,struct_cliff.to.label_cliff,38.26367076,0.90625
P13,457 538 703,2,WHI,anchor,XRT,struct_cliff,anchor.to.struct_cliff,82.3630269,0.9032258064516128
P13,457 538 703,2,WHI,anchor,XRT,struct_cliff,anchor.to.struct_cliff,82.3630269,0.9032258064516128
P13,457 538 703,2,WHI,anchor,TOY,label_cliff,anchor.to.label_cliff,92.62767837,0.5294117647058824
P13,457 538 703,2,WHI,anchor,TOY,label_cliff,anchor.to.label_cliff,92.62767837,0.5294117647058824
P13,457 538 703,2,XRT,struct_cliff,TOY,label_cliff,struct_cliff.to.label_cliff,67.3036418,0.90625
P13,457 538 703,1,WHI,anchor,XRT,struct_cliff,anchor.to.struct_cliff,61.27760439,0.9032258064516128
P13,457 538 703,1,WHI,anchor,XRT,struct_cliff,anchor.to.struct_cliff,61.27760439,0.9032258064516128
P13,457 538 703,1,WHI,anchor,TOY,label_cliff,anchor.to.label_cliff,93.25517037,0.5294117647058824
P13,457 538 703,1,WHI,anchor,TOY,label_cliff,anchor.to.label_cliff,93.25517037,0.5294117647058824
P13,457 538 703,1,XRT,struct_cliff,TOY,label_cliff,struct_cliff.to.label_cliff,60.12694903,0.90625
P14,457 538 703,2,WHI,anchor,XRT,struct_cliff,anchor.to.struct_cliff,81.51013005,0.9032258064516128
P14,457 538 703,2,WHI,anchor,XRT,struct_cliff,anchor.to.struct_cliff,81.51013005,0.9032258064516128
P14,457 538 703,2,WHI,anchor,TOY,label_cliff,anchor.to.label_cliff,82.36598145,0.5294117647058824
P14,457 538 703,2,WHI,anchor,TOY,label_cliff,anchor.to.label_cliff,82.36598145,0.5294117647058824
P14,457 538 703,2,XRT,struct_cliff,TOY,label_cliff,struct_cliff.to.label_cliff,31.83132105,0.90625
P14,457 538 703,1,WHI,anchor,XRT,struct_cliff,anchor.to.struct_cliff,42.71225117,0.9032258064516128
P14,457 538 703,1,WHI,anchor,XRT,struct_cliff,anchor.to.struct_cliff,42.71225117,0.9032258064516128
P14,457 538 703,1,WHI,anchor,TOY,label_cliff,anchor.to.label_cliff,87.0820946,0.5294117647058824
P14,457 538 703,1,WHI,anchor,TOY,label_cliff,anchor.to.label_cliff,87.0820946,0.5294117647058824
P14,457 538 703,1,XRT,struct_cliff,TOY,label_cliff,struct_cliff.to.label_cliff,116.6214611,0.90625
P19,457 538 703,2,WHI,anchor,XRT,struct_cliff,anchor.to.struct_cliff,110.4850872,0.9032258064516128
P19,457 538 703,2,WHI,anchor,XRT,struct_cliff,anchor.to.struct_cliff,110.4850872,0.9032258064516128
P19,457 538 703,2,WHI,anchor,TOY,label_cliff,anchor.to.label_cliff,110.8816062,0.5294117647058824
P19,457 538 703,2,WHI,anchor,TOY,label_cliff,anchor.to.label_cliff,110.8816062,0.5294117647058824
P19,457 538 703,2,XRT,struct_cliff,TOY,label_cliff,struct_cliff.to.label_cliff,43.67250508,0.90625
P19,457 538 703,1,WHI,anchor,XRT,struct_cliff,anchor.to.struct_cliff,101.8867214,0.9032258064516128
P19,457 538 703,1,WHI,anchor,XRT,struct_cliff,anchor.to.struct_cliff,101.8867214,0.9032258064516128
P19,457 538 703,1,WHI,anchor,TOY,label_cliff,anchor.to.label_cliff,131.9673403,0.5294117647058824
P19,457 538 703,1,WHI,anchor,TOY,label_cliff,anchor.to.label_cliff,131.9673403,0.5294117647058824
P19,457 538 703,1,XRT,struct_cliff,TOY,label_cliff,struct_cliff.to.label_cliff,39.24588768,0.90625
P2,457 538 703,2,WHI,anchor,XRT,struct_cliff,anchor.to.struct_cliff,58.48011286,0.9032258064516128
P2,457 538 703,2,WHI,anchor,XRT,struct_cliff,anchor.to.struct_cliff,58.48011286,0.9032258064516128
P2,457 538 703,2,WHI,anchor,TOY,label_cliff,anchor.to.label_cliff,108.2732492,0.5294117647058824
P2,457 538 703,2,WHI,anchor,TOY,label_cliff,anchor.to.label_cliff,108.2732492,0.5294117647058824
P2,457 538 703,2,XRT,struct_cliff,TOY,label_cliff,struct_cliff.to.label_cliff,104.8520944,0.90625
P2,457 538 703,1,WHI,anchor,XRT,struct_cliff,anchor.to.struct_cliff,45.5908697,0.9032258064516128
P2,457 538 703,1,WHI,anchor,XRT,struct_cliff,anchor.to.struct_cliff,45.5908697,0.9032258064516128
P2,457 538 703,1,WHI,anchor,TOY,label_cliff,anchor.to.label_cliff,81.18328215,0.5294117647058824
P2,457 538 703,1,WHI,anchor,TOY,label_cliff,anchor.to.label_cliff,81.18328215,0.5294117647058824
P2,457 538 703,1,XRT,struct_cliff,TOY,label_cliff,struct_cliff.to.label_cliff,95.12681273,0.90625
P23,457 538 703,1,WHI,anchor,XRT,struct_cliff,anchor.to.struct_cliff,85.61314151,0.9032258064516128
P23,457 538 703,1,WHI,anchor,XRT,struct_cliff,anchor.to.struct_cliff,85.61314151,0.9032258064516128
P23,457 538 703,1,WHI,anchor,TOY,label_cliff,anchor.to.label_cliff,109.38795,0.5294117647058824
P23,457 538 703,1,WHI,anchor,TOY,label_cliff,anchor.to.label_cliff,109.38795,0.5294117647058824
P23,457 538 703,1,XRT,struct_cliff,TOY,label_cliff,struct_cliff.to.label_cliff,93.47017492,0.90625
P25,457 538 703,2,WHI,anchor,XRT,struct_cliff,anchor.to.struct_cliff,57.49192117,0.9032258064516128
P25,457 538 703,2,WHI,anchor,XRT,struct_cliff,anchor.to.struct_cliff,57.49192117,0.9032258064516128
P25,457 538 703,2,WHI,anchor,TOY,label_cliff,anchor.to.label_cliff,44.61849392,0.5294117647058824
P25,457 538 703,2,WHI,anchor,TOY,label_cliff,anchor.to.label_cliff,44.61849392,0.5294117647058824
P25,457 538 703,2,XRT,struct_cliff,TOY,label_cliff,struct_cliff.to.label_cliff,41.27911094,0.90625
P25,457 538 703,1,WHI,anchor,XRT,struct_cliff,anchor.to.struct_cliff,53.84594507,0.9032258064516128
P25,457 538 703,1,WHI,anchor,XRT,struct_cliff,anchor.to.struct_cliff,53.84594507,0.9032258064516128
P25,457 538 703,1,WHI,anchor,TOY,label_cliff,anchor.to.label_cliff,54.55645333,0.5294117647058824
P25,457 538 703,1,WHI,anchor,TOY,label_cliff,anchor.to.label_cliff,54.55645333,0.5294117647058824
P25,457 538 703,1,XRT,struct_cliff,TOY,label_cliff,struct_cliff.to.label_cliff,39.48146401,0.90625
P26,457 538 703,2,WHI,anchor,XRT,struct_cliff,anchor.to.struct_cliff,56.55084261,0.9032258064516128
P26,457 538 703,2,WHI,anchor,XRT,struct_cliff,anchor.to.struct_cliff,56.55084261,0.9032258064516128
P26,457 538 703,2,WHI,anchor,TOY,label_cliff,anchor.to.label_cliff,17.57558534,0.5294117647058824
P26,457 538 703,2,WHI,anchor,TOY,label_cliff,anchor.to.label_cliff,17.57558534,0.5294117647058824
P26,457 538 703,2,XRT,struct_cliff,TOY,label_cliff,struct_cliff.to.label_cliff,53.09049821,0.90625
P26,457 538 703,1,WHI,anchor,XRT,struct_cliff,anchor.to.struct_cliff,124.2225233,0.9032258064516128
P26,457 538 703,1,WHI,anchor,XRT,struct_cliff,anchor.to.struct_cliff,124.2225233,0.9032258064516128
P26,457 538 703,1,WHI,anchor,TOY,label_cliff,anchor.to.label_cliff,33.132143,0.5294117647058824
P26,457 538 703,1,WHI,anchor,TOY,label_cliff,anchor.to.label_cliff,33.132143,0.5294117647058824
P26,457 538 703,1,XRT,struct_cliff,TOY,label_cliff,struct_cliff.to.label_cliff,91.20582986,0.90625
P27,457 538 703,2,WHI,anchor,XRT,struct_cliff,anchor.to.struct_cliff,25.10850454,0.9032258064516128
P27,457 538 703,2,WHI,anchor,XRT,struct_cliff,anchor.to.struct_cliff,25.10850454,0.9032258064516128
P27,457 538 703,2,WHI,anchor,TOY,label_cliff,anchor.to.label_cliff,125.7872589,0.5294117647058824
P27,457 538 703,2,WHI,anchor,TOY,label_cliff,anchor.to.label_cliff,125.7872589,0.5294117647058824
P27,457 538 703,2,XRT,struct_cliff,TOY,label_cliff,struct_cliff.to.label_cliff,101.2899131,0.90625
P27,457 538 703,1,WHI,anchor,XRT,struct_cliff,anchor.to.struct_cliff,77.54427896,0.9032258064516128
P27,457 538 703,1,WHI,anchor,XRT,struct_cliff,anchor.to.struct_cliff,77.54427896,0.9032258064516128
P27,457 538 703,1,WHI,anchor,TOY,label_cliff,anchor.to.label_cliff,32.51946648,0.5294117647058824
P27,457 538 703,1,WHI,anchor,TOY,label_cliff,anchor.to.label_cliff,32.51946648,0.5294117647058824
P27,457 538 703,1,XRT,struct_cliff,TOY,label_cliff,struct_cliff.to.label_cliff,46.19382318,0.90625
P28,457 538 703,2,WHI,anchor,XRT,struct_cliff,anchor.to.struct_cliff,93.60417352,0.9032258064516128
P28,457 538 703,2,WHI,anchor,XRT,struct_cliff,anchor.to.struct_cliff,93.60417352,0.9032258064516128
P28,457 538 703,2,WHI,anchor,TOY,label_cliff,anchor.to.label_cliff,88.54433071,0.5294117647058824
P28,457 538 703,2,WHI,anchor,TOY,label_cliff,anchor.to.label_cliff,88.54433071,0.5294117647058824
P28,457 538 703,2,XRT,struct_cliff,TOY,label_cliff,struct_cliff.to.label_cliff,25.70007004,0.90625
P28,457 538 703,1,WHI,anchor,XRT,struct_cliff,anchor.to.struct_cliff,94.21122279,0.9032258064516128
P28,457 538 703,1,WHI,anchor,XRT,struct_cliff,anchor.to.struct_cliff,94.21122279,0.9032258064516128
P28,457 538 703,1,WHI,anchor,TOY,label_cliff,anchor.to.label_cliff,85.10736102,0.5294117647058824
P28,457 538 703,1,WHI,anchor,TOY,label_cliff,anchor.to.label_cliff,85.10736102,0.5294117647058824
P28,457 538 703,1,XRT,struct_cliff,TOY,label_cliff,struct_cliff.to.label_cliff,27.96851444,0.90625
P31,457 538 703,2,WHI,anchor,XRT,struct_cliff,anchor.to.struct_cliff,63.01574168,0.9032258064516128
P31,457 538 703,2,WHI,anchor,XRT,struct_cliff,anchor.to.struct_cliff,63.01574168,0.9032258064516128
P31,457 538 703,2,WHI,anchor,TOY,label_cliff,anchor.to.label_cliff,63.0815385,0.5294117647058824
P31,457 538 703,2,WHI,anchor,TOY,label_cliff,anchor.to.label_cliff,63.0815385,0.5294117647058824
P31,457 538 703,2,XRT,struct_cliff,TOY,label_cliff,struct_cliff.to.label_cliff,32.11493422,0.90625
P31,457 538 703,1,WHI,anchor,XRT,struct_cliff,anchor.to.struct_cliff,80.52465213,0.9032258064516128
P31,457 538 703,1,WHI,anchor,XRT,struct_cliff,anchor.to.struct_cliff,80.52465213,0.9032258064516128
P31,457 538 703,1,WHI,anchor,TOY,label_cliff,anchor.to.label_cliff,12.15069545,0.5294117647058824
P31,457 538 703,1,WHI,anchor,TOY,label_cliff,anchor.to.label_cliff,12.15069545,0.5294117647058824
P31,457 538 703,1,XRT,struct_cliff,TOY,label_cliff,struct_cliff.to.label_cliff,88.94580035,0.90625
P32,457 538 703,2,WHI,anchor,XRT,struct_cliff,anchor.to.struct_cliff,34.38084496,0.9032258064516128
P32,457 538 703,2,WHI,anchor,XRT,struct_cliff,anchor.to.struct_cliff,34.38084496,0.9032258064516128
P32,457 538 703,2,WHI,anchor,TOY,label_cliff,anchor.to.label_cliff,35.66763519,0.5294117647058824
P32,457 538 703,2,WHI,anchor,TOY,label_cliff,anchor.to.label_cliff,35.66763519,0.5294117647058824
P32,457 538 703,2,XRT,struct_cliff,TOY,label_cliff,struct_cliff.to.label_cliff,30.39340882,0.90625
P32,457 538 703,1,WHI,anchor,XRT,struct_cliff,anchor.to.struct_cliff,16.08408219,0.9032258064516128
P32,457 538 703,1,WHI,anchor,XRT,struct_cliff,anchor.to.struct_cliff,16.08408219,0.9032258064516128
P32,457 538 703,1,WHI,anchor,TOY,label_cliff,anchor.to.label_cliff,31.29174332,0.5294117647058824
P32,457 538 703,1,WHI,anchor,TOY,label_cliff,anchor.to.label_cliff,31.29174332,0.5294117647058824
P32,457 538 703,1,XRT,struct_cliff,TOY,label_cliff,struct_cliff.to.label_cliff,27.29418436,0.90625
P5,457 538 703,2,WHI,anchor,XRT,struct_cliff,anchor.to.struct_cliff,63.25520453,0.9032258064516128
P5,457 538 703,2,WHI,anchor,XRT,struct_cliff,anchor.to.struct_cliff,63.25520453,0.9032258064516128
P5,457 538 703,2,WHI,anchor,TOY,label_cliff,anchor.to.label_cliff,100.2839209,0.5294117647058824
P5,457 538 703,2,WHI,anchor,TOY,label_cliff,anchor.to.label_cliff,100.2839209,0.5294117647058824
P5,457 538 703,2,XRT,struct_cliff,TOY,label_cliff,struct_cliff.to.label_cliff,37.03272742,0.90625
P5,457 538 703,1,WHI,anchor,XRT,struct_cliff,anchor.to.struct_cliff,35.1754076,0.9032258064516128
P5,457 538 703,1,WHI,anchor,XRT,struct_cliff,anchor.to.struct_cliff,35.1754076,0.9032258064516128
P5,457 538 703,1,WHI,anchor,TOY,label_cliff,anchor.to.label_cliff,112.7532904,0.5294117647058824
P5,457 538 703,1,WHI,anchor,TOY,label_cliff,anchor.to.label_cliff,112.7532904,0.5294117647058824
P5,457 538 703,1,XRT,struct_cliff,TOY,label_cliff,struct_cliff.to.label_cliff,77.58636607,0.90625
P6,457 538 703,2,WHI,anchor,XRT,struct_cliff,anchor.to.struct_cliff,45.71297628,0.9032258064516128
P6,457 538 703,2,WHI,anchor,XRT,struct_cliff,anchor.to.struct_cliff,45.71297628,0.9032258064516128
P6,457 538 703,2,WHI,anchor,TOY,label_cliff,anchor.to.label_cliff,58.79066082,0.5294117647058824
P6,457 538 703,2,WHI,anchor,TOY,label_cliff,anchor.to.label_cliff,58.79066082,0.5294117647058824
P6,457 538 703,2,XRT,struct_cliff,TOY,label_cliff,struct_cliff.to.label_cliff,19.59282522,0.90625
P6,457 538 703,1,WHI,anchor,XRT,struct_cliff,anchor.to.struct_cliff,28.19657071,0.9032258064516128
P6,457 538 703,1,WHI,anchor,XRT,struct_cliff,anchor.to.struct_cliff,28.19657071,0.9032258064516128
P6,457 538 703,1,WHI,anchor,TOY,label_cliff,anchor.to.label_cliff,56.66072802,0.5294117647058824
P6,457 538 703,1,WHI,anchor,TOY,label_cliff,anchor.to.label_cliff,56.66072802,0.5294117647058824
P6,457 538 703,1,XRT,struct_cliff,TOY,label_cliff,struct_cliff.to.label_cliff,46.35813737,0.90625
P9,457 538 703,2,WHI,anchor,XRT,struct_cliff,anchor.to.struct_cliff,60.18513105,0.9032258064516128
P9,457 538 703,2,WHI,anchor,XRT,struct_cliff,anchor.to.struct_cliff,60.18513105,0.9032258064516128
P9,457 538 703,2,WHI,anchor,TOY,label_cliff,anchor.to.label_cliff,70.10871344,0.5294117647058824
P9,457 538 703,2,WHI,anchor,TOY,label_cliff,anchor.to.label_cliff,70.10871344,0.5294117647058824
P9,457 538 703,2,XRT,struct_cliff,TOY,label_cliff,struct_cliff.to.label_cliff,33.47903374,0.90625
P9,457 538 703,1,WHI,anchor,XRT,struct_cliff,anchor.to.struct_cliff,18.15731808,0.9032258064516128
P9,457 538 703,1,WHI,anchor,XRT,struct_cliff,anchor.to.struct_cliff,18.15731808,0.9032258064516128
P9,457 538 703,1,WHI,anchor,TOY,label_cliff,anchor.to.label_cliff,59.94980317,0.5294117647058824
P9,457 538 703,1,WHI,anchor,TOY,label_cliff,anchor.to.label_cliff,59.94980317,0.5294117647058824
P9,457 538 703,1,XRT,struct_cliff,TOY,label_cliff,struct_cliff.to.label_cliff,61.75811283,0.90625
P1,018 058 693,2,ROE,anchor,JKT,struct_cliff,anchor.to.struct_cliff,129.4807882,0.85
P1,018 058 693,2,ROE,anchor,QQE,label_cliff,anchor.to.label_cliff,67.89168432,0.5833333333333333
P1,018 058 693,2,JKT,struct_cliff,QQE,label_cliff,struct_cliff.to.label_cliff,61.64173667,0.8571428571428572
P1,018 058 693,1,ROE,anchor,JKT,struct_cliff,anchor.to.struct_cliff,60.26024394,0.85
P1,018 058 693,1,ROE,anchor,QQE,label_cliff,anchor.to.label_cliff,129.8319194,0.5833333333333333
P1,018 058 693,1,JKT,struct_cliff,QQE,label_cliff,struct_cliff.to.label_cliff,69.65543554,0.8571428571428572
P10,018 058 693,2,ROE,anchor,JKT,struct_cliff,anchor.to.struct_cliff,45.97257987,0.85
P10,018 058 693,2,ROE,anchor,QQE,label_cliff,anchor.to.label_cliff,49.64002518,0.5833333333333333
P10,018 058 693,2,JKT,struct_cliff,QQE,label_cliff,struct_cliff.to.label_cliff,47.67930578,0.8571428571428572
P10,018 058 693,1,ROE,anchor,JKT,struct_cliff,anchor.to.struct_cliff,63.33784493,0.85
P10,018 058 693,1,ROE,anchor,QQE,label_cliff,anchor.to.label_cliff,15.080746,0.5833333333333333
P10,018 058 693,1,JKT,struct_cliff,QQE,label_cliff,struct_cliff.to.label_cliff,53.65190118,0.8571428571428572
P11,018 058 693,2,ROE,anchor,JKT,struct_cliff,anchor.to.struct_cliff,13.15596443,0.85
P11,018 058 693,2,ROE,anchor,QQE,label_cliff,anchor.to.label_cliff,27.76730632,0.5833333333333333
P11,018 058 693,2,JKT,struct_cliff,QQE,label_cliff,struct_cliff.to.label_cliff,33.47755218,0.8571428571428572
P11,018 058 693,1,ROE,anchor,JKT,struct_cliff,anchor.to.struct_cliff,57.87862127,0.85
P11,018 058 693,1,ROE,anchor,QQE,label_cliff,anchor.to.label_cliff,20.56785113,0.5833333333333333
P11,018 058 693,1,JKT,struct_cliff,QQE,label_cliff,struct_cliff.to.label_cliff,37.56059771,0.8571428571428572
P13,018 058 693,1,ROE,anchor,JKT,struct_cliff,anchor.to.struct_cliff,87.11116232,0.85
P13,018 058 693,1,ROE,anchor,QQE,label_cliff,anchor.to.label_cliff,87.18327649,0.5833333333333333
P13,018 058 693,1,JKT,struct_cliff,QQE,label_cliff,struct_cliff.to.label_cliff,70.35803081,0.8571428571428572
P14,018 058 693,2,ROE,anchor,JKT,struct_cliff,anchor.to.struct_cliff,84.05289347,0.85
P14,018 058 693,2,ROE,anchor,QQE,label_cliff,anchor.to.label_cliff,11.32486203,0.5833333333333333
P14,018 058 693,2,JKT,struct_cliff,QQE,label_cliff,struct_cliff.to.label_cliff,82.75058066,0.8571428571428572
P14,018 058 693,1,ROE,anchor,JKT,struct_cliff,anchor.to.struct_cliff,107.737151,0.85
P14,018 058 693,1,ROE,anchor,QQE,label_cliff,anchor.to.label_cliff,16.78823993,0.5833333333333333
P14,018 058 693,1,JKT,struct_cliff,QQE,label_cliff,struct_cliff.to.label_cliff,117.9681894,0.8571428571428572
P19,018 058 693,2,ROE,anchor,JKT,struct_cliff,anchor.to.struct_cliff,47.7974947,0.85
P19,018 058 693,2,ROE,anchor,QQE,label_cliff,anchor.to.label_cliff,113.2004638,0.5833333333333333
P19,018 058 693,2,JKT,struct_cliff,QQE,label_cliff,struct_cliff.to.label_cliff,65.94477766,0.8571428571428572
P19,018 058 693,1,ROE,anchor,JKT,struct_cliff,anchor.to.struct_cliff,132.6320282,0.85
P19,018 058 693,1,ROE,anchor,QQE,label_cliff,anchor.to.label_cliff,39.14088527,0.5833333333333333
P19,018 058 693,1,JKT,struct_cliff,QQE,label_cliff,struct_cliff.to.label_cliff,93.71329575,0.8571428571428572
P2,018 058 693,2,ROE,anchor,JKT,struct_cliff,anchor.to.struct_cliff,65.71805384,0.85
P2,018 058 693,2,ROE,anchor,QQE,label_cliff,anchor.to.label_cliff,105.1712247,0.5833333333333333
P2,018 058 693,2,JKT,struct_cliff,QQE,label_cliff,struct_cliff.to.label_cliff,102.3090578,0.8571428571428572
P2,018 058 693,1,ROE,anchor,JKT,struct_cliff,anchor.to.struct_cliff,101.1552124,0.85
P2,018 058 693,1,ROE,anchor,QQE,label_cliff,anchor.to.label_cliff,86.96058877,0.5833333333333333
P2,018 058 693,1,JKT,struct_cliff,QQE,label_cliff,struct_cliff.to.label_cliff,100.8233356,0.8571428571428572
P23,018 058 693,1,ROE,anchor,JKT,struct_cliff,anchor.to.struct_cliff,99.76385367,0.85
P23,018 058 693,1,ROE,anchor,QQE,label_cliff,anchor.to.label_cliff,87.16781172,0.5833333333333333
P23,018 058 693,1,JKT,struct_cliff,QQE,label_cliff,struct_cliff.to.label_cliff,80.39458502,0.8571428571428572
P25,018 058 693,2,ROE,anchor,JKT,struct_cliff,anchor.to.struct_cliff,21.16008743,0.85
P25,018 058 693,2,ROE,anchor,QQE,label_cliff,anchor.to.label_cliff,15.22603363,0.5833333333333333
P25,018 058 693,2,JKT,struct_cliff,QQE,label_cliff,struct_cliff.to.label_cliff,8.271021702,0.8571428571428572
P25,018 058 693,1,ROE,anchor,JKT,struct_cliff,anchor.to.struct_cliff,46.61605946,0.85
P25,018 058 693,1,ROE,anchor,QQE,label_cliff,anchor.to.label_cliff,45.35620134,0.5833333333333333
P25,018 058 693,1,JKT,struct_cliff,QQE,label_cliff,struct_cliff.to.label_cliff,34.35514518,0.8571428571428572
P26,018 058 693,2,ROE,anchor,JKT,struct_cliff,anchor.to.struct_cliff,57.07618768,0.85
P26,018 058 693,2,ROE,anchor,QQE,label_cliff,anchor.to.label_cliff,94.39229683,0.5833333333333333
P26,018 058 693,2,JKT,struct_cliff,QQE,label_cliff,struct_cliff.to.label_cliff,117.934121,0.8571428571428572
P26,018 058 693,1,ROE,anchor,JKT,struct_cliff,anchor.to.struct_cliff,23.68793153,0.85
P26,018 058 693,1,ROE,anchor,QQE,label_cliff,anchor.to.label_cliff,120.2248365,0.5833333333333333
P26,018 058 693,1,JKT,struct_cliff,QQE,label_cliff,struct_cliff.to.label_cliff,96.5569055,0.8571428571428572
P27,018 058 693,2,ROE,anchor,JKT,struct_cliff,anchor.to.struct_cliff,4.500711055,0.85
P27,018 058 693,2,ROE,anchor,QQE,label_cliff,anchor.to.label_cliff,127.7840217,0.5833333333333333
P27,018 058 693,2,JKT,struct_cliff,QQE,label_cliff,struct_cliff.to.label_cliff,124.7655281,0.8571428571428572
P27,018 058 693,1,ROE,anchor,JKT,struct_cliff,anchor.to.struct_cliff,7.443016861,0.85
P27,018 058 693,1,ROE,anchor,QQE,label_cliff,anchor.to.label_cliff,128.2056727,0.5833333333333333
P27,018 058 693,1,JKT,struct_cliff,QQE,label_cliff,struct_cliff.to.label_cliff,122.73262,0.8571428571428572
P28,018 058 693,2,ROE,anchor,JKT,struct_cliff,anchor.to.struct_cliff,99.64935173,0.85
P28,018 058 693,2,ROE,anchor,QQE,label_cliff,anchor.to.label_cliff,59.98676937,0.5833333333333333
P28,018 058 693,2,JKT,struct_cliff,QQE,label_cliff,struct_cliff.to.label_cliff,92.06467292,0.8571428571428572
P28,018 058 693,1,ROE,anchor,JKT,struct_cliff,anchor.to.struct_cliff,96.32852122,0.85
P28,018 058 693,1,ROE,anchor,QQE,label_cliff,anchor.to.label_cliff,56.09358074,0.5833333333333333
P28,018 058 693,1,JKT,struct_cliff,QQE,label_cliff,struct_cliff.to.label_cliff,87.49299515,0.8571428571428572
P31,018 058 693,2,ROE,anchor,JKT,struct_cliff,anchor.to.struct_cliff,85.69059283,0.85
P31,018 058 693,2,ROE,anchor,QQE,label_cliff,anchor.to.label_cliff,85.50619744,0.5833333333333333
P31,018 058 693,2,JKT,struct_cliff,QQE,label_cliff,struct_cliff.to.label_cliff,12.62874895,0.8571428571428572
P31,018 058 693,1,ROE,anchor,JKT,struct_cliff,anchor.to.struct_cliff,10.82916433,0.85
P31,018 058 693,1,ROE,anchor,QQE,label_cliff,anchor.to.label_cliff,127.8406981,0.5833333333333333
P31,018 058 693,1,JKT,struct_cliff,QQE,label_cliff,struct_cliff.to.label_cliff,117.3135137,0.8571428571428572
P32,018 058 693,2,ROE,anchor,JKT,struct_cliff,anchor.to.struct_cliff,7.34736007,0.85
P32,018 058 693,2,ROE,anchor,QQE,label_cliff,anchor.to.label_cliff,67.35320631,0.5833333333333333
P32,018 058 693,2,JKT,struct_cliff,QQE,label_cliff,struct_cliff.to.label_cliff,67.88154167,0.8571428571428572
P32,018 058 693,1,ROE,anchor,JKT,struct_cliff,anchor.to.struct_cliff,13.52665886,0.85
P32,018 058 693,1,ROE,anchor,QQE,label_cliff,anchor.to.label_cliff,27.45079416,0.5833333333333333
P32,018 058 693,1,JKT,struct_cliff,QQE,label_cliff,struct_cliff.to.label_cliff,32.32649687,0.8571428571428572
P5,018 058 693,2,ROE,anchor,JKT,struct_cliff,anchor.to.struct_cliff,68.67014271,0.85
P5,018 058 693,2,ROE,anchor,QQE,label_cliff,anchor.to.label_cliff,53.12355598,0.5833333333333333
P5,018 058 693,2,JKT,struct_cliff,QQE,label_cliff,struct_cliff.to.label_cliff,121.7928097,0.8571428571428572
P5,018 058 693,1,ROE,anchor,JKT,struct_cliff,anchor.to.struct_cliff,66.05638273,0.85
P5,018 058 693,1,ROE,anchor,QQE,label_cliff,anchor.to.label_cliff,40.98605861,0.5833333333333333
P5,018 058 693,1,JKT,struct_cliff,QQE,label_cliff,struct_cliff.to.label_cliff,107.0175261,0.8571428571428572
P6,018 058 693,2,ROE,anchor,JKT,struct_cliff,anchor.to.struct_cliff,11.01803068,0.85
P6,018 058 693,2,ROE,anchor,QQE,label_cliff,anchor.to.label_cliff,42.8716748,0.5833333333333333
P6,018 058 693,2,JKT,struct_cliff,QQE,label_cliff,struct_cliff.to.label_cliff,52.20126914,0.8571428571428572
P6,018 058 693,1,ROE,anchor,JKT,struct_cliff,anchor.to.struct_cliff,11.77426431,0.85
P6,018 058 693,1,ROE,anchor,QQE,label_cliff,anchor.to.label_cliff,47.72877539,0.5833333333333333
P6,018 058 693,1,JKT,struct_cliff,QQE,label_cliff,struct_cliff.to.label_cliff,59.07600613,0.8571428571428572
P9,018 058 693,2,ROE,anchor,JKT,struct_cliff,anchor.to.struct_cliff,61.08490648,0.85
P9,018 058 693,2,ROE,anchor,QQE,label_cliff,anchor.to.label_cliff,77.75568211,0.5833333333333333
P9,018 058 693,2,JKT,struct_cliff,QQE,label_cliff,struct_cliff.to.label_cliff,36.52023138,0.8571428571428572
P9,018 058 693,1,ROE,anchor,JKT,struct_cliff,anchor.to.struct_cliff,17.81764575,0.85
P9,018 058 693,1,ROE,anchor,QQE,label_cliff,anchor.to.label_cliff,64.68584544,0.5833333333333333
P9,018 058 693,1,JKT,struct_cliff,QQE,label_cliff,struct_cliff.to.label_cliff,56.10221832,0.8571428571428572
P1,273 457 839,2,OTQ,anchor,XRT,struct_cliff,anchor.to.struct_cliff,56.55281602,0.7317073170731707
P1,273 457 839,2,OTQ,anchor,FSV,label_cliff,anchor.to.label_cliff,75.52128508,0.5813953488372092
P1,273 457 839,2,XRT,struct_cliff,FSV,label_cliff,struct_cliff.to.label_cliff,131.3172209,0.7380952380952381
P1,273 457 839,1,OTQ,anchor,XRT,struct_cliff,anchor.to.struct_cliff,64.3279908,0.7317073170731707
P1,273 457 839,1,OTQ,anchor,FSV,label_cliff,anchor.to.label_cliff,130.8014962,0.5813953488372092
P1,273 457 839,1,XRT,struct_cliff,FSV,label_cliff,struct_cliff.to.label_cliff,66.56471888,0.7380952380952381
P10,273 457 839,2,OTQ,anchor,XRT,struct_cliff,anchor.to.struct_cliff,12.70064959,0.7317073170731707
P10,273 457 839,2,OTQ,anchor,FSV,label_cliff,anchor.to.label_cliff,51.18588575,0.5813953488372092
P10,273 457 839,2,XRT,struct_cliff,FSV,label_cliff,struct_cliff.to.label_cliff,50.49258361,0.7380952380952381
P10,273 457 839,1,OTQ,anchor,XRT,struct_cliff,anchor.to.struct_cliff,18.1916162,0.7317073170731707
P10,273 457 839,1,OTQ,anchor,FSV,label_cliff,anchor.to.label_cliff,48.69813343,0.5813953488372092
P10,273 457 839,1,XRT,struct_cliff,FSV,label_cliff,struct_cliff.to.label_cliff,36.4021112,0.7380952380952381
P11,273 457 839,2,OTQ,anchor,XRT,struct_cliff,anchor.to.struct_cliff,65.57800012,0.7317073170731707
P11,273 457 839,2,OTQ,anchor,FSV,label_cliff,anchor.to.label_cliff,25.08463275,0.5813953488372092
P11,273 457 839,2,XRT,struct_cliff,FSV,label_cliff,struct_cliff.to.label_cliff,90.65352999,0.7380952380952381
P11,273 457 839,1,OTQ,anchor,XRT,struct_cliff,anchor.to.struct_cliff,57.18050367,0.7317073170731707
P11,273 457 839,1,OTQ,anchor,FSV,label_cliff,anchor.to.label_cliff,41.78462038,0.5813953488372092
P11,273 457 839,1,XRT,struct_cliff,FSV,label_cliff,struct_cliff.to.label_cliff,22.7122544,0.7380952380952381
P13,273 457 839,2,OTQ,anchor,XRT,struct_cliff,anchor.to.struct_cliff,80.50120807,0.7317073170731707
P13,273 457 839,2,OTQ,anchor,FSV,label_cliff,anchor.to.label_cliff,70.87497795,0.5813953488372092
P13,273 457 839,2,XRT,struct_cliff,FSV,label_cliff,struct_cliff.to.label_cliff,38.96016684,0.7380952380952381
P13,273 457 839,1,OTQ,anchor,XRT,struct_cliff,anchor.to.struct_cliff,88.77215836,0.7317073170731707
P13,273 457 839,1,OTQ,anchor,FSV,label_cliff,anchor.to.label_cliff,82.5608733,0.5813953488372092
P13,273 457 839,1,XRT,struct_cliff,FSV,label_cliff,struct_cliff.to.label_cliff,69.53748126,0.7380952380952381
P14,273 457 839,2,OTQ,anchor,XRT,struct_cliff,anchor.to.struct_cliff,81.58244971,0.7317073170731707
P14,273 457 839,2,OTQ,anchor,FSV,label_cliff,anchor.to.label_cliff,37.902554,0.5813953488372092
P14,273 457 839,2,XRT,struct_cliff,FSV,label_cliff,struct_cliff.to.label_cliff,84.68900106,0.7380952380952381
P14,273 457 839,1,OTQ,anchor,XRT,struct_cliff,anchor.to.struct_cliff,113.4519198,0.7317073170731707
P14,273 457 839,1,OTQ,anchor,FSV,label_cliff,anchor.to.label_cliff,38.1100328,0.5813953488372092
P14,273 457 839,1,XRT,struct_cliff,FSV,label_cliff,struct_cliff.to.label_cliff,89.7697928,0.7380952380952381
P19,273 457 839,2,OTQ,anchor,XRT,struct_cliff,anchor.to.struct_cliff,94.39697135,0.7317073170731707
P19,273 457 839,2,OTQ,anchor,FSV,label_cliff,anchor.to.label_cliff,81.0705927,0.5813953488372092
P19,273 457 839,2,XRT,struct_cliff,FSV,label_cliff,struct_cliff.to.label_cliff,132.3573965,0.7380952380952381
P19,273 457 839,1,OTQ,anchor,XRT,struct_cliff,anchor.to.struct_cliff,93.68665433,0.7317073170731707
P19,273 457 839,1,OTQ,anchor,FSV,label_cliff,anchor.to.label_cliff,37.68947996,0.5813953488372092
P19,273 457 839,1,XRT,struct_cliff,FSV,label_cliff,struct_cliff.to.label_cliff,56.14631333,0.7380952380952381
P2,273 457 839,2,OTQ,anchor,XRT,struct_cliff,anchor.to.struct_cliff,91.94322868,0.7317073170731707
P2,273 457 839,2,OTQ,anchor,FSV,label_cliff,anchor.to.label_cliff,105.6189533,0.5813953488372092
P2,273 457 839,2,XRT,struct_cliff,FSV,label_cliff,struct_cliff.to.label_cliff,64.83560904,0.7380952380952381
P2,273 457 839,1,OTQ,anchor,XRT,struct_cliff,anchor.to.struct_cliff,117.4924257,0.7317073170731707
P2,273 457 839,1,OTQ,anchor,FSV,label_cliff,anchor.to.label_cliff,66.88903797,0.5813953488372092
P2,273 457 839,1,XRT,struct_cliff,FSV,label_cliff,struct_cliff.to.label_cliff,67.06753387,0.7380952380952381
P23,273 457 839,1,OTQ,anchor,XRT,struct_cliff,anchor.to.struct_cliff,66.59379325,0.7317073170731707
P23,273 457 839,1,OTQ,anchor,FSV,label_cliff,anchor.to.label_cliff,86.5488082,0.5813953488372092
P23,273 457 839,1,XRT,struct_cliff,FSV,label_cliff,struct_cliff.to.label_cliff,98.32720122,0.7380952380952381
P25,273 457 839,2,OTQ,anchor,XRT,struct_cliff,anchor.to.struct_cliff,49.26308253,0.7317073170731707
P25,273 457 839,2,OTQ,anchor,FSV,label_cliff,anchor.to.label_cliff,53.10424653,0.5813953488372092
P25,273 457 839,2,XRT,struct_cliff,FSV,label_cliff,struct_cliff.to.label_cliff,49.34630787,0.7380952380952381
P25,273 457 839,1,OTQ,anchor,XRT,struct_cliff,anchor.to.struct_cliff,69.19378729,0.7317073170731707
P25,273 457 839,1,OTQ,anchor,FSV,label_cliff,anchor.to.label_cliff,70.08855113,0.5813953488372092
P25,273 457 839,1,XRT,struct_cliff,FSV,label_cliff,struct_cliff.to.label_cliff,40.88992541,0.7380952380952381
P26,273 457 839,2,OTQ,anchor,XRT,struct_cliff,anchor.to.struct_cliff,20.03024962,0.7317073170731707
P26,273 457 839,2,OTQ,anchor,FSV,label_cliff,anchor.to.label_cliff,93.28525339,0.5813953488372092
P26,273 457 839,2,XRT,struct_cliff,FSV,label_cliff,struct_cliff.to.label_cliff,87.02652929,0.7380952380952381
P26,273 457 839,1,OTQ,anchor,XRT,struct_cliff,anchor.to.struct_cliff,83.56091012,0.7317073170731707
P26,273 457 839,1,OTQ,anchor,FSV,label_cliff,anchor.to.label_cliff,129.7614292,0.5813953488372092
P26,273 457 839,1,XRT,struct_cliff,FSV,label_cliff,struct_cliff.to.label_cliff,91.56427688,0.7380952380952381
P27,273 457 839,2,OTQ,anchor,XRT,struct_cliff,anchor.to.struct_cliff,124.2613717,0.7317073170731707
P27,273 457 839,2,OTQ,anchor,FSV,label_cliff,anchor.to.label_cliff,126.3817234,0.5813953488372092
P27,273 457 839,2,XRT,struct_cliff,FSV,label_cliff,struct_cliff.to.label_cliff,3.590891254,0.7380952380952381
P27,273 457 839,1,OTQ,anchor,XRT,struct_cliff,anchor.to.struct_cliff,110.9856968,0.7317073170731707
P27,273 457 839,1,OTQ,anchor,FSV,label_cliff,anchor.to.label_cliff,122.7962157,0.5813953488372092
P27,273 457 839,1,XRT,struct_cliff,FSV,label_cliff,struct_cliff.to.label_cliff,17.9109045,0.7380952380952381
P28,273 457 839,2,OTQ,anchor,XRT,struct_cliff,anchor.to.struct_cliff,28.0689045,0.7317073170731707
P28,273 457 839,2,OTQ,anchor,FSV,label_cliff,anchor.to.label_cliff,78.35088257,0.5813953488372092
P28,273 457 839,2,XRT,struct_cliff,FSV,label_cliff,struct_cliff.to.label_cliff,88.01486806,0.7380952380952381
P28,273 457 839,1,OTQ,anchor,XRT,struct_cliff,anchor.to.struct_cliff,31.21996316,0.7317073170731707
P28,273 457 839,1,OTQ,anchor,FSV,label_cliff,anchor.to.label_cliff,84.34000534,0.5813953488372092
P28,273 457 839,1,XRT,struct_cliff,FSV,label_cliff,struct_cliff.to.label_cliff,97.04294307,0.7380952380952381
P31,273 457 839,2,OTQ,anchor,XRT,struct_cliff,anchor.to.struct_cliff,33.61262412,0.7317073170731707
P31,273 457 839,2,OTQ,anchor,FSV,label_cliff,anchor.to.label_cliff,121.5335098,0.5813953488372092
P31,273 457 839,2,XRT,struct_cliff,FSV,label_cliff,struct_cliff.to.label_cliff,95.47461914,0.7380952380952381
P31,273 457 839,1,OTQ,anchor,XRT,struct_cliff,anchor.to.struct_cliff,23.60617716,0.7317073170731707
P31,273 457 839,1,OTQ,anchor,FSV,label_cliff,anchor.to.label_cliff,88.49787851,0.5813953488372092
P31,273 457 839,1,XRT,struct_cliff,FSV,label_cliff,struct_cliff.to.label_cliff,111.4876267,0.7380952380952381
P32,273 457 839,2,OTQ,anchor,XRT,struct_cliff,anchor.to.struct_cliff,39.4381034,0.7317073170731707
P32,273 457 839,2,OTQ,anchor,FSV,label_cliff,anchor.to.label_cliff,76.83725399,0.5813953488372092
P32,273 457 839,2,XRT,struct_cliff,FSV,label_cliff,struct_cliff.to.label_cliff,38.68362444,0.7380952380952381
P32,273 457 839,1,OTQ,anchor,XRT,struct_cliff,anchor.to.struct_cliff,15.9632077,0.7317073170731707
P32,273 457 839,1,OTQ,anchor,FSV,label_cliff,anchor.to.label_cliff,41.83037772,0.5813953488372092
P32,273 457 839,1,XRT,struct_cliff,FSV,label_cliff,struct_cliff.to.label_cliff,33.30093843,0.7380952380952381
P5,273 457 839,2,OTQ,anchor,XRT,struct_cliff,anchor.to.struct_cliff,28.12114151,0.7317073170731707
P5,273 457 839,2,OTQ,anchor,FSV,label_cliff,anchor.to.label_cliff,118.6678474,0.5813953488372092
P5,273 457 839,2,XRT,struct_cliff,FSV,label_cliff,struct_cliff.to.label_cliff,90.54671391,0.7380952380952381
P5,273 457 839,1,OTQ,anchor,XRT,struct_cliff,anchor.to.struct_cliff,29.56485752,0.7317073170731707
P5,273 457 839,1,OTQ,anchor,FSV,label_cliff,anchor.to.label_cliff,118.9591274,0.5813953488372092
P5,273 457 839,1,XRT,struct_cliff,FSV,label_cliff,struct_cliff.to.label_cliff,89.39633326,0.7380952380952381
P6,273 457 839,2,OTQ,anchor,XRT,struct_cliff,anchor.to.struct_cliff,49.88613936,0.7317073170731707
P6,273 457 839,2,OTQ,anchor,FSV,label_cliff,anchor.to.label_cliff,41.6123299,0.5813953488372092
P6,273 457 839,2,XRT,struct_cliff,FSV,label_cliff,struct_cliff.to.label_cliff,19.58535422,0.7380952380952381
P6,273 457 839,1,OTQ,anchor,XRT,struct_cliff,anchor.to.struct_cliff,43.49291092,0.7317073170731707
P6,273 457 839,1,OTQ,anchor,FSV,label_cliff,anchor.to.label_cliff,30.76801099,0.5813953488372092
P6,273 457 839,1,XRT,struct_cliff,FSV,label_cliff,struct_cliff.to.label_cliff,13.09003438,0.7380952380952381
P9,273 457 839,2,OTQ,anchor,XRT,struct_cliff,anchor.to.struct_cliff,50.69786781,0.7317073170731707
P9,273 457 839,2,OTQ,anchor,FSV,label_cliff,anchor.to.label_cliff,17.74134437,0.5813953488372092
P9,273 457 839,2,XRT,struct_cliff,FSV,label_cliff,struct_cliff.to.label_cliff,48.9347535,0.7380952380952381
P9,273 457 839,1,OTQ,anchor,XRT,struct_cliff,anchor.to.struct_cliff,34.46802866,0.7317073170731707
P9,273 457 839,1,OTQ,anchor,FSV,label_cliff,anchor.to.label_cliff,68.16870396,0.5813953488372092
P9,273 457 839,1,XRT,struct_cliff,FSV,label_cliff,struct_cliff.to.label_cliff,67.18450119,0.7380952380952381
P1,038 273 839,2,OTQ,anchor,MAR,struct_cliff,anchor.to.struct_cliff,83.04034682,0.8478260869565217
P1,038 273 839,2,OTQ,anchor,FSV,label_cliff,anchor.to.label_cliff,103.9019851,0.5813953488372092
P1,038 273 839,2,MAR,struct_cliff,FSV,label_cliff,struct_cliff.to.label_cliff,100.9258981,0.8260869565217391
P1,038 273 839,1,OTQ,anchor,MAR,struct_cliff,anchor.to.struct_cliff,53.51426072,0.8478260869565217
P1,038 273 839,1,OTQ,anchor,FSV,label_cliff,anchor.to.label_cliff,131.6144023,0.5813953488372092
P1,038 273 839,1,MAR,struct_cliff,FSV,label_cliff,struct_cliff.to.label_cliff,81.40610542,0.8260869565217391
P10,038 273 839,2,OTQ,anchor,MAR,struct_cliff,anchor.to.struct_cliff,11.52055554,0.8478260869565217
P10,038 273 839,2,OTQ,anchor,FSV,label_cliff,anchor.to.label_cliff,55.50094954,0.5813953488372092
P10,038 273 839,2,MAR,struct_cliff,FSV,label_cliff,struct_cliff.to.label_cliff,55.92309183,0.8260869565217391
P10,038 273 839,1,OTQ,anchor,MAR,struct_cliff,anchor.to.struct_cliff,30.92439975,0.8478260869565217
P10,038 273 839,1,OTQ,anchor,FSV,label_cliff,anchor.to.label_cliff,27.85199813,0.5813953488372092
P10,038 273 839,1,MAR,struct_cliff,FSV,label_cliff,struct_cliff.to.label_cliff,37.50576622,0.8260869565217391
P11,038 273 839,2,OTQ,anchor,MAR,struct_cliff,anchor.to.struct_cliff,36.04097668,0.8478260869565217
P11,038 273 839,2,OTQ,anchor,FSV,label_cliff,anchor.to.label_cliff,17.44143343,0.5813953488372092
P11,038 273 839,2,MAR,struct_cliff,FSV,label_cliff,struct_cliff.to.label_cliff,41.88038682,0.8260869565217391
P11,038 273 839,1,OTQ,anchor,MAR,struct_cliff,anchor.to.struct_cliff,26.24109944,0.8478260869565217
P11,038 273 839,1,OTQ,anchor,FSV,label_cliff,anchor.to.label_cliff,18.2505041,0.5813953488372092
P11,038 273 839,1,MAR,struct_cliff,FSV,label_cliff,struct_cliff.to.label_cliff,8.191178181,0.8260869565217391
P13,038 273 839,1,OTQ,anchor,MAR,struct_cliff,anchor.to.struct_cliff,80.58298207,0.8478260869565217
P13,038 273 839,1,OTQ,anchor,FSV,label_cliff,anchor.to.label_cliff,94.39464233,0.5813953488372092
P13,038 273 839,1,MAR,struct_cliff,FSV,label_cliff,struct_cliff.to.label_cliff,93.75794633,0.8260869565217391
P14,038 273 839,2,OTQ,anchor,MAR,struct_cliff,anchor.to.struct_cliff,83.7613258,0.8478260869565217
P14,038 273 839,2,OTQ,anchor,FSV,label_cliff,anchor.to.label_cliff,26.49679415,0.5813953488372092
P14,038 273 839,2,MAR,struct_cliff,FSV,label_cliff,struct_cliff.to.label_cliff,87.8544,0.8260869565217391
P14,038 273 839,1,OTQ,anchor,MAR,struct_cliff,anchor.to.struct_cliff,29.11010993,0.8478260869565217
P14,038 273 839,1,OTQ,anchor,FSV,label_cliff,anchor.to.label_cliff,110.3880868,0.5813953488372092
P14,038 273 839,1,MAR,struct_cliff,FSV,label_cliff,struct_cliff.to.label_cliff,93.7825922,0.8260869565217391
P19,038 273 839,2,OTQ,anchor,MAR,struct_cliff,anchor.to.struct_cliff,7.865907449,0.8478260869565217
P19,038 273 839,2,OTQ,anchor,FSV,label_cliff,anchor.to.label_cliff,133.0068464,0.5813953488372092
P19,038 273 839,2,MAR,struct_cliff,FSV,label_cliff,struct_cliff.to.label_cliff,127.2035208,0.8260869565217391
P19,038 273 839,1,OTQ,anchor,MAR,struct_cliff,anchor.to.struct_cliff,27.31564021,0.8478260869565217
P19,038 273 839,1,OTQ,anchor,FSV,label_cliff,anchor.to.label_cliff,131.0937989,0.5813953488372092
P19,038 273 839,1,MAR,struct_cliff,FSV,label_cliff,struct_cliff.to.label_cliff,110.0114199,0.8260869565217391
P2,038 273 839,2,OTQ,anchor,MAR,struct_cliff,anchor.to.struct_cliff,46.62511126,0.8478260869565217
P2,038 273 839,2,OTQ,anchor,FSV,label_cliff,anchor.to.label_cliff,79.58129491,0.5813953488372092
P2,038 273 839,2,MAR,struct_cliff,FSV,label_cliff,struct_cliff.to.label_cliff,79.03456269,0.8260869565217391
P2,038 273 839,1,OTQ,anchor,MAR,struct_cliff,anchor.to.struct_cliff,63.20986315,0.8478260869565217
P2,038 273 839,1,OTQ,anchor,FSV,label_cliff,anchor.to.label_cliff,102.4866474,0.5813953488372092
P2,038 273 839,1,MAR,struct_cliff,FSV,label_cliff,struct_cliff.to.label_cliff,97.04423991,0.8260869565217391
P23,038 273 839,1,OTQ,anchor,MAR,struct_cliff,anchor.to.struct_cliff,96.13016592,0.8478260869565217
P23,038 273 839,1,OTQ,anchor,FSV,label_cliff,anchor.to.label_cliff,89.43395608,0.5813953488372092
P23,038 273 839,1,MAR,struct_cliff,FSV,label_cliff,struct_cliff.to.label_cliff,86.80296366,0.8260869565217391
P25,038 273 839,2,OTQ,anchor,MAR,struct_cliff,anchor.to.struct_cliff,26.0512303,0.8478260869565217
P25,038 273 839,2,OTQ,anchor,FSV,label_cliff,anchor.to.label_cliff,19.10104709,0.5813953488372092
P25,038 273 839,2,MAR,struct_cliff,FSV,label_cliff,struct_cliff.to.label_cliff,9.530131164,0.8260869565217391
P25,038 273 839,1,OTQ,anchor,MAR,struct_cliff,anchor.to.struct_cliff,86.89017724,0.8478260869565217
P25,038 273 839,1,OTQ,anchor,FSV,label_cliff,anchor.to.label_cliff,49.43947107,0.5813953488372092
P25,038 273 839,1,MAR,struct_cliff,FSV,label_cliff,struct_cliff.to.label_cliff,120.4618919,0.8260869565217391
P26,038 273 839,2,OTQ,anchor,MAR,struct_cliff,anchor.to.struct_cliff,11.55110817,0.8478260869565217
P26,038 273 839,2,OTQ,anchor,FSV,label_cliff,anchor.to.label_cliff,59.50753986,0.5813953488372092
P26,038 273 839,2,MAR,struct_cliff,FSV,label_cliff,struct_cliff.to.label_cliff,57.12103641,0.8260869565217391
P26,038 273 839,1,OTQ,anchor,MAR,struct_cliff,anchor.to.struct_cliff,96.60755095,0.8478260869565217
P26,038 273 839,1,OTQ,anchor,FSV,label_cliff,anchor.to.label_cliff,129.9108286,0.5813953488372092
P26,038 273 839,1,MAR,struct_cliff,FSV,label_cliff,struct_cliff.to.label_cliff,64.17137446,0.8260869565217391
P27,038 273 839,2,OTQ,anchor,MAR,struct_cliff,anchor.to.struct_cliff,90.77710945,0.8478260869565217
P27,038 273 839,2,OTQ,anchor,FSV,label_cliff,anchor.to.label_cliff,88.34501967,0.5813953488372092
P27,038 273 839,2,MAR,struct_cliff,FSV,label_cliff,struct_cliff.to.label_cliff,97.76990999,0.8260869565217391
P27,038 273 839,1,OTQ,anchor,MAR,struct_cliff,anchor.to.struct_cliff,19.46001028,0.8478260869565217
P27,038 273 839,1,OTQ,anchor,FSV,label_cliff,anchor.to.label_cliff,117.2201348,0.5813953488372092
P27,038 273 839,1,MAR,struct_cliff,FSV,label_cliff,struct_cliff.to.label_cliff,112.1953475,0.8260869565217391
P28,038 273 839,2,OTQ,anchor,MAR,struct_cliff,anchor.to.struct_cliff,105.6487937,0.8478260869565217
P28,038 273 839,2,OTQ,anchor,FSV,label_cliff,anchor.to.label_cliff,74.88584646,0.5813953488372092
P28,038 273 839,2,MAR,struct_cliff,FSV,label_cliff,struct_cliff.to.label_cliff,84.17196208,0.8260869565217391
P28,038 273 839,1,OTQ,anchor,MAR,struct_cliff,anchor.to.struct_cliff,39.09296868,0.8478260869565217
P28,038 273 839,1,OTQ,anchor,FSV,label_cliff,anchor.to.label_cliff,92.87954188,0.5813953488372092
P28,038 273 839,1,MAR,struct_cliff,FSV,label_cliff,struct_cliff.to.label_cliff,94.35399144,0.8260869565217391
P31,038 273 839,2,OTQ,anchor,MAR,struct_cliff,anchor.to.struct_cliff,6.600484831,0.8478260869565217
P31,038 273 839,2,OTQ,anchor,FSV,label_cliff,anchor.to.label_cliff,6.286883171,0.5813953488372092
P31,038 273 839,2,MAR,struct_cliff,FSV,label_cliff,struct_cliff.to.label_cliff,6.302578837,0.8260869565217391
P31,038 273 839,1,OTQ,anchor,MAR,struct_cliff,anchor.to.struct_cliff,13.80638983,0.8478260869565217
P31,038 273 839,1,OTQ,anchor,FSV,label_cliff,anchor.to.label_cliff,91.912825,0.5813953488372092
P31,038 273 839,1,MAR,struct_cliff,FSV,label_cliff,struct_cliff.to.label_cliff,82.0331945,0.8260869565217391
P32,038 273 839,2,OTQ,anchor,MAR,struct_cliff,anchor.to.struct_cliff,18.66578153,0.8478260869565217
P32,038 273 839,2,OTQ,anchor,FSV,label_cliff,anchor.to.label_cliff,52.65968667,0.5813953488372092
P32,038 273 839,2,MAR,struct_cliff,FSV,label_cliff,struct_cliff.to.label_cliff,55.87201446,0.8260869565217391
P32,038 273 839,1,OTQ,anchor,MAR,struct_cliff,anchor.to.struct_cliff,14.30706119,0.8478260869565217
P32,038 273 839,1,OTQ,anchor,FSV,label_cliff,anchor.to.label_cliff,43.25152598,0.5813953488372092
P32,038 273 839,1,MAR,struct_cliff,FSV,label_cliff,struct_cliff.to.label_cliff,49.96123798,0.8260869565217391
P5,038 273 839,2,OTQ,anchor,MAR,struct_cliff,anchor.to.struct_cliff,15.92664434,0.8478260869565217
P5,038 273 839,2,OTQ,anchor,FSV,label_cliff,anchor.to.label_cliff,115.1697269,0.5813953488372092
P5,038 273 839,2,MAR,struct_cliff,FSV,label_cliff,struct_cliff.to.label_cliff,99.33468679,0.8260869565217391
P5,038 273 839,1,OTQ,anchor,MAR,struct_cliff,anchor.to.struct_cliff,14.16772741,0.8478260869565217
P5,038 273 839,1,OTQ,anchor,FSV,label_cliff,anchor.to.label_cliff,95.20973585,0.5813953488372092
P5,038 273 839,1,MAR,struct_cliff,FSV,label_cliff,struct_cliff.to.label_cliff,81.23205586,0.8260869565217391
P6,038 273 839,2,OTQ,anchor,MAR,struct_cliff,anchor.to.struct_cliff,64.07361782,0.8478260869565217
P6,038 273 839,2,OTQ,anchor,FSV,label_cliff,anchor.to.label_cliff,27.53942084,0.5813953488372092
P6,038 273 839,2,MAR,struct_cliff,FSV,label_cliff,struct_cliff.to.label_cliff,77.81503325,0.8260869565217391
P6,038 273 839,1,OTQ,anchor,MAR,struct_cliff,anchor.to.struct_cliff,16.14577654,0.8478260869565217
P6,038 273 839,1,OTQ,anchor,FSV,label_cliff,anchor.to.label_cliff,55.42954086,0.5813953488372092
P6,038 273 839,1,MAR,struct_cliff,FSV,label_cliff,struct_cliff.to.label_cliff,66.74053416,0.8260869565217391
P9,038 273 839,2,OTQ,anchor,MAR,struct_cliff,anchor.to.struct_cliff,27.40541552,0.8478260869565217
P9,038 273 839,2,OTQ,anchor,FSV,label_cliff,anchor.to.label_cliff,67.16327866,0.5813953488372092
P9,038 273 839,2,MAR,struct_cliff,FSV,label_cliff,struct_cliff.to.label_cliff,62.77657206,0.8260869565217391
P9,038 273 839,1,OTQ,anchor,MAR,struct_cliff,anchor.to.struct_cliff,38.4737313,0.8478260869565217
P9,038 273 839,1,OTQ,anchor,FSV,label_cliff,anchor.to.label_cliff,35.63587238,0.5813953488372092
P9,038 273 839,1,MAR,struct_cliff,FSV,label_cliff,struct_cliff.to.label_cliff,66.06506641,0.8260869565217391
P1,038 848 983,2,ZWB,anchor,MAR,struct_cliff,anchor.to.struct_cliff,88.20047676,0.7333333333333334
P1,038 848 983,2,ZWB,anchor,CIX,label_cliff,anchor.to.label_cliff,94.14017208,0.5862068965517242
P1,038 848 983,2,MAR,struct_cliff,CIX,label_cliff,struct_cliff.to.label_cliff,91.15645726,0.8048780487804879
P1,038 848 983,1,ZWB,anchor,MAR,struct_cliff,anchor.to.struct_cliff,75.49793971,0.7333333333333334
P1,038 848 983,1,ZWB,anchor,CIX,label_cliff,anchor.to.label_cliff,124.7442524,0.5862068965517242
P1,038 848 983,1,MAR,struct_cliff,CIX,label_cliff,struct_cliff.to.label_cliff,49.42867589,0.8048780487804879
P10,038 848 983,2,ZWB,anchor,MAR,struct_cliff,anchor.to.struct_cliff,16.86384594,0.7333333333333334
P10,038 848 983,2,ZWB,anchor,CIX,label_cliff,anchor.to.label_cliff,43.35355233,0.5862068965517242
P10,038 848 983,2,MAR,struct_cliff,CIX,label_cliff,struct_cliff.to.label_cliff,51.94323825,0.8048780487804879
P10,038 848 983,1,ZWB,anchor,MAR,struct_cliff,anchor.to.struct_cliff,8.750502843,0.7333333333333334
P10,038 848 983,1,ZWB,anchor,CIX,label_cliff,anchor.to.label_cliff,65.34323301,0.5862068965517242
P10,038 848 983,1,MAR,struct_cliff,CIX,label_cliff,struct_cliff.to.label_cliff,66.73111568,0.8048780487804879
P11,038 848 983,2,ZWB,anchor,MAR,struct_cliff,anchor.to.struct_cliff,31.56315732,0.7333333333333334
P11,038 848 983,2,ZWB,anchor,CIX,label_cliff,anchor.to.label_cliff,100.3125401,0.5862068965517242
P11,038 848 983,2,MAR,struct_cliff,CIX,label_cliff,struct_cliff.to.label_cliff,78.6614785,0.8048780487804879
P11,038 848 983,1,ZWB,anchor,MAR,struct_cliff,anchor.to.struct_cliff,33.60214279,0.7333333333333334
P11,038 848 983,1,ZWB,anchor,CIX,label_cliff,anchor.to.label_cliff,12.6207171,0.5862068965517242
P11,038 848 983,1,MAR,struct_cliff,CIX,label_cliff,struct_cliff.to.label_cliff,20.99786894,0.8048780487804879
P13,038 848 983,1,ZWB,anchor,MAR,struct_cliff,anchor.to.struct_cliff,81.95406152,0.7333333333333334
P13,038 848 983,1,ZWB,anchor,CIX,label_cliff,anchor.to.label_cliff,92.82898793,0.5862068965517242
P13,038 848 983,1,MAR,struct_cliff,CIX,label_cliff,struct_cliff.to.label_cliff,84.59686046,0.8048780487804879
P14,038 848 983,2,ZWB,anchor,MAR,struct_cliff,anchor.to.struct_cliff,24.34118321,0.7333333333333334
P14,038 848 983,2,ZWB,anchor,CIX,label_cliff,anchor.to.label_cliff,112.7269591,0.5862068965517242
P14,038 848 983,2,MAR,struct_cliff,CIX,label_cliff,struct_cliff.to.label_cliff,113.2551301,0.8048780487804879
P14,038 848 983,1,ZWB,anchor,MAR,struct_cliff,anchor.to.struct_cliff,38.35519522,0.7333333333333334
P14,038 848 983,1,ZWB,anchor,CIX,label_cliff,anchor.to.label_cliff,90.57022248,0.5862068965517242
P14,038 848 983,1,MAR,struct_cliff,CIX,label_cliff,struct_cliff.to.label_cliff,88.4955513,0.8048780487804879
P19,038 848 983,2,ZWB,anchor,MAR,struct_cliff,anchor.to.struct_cliff,13.17587189,0.7333333333333334
P19,038 848 983,2,ZWB,anchor,CIX,label_cliff,anchor.to.label_cliff,118.2196676,0.5862068965517242
P19,038 848 983,2,MAR,struct_cliff,CIX,label_cliff,struct_cliff.to.label_cliff,131.0128734,0.8048780487804879
P19,038 848 983,1,ZWB,anchor,MAR,struct_cliff,anchor.to.struct_cliff,93.47686398,0.7333333333333334
P19,038 848 983,1,ZWB,anchor,CIX,label_cliff,anchor.to.label_cliff,131.627929,0.5862068965517242
P19,038 848 983,1,MAR,struct_cliff,CIX,label_cliff,struct_cliff.to.label_cliff,89.27053825,0.8048780487804879
P2,038 848 983,2,ZWB,anchor,MAR,struct_cliff,anchor.to.struct_cliff,102.4426654,0.7333333333333334
P2,038 848 983,2,ZWB,anchor,CIX,label_cliff,anchor.to.label_cliff,103.9368212,0.5862068965517242
P2,038 848 983,2,MAR,struct_cliff,CIX,label_cliff,struct_cliff.to.label_cliff,66.44683363,0.8048780487804879
P2,038 848 983,1,ZWB,anchor,MAR,struct_cliff,anchor.to.struct_cliff,60.6351878,0.7333333333333334
P2,038 848 983,1,ZWB,anchor,CIX,label_cliff,anchor.to.label_cliff,102.7188571,0.5862068965517242
P2,038 848 983,1,MAR,struct_cliff,CIX,label_cliff,struct_cliff.to.label_cliff,102.7090376,0.8048780487804879
P23,038 848 983,1,ZWB,anchor,MAR,struct_cliff,anchor.to.struct_cliff,74.93848411,0.7333333333333334
P23,038 848 983,1,ZWB,anchor,CIX,label_cliff,anchor.to.label_cliff,94.99743628,0.5862068965517242
P23,038 848 983,1,MAR,struct_cliff,CIX,label_cliff,struct_cliff.to.label_cliff,97.59839189,0.8048780487804879
P25,038 848 983,2,ZWB,anchor,MAR,struct_cliff,anchor.to.struct_cliff,45.74559432,0.7333333333333334
P25,038 848 983,2,ZWB,anchor,CIX,label_cliff,anchor.to.label_cliff,43.76852751,0.5862068965517242
P25,038 848 983,2,MAR,struct_cliff,CIX,label_cliff,struct_cliff.to.label_cliff,16.13424309,0.8048780487804879
P25,038 848 983,1,ZWB,anchor,MAR,struct_cliff,anchor.to.struct_cliff,23.45644901,0.7333333333333334
P25,038 848 983,1,ZWB,anchor,CIX,label_cliff,anchor.to.label_cliff,76.17861642,0.5862068965517242
P25,038 848 983,1,MAR,struct_cliff,CIX,label_cliff,struct_cliff.to.label_cliff,80.19944264,0.8048780487804879
P26,038 848 983,2,ZWB,anchor,MAR,struct_cliff,anchor.to.struct_cliff,60.97604284,0.7333333333333334
P26,038 848 983,2,ZWB,anchor,CIX,label_cliff,anchor.to.label_cliff,52.13522801,0.5862068965517242
P26,038 848 983,2,MAR,struct_cliff,CIX,label_cliff,struct_cliff.to.label_cliff,30.47004102,0.8048780487804879
P26,038 848 983,1,ZWB,anchor,MAR,struct_cliff,anchor.to.struct_cliff,46.91089639,0.7333333333333334
P26,038 848 983,1,ZWB,anchor,CIX,label_cliff,anchor.to.label_cliff,125.7442663,0.5862068965517242
P26,038 848 983,1,MAR,struct_cliff,CIX,label_cliff,struct_cliff.to.label_cliff,99.70588398,0.8048780487804879
P27,038 848 983,2,ZWB,anchor,MAR,struct_cliff,anchor.to.struct_cliff,126.2599798,0.7333333333333334
P27,038 848 983,2,ZWB,anchor,CIX,label_cliff,anchor.to.label_cliff,123.4157502,0.5862068965517242
P27,038 848 983,2,MAR,struct_cliff,CIX,label_cliff,struct_cliff.to.label_cliff,4.080306361,0.8048780487804879
P27,038 848 983,1,ZWB,anchor,MAR,struct_cliff,anchor.to.struct_cliff,9.765121607,0.7333333333333334
P27,038 848 983,1,ZWB,anchor,CIX,label_cliff,anchor.to.label_cliff,118.8443457,0.5862068965517242
P27,038 848 983,1,MAR,struct_cliff,CIX,label_cliff,struct_cliff.to.label_cliff,126.1357986,0.8048780487804879
P28,038 848 983,2,ZWB,anchor,MAR,struct_cliff,anchor.to.struct_cliff,94.96558219,0.7333333333333334
P28,038 848 983,2,ZWB,anchor,CIX,label_cliff,anchor.to.label_cliff,64.05243243,0.5862068965517242
P28,038 848 983,2,MAR,struct_cliff,CIX,label_cliff,struct_cliff.to.label_cliff,89.73993147,0.8048780487804879
P28,038 848 983,1,ZWB,anchor,MAR,struct_cliff,anchor.to.struct_cliff,79.28400217,0.7333333333333334
P28,038 848 983,1,ZWB,anchor,CIX,label_cliff,anchor.to.label_cliff,81.12544607,0.5862068965517242
P28,038 848 983,1,MAR,struct_cliff,CIX,label_cliff,struct_cliff.to.label_cliff,111.6983697,0.8048780487804879
P31,038 848 983,2,ZWB,anchor,MAR,struct_cliff,anchor.to.struct_cliff,95.12114907,0.7333333333333334
P31,038 848 983,2,ZWB,anchor,CIX,label_cliff,anchor.to.label_cliff,74.22262256,0.5862068965517242
P31,038 848 983,2,MAR,struct_cliff,CIX,label_cliff,struct_cliff.to.label_cliff,20.9237879,0.8048780487804879
P31,038 848 983,1,ZWB,anchor,MAR,struct_cliff,anchor.to.struct_cliff,49.96779863,0.7333333333333334
P31,038 848 983,1,ZWB,anchor,CIX,label_cliff,anchor.to.label_cliff,51.84664502,0.5862068965517242
P31,038 848 983,1,MAR,struct_cliff,CIX,label_cliff,struct_cliff.to.label_cliff,100.9134505,0.8048780487804879
P32,038 848 983,2,ZWB,anchor,MAR,struct_cliff,anchor.to.struct_cliff,13.90658118,0.7333333333333334
P32,038 848 983,2,ZWB,anchor,CIX,label_cliff,anchor.to.label_cliff,20.52732082,0.5862068965517242
P32,038 848 983,2,MAR,struct_cliff,CIX,label_cliff,struct_cliff.to.label_cliff,25.71484591,0.8048780487804879
P32,038 848 983,1,ZWB,anchor,MAR,struct_cliff,anchor.to.struct_cliff,27.94873163,0.7333333333333334
P32,038 848 983,1,ZWB,anchor,CIX,label_cliff,anchor.to.label_cliff,32.58454388,0.5862068965517242
P32,038 848 983,1,MAR,struct_cliff,CIX,label_cliff,struct_cliff.to.label_cliff,27.33421482,0.8048780487804879
P5,038 848 983,2,ZWB,anchor,MAR,struct_cliff,anchor.to.struct_cliff,63.77897616,0.7333333333333334
P5,038 848 983,2,ZWB,anchor,CIX,label_cliff,anchor.to.label_cliff,49.29855576,0.5862068965517242
P5,038 848 983,2,MAR,struct_cliff,CIX,label_cliff,struct_cliff.to.label_cliff,48.12344335,0.8048780487804879
P5,038 848 983,1,ZWB,anchor,MAR,struct_cliff,anchor.to.struct_cliff,27.97959435,0.7333333333333334
P5,038 848 983,1,ZWB,anchor,CIX,label_cliff,anchor.to.label_cliff,113.4785284,0.5862068965517242
P5,038 848 983,1,MAR,struct_cliff,CIX,label_cliff,struct_cliff.to.label_cliff,85.53631802,0.8048780487804879
P6,038 848 983,2,ZWB,anchor,MAR,struct_cliff,anchor.to.struct_cliff,30.71862627,0.7333333333333334
P6,038 848 983,2,ZWB,anchor,CIX,label_cliff,anchor.to.label_cliff,34.54903761,0.5862068965517242
P6,038 848 983,2,MAR,struct_cliff,CIX,label_cliff,struct_cliff.to.label_cliff,60.14482854,0.8048780487804879
P6,038 848 983,1,ZWB,anchor,MAR,struct_cliff,anchor.to.struct_cliff,26.76237844,0.7333333333333334
P6,038 848 983,1,ZWB,anchor,CIX,label_cliff,anchor.to.label_cliff,52.5678609,0.5862068965517242
P6,038 848 983,1,MAR,struct_cliff,CIX,label_cliff,struct_cliff.to.label_cliff,68.77588894,0.8048780487804879
P9,038 848 983,2,ZWB,anchor,MAR,struct_cliff,anchor.to.struct_cliff,53.35064105,0.7333333333333334
P9,038 848 983,2,ZWB,anchor,CIX,label_cliff,anchor.to.label_cliff,40.58733793,0.5862068965517242
P9,038 848 983,2,MAR,struct_cliff,CIX,label_cliff,struct_cliff.to.label_cliff,74.51233522,0.8048780487804879
P9,038 848 983,1,ZWB,anchor,MAR,struct_cliff,anchor.to.struct_cliff,35.51651588,0.7333333333333334
P9,038 848 983,1,ZWB,anchor,CIX,label_cliff,anchor.to.label_cliff,63.65453008,0.5862068965517242
P9,038 848 983,1,MAR,struct_cliff,CIX,label_cliff,struct_cliff.to.label_cliff,77.46578922,0.8048780487804879
P1,038 370 641,2,AOR,anchor,MAR,struct_cliff,anchor.to.struct_cliff,103.5672091,0.7666666666666666
P1,038 370 641,2,AOR,anchor,PTF,label_cliff,anchor.to.label_cliff,93.49,0.5652173913043479
P1,038 370 641,2,MAR,struct_cliff,PTF,label_cliff,struct_cliff.to.label_cliff,104.3988664,0.8
P1,038 370 641,1,AOR,anchor,MAR,struct_cliff,anchor.to.struct_cliff,58.76802532,0.7666666666666666
P1,038 370 641,1,AOR,anchor,PTF,label_cliff,anchor.to.label_cliff,71.06279547,0.5652173913043479
P1,038 370 641,1,MAR,struct_cliff,PTF,label_cliff,struct_cliff.to.label_cliff,129.6338956,0.8
P10,038 370 641,2,AOR,anchor,MAR,struct_cliff,anchor.to.struct_cliff,36.08016768,0.7666666666666666
P10,038 370 641,2,AOR,anchor,PTF,label_cliff,anchor.to.label_cliff,87.12318233,0.5652173913043479
P10,038 370 641,2,MAR,struct_cliff,PTF,label_cliff,struct_cliff.to.label_cliff,65.73188115,0.8
P10,038 370 641,1,AOR,anchor,MAR,struct_cliff,anchor.to.struct_cliff,12.79706607,0.7666666666666666
P10,038 370 641,1,AOR,anchor,PTF,label_cliff,anchor.to.label_cliff,54.79505908,0.5652173913043479
P10,038 370 641,1,MAR,struct_cliff,PTF,label_cliff,struct_cliff.to.label_cliff,49.22131652,0.8
P11,038 370 641,2,AOR,anchor,MAR,struct_cliff,anchor.to.struct_cliff,21.54066851,0.7666666666666666
P11,038 370 641,2,AOR,anchor,PTF,label_cliff,anchor.to.label_cliff,20.60434178,0.5652173913043479
P11,038 370 641,2,MAR,struct_cliff,PTF,label_cliff,struct_cliff.to.label_cliff,17.70543702,0.8
P11,038 370 641,1,AOR,anchor,MAR,struct_cliff,anchor.to.struct_cliff,21.23461561,0.7666666666666666
P11,038 370 641,1,AOR,anchor,PTF,label_cliff,anchor.to.label_cliff,39.12468402,0.5652173913043479
P11,038 370 641,1,MAR,struct_cliff,PTF,label_cliff,struct_cliff.to.label_cliff,25.88097757,0.8
P13,038 370 641,1,AOR,anchor,MAR,struct_cliff,anchor.to.struct_cliff,100.8423294,0.7666666666666666
P13,038 370 641,1,AOR,anchor,PTF,label_cliff,anchor.to.label_cliff,91.08353803,0.5652173913043479
P13,038 370 641,1,MAR,struct_cliff,PTF,label_cliff,struct_cliff.to.label_cliff,73.57664915,0.8
P14,038 370 641,2,AOR,anchor,MAR,struct_cliff,anchor.to.struct_cliff,87.44126314,0.7666666666666666
P14,038 370 641,2,AOR,anchor,PTF,label_cliff,anchor.to.label_cliff,93.73311155,0.5652173913043479
P14,038 370 641,2,MAR,struct_cliff,PTF,label_cliff,struct_cliff.to.label_cliff,94.53377862,0.8
P14,038 370 641,1,AOR,anchor,MAR,struct_cliff,anchor.to.struct_cliff,26.40182001,0.7666666666666666
P14,038 370 641,1,AOR,anchor,PTF,label_cliff,anchor.to.label_cliff,93.93418174,0.5652173913043479
P14,038 370 641,1,MAR,struct_cliff,PTF,label_cliff,struct_cliff.to.label_cliff,110.7901629,0.8
P19,038 370 641,2,AOR,anchor,MAR,struct_cliff,anchor.to.struct_cliff,10.8700414,0.7666666666666666
P19,038 370 641,2,AOR,anchor,PTF,label_cliff,anchor.to.label_cliff,120.9305958,0.5652173913043479
P19,038 370 641,2,MAR,struct_cliff,PTF,label_cliff,struct_cliff.to.label_cliff,131.776529,0.8
P19,038 370 641,1,AOR,anchor,MAR,struct_cliff,anchor.to.struct_cliff,56.39660007,0.7666666666666666
P19,038 370 641,1,AOR,anchor,PTF,label_cliff,anchor.to.label_cliff,104.8442969,0.5652173913043479
P19,038 370 641,1,MAR,struct_cliff,PTF,label_cliff,struct_cliff.to.label_cliff,65.84158033,0.8
P2,038 370 641,2,AOR,anchor,MAR,struct_cliff,anchor.to.struct_cliff,67.32156341,0.7666666666666666
P2,038 370 641,2,AOR,anchor,PTF,label_cliff,anchor.to.label_cliff,102.9220972,0.5652173913043479
P2,038 370 641,2,MAR,struct_cliff,PTF,label_cliff,struct_cliff.to.label_cliff,104.7395723,0.8
P2,038 370 641,1,AOR,anchor,MAR,struct_cliff,anchor.to.struct_cliff,94.43812207,0.7666666666666666
P2,038 370 641,1,AOR,anchor,PTF,label_cliff,anchor.to.label_cliff,89.39589308,0.5652173913043479
P2,038 370 641,1,MAR,struct_cliff,PTF,label_cliff,struct_cliff.to.label_cliff,102.4072273,0.8
P23,038 370 641,1,AOR,anchor,MAR,struct_cliff,anchor.to.struct_cliff,95.33366509,0.7666666666666666
P23,038 370 641,1,AOR,anchor,PTF,label_cliff,anchor.to.label_cliff,84.40375939,0.5652173913043479
P23,038 370 641,1,MAR,struct_cliff,PTF,label_cliff,struct_cliff.to.label_cliff,60.09973461,0.8
P25,038 370 641,2,AOR,anchor,MAR,struct_cliff,anchor.to.struct_cliff,77.98268141,0.7666666666666666
P25,038 370 641,2,AOR,anchor,PTF,label_cliff,anchor.to.label_cliff,75.7044107,0.5652173913043479
P25,038 370 641,2,MAR,struct_cliff,PTF,label_cliff,struct_cliff.to.label_cliff,78.78740255,0.8
P25,038 370 641,1,AOR,anchor,MAR,struct_cliff,anchor.to.struct_cliff,30.44738577,0.7666666666666666
P25,038 370 641,1,AOR,anchor,PTF,label_cliff,anchor.to.label_cliff,78.24339014,0.5652173913043479
P25,038 370 641,1,MAR,struct_cliff,PTF,label_cliff,struct_cliff.to.label_cliff,74.5925385,0.8
P26,038 370 641,2,AOR,anchor,MAR,struct_cliff,anchor.to.struct_cliff,71.10155343,0.7666666666666666
P26,038 370 641,2,AOR,anchor,PTF,label_cliff,anchor.to.label_cliff,89.63119212,0.5652173913043479
P26,038 370 641,2,MAR,struct_cliff,PTF,label_cliff,struct_cliff.to.label_cliff,124.6009474,0.8
P26,038 370 641,1,AOR,anchor,MAR,struct_cliff,anchor.to.struct_cliff,24.61755877,0.7666666666666666
P26,038 370 641,1,AOR,anchor,PTF,label_cliff,anchor.to.label_cliff,111.4349662,0.5652173913043479
P26,038 370 641,1,MAR,struct_cliff,PTF,label_cliff,struct_cliff.to.label_cliff,127.9651159,0.8
P27,038 370 641,2,AOR,anchor,MAR,struct_cliff,anchor.to.struct_cliff,15.70215272,0.7666666666666666
P27,038 370 641,2,AOR,anchor,PTF,label_cliff,anchor.to.label_cliff,119.5661465,0.5652173913043479
P27,038 370 641,2,MAR,struct_cliff,PTF,label_cliff,struct_cliff.to.label_cliff,109.086143,0.8
P27,038 370 641,1,AOR,anchor,MAR,struct_cliff,anchor.to.struct_cliff,92.71628228,0.7666666666666666
P27,038 370 641,1,AOR,anchor,PTF,label_cliff,anchor.to.label_cliff,115.7808831,0.5652173913043479
P27,038 370 641,1,MAR,struct_cliff,PTF,label_cliff,struct_cliff.to.label_cliff,89.43003578,0.8
P28,038 370 641,2,AOR,anchor,MAR,struct_cliff,anchor.to.struct_cliff,67.73911499,0.7666666666666666
P28,038 370 641,2,AOR,anchor,PTF,label_cliff,anchor.to.label_cliff,87.00560959,0.5652173913043479
P28,038 370 641,2,MAR,struct_cliff,PTF,label_cliff,struct_cliff.to.label_cliff,114.2260434,0.8
P28,038 370 641,1,AOR,anchor,MAR,struct_cliff,anchor.to.struct_cliff,33.53614319,0.7666666666666666
P28,038 370 641,1,AOR,anchor,PTF,label_cliff,anchor.to.label_cliff,101.7944404,0.5652173913043479
P28,038 370 641,1,MAR,struct_cliff,PTF,label_cliff,struct_cliff.to.label_cliff,102.5369787,0.8
P31,038 370 641,2,AOR,anchor,MAR,struct_cliff,anchor.to.struct_cliff,51.65362524,0.7666666666666666
P31,038 370 641,2,AOR,anchor,PTF,label_cliff,anchor.to.label_cliff,58.99440736,0.5652173913043479
P31,038 370 641,2,MAR,struct_cliff,PTF,label_cliff,struct_cliff.to.label_cliff,9.37768095,0.8
P31,038 370 641,1,AOR,anchor,MAR,struct_cliff,anchor.to.struct_cliff,21.89192088,0.7666666666666666
P31,038 370 641,1,AOR,anchor,PTF,label_cliff,anchor.to.label_cliff,70.38008028,0.5652173913043479
P31,038 370 641,1,MAR,struct_cliff,PTF,label_cliff,struct_cliff.to.label_cliff,74.90568002,0.8
P32,038 370 641,2,AOR,anchor,MAR,struct_cliff,anchor.to.struct_cliff,48.09194527,0.7666666666666666
P32,038 370 641,2,AOR,anchor,PTF,label_cliff,anchor.to.label_cliff,56.57489373,0.5652173913043479
P32,038 370 641,2,MAR,struct_cliff,PTF,label_cliff,struct_cliff.to.label_cliff,37.33446933,0.8
P32,038 370 641,1,AOR,anchor,MAR,struct_cliff,anchor.to.struct_cliff,25.54348841,0.7666666666666666
P32,038 370 641,1,AOR,anchor,PTF,label_cliff,anchor.to.label_cliff,48.47272326,0.5652173913043479
P32,038 370 641,1,MAR,struct_cliff,PTF,label_cliff,struct_cliff.to.label_cliff,49.119659,0.8
P5,038 370 641,2,AOR,anchor,MAR,struct_cliff,anchor.to.struct_cliff,92.90634532,0.7666666666666666
P5,038 370 641,2,AOR,anchor,PTF,label_cliff,anchor.to.label_cliff,23.45589265,0.5652173913043479
P5,038 370 641,2,MAR,struct_cliff,PTF,label_cliff,struct_cliff.to.label_cliff,116.3531766,0.8
P5,038 370 641,1,AOR,anchor,MAR,struct_cliff,anchor.to.struct_cliff,29.01793239,0.7666666666666666
P5,038 370 641,1,AOR,anchor,PTF,label_cliff,anchor.to.label_cliff,91.2923091,0.5652173913043479
P5,038 370 641,1,MAR,struct_cliff,PTF,label_cliff,struct_cliff.to.label_cliff,120.1165455,0.8
P6,038 370 641,2,AOR,anchor,MAR,struct_cliff,anchor.to.struct_cliff,22.80428469,0.7666666666666666
P6,038 370 641,2,AOR,anchor,PTF,label_cliff,anchor.to.label_cliff,38.18795622,0.5652173913043479
P6,038 370 641,2,MAR,struct_cliff,PTF,label_cliff,struct_cliff.to.label_cliff,28.23224044,0.8
P6,038 370 641,1,AOR,anchor,MAR,struct_cliff,anchor.to.struct_cliff,40.91730685,0.7666666666666666
P6,038 370 641,1,AOR,anchor,PTF,label_cliff,anchor.to.label_cliff,26.3256092,0.5652173913043479
P6,038 370 641,1,MAR,struct_cliff,PTF,label_cliff,struct_cliff.to.label_cliff,64.11385264,0.8
P9,038 370 641,2,AOR,anchor,MAR,struct_cliff,anchor.to.struct_cliff,67.0524705,0.7666666666666666
P9,038 370 641,2,AOR,anchor,PTF,label_cliff,anchor.to.label_cliff,55.9892454,0.5652173913043479
P9,038 370 641,2,MAR,struct_cliff,PTF,label_cliff,struct_cliff.to.label_cliff,41.26041444,0.8
P9,038 370 641,1,AOR,anchor,MAR,struct_cliff,anchor.to.struct_cliff,26.20487359,0.7666666666666666
P9,038 370 641,1,AOR,anchor,PTF,label_cliff,anchor.to.label_cliff,55.4241626,0.5652173913043479
P9,038 370 641,1,MAR,struct_cliff,PTF,label_cliff,struct_cliff.to.label_cliff,76.16561166,0.8
P1,238 247 457,2,NSO,anchor,XRT,struct_cliff,anchor.to.struct_cliff,110.6862327,0.7096774193548387
P1,238 247 457,2,NSO,anchor,QBM,label_cliff,anchor.to.label_cliff,128.0732111,0.5925925925925926
P1,238 247 457,2,XRT,struct_cliff,QBM,label_cliff,struct_cliff.to.label_cliff,17.734286,0.7272727272727273
P1,238 247 457,1,NSO,anchor,XRT,struct_cliff,anchor.to.struct_cliff,46.75153153,0.7096774193548387
P1,238 247 457,1,NSO,anchor,QBM,label_cliff,anchor.to.label_cliff,106.7449039,0.5925925925925926
P1,238 247 457,1,XRT,struct_cliff,QBM,label_cliff,struct_cliff.to.label_cliff,60.09133382,0.7272727272727273
P10,238 247 457,2,NSO,anchor,XRT,struct_cliff,anchor.to.struct_cliff,37.88335386,0.7096774193548387
P10,238 247 457,2,NSO,anchor,QBM,label_cliff,anchor.to.label_cliff,39.33213063,0.5925925925925926
P10,238 247 457,2,XRT,struct_cliff,QBM,label_cliff,struct_cliff.to.label_cliff,45.98645235,0.7272727272727273
P10,238 247 457,1,NSO,anchor,XRT,struct_cliff,anchor.to.struct_cliff,7.400675645,0.7096774193548387
P10,238 247 457,1,NSO,anchor,QBM,label_cliff,anchor.to.label_cliff,28.81727607,0.5925925925925926
P10,238 247 457,1,XRT,struct_cliff,QBM,label_cliff,struct_cliff.to.label_cliff,27.65247548,0.7272727272727273
P11,238 247 457,2,NSO,anchor,XRT,struct_cliff,anchor.to.struct_cliff,35.2885718,0.7096774193548387
P11,238 247 457,2,NSO,anchor,QBM,label_cliff,anchor.to.label_cliff,10.82036044,0.5925925925925926
P11,238 247 457,2,XRT,struct_cliff,QBM,label_cliff,struct_cliff.to.label_cliff,40.46829006,0.7272727272727273
P11,238 247 457,1,NSO,anchor,XRT,struct_cliff,anchor.to.struct_cliff,62.65012769,0.7096774193548387
P11,238 247 457,1,NSO,anchor,QBM,label_cliff,anchor.to.label_cliff,41.28148495,0.5925925925925926
P11,238 247 457,1,XRT,struct_cliff,QBM,label_cliff,struct_cliff.to.label_cliff,63.33770204,0.7272727272727273
P13,238 247 457,1,NSO,anchor,XRT,struct_cliff,anchor.to.struct_cliff,79.97171062,0.7096774193548387
P13,238 247 457,1,NSO,anchor,QBM,label_cliff,anchor.to.label_cliff,76.99625056,0.5925925925925926
P13,238 247 457,1,XRT,struct_cliff,QBM,label_cliff,struct_cliff.to.label_cliff,88.87885969,0.7272727272727273
P14,238 247 457,2,NSO,anchor,XRT,struct_cliff,anchor.to.struct_cliff,56.0287105,0.7096774193548387
P14,238 247 457,2,NSO,anchor,QBM,label_cliff,anchor.to.label_cliff,57.71324371,0.5925925925925926
P14,238 247 457,2,XRT,struct_cliff,QBM,label_cliff,struct_cliff.to.label_cliff,113.7414177,0.7272727272727273
P14,238 247 457,1,NSO,anchor,XRT,struct_cliff,anchor.to.struct_cliff,76.21235202,0.7096774193548387
P14,238 247 457,1,NSO,anchor,QBM,label_cliff,anchor.to.label_cliff,7.540026525,0.5925925925925926
P14,238 247 457,1,XRT,struct_cliff,QBM,label_cliff,struct_cliff.to.label_cliff,79.79829196,0.7272727272727273
P19,238 247 457,2,NSO,anchor,XRT,struct_cliff,anchor.to.struct_cliff,55.36130418,0.7096774193548387
P19,238 247 457,2,NSO,anchor,QBM,label_cliff,anchor.to.label_cliff,15.95980576,0.5925925925925926
P19,238 247 457,2,XRT,struct_cliff,QBM,label_cliff,struct_cliff.to.label_cliff,39.40421551,0.7272727272727273
P19,238 247 457,1,NSO,anchor,XRT,struct_cliff,anchor.to.struct_cliff,60.75318099,0.7096774193548387
P19,238 247 457,1,NSO,anchor,QBM,label_cliff,anchor.to.label_cliff,4.80235359,0.5925925925925926
P19,238 247 457,1,XRT,struct_cliff,QBM,label_cliff,struct_cliff.to.label_cliff,64.93990453,0.7272727272727273
P2,238 247 457,2,NSO,anchor,XRT,struct_cliff,anchor.to.struct_cliff,5.878817908,0.7096774193548387
P2,238 247 457,2,NSO,anchor,QBM,label_cliff,anchor.to.label_cliff,106.1082113,0.5925925925925926
P2,238 247 457,2,XRT,struct_cliff,QBM,label_cliff,struct_cliff.to.label_cliff,103.7067115,0.7272727272727273
P2,238 247 457,1,NSO,anchor,XRT,struct_cliff,anchor.to.struct_cliff,103.2051443,0.7096774193548387
P2,238 247 457,1,NSO,anchor,QBM,label_cliff,anchor.to.label_cliff,102.9172682,0.5925925925925926
P2,238 247 457,1,XRT,struct_cliff,QBM,label_cliff,struct_cliff.to.label_cliff,91.68153195,0.7272727272727273
P23,238 247 457,1,NSO,anchor,XRT,struct_cliff,anchor.to.struct_cliff,69.09326595,0.7096774193548387
P23,238 247 457,1,NSO,anchor,QBM,label_cliff,anchor.to.label_cliff,94.84825881,0.5925925925925926
P23,238 247 457,1,XRT,struct_cliff,QBM,label_cliff,struct_cliff.to.label_cliff,91.13604117,0.7272727272727273
P25,238 247 457,2,NSO,anchor,XRT,struct_cliff,anchor.to.struct_cliff,35.57188918,0.7096774193548387
P25,238 247 457,2,NSO,anchor,QBM,label_cliff,anchor.to.label_cliff,46.18062364,0.5925925925925926
P25,238 247 457,2,XRT,struct_cliff,QBM,label_cliff,struct_cliff.to.label_cliff,33.73122144,0.7272727272727273
P25,238 247 457,1,NSO,anchor,XRT,struct_cliff,anchor.to.struct_cliff,40.81054031,0.7096774193548387
P25,238 247 457,1,NSO,anchor,QBM,label_cliff,anchor.to.label_cliff,81.65079424,0.5925925925925926
P25,238 247 457,1,XRT,struct_cliff,QBM,label_cliff,struct_cliff.to.label_cliff,79.98286316,0.7272727272727273
P26,238 247 457,2,NSO,anchor,XRT,struct_cliff,anchor.to.struct_cliff,35.31128432,0.7096774193548387
P26,238 247 457,2,NSO,anchor,QBM,label_cliff,anchor.to.label_cliff,34.7788959,0.5925925925925926
P26,238 247 457,2,XRT,struct_cliff,QBM,label_cliff,struct_cliff.to.label_cliff,35.77943543,0.7272727272727273
P26,238 247 457,1,NSO,anchor,XRT,struct_cliff,anchor.to.struct_cliff,132.08118,0.7096774193548387
P26,238 247 457,1,NSO,anchor,QBM,label_cliff,anchor.to.label_cliff,90.99166226,0.5925925925925926
P26,238 247 457,1,XRT,struct_cliff,QBM,label_cliff,struct_cliff.to.label_cliff,93.17366849,0.7272727272727273
P27,238 247 457,2,NSO,anchor,XRT,struct_cliff,anchor.to.struct_cliff,125.3245008,0.7096774193548387
P27,238 247 457,2,NSO,anchor,QBM,label_cliff,anchor.to.label_cliff,67.84108858,0.5925925925925926
P27,238 247 457,2,XRT,struct_cliff,QBM,label_cliff,struct_cliff.to.label_cliff,65.61385829,0.7272727272727273
P27,238 247 457,1,NSO,anchor,XRT,struct_cliff,anchor.to.struct_cliff,128.109783,0.7096774193548387
P27,238 247 457,1,NSO,anchor,QBM,label_cliff,anchor.to.label_cliff,18.53816064,0.5925925925925926
P27,238 247 457,1,XRT,struct_cliff,QBM,label_cliff,struct_cliff.to.label_cliff,116.2882475,0.7272727272727273
P28,238 247 457,2,NSO,anchor,XRT,struct_cliff,anchor.to.struct_cliff,62.78035123,0.7096774193548387
P28,238 247 457,2,NSO,anchor,QBM,label_cliff,anchor.to.label_cliff,90.28411156,0.5925925925925926
P28,238 247 457,2,XRT,struct_cliff,QBM,label_cliff,struct_cliff.to.label_cliff,78.73369609,0.7272727272727273
P28,238 247 457,1,NSO,anchor,XRT,struct_cliff,anchor.to.struct_cliff,83.38846083,0.7096774193548387
P28,238 247 457,1,NSO,anchor,QBM,label_cliff,anchor.to.label_cliff,73.09353186,0.5925925925925926
P28,238 247 457,1,XRT,struct_cliff,QBM,label_cliff,struct_cliff.to.label_cliff,99.13399921,0.7272727272727273
P31,238 247 457,2,NSO,anchor,XRT,struct_cliff,anchor.to.struct_cliff,90.93310508,0.7096774193548387
P31,238 247 457,2,NSO,anchor,QBM,label_cliff,anchor.to.label_cliff,92.59095636,0.5925925925925926
P31,238 247 457,2,XRT,struct_cliff,QBM,label_cliff,struct_cliff.to.label_cliff,10.56569922,0.7272727272727273
P31,238 247 457,1,NSO,anchor,XRT,struct_cliff,anchor.to.struct_cliff,24.689919,0.7096774193548387
P31,238 247 457,1,NSO,anchor,QBM,label_cliff,anchor.to.label_cliff,26.28012177,0.5925925925925926
P31,238 247 457,1,XRT,struct_cliff,QBM,label_cliff,struct_cliff.to.label_cliff,24.25265552,0.7272727272727273
P32,238 247 457,2,NSO,anchor,XRT,struct_cliff,anchor.to.struct_cliff,49.27143594,0.7096774193548387
P32,238 247 457,2,NSO,anchor,QBM,label_cliff,anchor.to.label_cliff,50.26981003,0.5925925925925926
P32,238 247 457,2,XRT,struct_cliff,QBM,label_cliff,struct_cliff.to.label_cliff,23.86125311,0.7272727272727273
P32,238 247 457,1,NSO,anchor,XRT,struct_cliff,anchor.to.struct_cliff,69.01890321,0.7096774193548387
P32,238 247 457,1,NSO,anchor,QBM,label_cliff,anchor.to.label_cliff,36.14785332,0.5925925925925926
P32,238 247 457,1,XRT,struct_cliff,QBM,label_cliff,struct_cliff.to.label_cliff,37.21232188,0.7272727272727273
P5,238 247 457,2,NSO,anchor,XRT,struct_cliff,anchor.to.struct_cliff,33.42736753,0.7096774193548387
P5,238 247 457,2,NSO,anchor,QBM,label_cliff,anchor.to.label_cliff,64.33627981,0.5925925925925926
P5,238 247 457,2,XRT,struct_cliff,QBM,label_cliff,struct_cliff.to.label_cliff,97.75793472,0.7272727272727273
P5,238 247 457,1,NSO,anchor,XRT,struct_cliff,anchor.to.struct_cliff,15.29890519,0.7096774193548387
P5,238 247 457,1,NSO,anchor,QBM,label_cliff,anchor.to.label_cliff,120.0119261,0.5925925925925926
P5,238 247 457,1,XRT,struct_cliff,QBM,label_cliff,struct_cliff.to.label_cliff,105.0931611,0.7272727272727273
P6,238 247 457,2,NSO,anchor,XRT,struct_cliff,anchor.to.struct_cliff,32.14343634,0.7096774193548387
P6,238 247 457,2,NSO,anchor,QBM,label_cliff,anchor.to.label_cliff,16.37936507,0.5925925925925926
P6,238 247 457,2,XRT,struct_cliff,QBM,label_cliff,struct_cliff.to.label_cliff,16.1245434,0.7272727272727273
P6,238 247 457,1,NSO,anchor,XRT,struct_cliff,anchor.to.struct_cliff,21.83490096,0.7096774193548387
P6,238 247 457,1,NSO,anchor,QBM,label_cliff,anchor.to.label_cliff,39.06041474,0.5925925925925926
P6,238 247 457,1,XRT,struct_cliff,QBM,label_cliff,struct_cliff.to.label_cliff,22.93359326,0.7272727272727273
P9,238 247 457,2,NSO,anchor,XRT,struct_cliff,anchor.to.struct_cliff,33.93839271,0.7096774193548387
P9,238 247 457,2,NSO,anchor,QBM,label_cliff,anchor.to.label_cliff,47.55258563,0.5925925925925926
P9,238 247 457,2,XRT,struct_cliff,QBM,label_cliff,struct_cliff.to.label_cliff,74.22918631,0.7272727272727273
P9,238 247 457,1,NSO,anchor,XRT,struct_cliff,anchor.to.struct_cliff,57.51479549,0.7096774193548387
P9,238 247 457,1,NSO,anchor,QBM,label_cliff,anchor.to.label_cliff,48.50623877,0.5925925925925926
P9,238 247 457,1,XRT,struct_cliff,QBM,label_cliff,struct_cliff.to.label_cliff,24.76612404,0.7272727272727273
P1,334 370 471,2,OWC,anchor,MMA,struct_cliff,anchor.to.struct_cliff,64.52618461,0.7333333333333334
P1,334 370 471,2,OWC,anchor,PTF,label_cliff,anchor.to.label_cliff,130.3483126,0.52
P1,334 370 471,2,MMA,struct_cliff,PTF,label_cliff,struct_cliff.to.label_cliff,65.92894433,0.78125
P1,334 370 471,1,OWC,anchor,MMA,struct_cliff,anchor.to.struct_cliff,67.85638511,0.7333333333333334
P1,334 370 471,1,OWC,anchor,PTF,label_cliff,anchor.to.label_cliff,127.6257047,0.52
P1,334 370 471,1,MMA,struct_cliff,PTF,label_cliff,struct_cliff.to.label_cliff,59.80520462,0.78125
P10,334 370 471,2,OWC,anchor,MMA,struct_cliff,anchor.to.struct_cliff,11.28,0.7333333333333334
P10,334 370 471,2,OWC,anchor,PTF,label_cliff,anchor.to.label_cliff,49.70067706,0.52
P10,334 370 471,2,MMA,struct_cliff,PTF,label_cliff,struct_cliff.to.label_cliff,49.80496863,0.78125
P10,334 370 471,1,OWC,anchor,MMA,struct_cliff,anchor.to.struct_cliff,11.70410612,0.7333333333333334
P10,334 370 471,1,OWC,anchor,PTF,label_cliff,anchor.to.label_cliff,47.23006775,0.52
P10,334 370 471,1,MMA,struct_cliff,PTF,label_cliff,struct_cliff.to.label_cliff,48.97775005,0.78125
P11,334 370 471,2,OWC,anchor,MMA,struct_cliff,anchor.to.struct_cliff,35.43243994,0.7333333333333334
P11,334 370 471,2,OWC,anchor,PTF,label_cliff,anchor.to.label_cliff,35.14043255,0.52
P11,334 370 471,2,MMA,struct_cliff,PTF,label_cliff,struct_cliff.to.label_cliff,11.9761179,0.78125
P11,334 370 471,1,OWC,anchor,MMA,struct_cliff,anchor.to.struct_cliff,13.40914613,0.7333333333333334
P11,334 370 471,1,OWC,anchor,PTF,label_cliff,anchor.to.label_cliff,117.3286163,0.52
P11,334 370 471,1,MMA,struct_cliff,PTF,label_cliff,struct_cliff.to.label_cliff,106.5217884,0.78125
P13,334 370 471,1,OWC,anchor,MMA,struct_cliff,anchor.to.struct_cliff,84.81502049,0.7333333333333334
P13,334 370 471,1,OWC,anchor,PTF,label_cliff,anchor.to.label_cliff,83.96005955,0.52
P13,334 370 471,1,MMA,struct_cliff,PTF,label_cliff,struct_cliff.to.label_cliff,95.23782914,0.78125
P14,334 370 471,2,OWC,anchor,MMA,struct_cliff,anchor.to.struct_cliff,18.57142967,0.7333333333333334
P14,334 370 471,2,OWC,anchor,PTF,label_cliff,anchor.to.label_cliff,117.0975973,0.52
P14,334 370 471,2,MMA,struct_cliff,PTF,label_cliff,struct_cliff.to.label_cliff,103.8015515,0.78125
P14,334 370 471,1,OWC,anchor,MMA,struct_cliff,anchor.to.struct_cliff,27.60352333,0.7333333333333334
P14,334 370 471,1,OWC,anchor,PTF,label_cliff,anchor.to.label_cliff,115.3666091,0.52
P14,334 370 471,1,MMA,struct_cliff,PTF,label_cliff,struct_cliff.to.label_cliff,97.64498963,0.78125
P19,334 370 471,2,OWC,anchor,MMA,struct_cliff,anchor.to.struct_cliff,73.72283296,0.7333333333333334
P19,334 370 471,2,OWC,anchor,PTF,label_cliff,anchor.to.label_cliff,131.5361319,0.52
P19,334 370 471,2,MMA,struct_cliff,PTF,label_cliff,struct_cliff.to.label_cliff,92.74246546,0.78125
P19,334 370 471,1,OWC,anchor,MMA,struct_cliff,anchor.to.struct_cliff,125.6672471,0.7333333333333334
P19,334 370 471,1,OWC,anchor,PTF,label_cliff,anchor.to.label_cliff,106.4725505,0.52
P19,334 370 471,1,MMA,struct_cliff,PTF,label_cliff,struct_cliff.to.label_cliff,19.28363555,0.78125
P2,334 370 471,2,OWC,anchor,MMA,struct_cliff,anchor.to.struct_cliff,65.57990241,0.7333333333333334
P2,334 370 471,2,OWC,anchor,PTF,label_cliff,anchor.to.label_cliff,100.0551898,0.52
P2,334 370 471,2,MMA,struct_cliff,PTF,label_cliff,struct_cliff.to.label_cliff,102.8019076,0.78125
P2,334 370 471,1,OWC,anchor,MMA,struct_cliff,anchor.to.struct_cliff,76.28064106,0.7333333333333334
P2,334 370 471,1,OWC,anchor,PTF,label_cliff,anchor.to.label_cliff,72.07518644,0.52
P2,334 370 471,1,MMA,struct_cliff,PTF,label_cliff,struct_cliff.to.label_cliff,95.78550882,0.78125
P23,334 370 471,1,OWC,anchor,MMA,struct_cliff,anchor.to.struct_cliff,65.42604527,0.7333333333333334
P23,334 370 471,1,OWC,anchor,PTF,label_cliff,anchor.to.label_cliff,90.58839771,0.52
P23,334 370 471,1,MMA,struct_cliff,PTF,label_cliff,struct_cliff.to.label_cliff,96.03882756,0.78125
P25,334 370 471,2,OWC,anchor,MMA,struct_cliff,anchor.to.struct_cliff,52.46288307,0.7333333333333334
P25,334 370 471,2,OWC,anchor,PTF,label_cliff,anchor.to.label_cliff,61.93008074,0.52
P25,334 370 471,2,MMA,struct_cliff,PTF,label_cliff,struct_cliff.to.label_cliff,81.51883218,0.78125
P25,334 370 471,1,OWC,anchor,MMA,struct_cliff,anchor.to.struct_cliff,62.07615484,0.7333333333333334
P25,334 370 471,1,OWC,anchor,PTF,label_cliff,anchor.to.label_cliff,95.50723795,0.52
P25,334 370 471,1,MMA,struct_cliff,PTF,label_cliff,struct_cliff.to.label_cliff,89.75667385,0.78125
P26,334 370 471,2,OWC,anchor,MMA,struct_cliff,anchor.to.struct_cliff,5.838878317,0.7333333333333334
P26,334 370 471,2,OWC,anchor,PTF,label_cliff,anchor.to.label_cliff,124.6417173,0.52
P26,334 370 471,2,MMA,struct_cliff,PTF,label_cliff,struct_cliff.to.label_cliff,125.0270259,0.78125
P26,334 370 471,1,OWC,anchor,MMA,struct_cliff,anchor.to.struct_cliff,26.73284123,0.7333333333333334
P26,334 370 471,1,OWC,anchor,PTF,label_cliff,anchor.to.label_cliff,125.2990295,0.52
P26,334 370 471,1,MMA,struct_cliff,PTF,label_cliff,struct_cliff.to.label_cliff,110.2517574,0.78125
P27,334 370 471,2,OWC,anchor,MMA,struct_cliff,anchor.to.struct_cliff,20.01443479,0.7333333333333334
P27,334 370 471,2,OWC,anchor,PTF,label_cliff,anchor.to.label_cliff,123.1003676,0.52
P27,334 370 471,2,MMA,struct_cliff,PTF,label_cliff,struct_cliff.to.label_cliff,110.5006412,0.78125
P27,334 370 471,1,OWC,anchor,MMA,struct_cliff,anchor.to.struct_cliff,7.960025126,0.7333333333333334
P27,334 370 471,1,OWC,anchor,PTF,label_cliff,anchor.to.label_cliff,125.1587704,0.52
P27,334 370 471,1,MMA,struct_cliff,PTF,label_cliff,struct_cliff.to.label_cliff,119.6994845,0.78125
P28,334 370 471,2,OWC,anchor,MMA,struct_cliff,anchor.to.struct_cliff,90.23810503,0.7333333333333334
P28,334 370 471,2,OWC,anchor,PTF,label_cliff,anchor.to.label_cliff,47.73621372,0.52
P28,334 370 471,2,MMA,struct_cliff,PTF,label_cliff,struct_cliff.to.label_cliff,93.83129808,0.78125
P28,334 370 471,1,OWC,anchor,MMA,struct_cliff,anchor.to.struct_cliff,54.91375966,0.7333333333333334
P28,334 370 471,1,OWC,anchor,PTF,label_cliff,anchor.to.label_cliff,91.49420637,0.52
P28,334 370 471,1,MMA,struct_cliff,PTF,label_cliff,struct_cliff.to.label_cliff,103.3629914,0.78125
P31,334 370 471,2,OWC,anchor,MMA,struct_cliff,anchor.to.struct_cliff,13.99340202,0.7333333333333334
P31,334 370 471,2,OWC,anchor,PTF,label_cliff,anchor.to.label_cliff,72.1060899,0.52
P31,334 370 471,2,MMA,struct_cliff,PTF,label_cliff,struct_cliff.to.label_cliff,70.41367552,0.78125
P31,334 370 471,1,OWC,anchor,MMA,struct_cliff,anchor.to.struct_cliff,12.88621356,0.7333333333333334
P31,334 370 471,1,OWC,anchor,PTF,label_cliff,anchor.to.label_cliff,109.7869765,0.52
P31,334 370 471,1,MMA,struct_cliff,PTF,label_cliff,struct_cliff.to.label_cliff,97.71148807,0.78125
P32,334 370 471,2,OWC,anchor,MMA,struct_cliff,anchor.to.struct_cliff,24.29897117,0.7333333333333334
P32,334 370 471,2,OWC,anchor,PTF,label_cliff,anchor.to.label_cliff,50.77002462,0.52
P32,334 370 471,2,MMA,struct_cliff,PTF,label_cliff,struct_cliff.to.label_cliff,54.51409542,0.78125
P32,334 370 471,1,OWC,anchor,MMA,struct_cliff,anchor.to.struct_cliff,18.62527852,0.7333333333333334
P32,334 370 471,1,OWC,anchor,PTF,label_cliff,anchor.to.label_cliff,34.89169099,0.52
P32,334 370 471,1,MMA,struct_cliff,PTF,label_cliff,struct_cliff.to.label_cliff,43.25537308,0.78125
P5,334 370 471,2,OWC,anchor,MMA,struct_cliff,anchor.to.struct_cliff,39.12180083,0.7333333333333334
P5,334 370 471,2,OWC,anchor,PTF,label_cliff,anchor.to.label_cliff,125.5355826,0.52
P5,334 370 471,2,MMA,struct_cliff,PTF,label_cliff,struct_cliff.to.label_cliff,86.47337278,0.78125
P5,334 370 471,1,OWC,anchor,MMA,struct_cliff,anchor.to.struct_cliff,39.31375968,0.7333333333333334
P5,334 370 471,1,OWC,anchor,PTF,label_cliff,anchor.to.label_cliff,117.5971075,0.52
P5,334 370 471,1,MMA,struct_cliff,PTF,label_cliff,struct_cliff.to.label_cliff,78.29924265,0.78125
P6,334 370 471,2,OWC,anchor,MMA,struct_cliff,anchor.to.struct_cliff,47.58091739,0.7333333333333334
P6,334 370 471,2,OWC,anchor,PTF,label_cliff,anchor.to.label_cliff,35.29014877,0.52
P6,334 370 471,2,MMA,struct_cliff,PTF,label_cliff,struct_cliff.to.label_cliff,76.39616548,0.78125
P6,334 370 471,1,OWC,anchor,MMA,struct_cliff,anchor.to.struct_cliff,9.04018252,0.7333333333333334
P6,334 370 471,1,OWC,anchor,PTF,label_cliff,anchor.to.label_cliff,78.65440166,0.52
P6,334 370 471,1,MMA,struct_cliff,PTF,label_cliff,struct_cliff.to.label_cliff,69.6893593,0.78125
P9,334 370 471,2,OWC,anchor,MMA,struct_cliff,anchor.to.struct_cliff,25.08701856,0.7333333333333334
P9,334 370 471,2,OWC,anchor,PTF,label_cliff,anchor.to.label_cliff,71.06122009,0.52
P9,334 370 471,2,MMA,struct_cliff,PTF,label_cliff,struct_cliff.to.label_cliff,72.77661231,0.78125
P9,334 370 471,1,OWC,anchor,MMA,struct_cliff,anchor.to.struct_cliff,31.92154915,0.7333333333333334
P9,334 370 471,1,OWC,anchor,PTF,label_cliff,anchor.to.label_cliff,69.92120208,0.52
P9,334 370 471,1,MMA,struct_cliff,PTF,label_cliff,struct_cliff.to.label_cliff,54.60031685,0.78125
P1,108 239 693,2,BMF,anchor,DSF,struct_cliff,anchor.to.struct_cliff,45.2418092,0.8461538461538461
P1,108 239 693,2,BMF,anchor,QQE,label_cliff,anchor.to.label_cliff,68.54714144,0.5263157894736843
P1,108 239 693,2,DSF,struct_cliff,QQE,label_cliff,struct_cliff.to.label_cliff,113.7775342,0.8461538461538461
P1,108 239 693,1,BMF,anchor,DSF,struct_cliff,anchor.to.struct_cliff,21.0326722,0.8461538461538461
P1,108 239 693,1,BMF,anchor,QQE,label_cliff,anchor.to.label_cliff,97.46736582,0.5263157894736843
P1,108 239 693,1,DSF,struct_cliff,QQE,label_cliff,struct_cliff.to.label_cliff,110.9242395,0.8461538461538461
P10,108 239 693,2,BMF,anchor,DSF,struct_cliff,anchor.to.struct_cliff,49.21019915,0.8461538461538461
P10,108 239 693,2,BMF,anchor,QQE,label_cliff,anchor.to.label_cliff,10.0131164,0.5263157894736843
P10,108 239 693,2,DSF,struct_cliff,QQE,label_cliff,struct_cliff.to.label_cliff,44.5855268,0.8461538461538461
P10,108 239 693,1,BMF,anchor,DSF,struct_cliff,anchor.to.struct_cliff,49.63852637,0.8461538461538461
P10,108 239 693,1,BMF,anchor,QQE,label_cliff,anchor.to.label_cliff,13.61248324,0.5263157894736843
P10,108 239 693,1,DSF,struct_cliff,QQE,label_cliff,struct_cliff.to.label_cliff,36.02604613,0.8461538461538461
P11,108 239 693,2,BMF,anchor,DSF,struct_cliff,anchor.to.struct_cliff,39.10204215,0.8461538461538461
P11,108 239 693,2,BMF,anchor,QQE,label_cliff,anchor.to.label_cliff,40.78788668,0.5263157894736843
P11,108 239 693,2,DSF,struct_cliff,QQE,label_cliff,struct_cliff.to.label_cliff,79.2455677,0.8461538461538461
P11,108 239 693,1,BMF,anchor,DSF,struct_cliff,anchor.to.struct_cliff,37.84316319,0.8461538461538461
P11,108 239 693,1,BMF,anchor,QQE,label_cliff,anchor.to.label_cliff,9.437229466,0.5263157894736843
P11,108 239 693,1,DSF,struct_cliff,QQE,label_cliff,struct_cliff.to.label_cliff,46.17209655,0.8461538461538461
P13,108 239 693,1,BMF,anchor,DSF,struct_cliff,anchor.to.struct_cliff,84.8755324,0.8461538461538461
P13,108 239 693,1,BMF,anchor,QQE,label_cliff,anchor.to.label_cliff,78.88112829,0.5263157894736843
P13,108 239 693,1,DSF,struct_cliff,QQE,label_cliff,struct_cliff.to.label_cliff,55.04924704,0.8461538461538461
P14,108 239 693,2,BMF,anchor,DSF,struct_cliff,anchor.to.struct_cliff,73.21653502,0.8461538461538461
P14,108 239 693,2,BMF,anchor,QQE,label_cliff,anchor.to.label_cliff,21.481911,0.5263157894736843
P14,108 239 693,2,DSF,struct_cliff,QQE,label_cliff,struct_cliff.to.label_cliff,74.62012128,0.8461538461538461
P14,108 239 693,1,BMF,anchor,DSF,struct_cliff,anchor.to.struct_cliff,111.1873239,0.8461538461538461
P14,108 239 693,1,BMF,anchor,QQE,label_cliff,anchor.to.label_cliff,82.85035305,0.5263157894736843
P14,108 239 693,1,DSF,struct_cliff,QQE,label_cliff,struct_cliff.to.label_cliff,89.68112399,0.8461538461538461
P19,108 239 693,2,BMF,anchor,DSF,struct_cliff,anchor.to.struct_cliff,132.1936447,0.8461538461538461
P19,108 239 693,2,BMF,anchor,QQE,label_cliff,anchor.to.label_cliff,40.34966295,0.5263157894736843
P19,108 239 693,2,DSF,struct_cliff,QQE,label_cliff,struct_cliff.to.label_cliff,91.96150934,0.8461538461538461
P19,108 239 693,1,BMF,anchor,DSF,struct_cliff,anchor.to.struct_cliff,130.7794682,0.8461538461538461
P19,108 239 693,1,BMF,anchor,QQE,label_cliff,anchor.to.label_cliff,93.20069528,0.5263157894736843
P19,108 239 693,1,DSF,struct_cliff,QQE,label_cliff,struct_cliff.to.label_cliff,92.74213983,0.8461538461538461
P2,108 239 693,2,BMF,anchor,DSF,struct_cliff,anchor.to.struct_cliff,103.3089081,0.8461538461538461
P2,108 239 693,2,BMF,anchor,QQE,label_cliff,anchor.to.label_cliff,62.32524047,0.5263157894736843
P2,108 239 693,2,DSF,struct_cliff,QQE,label_cliff,struct_cliff.to.label_cliff,104.7104928,0.8461538461538461
P2,108 239 693,1,BMF,anchor,DSF,struct_cliff,anchor.to.struct_cliff,99.00346711,0.8461538461538461
P2,108 239 693,1,BMF,anchor,QQE,label_cliff,anchor.to.label_cliff,99.412718,0.5263157894736843
P2,108 239 693,1,DSF,struct_cliff,QQE,label_cliff,struct_cliff.to.label_cliff,72.67153776,0.8461538461538461
P23,108 239 693,1,BMF,anchor,DSF,struct_cliff,anchor.to.struct_cliff,90.5132587,0.8461538461538461
P23,108 239 693,1,BMF,anchor,QQE,label_cliff,anchor.to.label_cliff,94.30381753,0.5263157894736843
P23,108 239 693,1,DSF,struct_cliff,QQE,label_cliff,struct_cliff.to.label_cliff,79.70307397,0.8461538461538461
P25,108 239 693,2,BMF,anchor,DSF,struct_cliff,anchor.to.struct_cliff,21.39851397,0.8461538461538461
P25,108 239 693,2,BMF,anchor,QQE,label_cliff,anchor.to.label_cliff,16.67219542,0.5263157894736843
P25,108 239 693,2,DSF,struct_cliff,QQE,label_cliff,struct_cliff.to.label_cliff,29.15006175,0.8461538461538461
P25,108 239 693,1,BMF,anchor,DSF,struct_cliff,anchor.to.struct_cliff,52.16987732,0.8461538461538461
P25,108 239 693,1,BMF,anchor,QQE,label_cliff,anchor.to.label_cliff,75.49507666,0.5263157894736843
P25,108 239 693,1,DSF,struct_cliff,QQE,label_cliff,struct_cliff.to.label_cliff,72.97035631,0.8461538461538461
P26,108 239 693,2,BMF,anchor,DSF,struct_cliff,anchor.to.struct_cliff,96.84115241,0.8461538461538461
P26,108 239 693,2,BMF,anchor,QQE,label_cliff,anchor.to.label_cliff,48.79368914,0.5263157894736843
P26,108 239 693,2,DSF,struct_cliff,QQE,label_cliff,struct_cliff.to.label_cliff,124.8812096,0.8461538461538461
P26,108 239 693,1,BMF,anchor,DSF,struct_cliff,anchor.to.struct_cliff,100.0772706,0.8461538461538461
P26,108 239 693,1,BMF,anchor,QQE,label_cliff,anchor.to.label_cliff,45.76027972,0.5263157894736843
P26,108 239 693,1,DSF,struct_cliff,QQE,label_cliff,struct_cliff.to.label_cliff,126.3763684,0.8461538461538461
P27,108 239 693,2,BMF,anchor,DSF,struct_cliff,anchor.to.struct_cliff,104.1836417,0.8461538461538461
P27,108 239 693,2,BMF,anchor,QQE,label_cliff,anchor.to.label_cliff,94.35190777,0.5263157894736843
P27,108 239 693,2,DSF,struct_cliff,QQE,label_cliff,struct_cliff.to.label_cliff,104.0979332,0.8461538461538461
P27,108 239 693,1,BMF,anchor,DSF,struct_cliff,anchor.to.struct_cliff,119.6942238,0.8461538461538461
P27,108 239 693,1,BMF,anchor,QQE,label_cliff,anchor.to.label_cliff,27.9500644,0.5263157894736843
P27,108 239 693,1,DSF,struct_cliff,QQE,label_cliff,struct_cliff.to.label_cliff,100.9429765,0.8461538461538461
P28,108 239 693,2,BMF,anchor,DSF,struct_cliff,anchor.to.struct_cliff,86.68490814,0.8461538461538461
P28,108 239 693,2,BMF,anchor,QQE,label_cliff,anchor.to.label_cliff,76.99202881,0.5263157894736843
P28,108 239 693,2,DSF,struct_cliff,QQE,label_cliff,struct_cliff.to.label_cliff,92.7556629,0.8461538461538461
P28,108 239 693,1,BMF,anchor,DSF,struct_cliff,anchor.to.struct_cliff,89.50828174,0.8461538461538461
P28,108 239 693,1,BMF,anchor,QQE,label_cliff,anchor.to.label_cliff,34.27813443,0.5263157894736843
P28,108 239 693,1,DSF,struct_cliff,QQE,label_cliff,struct_cliff.to.label_cliff,73.02128183,0.8461538461538461
P31,108 239 693,2,BMF,anchor,DSF,struct_cliff,anchor.to.struct_cliff,99.23242313,0.8461538461538461
P31,108 239 693,2,BMF,anchor,QQE,label_cliff,anchor.to.label_cliff,13.902266,0.5263157894736843
P31,108 239 693,2,DSF,struct_cliff,QQE,label_cliff,struct_cliff.to.label_cliff,106.3972951,0.8461538461538461
P31,108 239 693,1,BMF,anchor,DSF,struct_cliff,anchor.to.struct_cliff,110.9857995,0.8461538461538461
P31,108 239 693,1,BMF,anchor,QQE,label_cliff,anchor.to.label_cliff,14.82530607,0.5263157894736843
P31,108 239 693,1,DSF,struct_cliff,QQE,label_cliff,struct_cliff.to.label_cliff,97.19567583,0.8461538461538461
P32,108 239 693,2,BMF,anchor,DSF,struct_cliff,anchor.to.struct_cliff,83.74835461,0.8461538461538461
P32,108 239 693,2,BMF,anchor,QQE,label_cliff,anchor.to.label_cliff,58.16938456,0.5263157894736843
P32,108 239 693,2,DSF,struct_cliff,QQE,label_cliff,struct_cliff.to.label_cliff,25.73606419,0.8461538461538461
P32,108 239 693,1,BMF,anchor,DSF,struct_cliff,anchor.to.struct_cliff,48.29072168,0.8461538461538461
P32,108 239 693,1,BMF,anchor,QQE,label_cliff,anchor.to.label_cliff,18.2505041,0.5263157894736843
P32,108 239 693,1,DSF,struct_cliff,QQE,label_cliff,struct_cliff.to.label_cliff,34.82204043,0.8461538461538461
P5,108 239 693,2,BMF,anchor,DSF,struct_cliff,anchor.to.struct_cliff,87.23316456,0.8461538461538461
P5,108 239 693,2,BMF,anchor,QQE,label_cliff,anchor.to.label_cliff,27.02332511,0.5263157894736843
P5,108 239 693,2,DSF,struct_cliff,QQE,label_cliff,struct_cliff.to.label_cliff,114.2562913,0.8461538461538461
P5,108 239 693,1,BMF,anchor,DSF,struct_cliff,anchor.to.struct_cliff,108.5489198,0.8461538461538461
P5,108 239 693,1,BMF,anchor,QQE,label_cliff,anchor.to.label_cliff,11.52490347,0.5263157894736843
P5,108 239 693,1,DSF,struct_cliff,QQE,label_cliff,struct_cliff.to.label_cliff,120.0418435,0.8461538461538461
P6,108 239 693,2,BMF,anchor,DSF,struct_cliff,anchor.to.struct_cliff,20.62573635,0.8461538461538461
P6,108 239 693,2,BMF,anchor,QQE,label_cliff,anchor.to.label_cliff,52.71678006,0.5263157894736843
P6,108 239 693,2,DSF,struct_cliff,QQE,label_cliff,struct_cliff.to.label_cliff,67.81786859,0.8461538461538461
P6,108 239 693,1,BMF,anchor,DSF,struct_cliff,anchor.to.struct_cliff,16.03052713,0.8461538461538461
P6,108 239 693,1,BMF,anchor,QQE,label_cliff,anchor.to.label_cliff,40.83754767,0.5263157894736843
P6,108 239 693,1,DSF,struct_cliff,QQE,label_cliff,struct_cliff.to.label_cliff,53.37173503,0.8461538461538461
P9,108 239 693,2,BMF,anchor,DSF,struct_cliff,anchor.to.struct_cliff,55.67898167,0.8461538461538461
P9,108 239 693,2,BMF,anchor,QQE,label_cliff,anchor.to.label_cliff,60.23793655,0.5263157894736843
P9,108 239 693,2,DSF,struct_cliff,QQE,label_cliff,struct_cliff.to.label_cliff,59.41589013,0.8461538461538461
P9,108 239 693,1,BMF,anchor,DSF,struct_cliff,anchor.to.struct_cliff,42.21963169,0.8461538461538461
P9,108 239 693,1,BMF,anchor,QQE,label_cliff,anchor.to.label_cliff,61.34430047,0.5263157894736843
P9,108 239 693,1,DSF,struct_cliff,QQE,label_cliff,struct_cliff.to.label_cliff,75.6960534,0.8461538461538461
P1,103 583 861,2,GUO,anchor,ZHN,struct_cliff,anchor.to.struct_cliff,88.84334359,0.84
P1,103 583 861,2,GUO,anchor,HSX,label_cliff,anchor.to.label_cliff,87.93005686,0.5555555555555556
P1,103 583 861,2,ZHN,struct_cliff,HSX,label_cliff,struct_cliff.to.label_cliff,12.04026578,0.7916666666666666
P1,103 583 861,1,GUO,anchor,ZHN,struct_cliff,anchor.to.struct_cliff,115.8278516,0.84
P1,103 583 861,1,GUO,anchor,HSX,label_cliff,anchor.to.label_cliff,75.65337336,0.5555555555555556
P1,103 583 861,1,ZHN,struct_cliff,HSX,label_cliff,struct_cliff.to.label_cliff,40.3688308,0.7916666666666666
P10,103 583 861,2,GUO,anchor,ZHN,struct_cliff,anchor.to.struct_cliff,14.03666627,0.84
P10,103 583 861,2,GUO,anchor,HSX,label_cliff,anchor.to.label_cliff,47.76945468,0.5555555555555556
P10,103 583 861,2,ZHN,struct_cliff,HSX,label_cliff,struct_cliff.to.label_cliff,44.95446585,0.7916666666666666
P10,103 583 861,1,GUO,anchor,ZHN,struct_cliff,anchor.to.struct_cliff,34.2983571,0.84
P10,103 583 861,1,GUO,anchor,HSX,label_cliff,anchor.to.label_cliff,31.36281237,0.5555555555555556
P10,103 583 861,1,ZHN,struct_cliff,HSX,label_cliff,struct_cliff.to.label_cliff,11.23690794,0.7916666666666666
P11,103 583 861,2,GUO,anchor,ZHN,struct_cliff,anchor.to.struct_cliff,60.03816286,0.84
P11,103 583 861,2,GUO,anchor,HSX,label_cliff,anchor.to.label_cliff,15.23943569,0.5555555555555556
P11,103 583 861,2,ZHN,struct_cliff,HSX,label_cliff,struct_cliff.to.label_cliff,71.07522916,0.7916666666666666
P11,103 583 861,1,GUO,anchor,ZHN,struct_cliff,anchor.to.struct_cliff,77.26990164,0.84
P11,103 583 861,1,GUO,anchor,HSX,label_cliff,anchor.to.label_cliff,88.14086566,0.5555555555555556
P11,103 583 861,1,ZHN,struct_cliff,HSX,label_cliff,struct_cliff.to.label_cliff,92.88983206,0.7916666666666666
P13,103 583 861,1,GUO,anchor,ZHN,struct_cliff,anchor.to.struct_cliff,107.9521236,0.84
P13,103 583 861,1,GUO,anchor,HSX,label_cliff,anchor.to.label_cliff,82.0836555,0.5555555555555556
P13,103 583 861,1,ZHN,struct_cliff,HSX,label_cliff,struct_cliff.to.label_cliff,71.52384288,0.7916666666666666
P14,103 583 861,2,GUO,anchor,ZHN,struct_cliff,anchor.to.struct_cliff,111.2889662,0.84
P14,103 583 861,2,GUO,anchor,HSX,label_cliff,anchor.to.label_cliff,24.72420069,0.5555555555555556
P14,103 583 861,2,ZHN,struct_cliff,HSX,label_cliff,struct_cliff.to.label_cliff,106.4914781,0.7916666666666666
P14,103 583 861,1,GUO,anchor,ZHN,struct_cliff,anchor.to.struct_cliff,100.5330682,0.84
P14,103 583 861,1,GUO,anchor,HSX,label_cliff,anchor.to.label_cliff,23.47790664,0.5555555555555556
P14,103 583 861,1,ZHN,struct_cliff,HSX,label_cliff,struct_cliff.to.label_cliff,112.7889414,0.7916666666666666
P19,103 583 861,2,GUO,anchor,ZHN,struct_cliff,anchor.to.struct_cliff,92.07638677,0.84
P19,103 583 861,2,GUO,anchor,HSX,label_cliff,anchor.to.label_cliff,87.88903231,0.5555555555555556
P19,103 583 861,2,ZHN,struct_cliff,HSX,label_cliff,struct_cliff.to.label_cliff,131.7057364,0.7916666666666666
P19,103 583 861,1,GUO,anchor,ZHN,struct_cliff,anchor.to.struct_cliff,88.70000225,0.84
P19,103 583 861,1,GUO,anchor,HSX,label_cliff,anchor.to.label_cliff,131.6856807,0.5555555555555556
P19,103 583 861,1,ZHN,struct_cliff,HSX,label_cliff,struct_cliff.to.label_cliff,92.8247063,0.7916666666666666
P2,103 583 861,2,GUO,anchor,ZHN,struct_cliff,anchor.to.struct_cliff,100.3032303,0.84
P2,103 583 861,2,GUO,anchor,HSX,label_cliff,anchor.to.label_cliff,116.0896834,0.5555555555555556
P2,103 583 861,2,ZHN,struct_cliff,HSX,label_cliff,struct_cliff.to.label_cliff,40.88706641,0.7916666666666666
P2,103 583 861,1,GUO,anchor,ZHN,struct_cliff,anchor.to.struct_cliff,12.38048868,0.84
P2,103 583 861,1,GUO,anchor,HSX,label_cliff,anchor.to.label_cliff,103.3048866,0.5555555555555556
P2,103 583 861,1,ZHN,struct_cliff,HSX,label_cliff,struct_cliff.to.label_cliff,109.2640403,0.7916666666666666
P23,103 583 861,1,GUO,anchor,ZHN,struct_cliff,anchor.to.struct_cliff,91.12760504,0.84
P23,103 583 861,1,GUO,anchor,HSX,label_cliff,anchor.to.label_cliff,90.78445021,0.5555555555555556
P23,103 583 861,1,ZHN,struct_cliff,HSX,label_cliff,struct_cliff.to.label_cliff,64.90007704,0.7916666666666666
P25,103 583 861,2,GUO,anchor,ZHN,struct_cliff,anchor.to.struct_cliff,82.66675753,0.84
P25,103 583 861,2,GUO,anchor,HSX,label_cliff,anchor.to.label_cliff,79.41936917,0.5555555555555556
P25,103 583 861,2,ZHN,struct_cliff,HSX,label_cliff,struct_cliff.to.label_cliff,78.77929804,0.7916666666666666
P25,103 583 861,1,GUO,anchor,ZHN,struct_cliff,anchor.to.struct_cliff,8.690972328,0.84
P25,103 583 861,1,GUO,anchor,HSX,label_cliff,anchor.to.label_cliff,13.97290235,0.5555555555555556
P25,103 583 861,1,ZHN,struct_cliff,HSX,label_cliff,struct_cliff.to.label_cliff,13.67178847,0.7916666666666666
P26,103 583 861,2,GUO,anchor,ZHN,struct_cliff,anchor.to.struct_cliff,128.5072177,0.84
P26,103 583 861,2,GUO,anchor,HSX,label_cliff,anchor.to.label_cliff,57.2808598,0.5555555555555556
P26,103 583 861,2,ZHN,struct_cliff,HSX,label_cliff,struct_cliff.to.label_cliff,94.41338941,0.7916666666666666
P26,103 583 861,1,GUO,anchor,ZHN,struct_cliff,anchor.to.struct_cliff,125.7147732,0.84
P26,103 583 861,1,GUO,anchor,HSX,label_cliff,anchor.to.label_cliff,25.32230637,0.5555555555555556
P26,103 583 861,1,ZHN,struct_cliff,HSX,label_cliff,struct_cliff.to.label_cliff,107.1612887,0.7916666666666666
P27,103 583 861,2,GUO,anchor,ZHN,struct_cliff,anchor.to.struct_cliff,4.500399982,0.84
P27,103 583 861,2,GUO,anchor,HSX,label_cliff,anchor.to.label_cliff,121.3868345,0.5555555555555556
P27,103 583 861,2,ZHN,struct_cliff,HSX,label_cliff,struct_cliff.to.label_cliff,118.1753358,0.7916666666666666
P27,103 583 861,1,GUO,anchor,ZHN,struct_cliff,anchor.to.struct_cliff,44.13557522,0.84
P27,103 583 861,1,GUO,anchor,HSX,label_cliff,anchor.to.label_cliff,46.47209916,0.5555555555555556
P27,103 583 861,1,ZHN,struct_cliff,HSX,label_cliff,struct_cliff.to.label_cliff,52.67287158,0.7916666666666666
P28,103 583 861,2,GUO,anchor,ZHN,struct_cliff,anchor.to.struct_cliff,73.97766149,0.84
P28,103 583 861,2,GUO,anchor,HSX,label_cliff,anchor.to.label_cliff,84.0418491,0.5555555555555556
P28,103 583 861,2,ZHN,struct_cliff,HSX,label_cliff,struct_cliff.to.label_cliff,30.36319483,0.7916666666666666
P28,103 583 861,1,GUO,anchor,ZHN,struct_cliff,anchor.to.struct_cliff,24.10983202,0.84
P28,103 583 861,1,GUO,anchor,HSX,label_cliff,anchor.to.label_cliff,57.24529413,0.5555555555555556
P28,103 583 861,1,ZHN,struct_cliff,HSX,label_cliff,struct_cliff.to.label_cliff,49.46666049,0.7916666666666666
P31,103 583 861,2,GUO,anchor,ZHN,struct_cliff,anchor.to.struct_cliff,95.85521634,0.84
P31,103 583 861,2,GUO,anchor,HSX,label_cliff,anchor.to.label_cliff,97.51535776,0.5555555555555556
P31,103 583 861,2,ZHN,struct_cliff,HSX,label_cliff,struct_cliff.to.label_cliff,85.44885312,0.7916666666666666
P31,103 583 861,1,GUO,anchor,ZHN,struct_cliff,anchor.to.struct_cliff,41.8664854,0.84
P31,103 583 861,1,GUO,anchor,HSX,label_cliff,anchor.to.label_cliff,118.689904,0.5555555555555556
P31,103 583 861,1,ZHN,struct_cliff,HSX,label_cliff,struct_cliff.to.label_cliff,76.96716508,0.7916666666666666
P32,103 583 861,2,GUO,anchor,ZHN,struct_cliff,anchor.to.struct_cliff,17.46894673,0.84
P32,103 583 861,2,GUO,anchor,HSX,label_cliff,anchor.to.label_cliff,6.67835309,0.5555555555555556
P32,103 583 861,2,ZHN,struct_cliff,HSX,label_cliff,struct_cliff.to.label_cliff,14.59350883,0.7916666666666666
P32,103 583 861,1,GUO,anchor,ZHN,struct_cliff,anchor.to.struct_cliff,53.57401796,0.84
P32,103 583 861,1,GUO,anchor,HSX,label_cliff,anchor.to.label_cliff,69.03465941,0.5555555555555556
P32,103 583 861,1,ZHN,struct_cliff,HSX,label_cliff,struct_cliff.to.label_cliff,47.39976793,0.7916666666666666
P5,103 583 861,2,GUO,anchor,ZHN,struct_cliff,anchor.to.struct_cliff,35.360403,0.84
P5,103 583 861,2,GUO,anchor,HSX,label_cliff,anchor.to.label_cliff,59.03921493,0.5555555555555556
P5,103 583 861,2,ZHN,struct_cliff,HSX,label_cliff,struct_cliff.to.label_cliff,94.39775633,0.7916666666666666
P5,103 583 861,1,GUO,anchor,ZHN,struct_cliff,anchor.to.struct_cliff,98.748161,0.84
P5,103 583 861,1,GUO,anchor,HSX,label_cliff,anchor.to.label_cliff,115.3147224,0.5555555555555556
P5,103 583 861,1,ZHN,struct_cliff,HSX,label_cliff,struct_cliff.to.label_cliff,16.56980688,0.7916666666666666
P6,103 583 861,2,GUO,anchor,ZHN,struct_cliff,anchor.to.struct_cliff,27.48686959,0.84
P6,103 583 861,2,GUO,anchor,HSX,label_cliff,anchor.to.label_cliff,30.92107372,0.5555555555555556
P6,103 583 861,2,ZHN,struct_cliff,HSX,label_cliff,struct_cliff.to.label_cliff,21.87873854,0.7916666666666666
P6,103 583 861,1,GUO,anchor,ZHN,struct_cliff,anchor.to.struct_cliff,22.64624693,0.84
P6,103 583 861,1,GUO,anchor,HSX,label_cliff,anchor.to.label_cliff,31.29035155,0.5555555555555556
P6,103 583 861,1,ZHN,struct_cliff,HSX,label_cliff,struct_cliff.to.label_cliff,24.47320167,0.7916666666666666
P9,103 583 861,2,GUO,anchor,ZHN,struct_cliff,anchor.to.struct_cliff,85.92765795,0.84
P9,103 583 861,2,GUO,anchor,HSX,label_cliff,anchor.to.label_cliff,71.79759119,0.5555555555555556
P9,103 583 861,2,ZHN,struct_cliff,HSX,label_cliff,struct_cliff.to.label_cliff,48.53323088,0.7916666666666666
P9,103 583 861,1,GUO,anchor,ZHN,struct_cliff,anchor.to.struct_cliff,18.25425978,0.84
P9,103 583 861,1,GUO,anchor,HSX,label_cliff,anchor.to.label_cliff,70.11757911,0.5555555555555556
P9,103 583 861,1,ZHN,struct_cliff,HSX,label_cliff,struct_cliff.to.label_cliff,53.16902952,0.7916666666666666
P1,038 056 848,2,JIR,anchor,MAR,struct_cliff,anchor.to.struct_cliff,90.7423804,0.7647058823529411
P1,038 056 848,2,JIR,anchor,CIX,label_cliff,anchor.to.label_cliff,116.0028952,0.5483870967741935
P1,038 056 848,2,MAR,struct_cliff,CIX,label_cliff,struct_cliff.to.label_cliff,38.97458274,0.8048780487804879
P1,038 056 848,1,JIR,anchor,MAR,struct_cliff,anchor.to.struct_cliff,67.07844736,0.7647058823529411
P1,038 056 848,1,JIR,anchor,CIX,label_cliff,anchor.to.label_cliff,129.4362874,0.5483870967741935
P1,038 056 848,1,MAR,struct_cliff,CIX,label_cliff,struct_cliff.to.label_cliff,62.6021613,0.8048780487804879
P10,038 056 848,2,JIR,anchor,MAR,struct_cliff,anchor.to.struct_cliff,5.789758199,0.7647058823529411
P10,038 056 848,2,JIR,anchor,CIX,label_cliff,anchor.to.label_cliff,44.22705281,0.5483870967741935
P10,038 056 848,2,MAR,struct_cliff,CIX,label_cliff,struct_cliff.to.label_cliff,43.24438114,0.8048780487804879
P10,038 056 848,1,JIR,anchor,MAR,struct_cliff,anchor.to.struct_cliff,13.98966762,0.7647058823529411
P10,038 056 848,1,JIR,anchor,CIX,label_cliff,anchor.to.label_cliff,61.01032699,0.5483870967741935
P10,038 056 848,1,MAR,struct_cliff,CIX,label_cliff,struct_cliff.to.label_cliff,59.68154489,0.8048780487804879
P11,038 056 848,2,JIR,anchor,MAR,struct_cliff,anchor.to.struct_cliff,17.91384939,0.7647058823529411
P11,038 056 848,2,JIR,anchor,CIX,label_cliff,anchor.to.label_cliff,81.71094969,0.5483870967741935
P11,038 056 848,2,MAR,struct_cliff,CIX,label_cliff,struct_cliff.to.label_cliff,98.97717363,0.8048780487804879
P11,038 056 848,1,JIR,anchor,MAR,struct_cliff,anchor.to.struct_cliff,20.90659465,0.7647058823529411
P11,038 056 848,1,JIR,anchor,CIX,label_cliff,anchor.to.label_cliff,72.89478514,0.5483870967741935
P11,038 056 848,1,MAR,struct_cliff,CIX,label_cliff,struct_cliff.to.label_cliff,88.42773886,0.8048780487804879
P13,038 056 848,1,JIR,anchor,MAR,struct_cliff,anchor.to.struct_cliff,78.16139712,0.7647058823529411
P13,038 056 848,1,JIR,anchor,CIX,label_cliff,anchor.to.label_cliff,109.5397033,0.5483870967741935
P13,038 056 848,1,MAR,struct_cliff,CIX,label_cliff,struct_cliff.to.label_cliff,75.86973178,0.8048780487804879
P14,038 056 848,2,JIR,anchor,MAR,struct_cliff,anchor.to.struct_cliff,87.57684169,0.7647058823529411
P14,038 056 848,2,JIR,anchor,CIX,label_cliff,anchor.to.label_cliff,82.07805675,0.5483870967741935
P14,038 056 848,2,MAR,struct_cliff,CIX,label_cliff,struct_cliff.to.label_cliff,119.1257193,0.8048780487804879
P14,038 056 848,1,JIR,anchor,MAR,struct_cliff,anchor.to.struct_cliff,94.3985556,0.7647058823529411
P14,038 056 848,1,JIR,anchor,CIX,label_cliff,anchor.to.label_cliff,109.2752236,0.5483870967741935
P14,038 056 848,1,MAR,struct_cliff,CIX,label_cliff,struct_cliff.to.label_cliff,29.16710476,0.8048780487804879
P19,038 056 848,2,JIR,anchor,MAR,struct_cliff,anchor.to.struct_cliff,55.15502697,0.7647058823529411
P19,038 056 848,2,JIR,anchor,CIX,label_cliff,anchor.to.label_cliff,122.7832094,0.5483870967741935
P19,038 056 848,2,MAR,struct_cliff,CIX,label_cliff,struct_cliff.to.label_cliff,101.5448398,0.8048780487804879
P19,038 056 848,1,JIR,anchor,MAR,struct_cliff,anchor.to.struct_cliff,15.84934699,0.7647058823529411
P19,038 056 848,1,JIR,anchor,CIX,label_cliff,anchor.to.label_cliff,132.2290293,0.5483870967741935
P19,038 056 848,1,MAR,struct_cliff,CIX,label_cliff,struct_cliff.to.label_cliff,118.2484588,0.8048780487804879
P2,038 056 848,2,JIR,anchor,MAR,struct_cliff,anchor.to.struct_cliff,67.0668219,0.7647058823529411
P2,038 056 848,2,JIR,anchor,CIX,label_cliff,anchor.to.label_cliff,101.4672213,0.5483870967741935
P2,038 056 848,2,MAR,struct_cliff,CIX,label_cliff,struct_cliff.to.label_cliff,100.201477,0.8048780487804879
P2,038 056 848,1,JIR,anchor,MAR,struct_cliff,anchor.to.struct_cliff,34.55105498,0.7647058823529411
P2,038 056 848,1,JIR,anchor,CIX,label_cliff,anchor.to.label_cliff,106.8418462,0.5483870967741935
P2,038 056 848,1,MAR,struct_cliff,CIX,label_cliff,struct_cliff.to.label_cliff,79.31775652,0.8048780487804879
P23,038 056 848,1,JIR,anchor,MAR,struct_cliff,anchor.to.struct_cliff,89.82900478,0.7647058823529411
P23,038 056 848,1,JIR,anchor,CIX,label_cliff,anchor.to.label_cliff,75.93313374,0.5483870967741935
P23,038 056 848,1,MAR,struct_cliff,CIX,label_cliff,struct_cliff.to.label_cliff,95.2009585,0.8048780487804879
P25,038 056 848,2,JIR,anchor,MAR,struct_cliff,anchor.to.struct_cliff,62.8575254,0.7647058823529411
P25,038 056 848,2,JIR,anchor,CIX,label_cliff,anchor.to.label_cliff,80.23669298,0.5483870967741935
P25,038 056 848,2,MAR,struct_cliff,CIX,label_cliff,struct_cliff.to.label_cliff,84.27307162,0.8048780487804879
P25,038 056 848,1,JIR,anchor,MAR,struct_cliff,anchor.to.struct_cliff,84.35604128,0.7647058823529411
P25,038 056 848,1,JIR,anchor,CIX,label_cliff,anchor.to.label_cliff,91.96984832,0.5483870967741935
P25,038 056 848,1,MAR,struct_cliff,CIX,label_cliff,struct_cliff.to.label_cliff,49.66822425,0.8048780487804879
P26,038 056 848,2,JIR,anchor,MAR,struct_cliff,anchor.to.struct_cliff,91.7434886,0.7647058823529411
P26,038 056 848,2,JIR,anchor,CIX,label_cliff,anchor.to.label_cliff,128.6822323,0.5483870967741935
P26,038 056 848,2,MAR,struct_cliff,CIX,label_cliff,struct_cliff.to.label_cliff,65.74012625,0.8048780487804879
P26,038 056 848,1,JIR,anchor,MAR,struct_cliff,anchor.to.struct_cliff,50.16003589,0.7647058823529411
P26,038 056 848,1,JIR,anchor,CIX,label_cliff,anchor.to.label_cliff,126.0020206,0.5483870967741935
P26,038 056 848,1,MAR,struct_cliff,CIX,label_cliff,struct_cliff.to.label_cliff,95.70150678,0.8048780487804879
P27,038 056 848,2,JIR,anchor,MAR,struct_cliff,anchor.to.struct_cliff,26.94081847,0.7647058823529411
P27,038 056 848,2,JIR,anchor,CIX,label_cliff,anchor.to.label_cliff,71.96142369,0.5483870967741935
P27,038 056 848,2,MAR,struct_cliff,CIX,label_cliff,struct_cliff.to.label_cliff,45.03999334,0.8048780487804879
P27,038 056 848,1,JIR,anchor,MAR,struct_cliff,anchor.to.struct_cliff,70.98858852,0.7647058823529411
P27,038 056 848,1,JIR,anchor,CIX,label_cliff,anchor.to.label_cliff,121.637153,0.5483870967741935
P27,038 056 848,1,MAR,struct_cliff,CIX,label_cliff,struct_cliff.to.label_cliff,50.70042702,0.8048780487804879
P28,038 056 848,2,JIR,anchor,MAR,struct_cliff,anchor.to.struct_cliff,77.01693126,0.7647058823529411
P28,038 056 848,2,JIR,anchor,CIX,label_cliff,anchor.to.label_cliff,78.9142446,0.5483870967741935
P28,038 056 848,2,MAR,struct_cliff,CIX,label_cliff,struct_cliff.to.label_cliff,90.9308666,0.8048780487804879
P28,038 056 848,1,JIR,anchor,MAR,struct_cliff,anchor.to.struct_cliff,91.16833935,0.7647058823529411
P28,038 056 848,1,JIR,anchor,CIX,label_cliff,anchor.to.label_cliff,83.8547518,0.5483870967741935
P28,038 056 848,1,MAR,struct_cliff,CIX,label_cliff,struct_cliff.to.label_cliff,68.92005876,0.8048780487804879
P31,038 056 848,2,JIR,anchor,MAR,struct_cliff,anchor.to.struct_cliff,83.79922732,0.7647058823529411
P31,038 056 848,2,JIR,anchor,CIX,label_cliff,anchor.to.label_cliff,82.00736796,0.5483870967741935
P31,038 056 848,2,MAR,struct_cliff,CIX,label_cliff,struct_cliff.to.label_cliff,9.653667697,0.8048780487804879
P31,038 056 848,1,JIR,anchor,MAR,struct_cliff,anchor.to.struct_cliff,84.82925969,0.7647058823529411
P31,038 056 848,1,JIR,anchor,CIX,label_cliff,anchor.to.label_cliff,115.4543867,0.5483870967741935
P31,038 056 848,1,MAR,struct_cliff,CIX,label_cliff,struct_cliff.to.label_cliff,31.41105697,0.8048780487804879
P32,038 056 848,2,JIR,anchor,MAR,struct_cliff,anchor.to.struct_cliff,20.45816463,0.7647058823529411
P32,038 056 848,2,JIR,anchor,CIX,label_cliff,anchor.to.label_cliff,61.29418406,0.5483870967741935
P32,038 056 848,2,MAR,struct_cliff,CIX,label_cliff,struct_cliff.to.label_cliff,65.2994219,0.8048780487804879
P32,038 056 848,1,JIR,anchor,MAR,struct_cliff,anchor.to.struct_cliff,38.37437296,0.7647058823529411
P32,038 056 848,1,JIR,anchor,CIX,label_cliff,anchor.to.label_cliff,19.68717603,0.5483870967741935
P32,038 056 848,1,MAR,struct_cliff,CIX,label_cliff,struct_cliff.to.label_cliff,54.52522719,0.8048780487804879
P5,038 056 848,2,JIR,anchor,MAR,struct_cliff,anchor.to.struct_cliff,29.2965015,0.7647058823529411
P5,038 056 848,2,JIR,anchor,CIX,label_cliff,anchor.to.label_cliff,122.6160389,0.5483870967741935
P5,038 056 848,2,MAR,struct_cliff,CIX,label_cliff,struct_cliff.to.label_cliff,93.40970613,0.8048780487804879
P5,038 056 848,1,JIR,anchor,MAR,struct_cliff,anchor.to.struct_cliff,16.43140895,0.7647058823529411
P5,038 056 848,1,JIR,anchor,CIX,label_cliff,anchor.to.label_cliff,121.5610209,0.5483870967741935
P5,038 056 848,1,MAR,struct_cliff,CIX,label_cliff,struct_cliff.to.label_cliff,105.2375038,0.8048780487804879
P6,038 056 848,2,JIR,anchor,MAR,struct_cliff,anchor.to.struct_cliff,37.37384246,0.7647058823529411
P6,038 056 848,2,JIR,anchor,CIX,label_cliff,anchor.to.label_cliff,48.38996797,0.5483870967741935
P6,038 056 848,2,MAR,struct_cliff,CIX,label_cliff,struct_cliff.to.label_cliff,62.68115905,0.8048780487804879
P6,038 056 848,1,JIR,anchor,MAR,struct_cliff,anchor.to.struct_cliff,12.66066744,0.7647058823529411
P6,038 056 848,1,JIR,anchor,CIX,label_cliff,anchor.to.label_cliff,63.6119242,0.5483870967741935
P6,038 056 848,1,MAR,struct_cliff,CIX,label_cliff,struct_cliff.to.label_cliff,51.72395383,0.8048780487804879
P9,038 056 848,2,JIR,anchor,MAR,struct_cliff,anchor.to.struct_cliff,47.84567901,0.7647058823529411
P9,038 056 848,2,JIR,anchor,CIX,label_cliff,anchor.to.label_cliff,92.25437496,0.5483870967741935
P9,038 056 848,2,MAR,struct_cliff,CIX,label_cliff,struct_cliff.to.label_cliff,82.79944505,0.8048780487804879
P9,038 056 848,1,JIR,anchor,MAR,struct_cliff,anchor.to.struct_cliff,22.98401619,0.7647058823529411
P9,038 056 848,1,JIR,anchor,CIX,label_cliff,anchor.to.label_cliff,64.40758418,0.5483870967741935
P9,038 056 848,1,MAR,struct_cliff,CIX,label_cliff,struct_cliff.to.label_cliff,47.67146421,0.8048780487804879
P1,165 538 703,2,WHI,anchor,SOE,struct_cliff,anchor.to.struct_cliff,107.4262635,0.8333333333333334
P1,165 538 703,2,WHI,anchor,SOE,struct_cliff,anchor.to.struct_cliff,107.4262635,0.8333333333333334
P1,165 538 703,2,WHI,anchor,TOY,label_cliff,anchor.to.label_cliff,94.11005313,0.5294117647058824
P1,165 538 703,2,WHI,anchor,TOY,label_cliff,anchor.to.label_cliff,94.11005313,0.5294117647058824
P1,165 538 703,2,SOE,struct_cliff,TOY,label_cliff,struct_cliff.to.label_cliff,103.3225397,0.8387096774193549
P1,165 538 703,1,WHI,anchor,SOE,struct_cliff,anchor.to.struct_cliff,83.28260923,0.8333333333333334
P1,165 538 703,1,WHI,anchor,SOE,struct_cliff,anchor.to.struct_cliff,83.28260923,0.8333333333333334
P1,165 538 703,1,WHI,anchor,TOY,label_cliff,anchor.to.label_cliff,131.7772461,0.5294117647058824
P1,165 538 703,1,WHI,anchor,TOY,label_cliff,anchor.to.label_cliff,131.7772461,0.5294117647058824
P1,165 538 703,1,SOE,struct_cliff,TOY,label_cliff,struct_cliff.to.label_cliff,48.58464778,0.8387096774193549
P10,165 538 703,2,WHI,anchor,SOE,struct_cliff,anchor.to.struct_cliff,43.87131751,0.8333333333333334
P10,165 538 703,2,WHI,anchor,SOE,struct_cliff,anchor.to.struct_cliff,43.87131751,0.8333333333333334
P10,165 538 703,2,WHI,anchor,TOY,label_cliff,anchor.to.label_cliff,35.13507222,0.5294117647058824
P10,165 538 703,2,WHI,anchor,TOY,label_cliff,anchor.to.label_cliff,35.13507222,0.5294117647058824
P10,165 538 703,2,SOE,struct_cliff,TOY,label_cliff,struct_cliff.to.label_cliff,35.59404726,0.8387096774193549
P10,165 538 703,1,WHI,anchor,SOE,struct_cliff,anchor.to.struct_cliff,40.52065276,0.8333333333333334
P10,165 538 703,1,WHI,anchor,SOE,struct_cliff,anchor.to.struct_cliff,40.52065276,0.8333333333333334
P10,165 538 703,1,WHI,anchor,TOY,label_cliff,anchor.to.label_cliff,26.79317077,0.5294117647058824
P10,165 538 703,1,WHI,anchor,TOY,label_cliff,anchor.to.label_cliff,26.79317077,0.5294117647058824
P10,165 538 703,1,SOE,struct_cliff,TOY,label_cliff,struct_cliff.to.label_cliff,49.1482665,0.8387096774193549
P11,165 538 703,2,WHI,anchor,SOE,struct_cliff,anchor.to.struct_cliff,53.6901341,0.8333333333333334
P11,165 538 703,2,WHI,anchor,SOE,struct_cliff,anchor.to.struct_cliff,53.6901341,0.8333333333333334
P11,165 538 703,2,WHI,anchor,TOY,label_cliff,anchor.to.label_cliff,60.42692446,0.5294117647058824
P11,165 538 703,2,WHI,anchor,TOY,label_cliff,anchor.to.label_cliff,60.42692446,0.5294117647058824
P11,165 538 703,2,SOE,struct_cliff,TOY,label_cliff,struct_cliff.to.label_cliff,19.72513371,0.8387096774193549
P11,165 538 703,1,WHI,anchor,SOE,struct_cliff,anchor.to.struct_cliff,51.39052442,0.8333333333333334
P11,165 538 703,1,WHI,anchor,SOE,struct_cliff,anchor.to.struct_cliff,51.39052442,0.8333333333333334
P11,165 538 703,1,WHI,anchor,TOY,label_cliff,anchor.to.label_cliff,68.36413387,0.5294117647058824
P11,165 538 703,1,WHI,anchor,TOY,label_cliff,anchor.to.label_cliff,68.36413387,0.5294117647058824
P11,165 538 703,1,SOE,struct_cliff,TOY,label_cliff,struct_cliff.to.label_cliff,70.7750521,0.8387096774193549
P13,165 538 703,1,WHI,anchor,SOE,struct_cliff,anchor.to.struct_cliff,87.22153461,0.8333333333333334
P13,165 538 703,1,WHI,anchor,SOE,struct_cliff,anchor.to.struct_cliff,87.22153461,0.8333333333333334
P13,165 538 703,1,WHI,anchor,TOY,label_cliff,anchor.to.label_cliff,84.24282284,0.5294117647058824
P13,165 538 703,1,WHI,anchor,TOY,label_cliff,anchor.to.label_cliff,84.24282284,0.5294117647058824
P13,165 538 703,1,SOE,struct_cliff,TOY,label_cliff,struct_cliff.to.label_cliff,34.25037372,0.8387096774193549
P14,165 538 703,2,WHI,anchor,SOE,struct_cliff,anchor.to.struct_cliff,38.15237083,0.8333333333333334
P14,165 538 703,2,WHI,anchor,SOE,struct_cliff,anchor.to.struct_cliff,38.15237083,0.8333333333333334
P14,165 538 703,2,WHI,anchor,TOY,label_cliff,anchor.to.label_cliff,108.1102275,0.5294117647058824
P14,165 538 703,2,WHI,anchor,TOY,label_cliff,anchor.to.label_cliff,108.1102275,0.5294117647058824
P14,165 538 703,2,SOE,struct_cliff,TOY,label_cliff,struct_cliff.to.label_cliff,97.68567193,0.8387096774193549
P14,165 538 703,1,WHI,anchor,SOE,struct_cliff,anchor.to.struct_cliff,94.71332008,0.8333333333333334
P14,165 538 703,1,WHI,anchor,SOE,struct_cliff,anchor.to.struct_cliff,94.71332008,0.8333333333333334
P14,165 538 703,1,WHI,anchor,TOY,label_cliff,anchor.to.label_cliff,115.9231556,0.5294117647058824
P14,165 538 703,1,WHI,anchor,TOY,label_cliff,anchor.to.label_cliff,115.9231556,0.5294117647058824
P14,165 538 703,1,SOE,struct_cliff,TOY,label_cliff,struct_cliff.to.label_cliff,33.61483304,0.8387096774193549
P19,165 538 703,2,WHI,anchor,SOE,struct_cliff,anchor.to.struct_cliff,95.96921694,0.8333333333333334
P19,165 538 703,2,WHI,anchor,SOE,struct_cliff,anchor.to.struct_cliff,95.96921694,0.8333333333333334
P19,165 538 703,2,WHI,anchor,TOY,label_cliff,anchor.to.label_cliff,105.4396747,0.5294117647058824
P19,165 538 703,2,WHI,anchor,TOY,label_cliff,anchor.to.label_cliff,105.4396747,0.5294117647058824
P19,165 538 703,2,SOE,struct_cliff,TOY,label_cliff,struct_cliff.to.label_cliff,21.94022789,0.8387096774193549
P19,165 538 703,1,WHI,anchor,SOE,struct_cliff,anchor.to.struct_cliff,131.2958072,0.8333333333333334
P19,165 538 703,1,WHI,anchor,SOE,struct_cliff,anchor.to.struct_cliff,131.2958072,0.8333333333333334
P19,165 538 703,1,WHI,anchor,TOY,label_cliff,anchor.to.label_cliff,111.2118523,0.5294117647058824
P19,165 538 703,1,WHI,anchor,TOY,label_cliff,anchor.to.label_cliff,111.2118523,0.5294117647058824
P19,165 538 703,1,SOE,struct_cliff,TOY,label_cliff,struct_cliff.to.label_cliff,31.36019292,0.8387096774193549
P2,165 538 703,2,WHI,anchor,SOE,struct_cliff,anchor.to.struct_cliff,111.8614469,0.8333333333333334
P2,165 538 703,2,WHI,anchor,SOE,struct_cliff,anchor.to.struct_cliff,111.8614469,0.8333333333333334
P2,165 538 703,2,WHI,anchor,TOY,label_cliff,anchor.to.label_cliff,104.4064864,0.5294117647058824
P2,165 538 703,2,WHI,anchor,TOY,label_cliff,anchor.to.label_cliff,104.4064864,0.5294117647058824
P2,165 538 703,2,SOE,struct_cliff,TOY,label_cliff,struct_cliff.to.label_cliff,57.05099911,0.8387096774193549
P2,165 538 703,1,WHI,anchor,SOE,struct_cliff,anchor.to.struct_cliff,80.43760812,0.8333333333333334
P2,165 538 703,1,WHI,anchor,SOE,struct_cliff,anchor.to.struct_cliff,80.43760812,0.8333333333333334
P2,165 538 703,1,WHI,anchor,TOY,label_cliff,anchor.to.label_cliff,128.1324506,0.5294117647058824
P2,165 538 703,1,WHI,anchor,TOY,label_cliff,anchor.to.label_cliff,128.1324506,0.5294117647058824
P2,165 538 703,1,SOE,struct_cliff,TOY,label_cliff,struct_cliff.to.label_cliff,70.11227353,0.8387096774193549
P23,165 538 703,1,WHI,anchor,SOE,struct_cliff,anchor.to.struct_cliff,92.95781893,0.8333333333333334
P23,165 538 703,1,WHI,anchor,SOE,struct_cliff,anchor.to.struct_cliff,92.95781893,0.8333333333333334
P23,165 538 703,1,WHI,anchor,TOY,label_cliff,anchor.to.label_cliff,68.88593035,0.5294117647058824
P23,165 538 703,1,WHI,anchor,TOY,label_cliff,anchor.to.label_cliff,68.88593035,0.5294117647058824
P23,165 538 703,1,SOE,struct_cliff,TOY,label_cliff,struct_cliff.to.label_cliff,90.00141388,0.8387096774193549
P25,165 538 703,2,WHI,anchor,SOE,struct_cliff,anchor.to.struct_cliff,78.33096195,0.8333333333333334
P25,165 538 703,2,WHI,anchor,SOE,struct_cliff,anchor.to.struct_cliff,78.33096195,0.8333333333333334
P25,165 538 703,2,WHI,anchor,TOY,label_cliff,anchor.to.label_cliff,77.44561576,0.5294117647058824
P25,165 538 703,2,WHI,anchor,TOY,label_cliff,anchor.to.label_cliff,77.44561576,0.5294117647058824
P25,165 538 703,2,SOE,struct_cliff,TOY,label_cliff,struct_cliff.to.label_cliff,47.75829352,0.8387096774193549
P25,165 538 703,1,WHI,anchor,SOE,struct_cliff,anchor.to.struct_cliff,45.66000986,0.8333333333333334
P25,165 538 703,1,WHI,anchor,SOE,struct_cliff,anchor.to.struct_cliff,45.66000986,0.8333333333333334
P25,165 538 703,1,WHI,anchor,TOY,label_cliff,anchor.to.label_cliff,49.01115383,0.5294117647058824
P25,165 538 703,1,WHI,anchor,TOY,label_cliff,anchor.to.label_cliff,49.01115383,0.5294117647058824
P25,165 538 703,1,SOE,struct_cliff,TOY,label_cliff,struct_cliff.to.label_cliff,50.42635125,0.8387096774193549
P26,165 538 703,2,WHI,anchor,SOE,struct_cliff,anchor.to.struct_cliff,38.37155327,0.8333333333333334
P26,165 538 703,2,WHI,anchor,SOE,struct_cliff,anchor.to.struct_cliff,38.37155327,0.8333333333333334
P26,165 538 703,2,WHI,anchor,TOY,label_cliff,anchor.to.label_cliff,76.66352523,0.5294117647058824
P26,165 538 703,2,WHI,anchor,TOY,label_cliff,anchor.to.label_cliff,76.66352523,0.5294117647058824
P26,165 538 703,2,SOE,struct_cliff,TOY,label_cliff,struct_cliff.to.label_cliff,79.08501754,0.8387096774193549
P26,165 538 703,1,WHI,anchor,SOE,struct_cliff,anchor.to.struct_cliff,131.1471269,0.8333333333333334
P26,165 538 703,1,WHI,anchor,SOE,struct_cliff,anchor.to.struct_cliff,131.1471269,0.8333333333333334
P26,165 538 703,1,WHI,anchor,TOY,label_cliff,anchor.to.label_cliff,95.41842223,0.5294117647058824
P26,165 538 703,1,WHI,anchor,TOY,label_cliff,anchor.to.label_cliff,95.41842223,0.5294117647058824
P26,165 538 703,1,SOE,struct_cliff,TOY,label_cliff,struct_cliff.to.label_cliff,68.59161027,0.8387096774193549
P27,165 538 703,2,WHI,anchor,SOE,struct_cliff,anchor.to.struct_cliff,123.6466227,0.8333333333333334
P27,165 538 703,2,WHI,anchor,SOE,struct_cliff,anchor.to.struct_cliff,123.6466227,0.8333333333333334
P27,165 538 703,2,WHI,anchor,TOY,label_cliff,anchor.to.label_cliff,4.865439343,0.5294117647058824
P27,165 538 703,2,WHI,anchor,TOY,label_cliff,anchor.to.label_cliff,4.865439343,0.5294117647058824
P27,165 538 703,2,SOE,struct_cliff,TOY,label_cliff,struct_cliff.to.label_cliff,128.1719501,0.8387096774193549
P27,165 538 703,1,WHI,anchor,SOE,struct_cliff,anchor.to.struct_cliff,91.46616478,0.8333333333333334
P27,165 538 703,1,WHI,anchor,SOE,struct_cliff,anchor.to.struct_cliff,91.46616478,0.8333333333333334
P27,165 538 703,1,WHI,anchor,TOY,label_cliff,anchor.to.label_cliff,81.05000555,0.5294117647058824
P27,165 538 703,1,WHI,anchor,TOY,label_cliff,anchor.to.label_cliff,81.05000555,0.5294117647058824
P27,165 538 703,1,SOE,struct_cliff,TOY,label_cliff,struct_cliff.to.label_cliff,20.52380325,0.8387096774193549
P28,165 538 703,2,WHI,anchor,SOE,struct_cliff,anchor.to.struct_cliff,90.24352054,0.8333333333333334
P28,165 538 703,2,WHI,anchor,SOE,struct_cliff,anchor.to.struct_cliff,90.24352054,0.8333333333333334
P28,165 538 703,2,WHI,anchor,TOY,label_cliff,anchor.to.label_cliff,83.30654056,0.5294117647058824
P28,165 538 703,2,WHI,anchor,TOY,label_cliff,anchor.to.label_cliff,83.30654056,0.5294117647058824
P28,165 538 703,2,SOE,struct_cliff,TOY,label_cliff,struct_cliff.to.label_cliff,41.7803315,0.8387096774193549
P28,165 538 703,1,WHI,anchor,SOE,struct_cliff,anchor.to.struct_cliff,105.1052677,0.8333333333333334
P28,165 538 703,1,WHI,anchor,SOE,struct_cliff,anchor.to.struct_cliff,105.1052677,0.8333333333333334
P28,165 538 703,1,WHI,anchor,TOY,label_cliff,anchor.to.label_cliff,81.25565826,0.5294117647058824
P28,165 538 703,1,WHI,anchor,TOY,label_cliff,anchor.to.label_cliff,81.25565826,0.5294117647058824
P28,165 538 703,1,SOE,struct_cliff,TOY,label_cliff,struct_cliff.to.label_cliff,81.72178718,0.8387096774193549
P31,165 538 703,2,WHI,anchor,SOE,struct_cliff,anchor.to.struct_cliff,15.06110886,0.8333333333333334
P31,165 538 703,2,WHI,anchor,SOE,struct_cliff,anchor.to.struct_cliff,15.06110886,0.8333333333333334
P31,165 538 703,2,WHI,anchor,TOY,label_cliff,anchor.to.label_cliff,23.09388231,0.5294117647058824
P31,165 538 703,2,WHI,anchor,TOY,label_cliff,anchor.to.label_cliff,23.09388231,0.5294117647058824
P31,165 538 703,2,SOE,struct_cliff,TOY,label_cliff,struct_cliff.to.label_cliff,14.64005464,0.8387096774193549
P31,165 538 703,1,WHI,anchor,SOE,struct_cliff,anchor.to.struct_cliff,29.11618279,0.8333333333333334
P31,165 538 703,1,WHI,anchor,SOE,struct_cliff,anchor.to.struct_cliff,29.11618279,0.8333333333333334
P31,165 538 703,1,WHI,anchor,TOY,label_cliff,anchor.to.label_cliff,45.91580338,0.5294117647058824
P31,165 538 703,1,WHI,anchor,TOY,label_cliff,anchor.to.label_cliff,45.91580338,0.5294117647058824
P31,165 538 703,1,SOE,struct_cliff,TOY,label_cliff,struct_cliff.to.label_cliff,47.68923673,0.8387096774193549
P32,165 538 703,2,WHI,anchor,SOE,struct_cliff,anchor.to.struct_cliff,16.99,0.8333333333333334
P32,165 538 703,2,WHI,anchor,SOE,struct_cliff,anchor.to.struct_cliff,16.99,0.8333333333333334
P32,165 538 703,2,WHI,anchor,TOY,label_cliff,anchor.to.label_cliff,69.34813336,0.5294117647058824
P32,165 538 703,2,WHI,anchor,TOY,label_cliff,anchor.to.label_cliff,69.34813336,0.5294117647058824
P32,165 538 703,2,SOE,struct_cliff,TOY,label_cliff,struct_cliff.to.label_cliff,73.03180745,0.8387096774193549
P32,165 538 703,1,WHI,anchor,SOE,struct_cliff,anchor.to.struct_cliff,19.02449999,0.8333333333333334
P32,165 538 703,1,WHI,anchor,SOE,struct_cliff,anchor.to.struct_cliff,19.02449999,0.8333333333333334
P32,165 538 703,1,WHI,anchor,TOY,label_cliff,anchor.to.label_cliff,31.89816609,0.5294117647058824
P32,165 538 703,1,WHI,anchor,TOY,label_cliff,anchor.to.label_cliff,31.89816609,0.5294117647058824
P32,165 538 703,1,SOE,struct_cliff,TOY,label_cliff,struct_cliff.to.label_cliff,28.93460558,0.8387096774193549
P5,165 538 703,2,WHI,anchor,SOE,struct_cliff,anchor.to.struct_cliff,94.05267726,0.8333333333333334
P5,165 538 703,2,WHI,anchor,SOE,struct_cliff,anchor.to.struct_cliff,94.05267726,0.8333333333333334
P5,165 538 703,2,WHI,anchor,TOY,label_cliff,anchor.to.label_cliff,121.1851517,0.5294117647058824
P5,165 538 703,2,WHI,anchor,TOY,label_cliff,anchor.to.label_cliff,121.1851517,0.5294117647058824
P5,165 538 703,2,SOE,struct_cliff,TOY,label_cliff,struct_cliff.to.label_cliff,27.1329486,0.8387096774193549
P5,165 538 703,1,WHI,anchor,SOE,struct_cliff,anchor.to.struct_cliff,99.39963078,0.8333333333333334
P5,165 538 703,1,WHI,anchor,SOE,struct_cliff,anchor.to.struct_cliff,99.39963078,0.8333333333333334
P5,165 538 703,1,WHI,anchor,TOY,label_cliff,anchor.to.label_cliff,117.3700204,0.5294117647058824
P5,165 538 703,1,WHI,anchor,TOY,label_cliff,anchor.to.label_cliff,117.3700204,0.5294117647058824
P5,165 538 703,1,SOE,struct_cliff,TOY,label_cliff,struct_cliff.to.label_cliff,17.98949972,0.8387096774193549
P6,165 538 703,2,WHI,anchor,SOE,struct_cliff,anchor.to.struct_cliff,30.53064854,0.8333333333333334
P6,165 538 703,2,WHI,anchor,SOE,struct_cliff,anchor.to.struct_cliff,30.53064854,0.8333333333333334
P6,165 538 703,2,WHI,anchor,TOY,label_cliff,anchor.to.label_cliff,40.96315051,0.5294117647058824
P6,165 538 703,2,WHI,anchor,TOY,label_cliff,anchor.to.label_cliff,40.96315051,0.5294117647058824
P6,165 538 703,2,SOE,struct_cliff,TOY,label_cliff,struct_cliff.to.label_cliff,46.30834482,0.8387096774193549
P6,165 538 703,1,WHI,anchor,SOE,struct_cliff,anchor.to.struct_cliff,42.42641276,0.8333333333333334
P6,165 538 703,1,WHI,anchor,SOE,struct_cliff,anchor.to.struct_cliff,42.42641276,0.8333333333333334
P6,165 538 703,1,WHI,anchor,TOY,label_cliff,anchor.to.label_cliff,36.21758275,0.5294117647058824
P6,165 538 703,1,WHI,anchor,TOY,label_cliff,anchor.to.label_cliff,36.21758275,0.5294117647058824
P6,165 538 703,1,SOE,struct_cliff,TOY,label_cliff,struct_cliff.to.label_cliff,64.50946752,0.8387096774193549
P9,165 538 703,2,WHI,anchor,SOE,struct_cliff,anchor.to.struct_cliff,54.72154694,0.8333333333333334
P9,165 538 703,2,WHI,anchor,SOE,struct_cliff,anchor.to.struct_cliff,54.72154694,0.8333333333333334
P9,165 538 703,2,WHI,anchor,TOY,label_cliff,anchor.to.label_cliff,61.209777,0.5294117647058824
P9,165 538 703,2,WHI,anchor,TOY,label_cliff,anchor.to.label_cliff,61.209777,0.5294117647058824
P9,165 538 703,2,SOE,struct_cliff,TOY,label_cliff,struct_cliff.to.label_cliff,29.05547281,0.8387096774193549
P9,165 538 703,1,WHI,anchor,SOE,struct_cliff,anchor.to.struct_cliff,59.39704454,0.8333333333333334
P9,165 538 703,1,WHI,anchor,SOE,struct_cliff,anchor.to.struct_cliff,59.39704454,0.8333333333333334
P9,165 538 703,1,WHI,anchor,TOY,label_cliff,anchor.to.label_cliff,39.38537419,0.5294117647058824
P9,165 538 703,1,WHI,anchor,TOY,label_cliff,anchor.to.label_cliff,39.38537419,0.5294117647058824
P9,165 538 703,1,SOE,struct_cliff,TOY,label_cliff,struct_cliff.to.label_cliff,88.32243769,0.8387096774193549
P1,038 334 370,2,OWC,anchor,MAR,struct_cliff,anchor.to.struct_cliff,68.63731128,0.7941176470588236
P1,038 334 370,2,OWC,anchor,PTF,label_cliff,anchor.to.label_cliff,130.2985683,0.52
P1,038 334 370,2,MAR,struct_cliff,PTF,label_cliff,struct_cliff.to.label_cliff,62.04358629,0.8
P1,038 334 370,1,OWC,anchor,MAR,struct_cliff,anchor.to.struct_cliff,74.70994646,0.7941176470588236
P1,038 334 370,1,OWC,anchor,PTF,label_cliff,anchor.to.label_cliff,129.4088795,0.52
P1,038 334 370,1,MAR,struct_cliff,PTF,label_cliff,struct_cliff.to.label_cliff,55.19852534,0.8
P10,038 334 370,2,OWC,anchor,MAR,struct_cliff,anchor.to.struct_cliff,7.270687725,0.7941176470588236
P10,038 334 370,2,OWC,anchor,PTF,label_cliff,anchor.to.label_cliff,45.3403981,0.52
P10,038 334 370,2,MAR,struct_cliff,PTF,label_cliff,struct_cliff.to.label_cliff,46.04829204,0.8
P10,038 334 370,1,OWC,anchor,MAR,struct_cliff,anchor.to.struct_cliff,14.76343117,0.7941176470588236
P10,038 334 370,1,OWC,anchor,PTF,label_cliff,anchor.to.label_cliff,62.83013449,0.52
P10,038 334 370,1,MAR,struct_cliff,PTF,label_cliff,struct_cliff.to.label_cliff,60.83333379,0.8
P11,038 334 370,2,OWC,anchor,MAR,struct_cliff,anchor.to.struct_cliff,34.03842681,0.7941176470588236
P11,038 334 370,2,OWC,anchor,PTF,label_cliff,anchor.to.label_cliff,20.42041381,0.52
P11,038 334 370,2,MAR,struct_cliff,PTF,label_cliff,struct_cliff.to.label_cliff,50.31098886,0.8
P11,038 334 370,1,OWC,anchor,MAR,struct_cliff,anchor.to.struct_cliff,17.68059105,0.7941176470588236
P11,038 334 370,1,OWC,anchor,PTF,label_cliff,anchor.to.label_cliff,100.5519498,0.52
P11,038 334 370,1,MAR,struct_cliff,PTF,label_cliff,struct_cliff.to.label_cliff,115.0567395,0.8
P13,038 334 370,1,OWC,anchor,MAR,struct_cliff,anchor.to.struct_cliff,95.13904036,0.7941176470588236
P13,038 334 370,1,OWC,anchor,PTF,label_cliff,anchor.to.label_cliff,90.38918796,0.52
P13,038 334 370,1,MAR,struct_cliff,PTF,label_cliff,struct_cliff.to.label_cliff,81.88667596,0.8
P14,038 334 370,2,OWC,anchor,MAR,struct_cliff,anchor.to.struct_cliff,53.47665752,0.7941176470588236
P14,038 334 370,2,OWC,anchor,PTF,label_cliff,anchor.to.label_cliff,97.57275234,0.52
P14,038 334 370,2,MAR,struct_cliff,PTF,label_cliff,struct_cliff.to.label_cliff,115.0636593,0.8
P14,038 334 370,1,OWC,anchor,MAR,struct_cliff,anchor.to.struct_cliff,39.04908322,0.7941176470588236
P14,038 334 370,1,OWC,anchor,PTF,label_cliff,anchor.to.label_cliff,99.52602323,0.52
P14,038 334 370,1,MAR,struct_cliff,PTF,label_cliff,struct_cliff.to.label_cliff,125.8523341,0.8
P19,038 334 370,2,OWC,anchor,MAR,struct_cliff,anchor.to.struct_cliff,30.12582281,0.7941176470588236
P19,038 334 370,2,OWC,anchor,PTF,label_cliff,anchor.to.label_cliff,132.4147801,0.52
P19,038 334 370,2,MAR,struct_cliff,PTF,label_cliff,struct_cliff.to.label_cliff,109.7812844,0.8
P19,038 334 370,1,OWC,anchor,MAR,struct_cliff,anchor.to.struct_cliff,107.8676096,0.7941176470588236
P19,038 334 370,1,OWC,anchor,PTF,label_cliff,anchor.to.label_cliff,130.5116642,0.52
P19,038 334 370,1,MAR,struct_cliff,PTF,label_cliff,struct_cliff.to.label_cliff,22.78329432,0.8
P2,038 334 370,2,OWC,anchor,MAR,struct_cliff,anchor.to.struct_cliff,49.48264342,0.7941176470588236
P2,038 334 370,2,OWC,anchor,PTF,label_cliff,anchor.to.label_cliff,124.071045,0.52
P2,038 334 370,2,MAR,struct_cliff,PTF,label_cliff,struct_cliff.to.label_cliff,103.9929469,0.8
P2,038 334 370,1,OWC,anchor,MAR,struct_cliff,anchor.to.struct_cliff,51.57119448,0.7941176470588236
P2,038 334 370,1,OWC,anchor,PTF,label_cliff,anchor.to.label_cliff,87.8219665,0.52
P2,038 334 370,1,MAR,struct_cliff,PTF,label_cliff,struct_cliff.to.label_cliff,129.1252698,0.8
P23,038 334 370,1,OWC,anchor,MAR,struct_cliff,anchor.to.struct_cliff,85.78356777,0.7941176470588236
P23,038 334 370,1,OWC,anchor,PTF,label_cliff,anchor.to.label_cliff,101.8929046,0.52
P23,038 334 370,1,MAR,struct_cliff,PTF,label_cliff,struct_cliff.to.label_cliff,83.38731858,0.8
P25,038 334 370,2,OWC,anchor,MAR,struct_cliff,anchor.to.struct_cliff,34.45098112,0.7941176470588236
P25,038 334 370,2,OWC,anchor,PTF,label_cliff,anchor.to.label_cliff,54.7206451,0.52
P25,038 334 370,2,MAR,struct_cliff,PTF,label_cliff,struct_cliff.to.label_cliff,52.16509273,0.8
P25,038 334 370,1,OWC,anchor,MAR,struct_cliff,anchor.to.struct_cliff,47.89025162,0.7941176470588236
P25,038 334 370,1,OWC,anchor,PTF,label_cliff,anchor.to.label_cliff,42.93007454,0.52
P25,038 334 370,1,MAR,struct_cliff,PTF,label_cliff,struct_cliff.to.label_cliff,76.43699693,0.8
P26,038 334 370,2,OWC,anchor,MAR,struct_cliff,anchor.to.struct_cliff,30.11159577,0.7941176470588236
P26,038 334 370,2,OWC,anchor,PTF,label_cliff,anchor.to.label_cliff,108.3282585,0.52
P26,038 334 370,2,MAR,struct_cliff,PTF,label_cliff,struct_cliff.to.label_cliff,95.20879476,0.8
P26,038 334 370,1,OWC,anchor,MAR,struct_cliff,anchor.to.struct_cliff,64.39199019,0.7941176470588236
P26,038 334 370,1,OWC,anchor,PTF,label_cliff,anchor.to.label_cliff,126.6593265,0.52
P26,038 334 370,1,MAR,struct_cliff,PTF,label_cliff,struct_cliff.to.label_cliff,77.04211965,0.8
P27,038 334 370,2,OWC,anchor,MAR,struct_cliff,anchor.to.struct_cliff,106.1061473,0.7941176470588236
P27,038 334 370,2,OWC,anchor,PTF,label_cliff,anchor.to.label_cliff,124.4597545,0.52
P27,038 334 370,2,MAR,struct_cliff,PTF,label_cliff,struct_cliff.to.label_cliff,29.8638678,0.8
P27,038 334 370,1,OWC,anchor,MAR,struct_cliff,anchor.to.struct_cliff,66.51980156,0.7941176470588236
P27,038 334 370,1,OWC,anchor,PTF,label_cliff,anchor.to.label_cliff,83.66046856,0.52
P27,038 334 370,1,MAR,struct_cliff,PTF,label_cliff,struct_cliff.to.label_cliff,33.17737181,0.8
P28,038 334 370,2,OWC,anchor,MAR,struct_cliff,anchor.to.struct_cliff,100.5319939,0.7941176470588236
P28,038 334 370,2,OWC,anchor,PTF,label_cliff,anchor.to.label_cliff,50.97,0.52
P28,038 334 370,2,MAR,struct_cliff,PTF,label_cliff,struct_cliff.to.label_cliff,80.01045244,0.8
P28,038 334 370,1,OWC,anchor,MAR,struct_cliff,anchor.to.struct_cliff,96.42047345,0.7941176470588236
P28,038 334 370,1,OWC,anchor,PTF,label_cliff,anchor.to.label_cliff,78.6404635,0.52
P28,038 334 370,1,MAR,struct_cliff,PTF,label_cliff,struct_cliff.to.label_cliff,87.95861299,0.8
P31,038 334 370,2,OWC,anchor,MAR,struct_cliff,anchor.to.struct_cliff,14.26593845,0.7941176470588236
P31,038 334 370,2,OWC,anchor,PTF,label_cliff,anchor.to.label_cliff,127.0069309,0.52
P31,038 334 370,2,MAR,struct_cliff,PTF,label_cliff,struct_cliff.to.label_cliff,112.748847,0.8
P31,038 334 370,1,OWC,anchor,MAR,struct_cliff,anchor.to.struct_cliff,9.431717765,0.7941176470588236
P31,038 334 370,1,OWC,anchor,PTF,label_cliff,anchor.to.label_cliff,93.93274882,0.52
P31,038 334 370,1,MAR,struct_cliff,PTF,label_cliff,struct_cliff.to.label_cliff,100.3158293,0.8
P32,038 334 370,2,OWC,anchor,MAR,struct_cliff,anchor.to.struct_cliff,25.2638279,0.7941176470588236
P32,038 334 370,2,OWC,anchor,PTF,label_cliff,anchor.to.label_cliff,66.24126886,0.52
P32,038 334 370,2,MAR,struct_cliff,PTF,label_cliff,struct_cliff.to.label_cliff,55.61452418,0.8
P32,038 334 370,1,OWC,anchor,MAR,struct_cliff,anchor.to.struct_cliff,59.25047932,0.7941176470588236
P32,038 334 370,1,OWC,anchor,PTF,label_cliff,anchor.to.label_cliff,49.84221604,0.52
P32,038 334 370,1,MAR,struct_cliff,PTF,label_cliff,struct_cliff.to.label_cliff,22.31735647,0.8
P5,038 334 370,2,OWC,anchor,MAR,struct_cliff,anchor.to.struct_cliff,19.87394777,0.7941176470588236
P5,038 334 370,2,OWC,anchor,PTF,label_cliff,anchor.to.label_cliff,121.7583591,0.52
P5,038 334 370,2,MAR,struct_cliff,PTF,label_cliff,struct_cliff.to.label_cliff,102.1806254,0.8
P5,038 334 370,1,OWC,anchor,MAR,struct_cliff,anchor.to.struct_cliff,18.15211282,0.7941176470588236
P5,038 334 370,1,OWC,anchor,PTF,label_cliff,anchor.to.label_cliff,123.0947801,0.52
P5,038 334 370,1,MAR,struct_cliff,PTF,label_cliff,struct_cliff.to.label_cliff,105.1320394,0.8
P6,038 334 370,2,OWC,anchor,MAR,struct_cliff,anchor.to.struct_cliff,29.82516052,0.7941176470588236
P6,038 334 370,2,OWC,anchor,PTF,label_cliff,anchor.to.label_cliff,59.52766416,0.52
P6,038 334 370,2,MAR,struct_cliff,PTF,label_cliff,struct_cliff.to.label_cliff,35.99618035,0.8
P6,038 334 370,1,OWC,anchor,MAR,struct_cliff,anchor.to.struct_cliff,32.46961195,0.7941176470588236
P6,038 334 370,1,OWC,anchor,PTF,label_cliff,anchor.to.label_cliff,55.11002087,0.52
P6,038 334 370,1,MAR,struct_cliff,PTF,label_cliff,struct_cliff.to.label_cliff,26.64067754,0.8
P9,038 334 370,2,OWC,anchor,MAR,struct_cliff,anchor.to.struct_cliff,39.12123976,0.7941176470588236
P9,038 334 370,2,OWC,anchor,PTF,label_cliff,anchor.to.label_cliff,53.3510581,0.52
P9,038 334 370,2,MAR,struct_cliff,PTF,label_cliff,struct_cliff.to.label_cliff,77.04780853,0.8
P9,038 334 370,1,OWC,anchor,MAR,struct_cliff,anchor.to.struct_cliff,35.85321464,0.7941176470588236
P9,038 334 370,1,OWC,anchor,PTF,label_cliff,anchor.to.label_cliff,77.58830453,0.52
P9,038 334 370,1,MAR,struct_cliff,PTF,label_cliff,struct_cliff.to.label_cliff,74.94589515,0.8
P1,082 326 834,2,ALM,anchor,XCM,struct_cliff,anchor.to.struct_cliff,69.66466249,0.9473684210526316
P1,082 326 834,2,ALM,anchor,AUC,label_cliff,anchor.to.label_cliff,96.44264876,0.5294117647058824
P1,082 326 834,2,XCM,struct_cliff,AUC,label_cliff,struct_cliff.to.label_cliff,26.81766768,0.9411764705882352
P1,082 326 834,1,ALM,anchor,XCM,struct_cliff,anchor.to.struct_cliff,82.78408845,0.9473684210526316
P1,082 326 834,1,ALM,anchor,AUC,label_cliff,anchor.to.label_cliff,86.70989621,0.5294117647058824
P1,082 326 834,1,XCM,struct_cliff,AUC,label_cliff,struct_cliff.to.label_cliff,82.43519879,0.9411764705882352
P10,082 326 834,2,ALM,anchor,XCM,struct_cliff,anchor.to.struct_cliff,49.23452549,0.9473684210526316
P10,082 326 834,2,ALM,anchor,AUC,label_cliff,anchor.to.label_cliff,50.89597725,0.5294117647058824
P10,082 326 834,2,XCM,struct_cliff,AUC,label_cliff,struct_cliff.to.label_cliff,9.83643228,0.9411764705882352
P10,082 326 834,1,ALM,anchor,XCM,struct_cliff,anchor.to.struct_cliff,14.45290974,0.9473684210526316
P10,082 326 834,1,ALM,anchor,AUC,label_cliff,anchor.to.label_cliff,50.25801628,0.5294117647058824
P10,082 326 834,1,XCM,struct_cliff,AUC,label_cliff,struct_cliff.to.label_cliff,36.14780768,0.9411764705882352
P11,082 326 834,2,ALM,anchor,XCM,struct_cliff,anchor.to.struct_cliff,17.68773869,0.9473684210526316
P11,082 326 834,2,ALM,anchor,AUC,label_cliff,anchor.to.label_cliff,29.12332399,0.5294117647058824
P11,082 326 834,2,XCM,struct_cliff,AUC,label_cliff,struct_cliff.to.label_cliff,12.82710022,0.9411764705882352
P11,082 326 834,1,ALM,anchor,XCM,struct_cliff,anchor.to.struct_cliff,47.07516118,0.9473684210526316
P11,082 326 834,1,ALM,anchor,AUC,label_cliff,anchor.to.label_cliff,23.0766592,0.5294117647058824
P11,082 326 834,1,XCM,struct_cliff,AUC,label_cliff,struct_cliff.to.label_cliff,24.17804376,0.9411764705882352
P13,082 326 834,1,ALM,anchor,XCM,struct_cliff,anchor.to.struct_cliff,61.45313418,0.9473684210526316
P13,082 326 834,1,ALM,anchor,AUC,label_cliff,anchor.to.label_cliff,97.62981614,0.5294117647058824
P13,082 326 834,1,XCM,struct_cliff,AUC,label_cliff,struct_cliff.to.label_cliff,60.03771231,0.9411764705882352
P14,082 326 834,2,ALM,anchor,XCM,struct_cliff,anchor.to.struct_cliff,83.36516419,0.9473684210526316
P14,082 326 834,2,ALM,anchor,AUC,label_cliff,anchor.to.label_cliff,81.95125441,0.5294117647058824
P14,082 326 834,2,XCM,struct_cliff,AUC,label_cliff,struct_cliff.to.label_cliff,84.16453945,0.9411764705882352
P14,082 326 834,1,ALM,anchor,XCM,struct_cliff,anchor.to.struct_cliff,79.59762622,0.9473684210526316
P14,082 326 834,1,ALM,anchor,AUC,label_cliff,anchor.to.label_cliff,112.3164302,0.5294117647058824
P14,082 326 834,1,XCM,struct_cliff,AUC,label_cliff,struct_cliff.to.label_cliff,52.47195441,0.9411764705882352
P19,082 326 834,2,ALM,anchor,XCM,struct_cliff,anchor.to.struct_cliff,131.8118754,0.9473684210526316
P19,082 326 834,2,ALM,anchor,AUC,label_cliff,anchor.to.label_cliff,107.3347521,0.5294117647058824
P19,082 326 834,2,XCM,struct_cliff,AUC,label_cliff,struct_cliff.to.label_cliff,39.38193114,0.9411764705882352
P19,082 326 834,1,ALM,anchor,XCM,struct_cliff,anchor.to.struct_cliff,27.79343987,0.9473684210526316
P19,082 326 834,1,ALM,anchor,AUC,label_cliff,anchor.to.label_cliff,19.07536631,0.5294117647058824
P19,082 326 834,1,XCM,struct_cliff,AUC,label_cliff,struct_cliff.to.label_cliff,24.67300752,0.9411764705882352
P2,082 326 834,2,ALM,anchor,XCM,struct_cliff,anchor.to.struct_cliff,63.32085991,0.9473684210526316
P2,082 326 834,2,ALM,anchor,AUC,label_cliff,anchor.to.label_cliff,103.5967152,0.5294117647058824
P2,082 326 834,2,XCM,struct_cliff,AUC,label_cliff,struct_cliff.to.label_cliff,103.9292861,0.9411764705882352
P2,082 326 834,1,ALM,anchor,XCM,struct_cliff,anchor.to.struct_cliff,106.1545501,0.9473684210526316
P2,082 326 834,1,ALM,anchor,AUC,label_cliff,anchor.to.label_cliff,58.25203945,0.5294117647058824
P2,082 326 834,1,XCM,struct_cliff,AUC,label_cliff,struct_cliff.to.label_cliff,97.05638979,0.9411764705882352
P23,082 326 834,1,ALM,anchor,XCM,struct_cliff,anchor.to.struct_cliff,87.98412641,0.9473684210526316
P23,082 326 834,1,ALM,anchor,AUC,label_cliff,anchor.to.label_cliff,92.30985267,0.5294117647058824
P23,082 326 834,1,XCM,struct_cliff,AUC,label_cliff,struct_cliff.to.label_cliff,44.73428439,0.9411764705882352
P25,082 326 834,2,ALM,anchor,XCM,struct_cliff,anchor.to.struct_cliff,32.11809615,0.9473684210526316
P25,082 326 834,2,ALM,anchor,AUC,label_cliff,anchor.to.label_cliff,24.19955578,0.5294117647058824
P25,082 326 834,2,XCM,struct_cliff,AUC,label_cliff,struct_cliff.to.label_cliff,43.62893764,0.9411764705882352
P25,082 326 834,1,ALM,anchor,XCM,struct_cliff,anchor.to.struct_cliff,71.88114217,0.9473684210526316
P25,082 326 834,1,ALM,anchor,AUC,label_cliff,anchor.to.label_cliff,44.66197488,0.5294117647058824
P25,082 326 834,1,XCM,struct_cliff,AUC,label_cliff,struct_cliff.to.label_cliff,52.89885632,0.9411764705882352
P26,082 326 834,2,ALM,anchor,XCM,struct_cliff,anchor.to.struct_cliff,14.99824323,0.9473684210526316
P26,082 326 834,2,ALM,anchor,AUC,label_cliff,anchor.to.label_cliff,29.33890932,0.5294117647058824
P26,082 326 834,2,XCM,struct_cliff,AUC,label_cliff,struct_cliff.to.label_cliff,28.80300852,0.9411764705882352
P26,082 326 834,1,ALM,anchor,XCM,struct_cliff,anchor.to.struct_cliff,42.23019773,0.9473684210526316
P26,082 326 834,1,ALM,anchor,AUC,label_cliff,anchor.to.label_cliff,69.29571487,0.5294117647058824
P26,082 326 834,1,XCM,struct_cliff,AUC,label_cliff,struct_cliff.to.label_cliff,28.45204562,0.9411764705882352
P27,082 326 834,2,ALM,anchor,XCM,struct_cliff,anchor.to.struct_cliff,74.71545021,0.9473684210526316
P27,082 326 834,2,ALM,anchor,AUC,label_cliff,anchor.to.label_cliff,38.23883366,0.5294117647058824
P27,082 326 834,2,XCM,struct_cliff,AUC,label_cliff,struct_cliff.to.label_cliff,98.14437987,0.9411764705882352
P27,082 326 834,1,ALM,anchor,XCM,struct_cliff,anchor.to.struct_cliff,94.48,0.9473684210526316
P27,082 326 834,1,ALM,anchor,AUC,label_cliff,anchor.to.label_cliff,28.17392056,0.5294117647058824
P27,082 326 834,1,XCM,struct_cliff,AUC,label_cliff,struct_cliff.to.label_cliff,98.1398441,0.9411764705882352
P28,082 326 834,2,ALM,anchor,XCM,struct_cliff,anchor.to.struct_cliff,55.10705309,0.9473684210526316
P28,082 326 834,2,ALM,anchor,AUC,label_cliff,anchor.to.label_cliff,77.47411245,0.5294117647058824
P28,082 326 834,2,XCM,struct_cliff,AUC,label_cliff,struct_cliff.to.label_cliff,99.42459454,0.9411764705882352
P28,082 326 834,1,ALM,anchor,XCM,struct_cliff,anchor.to.struct_cliff,42.24523642,0.9473684210526316
P28,082 326 834,1,ALM,anchor,AUC,label_cliff,anchor.to.label_cliff,86.48895941,0.5294117647058824
P28,082 326 834,1,XCM,struct_cliff,AUC,label_cliff,struct_cliff.to.label_cliff,86.28011416,0.9411764705882352
P31,082 326 834,2,ALM,anchor,XCM,struct_cliff,anchor.to.struct_cliff,39.45870373,0.9473684210526316
P31,082 326 834,2,ALM,anchor,AUC,label_cliff,anchor.to.label_cliff,40.13218285,0.5294117647058824
P31,082 326 834,2,XCM,struct_cliff,AUC,label_cliff,struct_cliff.to.label_cliff,20.46391947,0.9411764705882352
P31,082 326 834,1,ALM,anchor,XCM,struct_cliff,anchor.to.struct_cliff,76.59709459,0.9473684210526316
P31,082 326 834,1,ALM,anchor,AUC,label_cliff,anchor.to.label_cliff,74.65074012,0.5294117647058824
P31,082 326 834,1,XCM,struct_cliff,AUC,label_cliff,struct_cliff.to.label_cliff,22.4146403,0.9411764705882352
P32,082 326 834,2,ALM,anchor,XCM,struct_cliff,anchor.to.struct_cliff,30.96657069,0.9473684210526316
P32,082 326 834,2,ALM,anchor,AUC,label_cliff,anchor.to.label_cliff,46.43385834,0.5294117647058824
P32,082 326 834,2,XCM,struct_cliff,AUC,label_cliff,struct_cliff.to.label_cliff,22.8539909,0.9411764705882352
P32,082 326 834,1,ALM,anchor,XCM,struct_cliff,anchor.to.struct_cliff,44.87747096,0.9473684210526316
P32,082 326 834,1,ALM,anchor,AUC,label_cliff,anchor.to.label_cliff,29.55891913,0.5294117647058824
P32,082 326 834,1,XCM,struct_cliff,AUC,label_cliff,struct_cliff.to.label_cliff,23.32710226,0.9411764705882352
P5,082 326 834,2,ALM,anchor,XCM,struct_cliff,anchor.to.struct_cliff,117.8317007,0.9473684210526316
P5,082 326 834,2,ALM,anchor,AUC,label_cliff,anchor.to.label_cliff,42.8521423,0.5294117647058824
P5,082 326 834,2,XCM,struct_cliff,AUC,label_cliff,struct_cliff.to.label_cliff,74.98257531,0.9411764705882352
P5,082 326 834,1,ALM,anchor,XCM,struct_cliff,anchor.to.struct_cliff,38.00871084,0.9473684210526316
P5,082 326 834,1,ALM,anchor,AUC,label_cliff,anchor.to.label_cliff,112.8699393,0.5294117647058824
P5,082 326 834,1,XCM,struct_cliff,AUC,label_cliff,struct_cliff.to.label_cliff,74.90733008,0.9411764705882352
P6,082 326 834,2,ALM,anchor,XCM,struct_cliff,anchor.to.struct_cliff,26.2191247,0.9473684210526316
P6,082 326 834,2,ALM,anchor,AUC,label_cliff,anchor.to.label_cliff,35.56322398,0.5294117647058824
P6,082 326 834,2,XCM,struct_cliff,AUC,label_cliff,struct_cliff.to.label_cliff,17.32219386,0.9411764705882352
P6,082 326 834,1,ALM,anchor,XCM,struct_cliff,anchor.to.struct_cliff,10.02621564,0.9473684210526316
P6,082 326 834,1,ALM,anchor,AUC,label_cliff,anchor.to.label_cliff,28.03108632,0.5294117647058824
P6,082 326 834,1,XCM,struct_cliff,AUC,label_cliff,struct_cliff.to.label_cliff,26.20963182,0.9411764705882352
P9,082 326 834,2,ALM,anchor,XCM,struct_cliff,anchor.to.struct_cliff,52.234726,0.9473684210526316
P9,082 326 834,2,ALM,anchor,AUC,label_cliff,anchor.to.label_cliff,45.70583004,0.5294117647058824
P9,082 326 834,2,XCM,struct_cliff,AUC,label_cliff,struct_cliff.to.label_cliff,46.94175646,0.9411764705882352
P9,082 326 834,1,ALM,anchor,XCM,struct_cliff,anchor.to.struct_cliff,47.63520652,0.9473684210526316
P9,082 326 834,1,ALM,anchor,AUC,label_cliff,anchor.to.label_cliff,78.49989363,0.5294117647058824
P9,082 326 834,1,XCM,struct_cliff,AUC,label_cliff,struct_cliff.to.label_cliff,56.53440899,0.9411764705882352
P1,370 471 921,2,HWA,anchor,MMA,struct_cliff,anchor.to.struct_cliff,66.18548859,0.7419354838709677
P1,370 471 921,2,HWA,anchor,PTF,label_cliff,anchor.to.label_cliff,131.7058799,0.5384615384615384
P1,370 471 921,2,MMA,struct_cliff,PTF,label_cliff,struct_cliff.to.label_cliff,65.62887246,0.78125
P1,370 471 921,1,HWA,anchor,MMA,struct_cliff,anchor.to.struct_cliff,2.757480734,0.7419354838709677
P1,370 471 921,1,HWA,anchor,PTF,label_cliff,anchor.to.label_cliff,109.9360996,0.5384615384615384
P1,370 471 921,1,MMA,struct_cliff,PTF,label_cliff,struct_cliff.to.label_cliff,107.8160716,0.78125
P10,370 471 921,2,HWA,anchor,MMA,struct_cliff,anchor.to.struct_cliff,9.245539465,0.7419354838709677
P10,370 471 921,2,HWA,anchor,PTF,label_cliff,anchor.to.label_cliff,48.33799024,0.5384615384615384
P10,370 471 921,2,MMA,struct_cliff,PTF,label_cliff,struct_cliff.to.label_cliff,47.65352977,0.78125
P10,370 471 921,1,HWA,anchor,MMA,struct_cliff,anchor.to.struct_cliff,5.713737831,0.7419354838709677
P10,370 471 921,1,HWA,anchor,PTF,label_cliff,anchor.to.label_cliff,54.04445763,0.5384615384615384
P10,370 471 921,1,MMA,struct_cliff,PTF,label_cliff,struct_cliff.to.label_cliff,53.58545512,0.78125
P11,370 471 921,2,HWA,anchor,MMA,struct_cliff,anchor.to.struct_cliff,58.30502551,0.7419354838709677
P11,370 471 921,2,HWA,anchor,PTF,label_cliff,anchor.to.label_cliff,70.0446836,0.5384615384615384
P11,370 471 921,2,MMA,struct_cliff,PTF,label_cliff,struct_cliff.to.label_cliff,125.6779269,0.78125
P11,370 471 921,1,HWA,anchor,MMA,struct_cliff,anchor.to.struct_cliff,7.881046885,0.7419354838709677
P11,370 471 921,1,HWA,anchor,PTF,label_cliff,anchor.to.label_cliff,98.86847071,0.5384615384615384
P11,370 471 921,1,MMA,struct_cliff,PTF,label_cliff,struct_cliff.to.label_cliff,98.53148228,0.78125
P13,370 471 921,1,HWA,anchor,MMA,struct_cliff,anchor.to.struct_cliff,59.79421544,0.7419354838709677
P13,370 471 921,1,HWA,anchor,PTF,label_cliff,anchor.to.label_cliff,54.74807029,0.5384615384615384
P13,370 471 921,1,MMA,struct_cliff,PTF,label_cliff,struct_cliff.to.label_cliff,80.85805464,0.78125
P14,370 471 921,2,HWA,anchor,MMA,struct_cliff,anchor.to.struct_cliff,18.35736637,0.7419354838709677
P14,370 471 921,2,HWA,anchor,PTF,label_cliff,anchor.to.label_cliff,117.1871857,0.5384615384615384
P14,370 471 921,2,MMA,struct_cliff,PTF,label_cliff,struct_cliff.to.label_cliff,105.9434604,0.78125
P14,370 471 921,1,HWA,anchor,MMA,struct_cliff,anchor.to.struct_cliff,39.05771371,0.7419354838709677
P14,370 471 921,1,HWA,anchor,PTF,label_cliff,anchor.to.label_cliff,109.0848715,0.5384615384615384
P14,370 471 921,1,MMA,struct_cliff,PTF,label_cliff,struct_cliff.to.label_cliff,70.16426583,0.78125
P19,370 471 921,2,HWA,anchor,MMA,struct_cliff,anchor.to.struct_cliff,60.74047415,0.7419354838709677
P19,370 471 921,2,HWA,anchor,PTF,label_cliff,anchor.to.label_cliff,132.4839983,0.5384615384615384
P19,370 471 921,2,MMA,struct_cliff,PTF,label_cliff,struct_cliff.to.label_cliff,99.37627987,0.78125
P19,370 471 921,1,HWA,anchor,MMA,struct_cliff,anchor.to.struct_cliff,98.07212448,0.7419354838709677
P19,370 471 921,1,HWA,anchor,PTF,label_cliff,anchor.to.label_cliff,132.3069087,0.5384615384615384
P19,370 471 921,1,MMA,struct_cliff,PTF,label_cliff,struct_cliff.to.label_cliff,61.00739709,0.78125
P2,370 471 921,2,HWA,anchor,MMA,struct_cliff,anchor.to.struct_cliff,105.0261705,0.7419354838709677
P2,370 471 921,2,HWA,anchor,PTF,label_cliff,anchor.to.label_cliff,66.33632564,0.5384615384615384
P2,370 471 921,2,MMA,struct_cliff,PTF,label_cliff,struct_cliff.to.label_cliff,104.0173409,0.78125
P2,370 471 921,1,HWA,anchor,MMA,struct_cliff,anchor.to.struct_cliff,14.00885791,0.7419354838709677
P2,370 471 921,1,HWA,anchor,PTF,label_cliff,anchor.to.label_cliff,78.17482523,0.5384615384615384
P2,370 471 921,1,MMA,struct_cliff,PTF,label_cliff,struct_cliff.to.label_cliff,85.6497624,0.78125
P23,370 471 921,1,HWA,anchor,MMA,struct_cliff,anchor.to.struct_cliff,2.15127869,0.7419354838709677
P23,370 471 921,1,HWA,anchor,PTF,label_cliff,anchor.to.label_cliff,96.98797503,0.5384615384615384
P23,370 471 921,1,MMA,struct_cliff,PTF,label_cliff,struct_cliff.to.label_cliff,95.34065502,0.78125
P25,370 471 921,2,HWA,anchor,MMA,struct_cliff,anchor.to.struct_cliff,50.79926181,0.7419354838709677
P25,370 471 921,2,HWA,anchor,PTF,label_cliff,anchor.to.label_cliff,75.92163657,0.5384615384615384
P25,370 471 921,2,MMA,struct_cliff,PTF,label_cliff,struct_cliff.to.label_cliff,77.21812805,0.78125
P25,370 471 921,1,HWA,anchor,MMA,struct_cliff,anchor.to.struct_cliff,67.04106577,0.7419354838709677
P25,370 471 921,1,HWA,anchor,PTF,label_cliff,anchor.to.label_cliff,70.49572611,0.5384615384615384
P25,370 471 921,1,MMA,struct_cliff,PTF,label_cliff,struct_cliff.to.label_cliff,54.24126197,0.78125
P26,370 471 921,2,HWA,anchor,MMA,struct_cliff,anchor.to.struct_cliff,26.46783897,0.7419354838709677
P26,370 471 921,2,HWA,anchor,PTF,label_cliff,anchor.to.label_cliff,112.0706728,0.5384615384615384
P26,370 471 921,2,MMA,struct_cliff,PTF,label_cliff,struct_cliff.to.label_cliff,115.6342596,0.78125
P26,370 471 921,1,HWA,anchor,MMA,struct_cliff,anchor.to.struct_cliff,42.30068085,0.7419354838709677
P26,370 471 921,1,HWA,anchor,PTF,label_cliff,anchor.to.label_cliff,107.2019561,0.5384615384615384
P26,370 471 921,1,MMA,struct_cliff,PTF,label_cliff,struct_cliff.to.label_cliff,133.0210547,0.78125
P27,370 471 921,2,HWA,anchor,MMA,struct_cliff,anchor.to.struct_cliff,4.82578491,0.7419354838709677
P27,370 471 921,2,HWA,anchor,PTF,label_cliff,anchor.to.label_cliff,118.6380858,0.5384615384615384
P27,370 471 921,2,MMA,struct_cliff,PTF,label_cliff,struct_cliff.to.label_cliff,121.6937681,0.78125
P27,370 471 921,1,HWA,anchor,MMA,struct_cliff,anchor.to.struct_cliff,4.291969245,0.7419354838709677
P27,370 471 921,1,HWA,anchor,PTF,label_cliff,anchor.to.label_cliff,127.5980113,0.5384615384615384
P27,370 471 921,1,MMA,struct_cliff,PTF,label_cliff,struct_cliff.to.label_cliff,124.7053828,0.78125
P28,370 471 921,2,HWA,anchor,MMA,struct_cliff,anchor.to.struct_cliff,98.48769923,0.7419354838709677
P28,370 471 921,2,HWA,anchor,PTF,label_cliff,anchor.to.label_cliff,55.41859977,0.5384615384615384
P28,370 471 921,2,MMA,struct_cliff,PTF,label_cliff,struct_cliff.to.label_cliff,92.95516392,0.78125
P28,370 471 921,1,HWA,anchor,MMA,struct_cliff,anchor.to.struct_cliff,91.40812054,0.7419354838709677
P28,370 471 921,1,HWA,anchor,PTF,label_cliff,anchor.to.label_cliff,81.49432925,0.5384615384615384
P28,370 471 921,1,MMA,struct_cliff,PTF,label_cliff,struct_cliff.to.label_cliff,94.09393179,0.78125
P31,370 471 921,2,HWA,anchor,MMA,struct_cliff,anchor.to.struct_cliff,9.191175115,0.7419354838709677
P31,370 471 921,2,HWA,anchor,PTF,label_cliff,anchor.to.label_cliff,112.4764446,0.5384615384615384
P31,370 471 921,2,MMA,struct_cliff,PTF,label_cliff,struct_cliff.to.label_cliff,119.8969912,0.78125
P31,370 471 921,1,HWA,anchor,MMA,struct_cliff,anchor.to.struct_cliff,115.5233089,0.7419354838709677
P31,370 471 921,1,HWA,anchor,PTF,label_cliff,anchor.to.label_cliff,34.39109914,0.5384615384615384
P31,370 471 921,1,MMA,struct_cliff,PTF,label_cliff,struct_cliff.to.label_cliff,81.38157654,0.78125
P32,370 471 921,2,HWA,anchor,MMA,struct_cliff,anchor.to.struct_cliff,26.79317077,0.7419354838709677
P32,370 471 921,2,HWA,anchor,PTF,label_cliff,anchor.to.label_cliff,69.72317907,0.5384615384615384
P32,370 471 921,2,MMA,struct_cliff,PTF,label_cliff,struct_cliff.to.label_cliff,60.85013804,0.78125
P32,370 471 921,1,HWA,anchor,MMA,struct_cliff,anchor.to.struct_cliff,17.46028637,0.7419354838709677
P32,370 471 921,1,HWA,anchor,PTF,label_cliff,anchor.to.label_cliff,51.27623231,0.5384615384615384
P32,370 471 921,1,MMA,struct_cliff,PTF,label_cliff,struct_cliff.to.label_cliff,42.21235838,0.78125
P5,370 471 921,2,HWA,anchor,MMA,struct_cliff,anchor.to.struct_cliff,26.04308929,0.7419354838709677
P5,370 471 921,2,HWA,anchor,PTF,label_cliff,anchor.to.label_cliff,115.0051025,0.5384615384615384
P5,370 471 921,2,MMA,struct_cliff,PTF,label_cliff,struct_cliff.to.label_cliff,88.96201718,0.78125
P5,370 471 921,1,HWA,anchor,MMA,struct_cliff,anchor.to.struct_cliff,87.05648052,0.7419354838709677
P5,370 471 921,1,HWA,anchor,PTF,label_cliff,anchor.to.label_cliff,116.3885411,0.5384615384615384
P5,370 471 921,1,MMA,struct_cliff,PTF,label_cliff,struct_cliff.to.label_cliff,29.52687759,0.78125
P6,370 471 921,2,HWA,anchor,MMA,struct_cliff,anchor.to.struct_cliff,34.98383198,0.7419354838709677
P6,370 471 921,2,HWA,anchor,PTF,label_cliff,anchor.to.label_cliff,55.50301253,0.5384615384615384
P6,370 471 921,2,MMA,struct_cliff,PTF,label_cliff,struct_cliff.to.label_cliff,81.34819051,0.78125
P6,370 471 921,1,HWA,anchor,MMA,struct_cliff,anchor.to.struct_cliff,12.05905884,0.7419354838709677
P6,370 471 921,1,HWA,anchor,PTF,label_cliff,anchor.to.label_cliff,59.48609585,0.5384615384615384
P6,370 471 921,1,MMA,struct_cliff,PTF,label_cliff,struct_cliff.to.label_cliff,66.85436485,0.78125
P9,370 471 921,2,HWA,anchor,MMA,struct_cliff,anchor.to.struct_cliff,28.72678367,0.7419354838709677
P9,370 471 921,2,HWA,anchor,PTF,label_cliff,anchor.to.label_cliff,75.55843368,0.5384615384615384
P9,370 471 921,2,MMA,struct_cliff,PTF,label_cliff,struct_cliff.to.label_cliff,65.52199325,0.78125
P9,370 471 921,1,HWA,anchor,MMA,struct_cliff,anchor.to.struct_cliff,19.29923574,0.7419354838709677
P9,370 471 921,1,HWA,anchor,PTF,label_cliff,anchor.to.label_cliff,78.12334926,0.5384615384615384
P9,370 471 921,1,MMA,struct_cliff,PTF,label_cliff,struct_cliff.to.label_cliff,76.30235907,0.78125
P1,238 457 838,2,NXO,anchor,XRT,struct_cliff,anchor.to.struct_cliff,48.51064728,0.6896551724137931
P1,238 457 838,2,NXO,anchor,QBM,label_cliff,anchor.to.label_cliff,130.6312773,0.56
P1,238 457 838,2,XRT,struct_cliff,QBM,label_cliff,struct_cliff.to.label_cliff,82.41257246,0.7272727272727273
P1,238 457 838,1,NXO,anchor,XRT,struct_cliff,anchor.to.struct_cliff,128.1844702,0.6896551724137931
P1,238 457 838,1,NXO,anchor,QBM,label_cliff,anchor.to.label_cliff,68.02482635,0.56
P1,238 457 838,1,XRT,struct_cliff,QBM,label_cliff,struct_cliff.to.label_cliff,60.18765488,0.7272727272727273
P10,238 457 838,2,NXO,anchor,XRT,struct_cliff,anchor.to.struct_cliff,32.75666192,0.6896551724137931
P10,238 457 838,2,NXO,anchor,QBM,label_cliff,anchor.to.label_cliff,23.98175348,0.56
P10,238 457 838,2,XRT,struct_cliff,QBM,label_cliff,struct_cliff.to.label_cliff,32.90977059,0.7272727272727273
P10,238 457 838,1,NXO,anchor,XRT,struct_cliff,anchor.to.struct_cliff,52.57623988,0.6896551724137931
P10,238 457 838,1,NXO,anchor,QBM,label_cliff,anchor.to.label_cliff,16.24936922,0.56
P10,238 457 838,1,XRT,struct_cliff,QBM,label_cliff,struct_cliff.to.label_cliff,42.84454924,0.7272727272727273
P11,238 457 838,2,NXO,anchor,XRT,struct_cliff,anchor.to.struct_cliff,69.93037251,0.6896551724137931
P11,238 457 838,2,NXO,anchor,QBM,label_cliff,anchor.to.label_cliff,19.97639107,0.56
P11,238 457 838,2,XRT,struct_cliff,QBM,label_cliff,struct_cliff.to.label_cliff,89.90659375,0.7272727272727273
P11,238 457 838,1,NXO,anchor,XRT,struct_cliff,anchor.to.struct_cliff,62.72004145,0.6896551724137931
P11,238 457 838,1,NXO,anchor,QBM,label_cliff,anchor.to.label_cliff,13.88635661,0.56
P11,238 457 838,1,XRT,struct_cliff,QBM,label_cliff,struct_cliff.to.label_cliff,61.73231002,0.7272727272727273
P13,238 457 838,1,NXO,anchor,XRT,struct_cliff,anchor.to.struct_cliff,83.93954491,0.6896551724137931
P13,238 457 838,1,NXO,anchor,QBM,label_cliff,anchor.to.label_cliff,84.45520706,0.56
P13,238 457 838,1,XRT,struct_cliff,QBM,label_cliff,struct_cliff.to.label_cliff,85.55622479,0.7272727272727273
P14,238 457 838,2,NXO,anchor,XRT,struct_cliff,anchor.to.struct_cliff,119.5995736,0.6896551724137931
P14,238 457 838,2,NXO,anchor,QBM,label_cliff,anchor.to.label_cliff,98.95613018,0.56
P14,238 457 838,2,XRT,struct_cliff,QBM,label_cliff,struct_cliff.to.label_cliff,32.46465925,0.7272727272727273
P14,238 457 838,1,NXO,anchor,XRT,struct_cliff,anchor.to.struct_cliff,99.23355531,0.6896551724137931
P14,238 457 838,1,NXO,anchor,QBM,label_cliff,anchor.to.label_cliff,116.9605378,0.56
P14,238 457 838,1,XRT,struct_cliff,QBM,label_cliff,struct_cliff.to.label_cliff,21.77433581,0.7272727272727273
P19,238 457 838,2,NXO,anchor,XRT,struct_cliff,anchor.to.struct_cliff,124.4311717,0.6896551724137931
P19,238 457 838,2,NXO,anchor,QBM,label_cliff,anchor.to.label_cliff,7.174092277,0.56
P19,238 457 838,2,XRT,struct_cliff,QBM,label_cliff,struct_cliff.to.label_cliff,117.262743,0.7272727272727273
P19,238 457 838,1,NXO,anchor,XRT,struct_cliff,anchor.to.struct_cliff,93.3004507,0.6896551724137931
P19,238 457 838,1,NXO,anchor,QBM,label_cliff,anchor.to.label_cliff,132.2784703,0.56
P19,238 457 838,1,XRT,struct_cliff,QBM,label_cliff,struct_cliff.to.label_cliff,93.85023495,0.7272727272727273
P2,238 457 838,2,NXO,anchor,XRT,struct_cliff,anchor.to.struct_cliff,15.81007906,0.6896551724137931
P2,238 457 838,2,NXO,anchor,QBM,label_cliff,anchor.to.label_cliff,113.8716229,0.56
P2,238 457 838,2,XRT,struct_cliff,QBM,label_cliff,struct_cliff.to.label_cliff,105.6558058,0.7272727272727273
P2,238 457 838,1,NXO,anchor,XRT,struct_cliff,anchor.to.struct_cliff,71.95797801,0.6896551724137931
P2,238 457 838,1,NXO,anchor,QBM,label_cliff,anchor.to.label_cliff,97.70287406,0.56
P2,238 457 838,1,XRT,struct_cliff,QBM,label_cliff,struct_cliff.to.label_cliff,107.7240558,0.7272727272727273
P23,238 457 838,1,NXO,anchor,XRT,struct_cliff,anchor.to.struct_cliff,93.78330182,0.6896551724137931
P23,238 457 838,1,NXO,anchor,QBM,label_cliff,anchor.to.label_cliff,95.6148158,0.56
P23,238 457 838,1,XRT,struct_cliff,QBM,label_cliff,struct_cliff.to.label_cliff,83.92553902,0.7272727272727273
P25,238 457 838,2,NXO,anchor,XRT,struct_cliff,anchor.to.struct_cliff,41.67030717,0.6896551724137931
P25,238 457 838,2,NXO,anchor,QBM,label_cliff,anchor.to.label_cliff,75.68238897,0.56
P25,238 457 838,2,XRT,struct_cliff,QBM,label_cliff,struct_cliff.to.label_cliff,40.11680072,0.7272727272727273
P25,238 457 838,1,NXO,anchor,XRT,struct_cliff,anchor.to.struct_cliff,48.95138915,0.6896551724137931
P25,238 457 838,1,NXO,anchor,QBM,label_cliff,anchor.to.label_cliff,31.00114353,0.56
P25,238 457 838,1,XRT,struct_cliff,QBM,label_cliff,struct_cliff.to.label_cliff,36.34079251,0.7272727272727273
P26,238 457 838,2,NXO,anchor,XRT,struct_cliff,anchor.to.struct_cliff,21.81170787,0.6896551724137931
P26,238 457 838,2,NXO,anchor,QBM,label_cliff,anchor.to.label_cliff,46.49119487,0.56
P26,238 457 838,2,XRT,struct_cliff,QBM,label_cliff,struct_cliff.to.label_cliff,24.70826987,0.7272727272727273
P26,238 457 838,1,NXO,anchor,XRT,struct_cliff,anchor.to.struct_cliff,36.00196106,0.6896551724137931
P26,238 457 838,1,NXO,anchor,QBM,label_cliff,anchor.to.label_cliff,25.15763502,0.56
P26,238 457 838,1,XRT,struct_cliff,QBM,label_cliff,struct_cliff.to.label_cliff,41.96280496,0.7272727272727273
P27,238 457 838,2,NXO,anchor,XRT,struct_cliff,anchor.to.struct_cliff,8.690143842,0.6896551724137931
P27,238 457 838,2,NXO,anchor,QBM,label_cliff,anchor.to.label_cliff,128.3419826,0.56
P27,238 457 838,2,XRT,struct_cliff,QBM,label_cliff,struct_cliff.to.label_cliff,122.2383397,0.7272727272727273
P27,238 457 838,1,NXO,anchor,XRT,struct_cliff,anchor.to.struct_cliff,9.31517579,0.6896551724137931
P27,238 457 838,1,NXO,anchor,QBM,label_cliff,anchor.to.label_cliff,106.0271663,0.56
P27,238 457 838,1,XRT,struct_cliff,QBM,label_cliff,struct_cliff.to.label_cliff,98.77402746,0.7272727272727273
P28,238 457 838,2,NXO,anchor,XRT,struct_cliff,anchor.to.struct_cliff,7.521096994,0.6896551724137931
P28,238 457 838,2,NXO,anchor,QBM,label_cliff,anchor.to.label_cliff,97.94026343,0.56
P28,238 457 838,2,XRT,struct_cliff,QBM,label_cliff,struct_cliff.to.label_cliff,98.19275788,0.7272727272727273
P28,238 457 838,1,NXO,anchor,XRT,struct_cliff,anchor.to.struct_cliff,76.85503822,0.6896551724137931
P28,238 457 838,1,NXO,anchor,QBM,label_cliff,anchor.to.label_cliff,48.6144279,0.56
P28,238 457 838,1,XRT,struct_cliff,QBM,label_cliff,struct_cliff.to.label_cliff,100.2573214,0.7272727272727273
P31,238 457 838,2,NXO,anchor,XRT,struct_cliff,anchor.to.struct_cliff,35.89970056,0.6896551724137931
P31,238 457 838,2,NXO,anchor,QBM,label_cliff,anchor.to.label_cliff,86.73547429,0.56
P31,238 457 838,2,XRT,struct_cliff,QBM,label_cliff,struct_cliff.to.label_cliff,65.5249876,0.7272727272727273
P31,238 457 838,1,NXO,anchor,XRT,struct_cliff,anchor.to.struct_cliff,12.98585769,0.6896551724137931
P31,238 457 838,1,NXO,anchor,QBM,label_cliff,anchor.to.label_cliff,78.97022034,0.56
P31,238 457 838,1,XRT,struct_cliff,QBM,label_cliff,struct_cliff.to.label_cliff,79.15363542,0.7272727272727273
P32,238 457 838,2,NXO,anchor,XRT,struct_cliff,anchor.to.struct_cliff,31.99115034,0.6896551724137931
P32,238 457 838,2,NXO,anchor,QBM,label_cliff,anchor.to.label_cliff,62.90170904,0.56
P32,238 457 838,2,XRT,struct_cliff,QBM,label_cliff,struct_cliff.to.label_cliff,59.85122973,0.7272727272727273
P32,238 457 838,1,NXO,anchor,XRT,struct_cliff,anchor.to.struct_cliff,41.38816256,0.6896551724137931
P32,238 457 838,1,NXO,anchor,QBM,label_cliff,anchor.to.label_cliff,40.0831149,0.56
P32,238 457 838,1,XRT,struct_cliff,QBM,label_cliff,struct_cliff.to.label_cliff,22.88642611,0.7272727272727273
P5,238 457 838,2,NXO,anchor,XRT,struct_cliff,anchor.to.struct_cliff,16.82187267,0.6896551724137931
P5,238 457 838,2,NXO,anchor,QBM,label_cliff,anchor.to.label_cliff,101.4628021,0.56
P5,238 457 838,2,XRT,struct_cliff,QBM,label_cliff,struct_cliff.to.label_cliff,118.2282843,0.7272727272727273
P5,238 457 838,1,NXO,anchor,XRT,struct_cliff,anchor.to.struct_cliff,42.73705301,0.6896551724137931
P5,238 457 838,1,NXO,anchor,QBM,label_cliff,anchor.to.label_cliff,83.50022395,0.56
P5,238 457 838,1,XRT,struct_cliff,QBM,label_cliff,struct_cliff.to.label_cliff,40.76368114,0.7272727272727273
P6,238 457 838,2,NXO,anchor,XRT,struct_cliff,anchor.to.struct_cliff,28.86469297,0.6896551724137931
P6,238 457 838,2,NXO,anchor,QBM,label_cliff,anchor.to.label_cliff,48.93512951,0.56
P6,238 457 838,2,XRT,struct_cliff,QBM,label_cliff,struct_cliff.to.label_cliff,20.42079332,0.7272727272727273
P6,238 457 838,1,NXO,anchor,XRT,struct_cliff,anchor.to.struct_cliff,51.04528382,0.6896551724137931
P6,238 457 838,1,NXO,anchor,QBM,label_cliff,anchor.to.label_cliff,51.85645186,0.56
P6,238 457 838,1,XRT,struct_cliff,QBM,label_cliff,struct_cliff.to.label_cliff,8.185120647,0.7272727272727273
P9,238 457 838,2,NXO,anchor,XRT,struct_cliff,anchor.to.struct_cliff,36.57622452,0.6896551724137931
P9,238 457 838,2,NXO,anchor,QBM,label_cliff,anchor.to.label_cliff,40.51858462,0.56
P9,238 457 838,2,XRT,struct_cliff,QBM,label_cliff,struct_cliff.to.label_cliff,29.58021129,0.7272727272727273
P9,238 457 838,1,NXO,anchor,XRT,struct_cliff,anchor.to.struct_cliff,29.48479269,0.6896551724137931
P9,238 457 838,1,NXO,anchor,QBM,label_cliff,anchor.to.label_cliff,60.36042164,0.56
P9,238 457 838,1,XRT,struct_cliff,QBM,label_cliff,struct_cliff.to.label_cliff,30.87562955,0.7272727272727273
P1,056 471 848,2,JIR,anchor,MMA,struct_cliff,anchor.to.struct_cliff,57.29311041,0.6551724137931034
P1,056 471 848,2,JIR,anchor,CIX,label_cliff,anchor.to.label_cliff,130.2208125,0.5483870967741935
P1,056 471 848,2,MMA,struct_cliff,CIX,label_cliff,struct_cliff.to.label_cliff,73.10142611,0.7222222222222222
P1,056 471 848,1,JIR,anchor,MMA,struct_cliff,anchor.to.struct_cliff,24.09361949,0.6551724137931034
P1,056 471 848,1,JIR,anchor,CIX,label_cliff,anchor.to.label_cliff,103.2927224,0.5483870967741935
P1,056 471 848,1,MMA,struct_cliff,CIX,label_cliff,struct_cliff.to.label_cliff,117.9432762,0.7222222222222222
P10,056 471 848,2,JIR,anchor,MMA,struct_cliff,anchor.to.struct_cliff,14.68073568,0.6551724137931034
P10,056 471 848,2,JIR,anchor,CIX,label_cliff,anchor.to.label_cliff,41.92437596,0.5483870967741935
P10,056 471 848,2,MMA,struct_cliff,CIX,label_cliff,struct_cliff.to.label_cliff,49.84016954,0.7222222222222222
P10,056 471 848,1,JIR,anchor,MMA,struct_cliff,anchor.to.struct_cliff,12.09647883,0.6551724137931034
P10,056 471 848,1,JIR,anchor,CIX,label_cliff,anchor.to.label_cliff,60.43318046,0.5483870967741935
P10,056 471 848,1,MMA,struct_cliff,CIX,label_cliff,struct_cliff.to.label_cliff,53.4737141,0.7222222222222222
P11,056 471 848,2,JIR,anchor,MMA,struct_cliff,anchor.to.struct_cliff,15.93618838,0.6551724137931034
P11,056 471 848,2,JIR,anchor,CIX,label_cliff,anchor.to.label_cliff,116.4646577,0.5483870967741935
P11,056 471 848,2,MMA,struct_cliff,CIX,label_cliff,struct_cliff.to.label_cliff,101.1462159,0.7222222222222222
P11,056 471 848,1,JIR,anchor,MMA,struct_cliff,anchor.to.struct_cliff,40.38986259,0.6551724137931034
P11,056 471 848,1,JIR,anchor,CIX,label_cliff,anchor.to.label_cliff,70.02872625,0.5483870967741935
P11,056 471 848,1,MMA,struct_cliff,CIX,label_cliff,struct_cliff.to.label_cliff,110.2238436,0.7222222222222222
P13,056 471 848,1,JIR,anchor,MMA,struct_cliff,anchor.to.struct_cliff,6.143525047,0.6551724137931034
P13,056 471 848,1,JIR,anchor,CIX,label_cliff,anchor.to.label_cliff,108.4482596,0.5483870967741935
P13,056 471 848,1,MMA,struct_cliff,CIX,label_cliff,struct_cliff.to.label_cliff,111.7452232,0.7222222222222222
P14,056 471 848,2,JIR,anchor,MMA,struct_cliff,anchor.to.struct_cliff,18.42351758,0.6551724137931034
P14,056 471 848,2,JIR,anchor,CIX,label_cliff,anchor.to.label_cliff,84.32787914,0.5483870967741935
P14,056 471 848,2,MMA,struct_cliff,CIX,label_cliff,struct_cliff.to.label_cliff,83.81011156,0.7222222222222222
P14,056 471 848,1,JIR,anchor,MMA,struct_cliff,anchor.to.struct_cliff,15.55650989,0.6551724137931034
P14,056 471 848,1,JIR,anchor,CIX,label_cliff,anchor.to.label_cliff,100.5879083,0.5483870967741935
P14,056 471 848,1,MMA,struct_cliff,CIX,label_cliff,struct_cliff.to.label_cliff,110.5012891,0.7222222222222222
P19,056 471 848,2,JIR,anchor,MMA,struct_cliff,anchor.to.struct_cliff,93.51001337,0.6551724137931034
P19,056 471 848,2,JIR,anchor,CIX,label_cliff,anchor.to.label_cliff,93.17094665,0.5483870967741935
P19,056 471 848,2,MMA,struct_cliff,CIX,label_cliff,struct_cliff.to.label_cliff,131.6703554,0.7222222222222222
P19,056 471 848,1,JIR,anchor,MMA,struct_cliff,anchor.to.struct_cliff,101.648058,0.6551724137931034
P19,056 471 848,1,JIR,anchor,CIX,label_cliff,anchor.to.label_cliff,131.9744581,0.5483870967741935
P19,056 471 848,1,MMA,struct_cliff,CIX,label_cliff,struct_cliff.to.label_cliff,49.23935519,0.7222222222222222
P2,056 471 848,2,JIR,anchor,MMA,struct_cliff,anchor.to.struct_cliff,61.66007785,0.6551724137931034
P2,056 471 848,2,JIR,anchor,CIX,label_cliff,anchor.to.label_cliff,103.8779871,0.5483870967741935
P2,056 471 848,2,MMA,struct_cliff,CIX,label_cliff,struct_cliff.to.label_cliff,110.8302531,0.7222222222222222
P2,056 471 848,1,JIR,anchor,MMA,struct_cliff,anchor.to.struct_cliff,96.8832003,0.6551724137931034
P2,056 471 848,1,JIR,anchor,CIX,label_cliff,anchor.to.label_cliff,101.8457682,0.5483870967741935
P2,056 471 848,1,MMA,struct_cliff,CIX,label_cliff,struct_cliff.to.label_cliff,67.16499237,0.7222222222222222
P23,056 471 848,1,JIR,anchor,MMA,struct_cliff,anchor.to.struct_cliff,86.53417475,0.6551724137931034
P23,056 471 848,1,JIR,anchor,CIX,label_cliff,anchor.to.label_cliff,81.833052,0.5483870967741935
P23,056 471 848,1,MMA,struct_cliff,CIX,label_cliff,struct_cliff.to.label_cliff,91.17107546,0.7222222222222222
P25,056 471 848,2,JIR,anchor,MMA,struct_cliff,anchor.to.struct_cliff,18.74866662,0.6551724137931034
P25,056 471 848,2,JIR,anchor,CIX,label_cliff,anchor.to.label_cliff,48.25495829,0.5483870967741935
P25,056 471 848,2,MMA,struct_cliff,CIX,label_cliff,struct_cliff.to.label_cliff,48.84700707,0.7222222222222222
P25,056 471 848,1,JIR,anchor,MMA,struct_cliff,anchor.to.struct_cliff,21.36988769,0.6551724137931034
P25,056 471 848,1,JIR,anchor,CIX,label_cliff,anchor.to.label_cliff,55.09775495,0.5483870967741935
P25,056 471 848,1,MMA,struct_cliff,CIX,label_cliff,struct_cliff.to.label_cliff,38.57838384,0.7222222222222222
P26,056 471 848,2,JIR,anchor,MMA,struct_cliff,anchor.to.struct_cliff,34.03324551,0.6551724137931034
P26,056 471 848,2,JIR,anchor,CIX,label_cliff,anchor.to.label_cliff,90.65902327,0.5483870967741935
P26,056 471 848,2,MMA,struct_cliff,CIX,label_cliff,struct_cliff.to.label_cliff,107.4504188,0.7222222222222222
P26,056 471 848,1,JIR,anchor,MMA,struct_cliff,anchor.to.struct_cliff,6.518443066,0.6551724137931034
P26,056 471 848,1,JIR,anchor,CIX,label_cliff,anchor.to.label_cliff,102.8410234,0.5483870967741935
P26,056 471 848,1,MMA,struct_cliff,CIX,label_cliff,struct_cliff.to.label_cliff,97.93486203,0.7222222222222222
P27,056 471 848,2,JIR,anchor,MMA,struct_cliff,anchor.to.struct_cliff,4.834180386,0.6551724137931034
P27,056 471 848,2,JIR,anchor,CIX,label_cliff,anchor.to.label_cliff,126.8294039,0.5483870967741935
P27,056 471 848,2,MMA,struct_cliff,CIX,label_cliff,struct_cliff.to.label_cliff,123.1597215,0.7222222222222222
P27,056 471 848,1,JIR,anchor,MMA,struct_cliff,anchor.to.struct_cliff,4.820041494,0.6551724137931034
P27,056 471 848,1,JIR,anchor,CIX,label_cliff,anchor.to.label_cliff,121.4513376,0.5483870967741935
P27,056 471 848,1,MMA,struct_cliff,CIX,label_cliff,struct_cliff.to.label_cliff,118.2144974,0.7222222222222222
P28,056 471 848,2,JIR,anchor,MMA,struct_cliff,anchor.to.struct_cliff,65.23985975,0.6551724137931034
P28,056 471 848,2,JIR,anchor,CIX,label_cliff,anchor.to.label_cliff,84.44552327,0.5483870967741935
P28,056 471 848,2,MMA,struct_cliff,CIX,label_cliff,struct_cliff.to.label_cliff,100.784924,0.7222222222222222
P28,056 471 848,1,JIR,anchor,MMA,struct_cliff,anchor.to.struct_cliff,63.16786604,0.6551724137931034
P28,056 471 848,1,JIR,anchor,CIX,label_cliff,anchor.to.label_cliff,92.09497815,0.5483870967741935
P28,056 471 848,1,MMA,struct_cliff,CIX,label_cliff,struct_cliff.to.label_cliff,87.62730682,0.7222222222222222
P31,056 471 848,2,JIR,anchor,MMA,struct_cliff,anchor.to.struct_cliff,70.0610391,0.6551724137931034
P31,056 471 848,2,JIR,anchor,CIX,label_cliff,anchor.to.label_cliff,76.12059708,0.5483870967741935
P31,056 471 848,2,MMA,struct_cliff,CIX,label_cliff,struct_cliff.to.label_cliff,74.15497084,0.7222222222222222
P31,056 471 848,1,JIR,anchor,MMA,struct_cliff,anchor.to.struct_cliff,105.361678,0.6551724137931034
P31,056 471 848,1,JIR,anchor,CIX,label_cliff,anchor.to.label_cliff,117.9171811,0.5483870967741935
P31,056 471 848,1,MMA,struct_cliff,CIX,label_cliff,struct_cliff.to.label_cliff,13.07079187,0.7222222222222222
P32,056 471 848,2,JIR,anchor,MMA,struct_cliff,anchor.to.struct_cliff,16.43836062,0.6551724137931034
P32,056 471 848,2,JIR,anchor,CIX,label_cliff,anchor.to.label_cliff,55.05159852,0.5483870967741935
P32,056 471 848,2,MMA,struct_cliff,CIX,label_cliff,struct_cliff.to.label_cliff,66.83158684,0.7222222222222222
P32,056 471 848,1,JIR,anchor,MMA,struct_cliff,anchor.to.struct_cliff,34.03444432,0.6551724137931034
P32,056 471 848,1,JIR,anchor,CIX,label_cliff,anchor.to.label_cliff,22.26984733,0.5483870967741935
P32,056 471 848,1,MMA,struct_cliff,CIX,label_cliff,struct_cliff.to.label_cliff,40.18442609,0.7222222222222222
P5,056 471 848,2,JIR,anchor,MMA,struct_cliff,anchor.to.struct_cliff,25.28875837,0.6551724137931034
P5,056 471 848,2,JIR,anchor,CIX,label_cliff,anchor.to.label_cliff,115.5726477,0.5483870967741935
P5,056 471 848,2,MMA,struct_cliff,CIX,label_cliff,struct_cliff.to.label_cliff,90.28724938,0.7222222222222222
P5,056 471 848,1,JIR,anchor,MMA,struct_cliff,anchor.to.struct_cliff,56.63311487,0.6551724137931034
P5,056 471 848,1,JIR,anchor,CIX,label_cliff,anchor.to.label_cliff,121.9854258,0.5483870967741935
P5,056 471 848,1,MMA,struct_cliff,CIX,label_cliff,struct_cliff.to.label_cliff,65.69524793,0.7222222222222222
P6,056 471 848,2,JIR,anchor,MMA,struct_cliff,anchor.to.struct_cliff,16.28278232,0.6551724137931034
P6,056 471 848,2,JIR,anchor,CIX,label_cliff,anchor.to.label_cliff,67.86609242,0.5483870967741935
P6,056 471 848,2,MMA,struct_cliff,CIX,label_cliff,struct_cliff.to.label_cliff,55.52087625,0.7222222222222222
P6,056 471 848,1,JIR,anchor,MMA,struct_cliff,anchor.to.struct_cliff,9.452391232,0.6551724137931034
P6,056 471 848,1,JIR,anchor,CIX,label_cliff,anchor.to.label_cliff,53.19995677,0.5483870967741935
P6,056 471 848,1,MMA,struct_cliff,CIX,label_cliff,struct_cliff.to.label_cliff,52.80740194,0.7222222222222222
P9,056 471 848,2,JIR,anchor,MMA,struct_cliff,anchor.to.struct_cliff,27.12796528,0.6551724137931034
P9,056 471 848,2,JIR,anchor,CIX,label_cliff,anchor.to.label_cliff,74.71145093,0.5483870967741935
P9,056 471 848,2,MMA,struct_cliff,CIX,label_cliff,struct_cliff.to.label_cliff,72.07713646,0.7222222222222222
P9,056 471 848,1,JIR,anchor,MMA,struct_cliff,anchor.to.struct_cliff,27.56077829,0.6551724137931034
P9,056 471 848,1,JIR,anchor,CIX,label_cliff,anchor.to.label_cliff,82.80645204,0.5483870967741935
P9,056 471 848,1,MMA,struct_cliff,CIX,label_cliff,struct_cliff.to.label_cliff,68.03560979,0.7222222222222222
P1,018 067 471,2,JBL,anchor,MMA,struct_cliff,anchor.to.struct_cliff,92.33585707,0.6551724137931034
P1,018 067 471,2,JBL,anchor,JKT,label_cliff,anchor.to.label_cliff,70.19770438,0.59375
P1,018 067 471,2,MMA,struct_cliff,JKT,label_cliff,struct_cliff.to.label_cliff,22.14,0.7567567567567568
P1,018 067 471,1,JBL,anchor,MMA,struct_cliff,anchor.to.struct_cliff,58.58599235,0.6551724137931034
P1,018 067 471,1,JBL,anchor,JKT,label_cliff,anchor.to.label_cliff,127.9680698,0.59375
P1,018 067 471,1,MMA,struct_cliff,JKT,label_cliff,struct_cliff.to.label_cliff,69.46002591,0.7567567567567568
P10,018 067 471,2,JBL,anchor,MMA,struct_cliff,anchor.to.struct_cliff,7.412975111,0.6551724137931034
P10,018 067 471,2,JBL,anchor,JKT,label_cliff,anchor.to.label_cliff,50.91514608,0.59375
P10,018 067 471,2,MMA,struct_cliff,JKT,label_cliff,struct_cliff.to.label_cliff,51.4292339,0.7567567567567568
P10,018 067 471,1,JBL,anchor,MMA,struct_cliff,anchor.to.struct_cliff,16.08195573,0.6551724137931034
P10,018 067 471,1,JBL,anchor,JKT,label_cliff,anchor.to.label_cliff,45.57877686,0.59375
P10,018 067 471,1,MMA,struct_cliff,JKT,label_cliff,struct_cliff.to.label_cliff,43.79206549,0.7567567567567568
P11,018 067 471,2,JBL,anchor,MMA,struct_cliff,anchor.to.struct_cliff,23.43283167,0.6551724137931034
P11,018 067 471,2,JBL,anchor,JKT,label_cliff,anchor.to.label_cliff,28.50247182,0.59375
P11,018 067 471,2,MMA,struct_cliff,JKT,label_cliff,struct_cliff.to.label_cliff,51.92304787,0.7567567567567568
P11,018 067 471,1,JBL,anchor,MMA,struct_cliff,anchor.to.struct_cliff,24.38397014,0.6551724137931034
P11,018 067 471,1,JBL,anchor,JKT,label_cliff,anchor.to.label_cliff,45.3876503,0.59375
P11,018 067 471,1,MMA,struct_cliff,JKT,label_cliff,struct_cliff.to.label_cliff,53.45743727,0.7567567567567568
P13,018 067 471,1,JBL,anchor,MMA,struct_cliff,anchor.to.struct_cliff,95.17400538,0.6551724137931034
P13,018 067 471,1,JBL,anchor,JKT,label_cliff,anchor.to.label_cliff,73.10311142,0.59375
P13,018 067 471,1,MMA,struct_cliff,JKT,label_cliff,struct_cliff.to.label_cliff,93.49821923,0.7567567567567568
P14,018 067 471,2,JBL,anchor,MMA,struct_cliff,anchor.to.struct_cliff,24.97218453,0.6551724137931034
P14,018 067 471,2,JBL,anchor,JKT,label_cliff,anchor.to.label_cliff,96.47690553,0.59375
P14,018 067 471,2,MMA,struct_cliff,JKT,label_cliff,struct_cliff.to.label_cliff,93.52859082,0.7567567567567568
P14,018 067 471,1,JBL,anchor,MMA,struct_cliff,anchor.to.struct_cliff,20.51381242,0.6551724137931034
P14,018 067 471,1,JBL,anchor,JKT,label_cliff,anchor.to.label_cliff,112.6220129,0.59375
P14,018 067 471,1,MMA,struct_cliff,JKT,label_cliff,struct_cliff.to.label_cliff,92.52545001,0.7567567567567568
P19,018 067 471,2,JBL,anchor,MMA,struct_cliff,anchor.to.struct_cliff,79.19044702,0.6551724137931034
P19,018 067 471,2,JBL,anchor,JKT,label_cliff,anchor.to.label_cliff,131.776787,0.59375
P19,018 067 471,2,MMA,struct_cliff,JKT,label_cliff,struct_cliff.to.label_cliff,52.63554407,0.7567567567567568
P19,018 067 471,1,JBL,anchor,MMA,struct_cliff,anchor.to.struct_cliff,132.7245765,0.6551724137931034
P19,018 067 471,1,JBL,anchor,JKT,label_cliff,anchor.to.label_cliff,65.60893613,0.59375
P19,018 067 471,1,MMA,struct_cliff,JKT,label_cliff,struct_cliff.to.label_cliff,67.15423814,0.7567567567567568
P2,018 067 471,2,JBL,anchor,MMA,struct_cliff,anchor.to.struct_cliff,45.38013332,0.6551724137931034
P2,018 067 471,2,JBL,anchor,JKT,label_cliff,anchor.to.label_cliff,70.85550931,0.59375
P2,018 067 471,2,MMA,struct_cliff,JKT,label_cliff,struct_cliff.to.label_cliff,98.1886801,0.7567567567567568
P2,018 067 471,1,JBL,anchor,MMA,struct_cliff,anchor.to.struct_cliff,91.86911396,0.6551724137931034
P2,018 067 471,1,JBL,anchor,JKT,label_cliff,anchor.to.label_cliff,118.283512,0.59375
P2,018 067 471,1,MMA,struct_cliff,JKT,label_cliff,struct_cliff.to.label_cliff,87.16222863,0.7567567567567568
P23,018 067 471,1,JBL,anchor,MMA,struct_cliff,anchor.to.struct_cliff,77.95958248,0.6551724137931034
P23,018 067 471,1,JBL,anchor,JKT,label_cliff,anchor.to.label_cliff,52.93990744,0.59375
P23,018 067 471,1,MMA,struct_cliff,JKT,label_cliff,struct_cliff.to.label_cliff,101.5578736,0.7567567567567568
P25,018 067 471,2,JBL,anchor,MMA,struct_cliff,anchor.to.struct_cliff,33.42365929,0.6551724137931034
P25,018 067 471,2,JBL,anchor,JKT,label_cliff,anchor.to.label_cliff,31.85113028,0.59375
P25,018 067 471,2,MMA,struct_cliff,JKT,label_cliff,struct_cliff.to.label_cliff,21.58071593,0.7567567567567568
P25,018 067 471,1,JBL,anchor,MMA,struct_cliff,anchor.to.struct_cliff,41.46391805,0.6551724137931034
P25,018 067 471,1,JBL,anchor,JKT,label_cliff,anchor.to.label_cliff,64.40119254,0.59375
P25,018 067 471,1,MMA,struct_cliff,JKT,label_cliff,struct_cliff.to.label_cliff,59.8143436,0.7567567567567568
P26,018 067 471,2,JBL,anchor,MMA,struct_cliff,anchor.to.struct_cliff,8.271958656,0.6551724137931034
P26,018 067 471,2,JBL,anchor,JKT,label_cliff,anchor.to.label_cliff,53.90596349,0.59375
P26,018 067 471,2,MMA,struct_cliff,JKT,label_cliff,struct_cliff.to.label_cliff,58.41513845,0.7567567567567568
P26,018 067 471,1,JBL,anchor,MMA,struct_cliff,anchor.to.struct_cliff,25.30287138,0.6551724137931034
P26,018 067 471,1,JBL,anchor,JKT,label_cliff,anchor.to.label_cliff,126.3670863,0.59375
P26,018 067 471,1,MMA,struct_cliff,JKT,label_cliff,struct_cliff.to.label_cliff,101.1803469,0.7567567567567568
P27,018 067 471,2,JBL,anchor,MMA,struct_cliff,anchor.to.struct_cliff,4.280046729,0.6551724137931034
P27,018 067 471,2,JBL,anchor,JKT,label_cliff,anchor.to.label_cliff,126.7328821,0.59375
P27,018 067 471,2,MMA,struct_cliff,JKT,label_cliff,struct_cliff.to.label_cliff,123.203715,0.7567567567567568
P27,018 067 471,1,JBL,anchor,MMA,struct_cliff,anchor.to.struct_cliff,4.600271731,0.6551724137931034
P27,018 067 471,1,JBL,anchor,JKT,label_cliff,anchor.to.label_cliff,125.4831981,0.59375
P27,018 067 471,1,MMA,struct_cliff,JKT,label_cliff,struct_cliff.to.label_cliff,122.235267,0.7567567567567568
P28,018 067 471,2,JBL,anchor,MMA,struct_cliff,anchor.to.struct_cliff,69.55320553,0.6551724137931034
P28,018 067 471,2,JBL,anchor,JKT,label_cliff,anchor.to.label_cliff,84.33021819,0.59375
P28,018 067 471,2,MMA,struct_cliff,JKT,label_cliff,struct_cliff.to.label_cliff,95.13996899,0.7567567567567568
P28,018 067 471,1,JBL,anchor,MMA,struct_cliff,anchor.to.struct_cliff,76.43951988,0.6551724137931034
P28,018 067 471,1,JBL,anchor,JKT,label_cliff,anchor.to.label_cliff,84.33761913,0.59375
P28,018 067 471,1,MMA,struct_cliff,JKT,label_cliff,struct_cliff.to.label_cliff,83.07467605,0.7567567567567568
P31,018 067 471,2,JBL,anchor,MMA,struct_cliff,anchor.to.struct_cliff,58.87531571,0.6551724137931034
P31,018 067 471,2,JBL,anchor,JKT,label_cliff,anchor.to.label_cliff,58.82779275,0.59375
P31,018 067 471,2,MMA,struct_cliff,JKT,label_cliff,struct_cliff.to.label_cliff,27.68176295,0.7567567567567568
P31,018 067 471,1,JBL,anchor,MMA,struct_cliff,anchor.to.struct_cliff,33.45263667,0.6551724137931034
P31,018 067 471,1,JBL,anchor,JKT,label_cliff,anchor.to.label_cliff,2.763783638,0.59375
P31,018 067 471,1,MMA,struct_cliff,JKT,label_cliff,struct_cliff.to.label_cliff,33.04015133,0.7567567567567568
P32,018 067 471,2,JBL,anchor,MMA,struct_cliff,anchor.to.struct_cliff,25.05260066,0.6551724137931034
P32,018 067 471,2,JBL,anchor,JKT,label_cliff,anchor.to.label_cliff,52.57331072,0.59375
P32,018 067 471,2,MMA,struct_cliff,JKT,label_cliff,struct_cliff.to.label_cliff,58.03339211,0.7567567567567568
P32,018 067 471,1,JBL,anchor,MMA,struct_cliff,anchor.to.struct_cliff,14.07011016,0.6551724137931034
P32,018 067 471,1,JBL,anchor,JKT,label_cliff,anchor.to.label_cliff,66.70237252,0.59375
P32,018 067 471,1,MMA,struct_cliff,JKT,label_cliff,struct_cliff.to.label_cliff,54.09905822,0.7567567567567568
P5,018 067 471,2,JBL,anchor,MMA,struct_cliff,anchor.to.struct_cliff,81.01155782,0.6551724137931034
P5,018 067 471,2,JBL,anchor,JKT,label_cliff,anchor.to.label_cliff,34.19709929,0.59375
P5,018 067 471,2,MMA,struct_cliff,JKT,label_cliff,struct_cliff.to.label_cliff,115.0920175,0.7567567567567568
P5,018 067 471,1,JBL,anchor,MMA,struct_cliff,anchor.to.struct_cliff,44.56659399,0.6551724137931034
P5,018 067 471,1,JBL,anchor,JKT,label_cliff,anchor.to.label_cliff,121.3474384,0.59375
P5,018 067 471,1,MMA,struct_cliff,JKT,label_cliff,struct_cliff.to.label_cliff,76.85383595,0.7567567567567568
P6,018 067 471,2,JBL,anchor,MMA,struct_cliff,anchor.to.struct_cliff,14.17503792,0.6551724137931034
P6,018 067 471,2,JBL,anchor,JKT,label_cliff,anchor.to.label_cliff,52.18496527,0.59375
P6,018 067 471,2,MMA,struct_cliff,JKT,label_cliff,struct_cliff.to.label_cliff,61.9103392,0.7567567567567568
P6,018 067 471,1,JBL,anchor,MMA,struct_cliff,anchor.to.struct_cliff,33.91845663,0.6551724137931034
P6,018 067 471,1,JBL,anchor,JKT,label_cliff,anchor.to.label_cliff,81.89339045,0.59375
P6,018 067 471,1,MMA,struct_cliff,JKT,label_cliff,struct_cliff.to.label_cliff,48.39535618,0.7567567567567568
P9,018 067 471,2,JBL,anchor,MMA,struct_cliff,anchor.to.struct_cliff,20.53087918,0.6551724137931034
P9,018 067 471,2,JBL,anchor,JKT,label_cliff,anchor.to.label_cliff,78.09291901,0.59375
P9,018 067 471,2,MMA,struct_cliff,JKT,label_cliff,struct_cliff.to.label_cliff,69.5250703,0.7567567567567568
P9,018 067 471,1,JBL,anchor,MMA,struct_cliff,anchor.to.struct_cliff,12.04093435,0.6551724137931034
P9,018 067 471,1,JBL,anchor,JKT,label_cliff,anchor.to.label_cliff,29.94379401,0.59375
P9,018 067 471,1,MMA,struct_cliff,JKT,label_cliff,struct_cliff.to.label_cliff,31.38571809,0.7567567567567568
